"pitch_type","game_date","release_speed","release_pos_x","release_pos_z","player_name","batter","pitcher","events","description","spin_dir","spin_rate_deprecated","break_angle_deprecated","break_length_deprecated","zone","des","game_type","stand","p_throws","home_team","away_team","type","hit_location","bb_type","balls","strikes","game_year","pfx_x","pfx_z","plate_x","plate_z","on_3b","on_2b","on_1b","outs_when_up","inning","inning_topbot","hc_x","hc_y","tfs_deprecated","tfs_zulu_deprecated","umpire","sv_id","vx0","vy0","vz0","ax","ay","az","sz_top","sz_bot","hit_distance_sc","launch_speed","launch_angle","effective_speed","release_spin_rate","release_extension","game_pk","fielder_2","fielder_3","fielder_4","fielder_5","fielder_6","fielder_7","fielder_8","fielder_9","release_pos_y","estimated_ba_using_speedangle","estimated_woba_using_speedangle","woba_value","woba_denom","babip_value","iso_value","launch_speed_angle","at_bat_number","pitch_number","pitch_name","home_score","away_score","bat_score","fld_score","post_away_score","post_home_score","post_bat_score","post_fld_score","if_fielding_alignment","of_fielding_alignment","spin_axis","delta_home_win_exp","delta_run_exp","bat_speed","swing_length","estimated_slg_using_speedangle","delta_pitcher_run_exp","hyper_speed","home_score_diff","bat_score_diff","home_win_exp","bat_win_exp","age_pit_legacy","age_bat_legacy","age_pit","age_bat","n_thruorder_pitcher","n_priorpa_thisgame_player_at_bat","pitcher_days_since_prev_game","batter_days_since_prev_game","pitcher_days_until_next_game","batter_days_until_next_game","api_break_z_with_gravity","api_break_x_arm","api_break_x_batter_in","arm_angle","attack_angle","attack_direction","swing_path_tilt","intercept_ball_minus_batter_pos_x_inches","intercept_ball_minus_batter_pos_y_inches"
"FF","2026-05-14","96.2","2.28","4.84","Harrison, Kyle",665487,690986,"strikeout","called_strike",,,,,7,"Gary Sánchez challenged (pitch result), call on the field was overturned: Fernando Tatis Jr. called out on strikes.","R","R","L","MIL","SD","S",2,,3,2,2026,"1.16","1.21",-0.6509332832975094,2.18476602015793,,,,2,5,"Top",,,,,,,-10.380898600874529,-139.7790877513773,-4.090318950711356,17.429644515253372,29.422012361127383,-15.538422386648646,3.346382874,1.68882874,,,,"97",2385,"6.7",823789,596142,683734,668930,650859,666152,694192,669003,686217,"53.84",,0,"0",1,0,0,,46,7,"4-Seam Fastball",7,0,0,7,0,7,0,7,"Standard","Standard",133,"0.002","-0.328",,,,"0.328",,7,-7,0.986,0.014000000000000012,24,27,25,27,3,2,,,,,"1.25","1.16","-1.16",,,,,,
"SI","2026-05-14","90.9","-1.26","5.38","Roupp, Landen",571970,694738,,"called_strike",,,,,2,,"R","L","R","LAD","SF","S",,,0,1,2026,"-1.69","0.27",0.15520141253606634,3.174272072833102,,,681624,0,6,"Bot",,,,,,,7.157173650794507,-132.18121105106044,0.011111903296134318,-21.313645970362955,29.36623820274628,-29.235077032251933,3.127854331,1.578543307,,,,"90.4",1952,"6.1",823950,606992,646240,650333,656305,642715,671218,687551,808982,"54.35",,,,,,,,46,2,"Sinker",2,2,2,2,2,2,2,2,"Infield shade","Standard",240,"-0.012","-0.053",,,,"0.053",,0,0,0.619,0.619,27,35,28,36,3,2,,,,,"2.5","1.69","-1.69",,,,,,
"SL","2026-05-14","86.3","-2.16","5.08","Castillo, Luis",670623,622491,,"called_strike",,,,,9,,"R","R","R","HOU","SEA","S",,,1,0,2026,"0.04","0.25",0.7950798106611732,2.0769878928151466,,,670541,1,6,"Bot",,,,,,,6.776977861624268,-125.52250223157286,-1.2331563716806933,-0.9583248954684823,25.02128376851736,-29.504831742815732,3.180511811,1.60511811,,,,"85.3",2189,"5.6",824196,641598,647304,702284,680977,641487,668227,670042,686527,"54.85",,,,,,,,50,2,"Slider",1,7,1,7,7,1,1,7,"Standard","Standard",343,"-0.002","-0.056",,,,"0.056",,-6,-6,0.035,0.035,33,27,34,27,3,2,,,,,"2.81","-0.04","-0.04",,,,,,
"FF","2026-05-14","96.8","-2.24","5.34","Castillo, Luis",694728,622491,"strikeout","called_strike",,,,,3,"Mitch Garver challenged (pitch result), call on the field was overturned: Brice Matthews called out on strikes.","R","R","R","HOU","SEA","S",2,,2,2,2026,"-1.27","0.65",0.7957582069244824,3.0472161205289225,,,,2,4,"Bot",,,,,,,10.742548281789167,-140.50562466195987,-1.8101626564794602,-19.30290110085865,33.935983199343354,-23.416607363449227,3.130487205,1.579872047,,,,"95",2275,"5.5",824196,641598,647304,702284,680977,641487,668227,670042,686527,"54.95",,0,"0",1,0,0,,34,5,"4-Seam Fastball",1,5,1,5,5,1,1,5,"Standard","Standard",230,"-0.006","-0.224",,,,"0.224",,-4,-4,0.11,0.11,33,24,34,24,2,1,,,,,"1.81","1.27","1.27",,,,,,
"FF","2026-05-14","91.5","3.57","5.22","Lopez, Jacob",665877,682052,"strikeout","called_strike",,,,,4,"Shea Langeliers challenged (pitch result), call on the field was overturned: José Fermín called out on strikes.","R","R","L","ATH","STL","S",2,,3,2,2026,"0.86","1.25",-0.8120936889568992,2.262615087634925,,,,2,2,"Top",,,,,,,-12.988357766603349,-132.56014765131508,-4.1650688295143805,12.863222565984895,27.896527288123472,-16.66463701303402,3.137508202,1.583415354,,,,"93",2293,"7.4",825008,669127,701762,643446,680869,687231,691016,703607,666126,"53.13",,0,"0",1,0,0,,11,7,"4-Seam Fastball",1,0,0,1,0,1,0,1,"Standard","Standard",129,"0.013","-0.328",,,,"0.328",,1,-1,0.643,0.357,28,27,28,27,1,0,,,,,"1.49","0.86","-0.86",,,,,,
"FF","2026-05-14","93.1","-3.54","4.94","Marinaccio, Ron",668930,676760,"walk","ball",,,,,11,"Freddy Fermin challenged (pitch result), call on the field was confirmed: Brice Turang walks.","R","L","R","MIL","SD","B",,,3,2,2026,"-1.17","1.03",-1.0528655991160454,3.3689119105269034,669003,666152,,2,3,"Bot",,,,,,,8.925130200826894,-135.30993213250284,-0.4151775832568512,-16.277346693316993,28.36717425706971,-19.5875180185437,3.21035105,1.620177165,,,,"93.5",2013,"6.5",823789,666023,657757,665487,592518,593428,657656,669369,592206,"53.97",,0.704857,"0.7",1,0,0,,32,6,"4-Seam Fastball",6,0,6,0,0,6,6,0,"Standard","Standard",241,"0.002","0.131",,,,"-0.131",,6,6,0.959,0.959,30,26,31,27,1,2,,,,,"1.6","1.17","-1.17",,,,,,
"SI","2026-05-14","96.8","-1.15","5.96","Faucher, Calvin",668885,676534,,"called_strike",,,,,6,,"R","R","R","MIN","MIA","S",,,0,0,2026,"-1.21","0.84",0.6081165310203118,2.2800156882840628,,681546,,1,3,"Bot",,,,,,,7.386311555921749,-140.61909431439597,-5.867706771575393,-17.755052250061954,36.79640748789068,-19.79476794019784,3.12960958,1.579429134,,,,"95.6",2284,"6.1",823709,689414,666624,669364,691594,672640,669065,805300,683357,"54.43",,,,,,,,30,1,"Sinker",6,0,6,0,0,6,6,0,"Infield shade","Standard",215,"-0.009","-0.038",,,,"0.038",,6,6,0.961,0.961,30,27,31,27,1,2,,,,,"1.63","1.21","1.21",,,,,,
"SI","2026-05-14","97.6","-1.77","5.14","Dollander, Chase",542303,801403,,"ball",,,,,14,,"R","R","R","PIT","COL","B",,,2,0,2026,"-1.59","0.55",0.9556384727922131,2.360032312525785,,,804606,2,1,"Bot",,,,,,,10.96063601050954,-141.73215719028877,-3.0361830529736307,-23.975817869763034,34.063644448726805,-24.188839667376538,3.255987533,1.643208661,,,,"97.4",2412,"6.4",823383,696100,681198,666397,650489,678662,687597,686668,687859,"54.07",,,,,,,,11,3,"Sinker",3,0,3,0,0,3,3,0,"Standard","Standard",232,"0.004","0.083",,,,"-0.083",,3,3,0.794,0.794,24,35,25,36,1,0,,,,,"1.86","1.59","1.59",,,,,,
"SV","2026-05-14","82.3","2.93","5.58","Newcomb, Sean",664728,656794,,"ball",,,,,12,,"R","L","L","CWS","KC","B",,,0,1,2026,"-1.64","-0.47",1.0171784883966473,2.8755668600249535,,,,1,9,"Top",,,,,,,-1.0281768162824965,-119.7681597639406,1.6272101969881743,-15.251833386606421,28.064577410630893,-37.27905152133902,3.113812336,1.571456693,,,,"80.5",2775,"5.5",824602,700337,808959,805367,678246,682668,656537,671976,672284,"54.96",,,,,,,,71,2,"Slurve",6,2,2,6,2,6,2,6,"Standard","Standard",306,"-0.001","0.029",,,,"-0.029",,4,-4,0.995,0.0050000000000000044,33,29,33,29,1,3,,,,,"3.9","-1.64","-1.64",,,,,,
"SI","2026-05-14","93.2","1.91","5.41","Romero, JoJo",683021,668941,,"called_strike",,,,,1,,"R","R","L","ATH","STL","S",,,1,1,2026,"1.32","0.06",-0.6256031683511065,3.054068071353381,701762,691016,667670,2,7,"Bot",,,,,,,-9.156320831727774,-135.48612231138054,-0.24898469175161086,18.20469749877885,29.111694672722397,-31.60133111267904,3.082217848,1.555511811,,,,"91.3",2131,"5.1",825008,671056,665877,802139,669357,691026,701675,687363,691023,"55.37",,,,,,,,61,3,"Sinker",4,3,4,3,3,4,4,3,"Standard","Standard",118,"-0.015","-0.05",,,,"0.05",,1,1,0.802,0.802,29,30,30,30,1,0,,,,,"2.57","1.32","-1.32",,,,,,
"SI","2026-05-14","94.6","1.71","5.69","Rojas, Kendry",669364,696070,"walk","ball",,,,,13,"Ryan Jeffers challenged (pitch result), call on the field was confirmed: Xavier Edwards walks.","R","R","L","MIN","MIA","B",,,3,1,2026,"1.67","0.74",-0.3157374158940214,1.3707839866275697,,,,2,8,"Top",,,,,,,-9.066932858558165,-137.3274336833226,-7.003585550133293,23.13059797273599,32.44551105739922,-21.385195192706448,3.055011483,1.541781496,,,,"95",2022,"6.8",823709,680777,605170,807712,668904,686797,681546,668952,668885,"53.7",,0.704857,"0.7",1,0,0,,59,5,"Sinker",6,0,0,6,0,6,0,6,"Standard","Standard",145,"-0.001","0.173",,,,"-0.173",,6,-6,0.997,0.0030000000000000027,23,26,24,27,1,3,,,,,"1.84","1.67","-1.67",,,,,,
"ST","2026-05-14","81.3","2.57","5.75","Kay, Anthony",521692,641743,,"called_strike",,,,,3,,"R","R","L","CWS","KC","S",,,2,1,2026,"-1.5","-0.06",0.6257451014994282,2.892581668778839,,,677951,1,1,"Top",,,,,,,-1.3744626597449714,-118.30423897420555,0.5764194594724616,-13.7066709669805,24.621265494585973,-33.08369635283633,3.312155512,1.671555118,,,,"80.5",2346,"6",824602,700337,808959,805367,678246,682668,545341,656537,672284,"54.53",,,,,,,,4,4,"Sweeper",0,1,1,0,1,0,1,0,"Standard","Standard",297,"0.007","-0.075",,,,"0.075",,-1,1,0.399,0.601,31,36,31,36,1,0,,,,,"3.53","-1.5","1.5",,,,,,
"FS","2026-05-14","84.3","-1.11","5.74","Leiter Jr., Mark",802139,643410,"strikeout","called_strike",,,,,8,"Shea Langeliers challenged (pitch result), call on the field was overturned: JJ Wetherholt called out on strikes.","R","L","R","ATH","STL","S",2,,1,2,2026,"0.31","-0.22",-0.08141239509418066,1.5892927799437673,,,,1,7,"Top",,,,,,,1.737594361172552,-122.86556174687887,-2.627863139710326,2.8298352807375635,23.988003552069433,-34.11844436969815,3.096259843,1.562598425,,,,"84.9",802,"6.6",825008,669127,701762,643446,680869,687231,691016,703607,666126,"53.95",,0,"0",1,0,0,,51,4,"Split-Finger",1,3,3,1,3,1,3,1,"Infield shade","Standard",252,"0.008","-0.18",,,,"0.18",,-2,2,0.204,0.796,35,23,35,24,1,3,,,,,"3.41","-0.31","0.31",,,,,,
"SI","2026-05-14","94.9","2.81","5.27","Hall, DL",657757,669084,,"ball",,,,,13,,"R","L","L","MIL","SD","B",,,1,0,2026,"1.27","0.67",-0.4265798338667144,1.450502138406661,,,,2,6,"Top",,,,,,,-11.372612773502837,-137.7019606250619,-5.6839976763576825,18.694590579819142,29.93645633316329,-22.464321306705347,3.350770997,1.691043307,,,,"96",2164,"7",823789,596142,683734,668930,650859,666152,694192,669003,686217,"53.5",,,,,,,,52,2,"Sinker",7,0,0,7,0,7,0,7,"Standard","Standard",142,"-0.001","0.065",,,,"-0.065",,7,-7,0.992,0.008000000000000007,27,30,28,30,1,2,,,,,"1.87","1.27","1.27",,,,,,
"CU","2026-05-14","73.7","-1.26","5.88","Leiter Jr., Mark",802139,643410,,"called_strike",,,,,4,,"R","L","R","ATH","STL","S",,,1,0,2026,"1.1","-1.27",-0.711326066217429,2.548627829505051,,,,1,7,"Top",,,,,,,-0.8527612244819627,-107.18139589983896,3.032162823425584,8.607357493413067,19.863158223299223,-42.687052684872846,3.096259843,1.562598425,,,,"73.2",2282,"6.1",825008,669127,701762,643446,680869,687231,691016,703607,666126,"54.36",,,,,,,,51,2,"Curveball",1,3,3,1,3,1,3,1,"Standard","Standard",28,"0.003","-0.049",,,,"0.049",,-2,2,0.199,0.8009999999999999,35,23,35,24,1,3,,,,,"5.49","-1.1","1.1",,,,,,
"SI","2026-05-14","99.3","-1.42","5.82","O'Brien, Riley",669127,676617,"strikeout","called_strike",,,,,3,"Iván Herrera challenged (pitch result), call on the field was overturned: Shea Langeliers called out on strikes.","R","R","R","ATH","STL","S",2,,1,2,2026,"-1.39","0.22",0.7419641074904635,3.0946194081074507,,,701762,0,9,"Bot",,,,,,,9.177792388711367,-144.364582186572,-2.3830509361241954,-21.630530637503544,33.3990035374625,-28.71509803364954,3.18226706,1.606003937,,,,"99.5",2310,"6.4",825008,671056,676475,802139,669357,691026,701675,687363,691023,"54.05",,0,"0",1,0,0,,79,4,"Sinker",4,5,4,5,5,4,4,5,"Standard","Standard",234,"-0.087","-0.165",,,,"0.165",,-1,-1,0.301,0.301,31,28,31,29,1,4,,,,,"2.09","1.39","1.39",,,,,,
"SI","2026-05-14","88.1","4.35","4.16","Milner, Hoby",573262,571948,,"called_strike",,,,,7,,"R","L","L","ATL","CHC","S",,,0,0,2026,"1.45","-0.08",-0.5252371619231546,1.6816562571741027,,,,2,5,"Bot",,,,,,,-14.861525567670382,-127.51666654400327,0.5180803807742529,18.87036176407708,25.663594867175494,-33.41275036383843,3.125221457,1.577214567,,,,"88.8",1864,"6.9",824926,665804,683737,663538,608324,621020,664023,691718,807713,"53.56",,,,,,,,39,1,"Sinker",0,0,0,0,0,0,0,0,"Standard","Standard",95,"-0.002","-0.043",,,,"0.043",,0,0,0.515,0.515,35,35,35,36,1,1,,,,,"3.04","1.45","1.45",,,,,,
"FF","2026-05-14","98.6","-2.01","5.86","Mejia, Juan",665833,675848,"strikeout","called_strike",,,,,1,"Hunter Goodman challenged (pitch result), call on the field was overturned: Oneil Cruz called out on strikes.","R","L","R","PIT","COL","S",2,,1,2,2026,"-0.7","1.02",-0.7823196193426929,3.262058638281535,,,,1,8,"Bot",,,,,,,4.919051407694498,-143.63705886198085,-3.8702655546063887,-10.86603209619404,30.598207134438464,-17.381994878956746,3.515764436,1.774311024,,,,"98.4",2384,"5.9",823383,696100,681198,666397,650489,678662,687597,686668,687859,"54.58",,0,"0",1,0,0,,67,4,"4-Seam Fastball",7,2,7,2,2,7,7,2,"Strategic","Standard",215,"0","-0.18",,,,"0.18",,5,5,0.994,0.994,25,27,26,28,1,4,,,,,"1.31","0.7","-0.7",,,,,,
"SI","2026-05-14","94.9","-1.23","6.13","Faucher, Calvin",807712,676534,,"ball",,,,,11,,"R","R","R","MIN","MIA","B",,,0,0,2026,"-1.05","0.52",-1.004902205646078,2.7549491382174818,605137,,,2,2,"Bot",,,,,,,2.9308377152920233,-138.24187429402872,-4.135384743674582,-14.07785078492236,29.520543584674417,-24.803357057871274,3.213861549,1.621948819,,,,"94.2",2250,"5.7",823709,689414,666624,669364,691594,672640,669065,805300,683357,"54.75",,,,,,,,23,1,"Sinker",5,0,5,0,0,5,5,0,"Infield shade","Standard",213,"0","0.028",,,,"-0.028",,5,5,0.917,0.917,30,23,31,24,1,1,,,,,"2","1.05","1.05",,,,,,
"CU","2026-05-14","76.2","-2.31","5.56","Barlow, Scott",691023,605130,,"ball",,,,,14,,"R","R","R","ATH","STL","B",,,0,2,2026,"1.03","-0.8",0.8737033139139881,1.8673655815190235,,,,0,8,"Top",,,,,,,4.716134491084146,-110.92205035944741,1.008575570127671,7.64701176648452,20.353887096807053,-39.156554417349966,3.461351706,1.746850394,,,,"76.4",2421,"6.5",825008,669127,701762,643446,680869,683021,691016,703607,687515,"54.05",,,,,,,,62,3,"Curveball",4,3,3,4,3,4,3,4,"Standard","Standard",57,"-0.006","0.024",,,,"-0.024",,1,-1,0.767,0.23299999999999998,33,24,34,24,1,3,,,,,"4.73","-1.03","-1.03",,,,,,
"FF","2026-05-14","96.1","-1.89","6.25","Avila, Luinder",808959,679883,,"ball",,,,,11,,"R","L","R","CWS","KC","B",,,1,0,2026,"0.04","1.33",-0.8383970711177893,2.8623908900404658,,,,0,5,"Bot",,,,,,,2.6886358455689505,-139.81147999737868,-6.2811813818015585,-0.15461907633899558,32.729761604199254,-13.46327868489784,3.296358268,1.663582677,,,,"96.8",2451,"6.8",824602,521692,686469,679845,672580,677951,686555,664728,657041,"53.71",,,,,,,,43,2,"4-Seam Fastball",5,1,5,1,1,5,5,1,"Strategic","Standard",203,"0.002","0.077",,,,"-0.077",,4,4,0.932,0.932,24,26,25,26,1,2,,,,,"1.14","-0.04","0.04",,,,,,
"FF","2026-05-13","99.3","-1.88","6.16","Cease, Dylan",676439,656302,"strikeout","called_strike",,,,,4,"Tyler Heineman challenged (pitch result), call on the field was overturned: Hunter Feduccia called out on strikes.","R","L","R","TOR","TB","S",2,,0,2,2026,"-0.46","1.55",-0.5823237129767519,2.5278322015685357,,641584,680700,2,7,"Top",,,,,,,4.594540521364541,-144.4023312034613,-7.987026836882334,-7.471121448551509,34.04466006158102,-8.82521739620947,3.262130906,1.646309055,,,,"99.3",2564,"6.4",822815,623168,665489,676391,672960,665926,682818,662139,660821,"54.13",,0,"0",1,0,0,,50,4,"4-Seam Fastball",0,1,1,0,1,0,1,0,"Standard","Standard",199,"0.029","-0.178",,,,"0.178",,-1,1,0.335,0.665,30,29,31,29,3,2,5,2,,,"0.77","0.46","-0.46","49.7",,,,,
"ST","2026-05-13","89.5","-1.32","5.75","Meyer, Max",670242,676974,"strikeout","called_strike",,,,,7,"Joe Mack challenged (pitch result), call on the field was overturned: Matt Wallner called out on strikes.","R","L","R","MIN","MIA","S",2,,2,2,2026,"1.15","-0.51",-0.7839025831434787,2.15484539333753,,,605170,0,6,"Bot",,,,,,,-1.1705965079819083,-130.1887720676343,-1.4282433104064016,13.1942888964981,31.991169399722626,-37.82798824163687,3.394652231,1.713188976,,,,"88.5",2810,"6",823710,691788,681393,669364,677870,672640,669065,805300,683357,"54.45",,0,"0",1,0,0,,59,5,"Sweeper",4,9,4,9,9,4,4,9,"Infield shade","Standard",27,"-0.02","-0.201",,,,"0.201",,-5,-5,0.078,0.078,27,28,27,29,3,2,6,4,,,"3.4","-1.15","1.15","37.5",,,,,
"FF","2026-05-13","97.7","-2.22","5.63","Ohtani, Shohei",646240,660271,,"called_strike",,,,,6,,"R","L","R","LAD","SF","S",,,0,1,2026,"-0.14","1.3",0.7702742642388573,2.201437836868105,,,650333,2,6,"Top",,,,,,,8.293083428975459,-141.95769876341217,-6.579369199122336,-3.71833955525918,32.00062666582613,-13.252026834924061,3.217372047,1.623720472,,,,"98.2",2600,"6.6",823952,669257,518692,500743,669289,605141,669743,681624,663656,"53.88",,,,,,,,46,2,"4-Seam Fastball",4,0,0,4,0,4,0,4,"Infield shade","Standard",210,"0.004","-0.055",,,,"0.055",,4,-4,0.939,0.061000000000000054,31,29,32,30,3,2,8,1,,,"1.09","0.14","-0.14","33.0",,,,,
"SI","2026-05-13","93.8","0.61","6.51","Liberatore, Matthew",641680,669461,"strikeout","called_strike",,,,,7,"Pedro Pagés challenged (pitch result), call on the field was overturned: Jonah Heim called out on strikes.","R","R","L","ATH","STL","S",2,,2,2,2026,"1.22","1.1",-0.8099650245118875,2.1956598888874135,,687515,703607,2,5,"Bot",,,,,,,-6.317172031489563,-136.3190549278556,-7.5657858607328015,16.557638166550703,31.738395156495084,-16.984029479210164,3.375344488,1.703444882,,,,"93.1",2022,"6.1",825010,686780,676475,802139,669357,691026,701675,687363,691023,"54.44",,0,"0",1,0,0,,46,5,"Sinker",4,1,4,1,1,4,4,1,"Standard","Standard",148,"-0.015","-0.203",,,,"0.203",,3,3,0.878,0.878,26,31,27,31,3,2,6,1,,,"1.51","1.22","-1.22","44.7",,,,,
"FF","2026-05-13","93.2","-1.3","6.38","Woods Richardson, Simeon",669364,680573,,"called_strike",,,,,9,,"R","L","R","MIN","MIA","S",,,2,1,2026,"-0.42","1.49",0.7833656046888615,1.4799580543831945,683357,,691788,0,4,"Top",,,,,,,6.287028101793511,-135.29480966900155,-9.981687873218446,-6.498635428230611,29.250825884001042,-11.87648250973887,3.055011483,1.541781496,,,,"94.2",2278,"7",823710,605170,665019,807712,656484,686797,668885,621439,670242,"53.51",,,,,,,,33,4,"4-Seam Fastball",2,5,5,2,5,2,5,2,"Strategic","Standard",197,"0.006","-0.08",,,,"0.08",,-3,3,0.116,0.884,25,26,26,27,3,2,6,1,,,"1.15","0.42","-0.42","46.5",,,,,
"FF","2026-05-13","98.6","-2","5.19","Misiorowski, Jacob",593428,694819,,"called_strike",,,,,2,,"R","R","R","MIL","SD","S",,,2,0,2026,"-0.81","1.27",-0.1385727202042516,3.3470586748648934,,,,0,7,"Top",,,,,,,7.075922427154079,-143.52548744661962,-2.499056582845092,-12.72979152326452,30.847890237649843,-14.196207697242347,3.284949147,1.657824803,,,,"101.2",2504,"7.5",823791,661388,683734,668930,650859,687401,694192,669003,686217,"52.96",,,,,,,,49,3,"4-Seam Fastball",1,0,0,1,0,1,0,1,"Standard","Standard",220,"0.014","-0.072",,,,"0.072",,1,-1,0.671,0.32899999999999996,24,33,24,34,3,2,5,1,,,"1.06","0.81","0.81","29.9",,,,,
"FF","2026-05-13","93.3","-3.16","5.43","Scott, Christian",690993,681035,,"called_strike",,,,,4,,"R","L","R","NYM","DET","S",,,0,0,2026,"-0.82","1.44",-0.7408984460924364,2.291563006546821,,,693307,0,5,"Top",,,,,,,8.035205206812238,-135.54318324977467,-5.348518240458162,-11.860653012785471,29.894762950363614,-13.408814046317827,3.27792815,1.654281496,,,,"94",2069,"6.8",823631,620443,668901,543760,683146,666182,621438,805999,701807,"53.68",,,,,,,,37,1,"4-Seam Fastball",1,2,2,1,2,1,2,1,"Infield shade","Standard",226,"0.005","-0.043",,,,"0.043",,-1,1,0.325,0.675,27,24,27,25,3,2,6,1,,,"1.19","0.82","-0.82","30.6",,,,,
"FF","2026-05-13","91.5","1.83","5.39","Imanaga, Shota",640492,684007,"strikeout","called_strike",,,,,8,"Carson Kelly challenged (pitch result), call on the field was overturned: José Azocar called out on strikes.","R","R","L","ATL","CHC","S",2,,1,2,2026,"1.08","1.48",0.16544772901885807,1.4944488023507532,,,,0,6,"Bot",,,,,,,-6.49010602980972,-133.0343926082336,-6.9516276891529065,14.21247869632988,29.05901344306425,-13.237556454427946,3.163836942,1.596702756,,,,"91.3",2508,"6.3",824928,608348,683737,663538,608324,621020,664023,691718,673548,"54.24",,0,"0",1,0,0,,42,4,"4-Seam Fastball",1,1,1,1,1,1,1,1,"Standard","Standard",140,"-0.024","-0.189",,,,"0.189",,0,0,0.566,0.566,32,30,33,30,2,1,6,1,,,"1.25","1.08","-1.08","40.1",,,,,
"ST","2026-05-13","77.2","-2.31","5.69","Lugo, Seth",691011,607625,,"ball",,,,,11,,"R","L","R","CWS","KC","B",,,0,0,2026,"1.67","0.04",-0.6446419935089194,3.4337143001186172,,,,1,4,"Bot",,,,,,,0.40768566150927965,-112.24828379763518,2.345266573602326,13.866626206927533,23.490798364795452,-32.583072604516985,3.215616798,1.622834646,,,,"75.7",2920,"5.6",824603,553869,686469,679845,672580,677951,686555,657041,516782,"54.93",,,,,,,,35,1,"Sweeper",3,3,3,3,3,3,3,3,"Strategic","Standard",64,"0.003","0.039",,,,"-0.039",,0,0,0.533,0.533,36,24,37,25,2,1,6,1,,,"3.84","-1.67","1.67","20.5",,,,,
"SV","2026-05-13","77","-2.37","5.76","Lugo, Seth",671976,607625,,"called_strike",,,,,7,,"R","L","R","CWS","KC","S",,,1,1,2026,"1.3","-0.47",-0.7680592615684076,1.7559364795350514,,,,0,4,"Bot",,,,,,,0.9433062601504227,-112.09837459397829,-0.3371050601165201,10.649827671233353,23.421334898113162,-36.25865699797763,3.19718668,1.613533465,,,,"75.5",2960,"5.5",824603,553869,686469,679845,672580,677951,686555,657041,516782,"54.98",,,,,,,,34,3,"Slurve",3,3,3,3,3,3,3,3,"Standard","Standard",49,"-0.007","-0.061",,,,"0.061",,0,0,0.559,0.559,36,26,37,26,2,1,6,1,,,"4.36","-1.3","1.3","22.3",,,,,
"SL","2026-05-13","82.7","0.66","5.71","Valdez, Framber",620443,664285,,"called_strike",,,,,3,,"R","R","L","NYM","DET","S",,,1,1,2026,"-0.34","-0.12",0.5227104277623635,2.7733677893178705,,,805999,0,5,"Bot",,,,,,,0.3477311404661266,-120.50988222608017,0.22237132544224258,-3.3544139941663365,23.997843668584537,-33.630523344140094,3.178756562,1.604232283,,,,"82.1",2360,"5.9",823631,693307,679529,656716,805808,670097,682985,663837,672761,"54.61",,,,,,,,41,3,"Slider",1,2,1,2,2,1,1,2,"Strategic","Standard",272,"-0.012","-0.07",,,,"0.07",,-1,-1,0.468,0.468,32,30,33,30,2,1,8,1,,,"3.45","-0.34","0.34","34.0",,,,,
"FF","2026-05-13","100.1","-1.99","5.1","Misiorowski, Jacob",657757,694819,,"called_strike",,,,,8,,"R","L","R","MIL","SD","S",,,1,0,2026,"-0.99","1.25",0.26361438996002184,1.7153020183459722,,,,1,4,"Top",,,,,,,8.701808003114802,-145.41515708299215,-6.871334196502532,-16.035745242690442,34.33860560110409,-13.000804915837154,3.350770997,1.691043307,,,,"102.3",2616,"7.6",823791,661388,683734,668930,650859,687401,694192,669003,686217,"52.94",,,,,,,,28,2,"4-Seam Fastball",0,0,0,0,0,0,0,0,"Standard","Standard",226,"0.004","-0.049",,,,"0.049",,0,0,0.524,0.476,24,30,24,30,2,1,5,1,,,"1.04","0.99","-0.99","24.9",,,,,
"SI","2026-05-13","92.4","-1.14","5.61","Ginn, J.T.",687363,669372,,"called_strike",,,,,6,,"R","L","R","ATH","STL","S",,,1,1,2026,"-1.19","0.7",0.8224756455601794,2.6379572527778183,691026,,701675,1,4,"Top",,,,,,,7.635814929184564,-134.53248994190386,-3.1935819849363125,-16.095963090591667,25.813902675954225,-23.148123920184553,3.136630577,1.582972441,,,,"93.5",1923,"6.6",825010,641680,701762,683021,680869,687231,667670,703607,687515,"53.87",,,,,,,,28,3,"Sinker",0,1,1,0,1,0,1,0,"Strategic","Standard",228,"0.092","-0.058",,,,"0.058",,-1,1,0.311,0.6890000000000001,27,25,27,25,2,1,6,1,,,"1.94","1.19","-1.19","40.8",,,,,
"SL","2026-05-13","85.2","-3.18","5.56","King, Michael",641343,650633,"strikeout","called_strike",,,,,1,"Rodolfo Durán challenged (pitch result), call on the field was overturned: Jake Bauers called out on strikes.","R","L","R","MIL","SD","S",2,,3,2,2026,"0.25","0.11",-0.5732969458456199,3.1899366489489593,,694192,,2,3,"Bot",,,,,,,5.4905495987417225,-124.0553809017309,0.639113145001295,1.6296233926022738,22.71443618196004,-31.379959166516596,3.217372047,1.623720472,,,,"85",2315,"6",823791,660710,664034,665487,592518,593428,657757,701538,592206,"54.54",,0,"0",1,0,0,,26,6,"Slider",0,0,0,0,0,0,0,0,"Strategic","Standard",112,"-0.04","-0.277",,,,"0.277",,0,0,0.54,0.54,31,30,31,31,2,1,6,1,,,"3.01","-0.25","0.25","26.8",,,,,
"FF","2026-05-13","94.3","1.88","5.67","Schultz, Noah",677951,702273,"walk","ball",,,,,12,"Drew Romo challenged (pitch result), call on the field was confirmed: Bobby Witt Jr. walks.","R","R","L","CWS","KC","B",,,3,1,2026,"0.34","0.92",0.014114587019901315,3.4085880978035825,,672580,,0,4,"Top",,,,,,,-5.548666850105465,-137.23225063699317,-2.061978359467339,5.536649694026005,32.47750036750643,-20.304596751135506,3.238435039,1.634350394,,,,"93.9",2488,"6.2",824603,691011,808959,805367,678246,695657,803011,671976,672284,"54.3",,0.704857,"0.7",1,0,0,,27,5,"4-Seam Fastball",3,0,0,3,0,3,0,3,"Standard","Standard",125,"-0.025","0.17",,,,"-0.17",,3,-3,0.738,0.262,22,26,23,26,2,1,7,1,,,"1.65","0.34","-0.34","12.5",,,,,
"FF","2026-05-13","94.4","-3.12","5.34","Scott, Christian",663837,681035,,"ball",,,,,11,,"R","R","R","NYM","DET","B",,,0,0,2026,"-0.9","1.3",-0.8522676386276171,2.742299509233974,,,,2,3,"Top",,,,,,,7.956252932339423,-137.074646002877,-3.780754101067676,-13.270786180130218,34.26861512022747,-15.170508136774261,3.273540026,1.652066929,,,,"94.7",2165,"6.9",823631,620443,668901,543760,683146,666182,621438,805999,701807,"53.63",,,,,,,,22,1,"4-Seam Fastball",1,2,2,1,2,1,2,1,"Standard","Standard",222,"-0.001","0.037",,,,"-0.037",,-1,1,0.426,0.5740000000000001,27,29,27,30,2,1,6,1,,,"1.29","0.9","0.9","31.1",,,,,
"FF","2026-05-13","96.9","-0.67","5.88","Miller, Bryce",701305,682243,"strikeout","called_strike",,,,,9,"Cal Raleigh challenged (pitch result), call on the field was overturned: Zach Dezenzo called out on strikes.","R","R","R","HOU","SEA","S",2,,1,2,2026,"-0.42","1.74",0.7902656645553074,1.8188434230905006,,,670623,1,4,"Bot",,,,,,,4.803147676018759,-140.68649180611988,-8.937862430761095,-6.793099937062883,39.27111693846829,-7.197472509538945,3.418348097,1.725147638,,,,"95.6",2536,"6.2",824195,663728,647304,702284,660844,641487,668227,677594,670042,"54.29",,0,"0",1,0,0,,32,4,"4-Seam Fastball",0,1,0,1,1,0,0,1,"Standard","Standard",203,"-0.028","-0.178",,,,"0.178",,-1,-1,0.42,0.42,27,26,28,26,2,1,,1,,,"0.74","0.42","0.42","56.2",,,,,
"SI","2026-05-13","92.2","1.26","5.27","Messick, Parker",624585,800048,,"ball",,,,,14,,"R","R","L","CLE","LAA","B",,,2,0,2026,"1.19","1.02",0.5315017628415606,1.461390826128822,,,,2,4,"Top",,,,,,,-4.483365278303307,-134.11947421347503,-5.913431228104137,15.281629260730087,29.254065169947822,-18.733334322880147,3.354281496,1.692814961,,,,"92.6",2099,"6.6",824438,595978,656555,683953,682177,677587,681807,682657,800050,"53.92",,,,,,,,27,3,"Sinker",3,0,0,3,0,3,0,3,"Standard","Standard",138,"-0.004","0.121",,,,"-0.121",,3,-3,0.848,0.15200000000000002,25,34,26,34,2,1,5,1,,,"1.66","1.19","-1.19","38.8",,,,,
"ST","2026-05-13","87.1","-0.99","5.31","Jax, Griffin",662139,643377,"walk","ball",,,,,11,"Hunter Feduccia challenged (pitch result), call on the field was confirmed: Daulton Varsho walks.","R","L","R","TOR","TB","B",,,3,2,2026,"1.16","-0.27",-0.8427287288931393,2.883500712820677,,,,2,4,"Bot",,,,,,,-2.0737004801935788,-126.82186724381941,1.1035046697236046,12.87724603063711,27.40414901916755,-35.520975360188366,3.036581365,1.532480315,,,,"86.9",2892,"6.3",822815,676439,666018,680700,691406,670764,802415,656775,641584,"54.25",,0.704857,"0.7",1,0,0,,27,7,"Sweeper",0,0,0,0,0,0,0,0,"Infield shade","Standard",54,"0.013","0.259",,,,"-0.259",,0,0,0.515,0.515,31,29,32,30,2,1,6,1,,,"3.28","-1.16","1.16","38.6",,,,,
"CU","2026-05-13","69.9","1.63","6.21","Detmers, Reid",608070,672282,,"called_strike",,,,,9,,"R","R","L","CLE","LAA","S",,,0,0,2026,"-0.99","-1.17",0.5794614706640158,1.9797530902178533,,,682657,0,3,"Bot",,,,,,,-0.3372865019855637,-101.73895932517847,1.7264244207470845,-6.787087734011122,16.7967707707497,-40.823095094402404,3.034826116,1.531594488,,,,"69.7",2511,"6.1",824438,665861,687093,672724,660162,687263,669326,545361,666176,"54.36",,,,,,,,21,1,"Curveball",2,0,2,0,0,2,2,0,"Infield shade","Strategic",325,"0.014","-0.043",,,,"0.043",,2,2,0.789,0.789,26,33,27,34,2,1,5,1,,,"5.84","-0.99","0.99","47.7",,,,,
"ST","2026-05-13","83.5","-1.67","5.2","McCullers Jr., Lance",647304,621121,"strikeout","called_strike",,,,,7,"Christian Vázquez challenged (pitch result), call on the field was overturned: Josh Naylor called out on strikes.","R","L","R","HOU","SEA","S",2,,2,2,2026,"1.48","0.63",-0.7689008318646391,1.6915780734706756,,677594,,1,3,"Top",,,,,,,-0.9203904280173633,-121.56430552478811,-2.654852267707411,14.850775963444681,25.03027722331918,-25.599367851753478,3.110301837,1.569685039,,,,"82.9",2705,"6",824195,543877,572233,514888,670623,669699,701305,694728,805904,"54.54",,0,"0",1,0,0,,20,6,"Sweeper",0,1,1,0,1,0,1,0,"Infield shade","Standard",76,"0.029","-0.227",,,,"0.227",,-1,1,0.374,0.626,32,29,33,29,2,1,7,1,,,"2.65","-1.48","1.48","27.9",,,,,
"CH","2026-05-13","88.7","-1.98","5.74","Keller, Mitch",666397,656605,"strikeout","called_strike",,,,,8,"Henry Davis challenged (pitch result), call on the field was overturned: Edouard Julien called out on strikes.","R","L","R","PIT","COL","S",2,,1,2,2026,"-1.22","0.4",0.21759378390052686,1.5746763399135437,,,,0,4,"Top",,,,,,,7.983220310509703,-128.95179381195362,-4.832231683113365,-15.249144747396722,24.306809274771606,-26.890323103352017,3.234924541,1.63257874,,,,"89.8",1583,"6.8",823386,680779,669707,664040,693304,804606,668804,665833,656811,"53.67",,0,"0",1,0,0,,25,4,"Changeup",3,0,0,3,0,3,0,3,"Infield shade","Standard",237,"0.015","-0.189",,,,"0.189",,3,-3,0.821,0.17900000000000005,30,27,30,27,2,1,6,1,,,"2.48","1.22","-1.22","38.7",,,,,
"CU","2026-05-13","79.4","1.5","6.04","Parker, Mitchell",694362,680730,,"ball",,,,,12,,"R","R","L","CIN","WSH","B",,,0,2,2026,"-0.8","-0.63",0.8542933829221094,2.613061871414523,,,,0,6,"Bot",,,,,,,0.1303338276296323,-115.62489997946875,0.7472454777942616,-7.128009267122415,23.192054909280152,-38.1726108806443,3.09011647,1.559498032,,,,"79.9",2276,"6.8",824519,660688,671277,678554,691781,682928,695578,696285,686894,"53.75",,,,,,,,56,3,"Curveball",6,6,6,6,6,6,6,6,"Standard","Standard",337,"0.004","0.024",,,,"-0.024",,0,0,0.562,0.562,26,27,27,28,1,0,4,3,,,"4.26","-0.8","0.8","59.6",,,,,
"CU","2026-05-13","82.7","-1.84","5.39","Ritchie, JR",683737,702275,,"ball",,,,,11,,"R","L","R","ATL","CHC","B",,,1,2,2026,"1.02","-0.87",-0.9320094773006609,2.397388374307211,,,,2,2,"Top",,,,,,,0.017040214939178178,-120.3932182269426,1.6760339536163604,9.845943286950531,25.13381416125319,-41.21222148731242,3.166469816,1.598031496,,,,"82.9",2415,"6.6",824928,506702,621566,645277,663586,673490,643289,671739,640492,"53.92",,,,,,,,9,4,"Curveball",0,0,0,0,0,0,0,0,"Strategic","Standard",58,"-0.001","0.042",,,,"-0.042",,0,0,0.543,0.45699999999999996,23,28,23,29,1,0,9,1,,,"4.23","-1.02","1.02","25.5",,,,,
"CH","2026-05-13","88.2","1.54","5.64","Fried, Max",641933,608331,"strikeout","called_strike",,,,,7,"J.C. Escarra challenged (pitch result), call on the field was overturned: Tyler O'Neill called out on strikes.","R","R","L","BAL","NYY","S",2,,2,2,2026,"1.37","0.27",-0.49496475876989576,1.4764513606058784,,,624413,0,2,"Bot",,,,,,,-7.796350243469817,-128.1871420730063,-4.367917394067517,16.696714648379352,26.913960832186447,-28.432359335615125,3.097137467,1.563041339,,,,"88.5",1774,"6.6",824841,641555,700250,665862,641857,683011,641355,663757,682987,"53.95",,0,"0",1,0,0,,11,6,"Changeup",0,0,0,0,0,0,0,0,"Strategic","Standard",127,"-0.03","-0.201",,,,"0.201",,0,0,0.584,0.584,32,31,32,31,1,0,5,1,,,"2.67","1.37","-1.37","40.4",,,,,
"FF","2026-05-13","93","2.78","5.51","King, Bryan",641598,687911,"walk","ball",,,,,12,"Christian Vázquez challenged (pitch result), call on the field was confirmed: Mitch Garver walks. Rob Refsnyder to 2nd.","R","R","L","HOU","SEA","B",,,3,2,2026,"0.07","1.07",0.33495200597638175,3.427743992561898,,,608701,2,9,"Top",,,,,,,-6.36233928980437,-135.33740839837324,-1.7622819474238551,2.303493117052012,31.823677000295753,-18.86851777992105,3.248966535,1.639665354,,,,"93.2",2136,"6.6",824195,543877,572233,514888,670623,669699,805904,694728,701358,"53.92",,0.704857,"0.7",1,0,0,,75,8,"4-Seam Fastball",3,2,2,3,2,3,2,3,"Standard","Standard",150,"-0.057","0.24",,,,"-0.24",,1,-1,0.911,0.08899999999999997,29,35,30,35,1,0,2,4,,,"1.58","0.07","-0.07","34.2",,,,,
"FF","2026-05-13","97.5","-0.65","6.58","Baker, Bryan",662139,641329,,"called_strike",,,,,7,,"R","L","R","TOR","TB","S",,,0,1,2026,"-0.37","1.62",-0.6876937567971533,1.9271945476440524,,682818,665489,1,8,"Bot",,,,,,,0.7842024578912086,-141.6381272279424,-10.491667457550294,-5.216857578289009,32.16381679940567,-8.205277543988917,3.036581365,1.532480315,,,,"97.5",2262,"6.4",822815,676439,666018,680700,810938,670764,802415,656775,641584,"54.13",,,,,,,,65,2,"4-Seam Fastball",1,1,1,1,1,1,1,1,"Standard","Standard",202,"-0.021","-0.053",,,,"0.053",,0,0,0.661,0.661,31,29,32,30,1,3,2,1,,,"0.79","0.37","-0.37","55.5",,,,,
"SL","2026-05-13","88.6","1.65","6.45","Burke, Brock",695578,656271,"strikeout","called_strike",,,,,7,"Tyler Stephenson challenged (pitch result), call on the field was overturned: James Wood called out on strikes.","R","L","L","CIN","WSH","S",2,,2,2,2026,"0.15","0.42",-0.8191279357156318,1.758142655468621,,,671277,2,8,"Top",,,,,,,-6.324345427472578,-128.81468058245517,-6.001300353135775,3.104431045988174,28.894120998678567,-26.418511016770996,3.488558071,1.760580709,,,,"89",2301,"6.8",824519,663886,668715,680574,701398,682829,668709,667472,694362,"53.72",,0,"0",1,0,0,,69,5,"Slider",6,6,6,6,6,6,6,6,"Standard","Standard",150,"0.043","-0.216",,,,"0.216",,0,0,0.565,0.43500000000000005,29,23,30,24,1,4,4,1,,,"2.51","0.15","0.15","45.2",,,,,
"FC","2026-05-13","91.2","-1.79","5.78","Antone, Tejay",660688,622088,,"called_strike",,,,,3,,"R","L","R","CIN","WSH","S",,,0,0,2026,"0.27","0.66",0.607912026558322,3.0921719141134414,695734,,,2,5,"Top",,,,,,,5.335618892741866,-132.69253438986925,-2.068323955331276,1.9580595166670476,31.09551912583218,-24.122383138466,3.175246063,1.60246063,,,,"90.7",2759,"6.2",824519,663886,668715,680574,701398,682829,670770,667472,668709,"54.28",,,,,,,,48,1,"Cutter",6,6,6,6,6,6,6,6,"Infield shade","Standard",196,"0.008","-0.044",,,,"0.044",,0,0,0.514,0.486,32,27,33,28,1,2,3,1,,,"2.1","-0.27","0.27","32.7",,,,,
"SL","2026-05-13","85.1","1.76","6.47","Burke, Brock",695578,656271,,"called_strike",,,,,4,,"R","L","L","CIN","WSH","S",,,0,0,2026,"-0.13","0.28",-0.7275849310404375,2.8270635777748074,,,671277,2,8,"Top",,,,,,,-5.535307752339105,-123.75491893680486,-2.5455398350088747,-0.19996424334530358,26.133248140256995,-29.007723845405426,3.488558071,1.760580709,,,,"85.6",2269,"6.8",824519,663886,668715,680574,701398,682829,668709,667472,694362,"53.72",,,,,,,,69,1,"Slider",6,6,6,6,6,6,6,6,"Standard","Standard",186,"0.008","-0.042",,,,"0.042",,0,0,0.557,0.44299999999999995,29,23,30,24,1,4,4,1,,,"2.89","-0.13","-0.13","44.4",,,,,
"SI","2026-05-13","93.2","-2.27","4.79","Topa, Justin",805300,623437,,"called_strike",,,,,7,,"R","L","R","MIN","MIA","S",,,0,0,2026,"-1.69","0.15",-0.8125985710499997,1.8400019019032174,,,,0,7,"Top",,,,,,,7.406419984039632,-135.52670197219322,-1.9245469447905243,-22.507163650092334,29.64412672497919,-30.160334290303748,3.212106299,1.621062992,,,,"92.5",2222,"5.9",823710,605170,665019,807712,656484,686797,668885,621439,670242,"54.59",,,,,,,,62,1,"Sinker",4,9,9,4,9,4,9,4,"Standard","Standard",252,"0","-0.039",,,,"0.039",,-5,5,0.032,0.968,35,25,35,25,1,3,7,1,,,"2.48","1.69","-1.69","9.1",,,,,
"SV","2026-05-13","84","-2.28","5.26","Santillan, Tony",686894,663574,,"ball",,,,,11,,"R","R","R","CIN","WSH","B",,,1,2,2026,"0.61","-0.38",-0.9490432707571297,2.895229212012448,,,,1,10,"Top",,,,,,,1.7926923437582234,-122.27670912427969,1.9115786638106924,5.703322428385399,26.287419740154366,-36.62838312408591,3.38324311,1.707431102,,,,"83.3",2250,"6",824519,663886,668715,680574,701398,682829,668709,667472,694362,"54.5",,,,,,,,83,5,"Slurve",6,8,8,6,8,6,8,6,"Standard","Standard",32,"-0.002","0.048",,,,"-0.048",,-2,2,0.193,0.8069999999999999,29,27,29,27,1,4,1,5,,,"3.63","-0.61","-0.61","26.9",,,,,
"SI","2026-05-13","90.8","2.49","5.77","Quintana, Jose",542303,500779,,"called_strike",,,,,9,,"R","R","L","PIT","COL","S",,,0,0,2026,"1.12","1.01",0.4378246619616981,1.734652625589776,,,,0,2,"Bot",,,,,,,-7.512830017699339,-131.8936279888489,-6.097309236717759,14.727652761927121,29.90210526107298,-19.250979546029484,3.255987533,1.643208661,,,,"90.5",2341,"6.4",823386,664954,681198,666397,691720,678662,664983,666160,671289,"54.13",,,,,,,,10,1,"Sinker",0,0,0,0,0,0,0,0,"Infield shade","Standard",148,"-0.003","-0.039",,,,"0.039",,0,0,0.551,0.551,37,35,37,36,1,0,6,1,,,"1.78","1.12","-1.12","40.4",,,,,
"ST","2026-05-13","79.5","3.41","5.4","Raley, Brooks",663837,548384,,"ball",,,,,14,,"R","R","L","NYM","DET","B",,,1,0,2026,"-1.46","0.13",1.0574793086005372,1.9712709827247896,,693307,,2,10,"Top",,,,,,,-2.269220539334576,-115.61866089582901,-0.6270763729642672,-12.349812041045487,26.456107300460364,-31.143844296647668,3.273540026,1.652066929,,,,"78.1",2939,"5.8",823631,620443,668901,543760,683146,666182,621438,805999,701807,"54.66",,,,,,,,78,2,"Sweeper",2,2,2,2,2,2,2,2,"Standard","Standard",281,"-0.004","0.028",,,,"-0.028",,0,0,0.703,0.29700000000000004,38,29,38,30,1,4,1,1,,,"3.55","-1.46","1.46","25.5",,,,,
"FF","2026-05-13","98","-0.88","5.95","Slaten, Justin",669016,686580,,"ball",,,,,14,,"R","L","R","BOS","PHI","B",,,0,2,2026,"-0.41","1.44",0.8480945703681172,1.9791226505444341,,,,1,7,"Top",,,,,,,5.61358179365858,-142.4003774945769,-8.431207845080772,-6.954508887775553,33.74891334228592,-10.80017520452831,3.312155512,1.671555118,,,,"98.5",2464,"6.7",824763,657136,575929,691785,702332,596115,680776,678882,677800,"53.75",,,,,,,,47,3,"4-Seam Fastball",3,1,1,3,1,3,1,3,"Standard","Standard",202,"-0.003","0.017",,,,"-0.017",,2,-2,0.859,0.14100000000000001,28,28,29,29,1,2,3,1,,,"0.95","0.41","-0.41","51.1",,,,,
"SI","2026-05-13","98.2","-1.52","5.93","Uribe, Abner",593428,682842,,"ball",,,,,13,,"R","R","R","MIL","SD","B",,,0,1,2026,"-1.17","0.52",-0.8488697414060775,1.9422226199749948,,,669369,2,9,"Top",,,,,,,4.573200045795169,-142.91761329947633,-6.375943352662997,-17.131635331978405,30.621226606645177,-23.85611336119251,3.284949147,1.657824803,,,,"98.8",2282,"6.5",823791,661388,683734,668930,650859,687401,694192,663368,686217,"54.05",,,,,,,,65,2,"Sinker",1,0,0,1,0,1,0,1,"Standard","Standard",208,"-0.008","0.027",,,,"-0.027",,1,-1,0.933,0.06699999999999995,26,33,26,34,1,3,1,1,,,"1.83","1.17","1.17","38.3",,,,,
"SI","2026-05-13","91.9","-1.83","4.75","Criswell, Cooper",514888,681867,,"called_strike",,,,,4,,"R","R","R","HOU","SEA","S",,,0,0,2026,"-1.39","-0.34",-0.7452246774086952,2.4263459616465046,669699,694728,805904,2,6,"Bot",,,,,,,5.8156853649713165,-133.6036574385663,0.9960693885625376,-17.951044185853576,32.83742371457783,-36.68234611361192,2.926000656,1.476673228,,,,"91.5",2055,"6.5",824195,663728,647304,702284,660844,641487,668227,677594,670042,"54.05",,,,,,,,54,1,"Sinker",1,2,1,2,2,1,1,2,"Standard","Standard",261,"-0.02","-0.035",,,,"0.035",,-1,-1,0.439,0.439,29,36,30,36,1,3,2,1,,,"3.07","1.39","1.39","7.1",,,,,
"ST","2026-05-13","88.7","-1.07","5.45","Jax, Griffin",672960,643377,,"called_strike",,,,,3,,"R","R","R","TOR","TB","S",,,2,0,2026,"0.9","0.1",0.2898650860175095,3.343781938957151,,,,0,2,"Bot",,,,,,,1.3854720888737284,-129.29098208565816,0.8085213861525594,9.863589949754768,24.855045835242798,-31.363900537528263,3.255987533,1.643208661,,,,"89.3",2982,"6.4",822815,676439,666018,680700,691406,670764,802415,656775,641584,"54.12",,,,,,,,10,3,"Sweeper",0,0,0,0,0,0,0,0,"Infield shade","Standard",46,"-0.007","-0.072",,,,"0.072",,0,0,0.562,0.562,31,30,32,30,1,0,6,1,,,"2.77","-0.9","-0.9","39.1",,,,,
"CH","2026-05-13","84.4","1.72","6.52","Lee, Dylan",621020,669276,,"called_strike",,,,,3,,"R","R","L","ATL","CHC","S",,,0,0,2026,"0.76","1.24",0.7996597402604273,3.1160954788773694,,,,2,7,"Top",,,,,,,-3.6603543609131903,-122.8482469227298,-3.8874390791739826,8.421971383594089,23.447665112026602,-19.064828853562208,3.218249672,1.624163386,,,,"84.7",1635,"6.4",824928,506702,621566,645277,663586,673490,643289,671739,640492,"54.09",,,,,,,,47,1,"Changeup",1,1,1,1,1,1,1,1,"Standard","Standard",138,"0.003","-0.043",,,,"0.043",,0,0,0.568,0.43200000000000005,31,32,32,32,1,2,1,1,,,"1.95","0.76","-0.76","45.8",,,,,
"SL","2026-05-13","88.3","-1.42","6.22","Nelson, Ryne",607043,669194,"strikeout","called_strike",,,,,7,"Gabriel Moreno challenged (pitch result), call on the field was overturned: Brandon Nimmo called out on strikes.","R","L","R","TEX","AZ","S",2,,0,2,2026,"0.38","0.27",-0.7302959377981169,1.6572451861296256,,,,1,1,"Bot",,,,,,,0.8584244813047877,-128.64894317961242,-5.440417813830364,4.092186800182661,24.695115353802265,-28.293562420117045,3.270029528,1.650295276,,,,"89.4",2359,"6.7",822900,672515,545121,606466,571448,672695,666971,814439,682998,"53.77",,0,"0",1,0,0,,7,3,"Slider",0,0,0,0,0,0,0,0,"Standard","Standard",127,"-0.01","-0.163",,,,"0.163",,0,0,0.52,0.52,28,33,28,33,1,0,5,1,,,"2.63","-0.38","0.38","49.8",,,,,
"FF","2026-05-13","93.1","1.47","6.6","Lee, Dylan",691718,669276,"strikeout","called_strike",,,,,4,"Sandy León challenged (pitch result), call on the field was overturned: Pete Crow-Armstrong called out on strikes.","R","L","L","ATL","CHC","S",2,,2,2,2026,"0.62","1.66",-0.809263113440956,2.4408200375463798,,,,1,7,"Top",,,,,,,-7.146809172278312,-135.26001907331172,-8.360192498695506,9.101235790598068,28.14254293559195,-10.168643217891878,3.202452428,1.616190945,,,,"93.2",2360,"6.4",824928,506702,621566,645277,663586,673490,643289,671739,640492,"54.14",,0,"0",1,0,0,,46,5,"4-Seam Fastball",1,1,1,1,1,1,1,1,"Infield shade","Standard",162,"0.025","-0.228",,,,"0.228",,0,0,0.543,0.45699999999999996,31,24,32,24,1,2,1,1,,,"0.97","0.62","0.62","49.1",,,,,
"SL","2026-05-13","84.7","-2.28","5.94","Brooks, Aaron",672960,605156,,"ball",,,,,11,,"R","R","R","TOR","TB","B",,,1,0,2026,"0.09","-0.07",-0.8951476962841298,2.480996942015872,,543807,665489,1,10,"Bot",,,,,,,3.0013418927046303,-123.33428324687482,-1.3868930031968352,0.2553785377577733,25.145408149910306,-32.77982696577664,3.255987533,1.643208661,,,,"84.4",2230,"6.1",822815,676439,666018,680700,810938,670764,802415,656775,641584,"54.4",,,,,,,,83,2,"Slider",1,3,1,3,3,1,1,3,"Infield shade","Standard",78,"0.025","0.071",,,,"-0.071",,-2,-2,0.225,0.225,36,30,36,30,1,4,,1,,,"3.24","-0.09","-0.09","32.8",,,,,
"ST","2026-05-13","84.6","-3.59","5.08","Ekness, Josh",656484,694795,"strikeout","called_strike",,,,,4,"Joe Mack challenged (pitch result), call on the field was overturned: Tristan Gray called out on strikes.","R","L","R","MIN","MIA","S",2,,2,2,2026,"1.27","0.46",-0.8167523397971514,2.4005852813804993,,,,0,9,"Bot",,,,,,,3.844795072190631,-123.13909407830171,-0.5970782094173075,12.02931256019534,26.6763401500659,-27.611608958085952,3.259498032,1.644980315,,,,"85.3",2644,"6.9",823710,691788,681393,669364,677870,672640,665923,805300,683357,"53.58",,0,"0",1,0,0,,80,6,"Sweeper",5,9,5,9,9,5,5,9,"Standard","Standard",72,"-0.01","-0.232",,,,"0.232",,-4,-4,0.017,0.017,24,30,24,30,1,3,1,6,,,"2.74","-1.27","1.27","21.7",,,,,
"SI","2026-05-13","90.3","2.19","5.47","King, John",807712,667463,,"ball",,,,,14,,"R","R","L","MIN","MIA","B",,,2,1,2026,"1.19","0.09",0.44808754895786307,1.494144101096865,,,,0,8,"Bot",,,,,,,-6.818737796380348,-131.2437150107595,-3.840776754226505,15.219180986835575,29.846490918632234,-30.473516236536348,3.213861549,1.621948819,,,,"89.5",2256,"6",823710,691788,681393,669364,677870,672640,669065,805300,683357,"54.47",,,,,,,,73,4,"Sinker",5,9,5,9,9,5,5,9,"Infield shade","Standard",118,"0.009","0.134",,,,"-0.134",,-4,-4,0.047,0.047,31,23,32,24,1,3,4,1,,,"2.73","1.19","-1.19","28.4",,,,,
"FC","2026-05-13","84","3.27","5.18","Yarbrough, Ryan",665750,642232,,"ball",,,,,11,,"R","R","L","BAL","NYY","B",,,2,1,2026,"-0.12","0.79",-0.21972747872611842,3.4494898411830848,,,641933,0,6,"Bot",,,,,,,-7.710573860822606,-122.25023069600608,0.9023528780158476,0.11707842958432015,21.569931925259265,-24.539273097893705,3.286704396,1.65871063,,,,"84.3",2165,"6.2",824841,641555,700250,665862,641857,683011,641355,663757,682987,"54.27",,,,,,,,45,4,"Cutter",5,0,5,0,0,5,5,0,"Standard","Standard",151,"0.001","0.116",,,,"-0.116",,5,5,0.978,0.978,34,27,35,28,1,2,7,1,,,"2.41","-0.12","0.12","16.4",,,,,
"CH","2026-05-13","85.1","1.59","5.67","Fried, Max",621493,608331,,"called_strike",,,,,3,,"R","R","L","BAL","NYY","S",,,2,1,2026,"1.29","0.27",0.8087447650910498,3.155181725974897,,,,0,1,"Bot",,,,,,,-4.463415031971472,-123.90247531565913,0.045278233199141926,14.139314744469264,24.387817621799663,-29.593260306886982,3.190165682,1.609990158,,,,"85.6",1587,"6.6",824841,641555,700250,665862,641857,683011,641355,663757,682987,"53.93",,,,,,,,4,4,"Changeup",0,0,0,0,0,0,0,0,"Strategic","Standard",130,"-0.006","-0.073",,,,"0.073",,0,0,0.551,0.551,32,32,32,33,1,0,5,1,,,"2.87","1.29","-1.29","39.2",,,,,
"FF","2026-05-13","90.1","2.28","4.42","Poulin, PJ",668709,676571,,"called_strike",,,,,8,,"R","L","L","CIN","WSH","S",,,2,1,2026,"1.23","0.8",-0.193591778808488,1.6057011045500698,,701398,,0,10,"Bot",,,,,,,-8.749695910194065,-130.93489975120715,-2.5452865491160375,16.014333727111353,27.60529248926702,-22.67138178002914,3.286704396,1.65871063,,,,"90.4",2211,"6.5",824519,660688,671277,678554,678391,682928,695578,696285,686894,"53.99",,,,,,,,85,4,"4-Seam Fastball",6,8,6,8,8,6,6,8,"Standard","Standard",106,"-0.025","-0.081",,,,"0.081",,-2,-2,0.223,0.223,29,28,30,29,1,4,3,1,,,"2.02","1.23","1.23","18.0",,,,,
"ST","2026-05-13","83.3","1.59","4.92","Simpson, Josh",670541,681006,,"ball",,,,,13,,"R","L","L","HOU","SEA","B",,,2,0,2026,"-0.93","0.36",-0.6849979403206545,1.3812884650633488,805904,,543877,2,8,"Bot",,,,,,,-3.268031699553481,-121.30757204097252,-2.142645909780414,-8.493348116216803,24.87022813005462,-28.451336316173673,3.392019357,1.711860236,,,,"82.6",2439,"5.9",824195,663728,647304,702284,660844,641487,668227,677594,670042,"54.59",,,,,,,,70,3,"Sweeper",3,2,3,2,2,3,3,2,"Standard","Standard",287,"0.004","0.079",,,,"-0.079",,1,1,0.869,0.869,28,29,29,29,1,4,4,1,,,"2.94","-0.93","-0.93","14.9",,,,,
"CH","2026-05-13","89.8","-2.85","5.81","Senzatela, Antonio",804606,622608,,"called_strike",,,,,9,,"R","R","R","PIT","COL","S",,,1,1,2026,"-1.28","0.36",0.7930495053229301,1.6492558795722365,,,,0,5,"Bot",,,,,,,11.62459737552236,-130.2599311197858,-4.819664905023666,-16.93696582327652,26.703653585071148,-27.20569928913294,3.334973753,1.683070866,,,,"89.7",2285,"6.4",823386,664954,681198,666397,691720,678662,664983,666160,671289,"54.15",,,,,,,,41,3,"Changeup",3,6,3,6,6,3,3,6,"Standard","Standard",220,"-0.007","-0.061",,,,"0.061",,-3,-3,0.191,0.191,31,20,31,20,1,2,6,1,,,"2.48","1.28","1.28","42.6",,,,,
"ST","2026-05-12","85.2","-3.45","5.74","Warren, Will",624413,701542,,"called_strike",,,,,9,,"R","R","R","BAL","NYY","S",,,0,0,2026,"1.48","0.12",0.2783850374096257,1.5720685125921445,621493,,,1,6,"Bot",,,,,,,5.620378350878848,-123.93394452047875,-3.4513772208966498,13.991499992092564,26.295497445012057,-30.455979741753563,3.323564633,1.677312992,,,,"85.1",2921,"6.4",824843,669224,502671,642708,641857,680474,641355,663757,592450,"54.13",,,,,,,,50,1,"Sweeper",0,6,0,6,6,0,0,6,"Strategic","Standard",54,"-0.002","-0.045",,,,"0.045",,-6,-6,0.041,0.041,27,31,27,32,3,2,6,1,,1,"3.04","-1.48","-1.48","31.8",,,,,
"CH","2026-05-12","85.9","-1.37","5.77","Houser, Adrian",660271,605288,,"called_strike",,,,,7,,"R","L","R","LAD","SF","S",,,3,0,2026,"-1.4","0.22",-0.5216838330798261,1.620233867189961,,,,1,5,"Bot",,,,,,,4.899189639489178,-125.0627221717677,-3.8198626192499745,-15.698500160615916,25.301929189507177,-29.279403164870075,3.369201116,1.700344488,,,,"86.3",1602,"6.5",823951,606992,805811,650333,669477,642715,671218,664056,808982,"53.95",,,,,,,,38,4,"Changeup",2,3,2,3,3,2,2,3,"Infield shade","Standard",229,"-0.008","-0.088",,,,"0.088",,-1,-1,0.405,0.405,33,31,33,32,3,2,6,1,,,"2.86","1.4","-1.4","33.0",,,,,
"SI","2026-05-12","93.6","-3.38","5.56","Warren, Will",681297,701542,"strikeout","called_strike",,,,,3,"Austin Wells challenged (pitch result), call on the field was overturned: Colton Cowser called out on strikes.","R","L","R","BAL","NYY","S",2,,1,2,2026,"-1.27","0.67",0.5363287410097122,3.125241419483724,,,,0,5,"Bot",,,,,,,12.86816205772978,-135.71012586971725,-1.840134283921381,-18.45498141752613,28.82920581781113,-23.64728269970169,3.328830381,1.679970472,,,,"94.1",2431,"6.7",824843,669224,502671,642708,641857,680474,641355,663757,592450,"53.8",,0,"0",1,0,0,,41,4,"Sinker",0,6,0,6,6,0,0,6,"Infield shade","Standard",231,"-0.006","-0.189",,,,"0.189",,-6,-6,0.042,0.042,27,26,27,26,2,1,6,3,,,"1.94","1.27","-1.27","27.8",,,,,
"SI","2026-05-12","94.1","-1.17","5.8","Houser, Adrian",571970,605288,,"ball",,,,,12,,"R","L","R","LAD","SF","B",,,0,2,2026,"-1.42","0.47",0.06660654641245478,3.3122233082935226,,,,0,4,"Bot",,,,,,,6.426265443956487,-136.89378583714074,-1.6177663583360054,-19.32392449974807,30.047597562831264,-26.171091569373026,3.127854331,1.578543307,,,,"94.7",2248,"6.7",823951,606992,805811,650333,669477,642715,671218,664056,808982,"53.84",,,,,,,,29,4,"Sinker",2,1,2,1,1,2,2,1,"Strategic","Standard",223,"0.002","0.024",,,,"-0.024",,1,1,0.677,0.677,33,35,33,36,2,1,6,1,,,"2.11","1.42","-1.42","37.6",,,,,
"SI","2026-05-12","96.2","-2.36","5.66","Sproat, Brandon",657757,687075,,"called_strike",,,,,3,,"R","L","R","MIL","SD","S",,,2,1,2026,"-1.21","0.64",0.6992503188867951,2.884394464722949,,,593428,2,4,"Top",,,,,,,10.793929387946807,-139.81533364173058,-3.083596042274969,-18.274615892786777,29.299608680532994,-23.287505923406236,3.350770997,1.691043307,,,,"96.3",1818,"6.3",823790,661388,641343,668930,666152,687401,694192,669003,686217,"54.24",,,,,,,,26,4,"Sinker",1,0,0,1,0,1,0,1,"Standard","Standard",228,"0.007","-0.093",,,,"0.093",,1,-1,0.654,0.346,25,30,26,30,2,1,6,2,,1,"1.82","1.21","-1.21","33.3",,,,,
"FC","2026-05-12","88.1","-1.43","5.28","Waldron, Matt",668930,663362,,"ball",,,,,12,,"R","L","R","MIL","SD","B",,,2,0,2026,"0.11","0.72",0.20331377605490342,3.3907690323841164,,686217,666152,2,4,"Bot",,,,,,,3.698386484453165,-128.33519538937676,0.07496033257656198,0.5871103399152566,23.43132511530213,-24.314675827084873,3.21035105,1.620177165,,,,"89",2212,"6.5",823790,666023,657757,665487,592518,593428,657656,701538,592206,"53.98",,,,,,,,36,3,"Cutter",4,2,4,2,2,4,4,2,"Standard","Standard",199,"0.006","0.081",,,,"-0.081",,2,2,0.787,0.787,29,26,30,27,2,2,6,2,,1,"2.18","-0.11","0.11","24.2",,,,,
"ST","2026-05-12","81.8","-2.3","5.76","Pérez, Eury",605137,691587,,"called_strike",,,,,4,,"R","L","R","MIN","MIA","S",,,0,1,2026,"0.72","0.83",-0.6322625132807081,2.4385712424532846,,668904,663616,2,3,"Bot",,,,,,,2.3087995420549414,-119.11094613837346,-2.3795012564979157,6.453791719213509,22.56173544370577,-23.997624146021657,3.334973753,1.683070866,,,,"82.8",2526,"6.9",823712,691788,689414,669364,681393,672640,681715,805300,669065,"53.63",,,,,,,,23,2,"Sweeper",0,0,0,0,0,0,0,0,"Standard","Standard",87,"-0.013","-0.057",,,,"0.057",,0,0,0.542,0.542,23,33,23,34,2,1,6,2,,1,"2.57","-0.72","0.72","25.9",,,,,
"FF","2026-05-12","94.4","-2.47","5.92","Holmes, Grant",608324,656550,,"called_strike",,,,,3,,"R","R","R","ATL","CHC","S",,,0,0,2026,"-0.48","1.4",0.4577844930943036,3.0960248955215843,,,,1,4,"Top",,,,,,,8.552451741546818,-137.20172991047025,-4.632464194120402,-7.902918451233777,28.952515751838614,-13.587005414393056,3.126099081,1.57765748,,,,"94.2",2309,"6.1",824927,686948,621566,645277,663586,673490,643289,671739,573262,"54.39",,,,,,,,23,1,"4-Seam Fastball",1,0,0,1,0,1,0,1,"Standard","Standard",213,"0.003","-0.039",,,,"0.039",,1,-1,0.652,0.348,30,32,30,32,2,1,11,3,,1,"1.15","0.48","0.48","40.1",,,,,
"FC","2026-05-12","93","-2.41","5.62","Sproat, Brandon",609280,687075,,"called_strike",,,,,9,,"R","R","R","MIL","SD","S",,,0,1,2026,"0.15","0.67",0.47029443943787225,1.4961027511914922,,,592518,0,4,"Top",,,,,,,6.947103282791572,-135.31850951784045,-6.113166976645196,0.49254915088127404,26.482322677266737,-22.84896609968396,3.191043307,1.610433071,,,,"93.4",2160,"6.3",823790,661388,641343,668930,666152,687401,694192,669003,686217,"54.2",,,,,,,,24,2,"Cutter",1,0,0,1,0,1,0,1,"Standard","Standard",201,"0.011","-0.053",,,,"0.053",,1,-1,0.582,0.41800000000000004,25,31,26,31,2,1,6,2,,1,"1.94","-0.15","-0.15","31.5",,,,,
"SI","2026-05-12","94.8","-1.72","5.17","Imai, Tatsuya",670042,837227,,"ball",,,,,11,,"R","L","R","HOU","SEA","B",,,1,0,2026,"-1.42","0.31",-0.8379485660060524,2.9406634267621907,,,,0,2,"Top",,,,,,,5.46115409568649,-137.90612287068396,-0.6314078577042985,-19.375665596310537,33.87372320189584,-28.30695637755529,3.340239501,1.685728347,,,,"93.6",1980,"5.8",824197,543877,572233,514888,670623,669699,701305,694728,701358,"54.66",,,,,,,,10,2,"Sinker",0,2,2,0,2,0,2,0,"Infield shade","Standard",243,"-0.005","0.077",,,,"-0.077",,-2,2,0.299,0.7010000000000001,28,31,28,32,1,0,32,1,,1,"2.25","1.42","-1.42","18.2",,,,,
"SI","2026-05-12","94.5","-2.73","5.21","Lord, Brad",680574,695418,,"ball",,,,,12,,"R","R","R","CIN","WSH","B",,,0,0,2026,"-1.55","0.11",0.9151539332267071,2.4416689454611573,,,668709,0,6,"Bot",,,,,,,12.684163300501007,-137.02400866672664,-1.5297668659081425,-22.278268292258133,29.62114111400573,-30.661366136253797,3.047112861,1.537795276,,,,"93.3",2291,"5.7",824521,660688,671277,683083,691781,682928,695734,696285,695578,"54.78",,,,,,,,55,1,"Sinker",2,7,2,7,7,2,2,7,"Standard","Standard",251,"0.004","0.04",,,,"-0.04",,-5,-5,0.081,0.081,26,26,26,27,1,2,4,2,,1,"2.46","1.55","1.55","15.5",,,,,
"FF","2026-05-12","97.6","-3.11","5.28","Ekness, Josh",680777,694795,,"ball",,,,,14,,"R","R","R","MIN","MIA","B",,,2,2,2026,"-0.53","1.25",0.8531250622433576,1.9850960889450482,,621439,681546,2,7,"Bot",,,,,,,11.852069028873835,-141.58021692878128,-6.122488263240093,-9.679002667070266,30.957026648162426,-14.092671057503399,3.284949147,1.657824803,,,,"98.6",2677,"6.9",823712,691788,689414,669364,681393,672640,681715,805300,669065,"53.57",,,,,,,,53,5,"4-Seam Fastball",3,0,3,0,0,3,3,0,"Infield shade","Standard",223,"0.003","0.079",,,,"-0.079",,3,3,0.938,0.938,24,29,24,29,1,3,2,2,1,,"1.15","0.53","0.53","25.0",,,,,
"FF","2026-05-12","96.1","-2.05","6.26","Avila, Luinder",803011,679883,,"called_strike",,,,,9,,"R","L","R","CWS","KC","S",,,1,0,2026,"0.18","1.22",0.6566315321131346,1.8234291858066383,,,,2,6,"Bot",,,,,,,6.7485826621949725,-139.76032125466594,-8.898995576330815,1.0027925054396436,27.287588508515007,-14.415620600278714,3.154183071,1.591830709,,,,"97.8",2534,"7",824604,521692,686469,679845,672580,677951,686555,664728,695506,"53.53",,,,,,,,57,2,"4-Seam Fastball",5,5,5,5,5,5,5,5,"Strategic","Standard",200,"-0.003","-0.054",,,,"0.054",,0,0,0.519,0.519,24,23,25,23,1,3,4,2,,1,"1.22","-0.18","0.18","52.8",,,,,
"FF","2026-05-12","96.2","-3.22","5.23","Peralta, Freddy",690993,642547,"strikeout","called_strike",,,,,9,"Francisco Alvarez challenged (pitch result), call on the field was overturned: Colt Keith called out on strikes. Kevin McGonigle steals (6) 2nd base.","R","L","R","NYM","DET","S",2,,3,2,2026,"-0.6","1.51",0.6986569663685523,1.9345924070366616,,,805808,1,1,"Top",,,,,,,11.694468438862426,-139.60635468194215,-6.442641491775889,-10.42878809650554,30.881987442203236,-11.133095062386985,3.27792815,1.654281496,,,,"96.7",2468,"6.7",823632,682626,668901,543760,683146,666182,665742,805999,701807,"53.8",,0,"0",1,0,0,,3,8,"4-Seam Fastball",0,0,0,0,0,0,0,0,"Infield shade","Standard",211,"0.024","-0.32",,,,"0.32",,0,0,0.492,0.508,30,24,30,25,1,0,6,2,,1,"0.97","0.6","-0.6","37.6",,,,,
"SI","2026-05-12","88.8","-2.78","4.28","Herget, Jimmy",680779,623474,,"called_strike",,,,,4,,"R","R","R","PIT","COL","S",,,0,0,2026,"-1.57","-0.19",-0.7811558167780039,2.3731555501571044,,693304,695257,2,8,"Bot",,,,,,,7.951322022999664,-129.03421183903325,1.8804537652380253,-19.141977040452034,26.185618314285293,-34.90210933536695,3.187532808,1.608661417,,,,"86.8",2390,"5",823385,696100,681198,666397,650489,678662,664983,666160,671289,"55.47",,,,,,,,63,1,"Sinker",3,0,3,0,0,3,3,0,"Standard","Standard",258,"-0.001","-0.047",,,,"0.047",,3,3,0.971,0.971,32,26,33,27,1,3,4,2,,1,"3.08","1.57","1.57","-13.0",,,,,
"SL","2026-05-12","83.6","-2.84","5.11","Fuentes, Didier",664023,800311,,"called_strike",,,,,3,,"R","L","R","ATL","CHC","S",,,0,0,2026,"0.5","0.23",0.3343655293006511,3.0728207892203514,,,,0,6,"Top",,,,,,,6.287152797278003,-121.69716125486356,1.386362860129855,3.9705332941301488,20.648852348152598,-30.332850454461752,3.136630577,1.582972441,,,,"85",2435,"6.9",824927,686948,621566,645277,663586,673490,643289,671739,573262,"53.65",,,,,,,,45,1,"Slider",5,2,2,5,2,5,2,5,"Strategic","Standard",109,"0.004","-0.039",,,,"0.039",,3,-3,0.863,0.137,21,31,21,32,1,2,6,2,,1,"3","-0.5","0.5","25.1",,,,,
"FF","2026-05-12","97.9","-0.55","6.01","Taylor, Grant",695506,691799,,"called_strike",,,,,2,,"R","L","R","CWS","KC","S",,,0,1,2026,"0.08","1.41",0.1733301778973675,3.520221692059613,,686469,521692,1,7,"Top",,,,,,,1.779047895547413,-142.5329241870933,-4.451057433062431,0.7088140591097596,33.31764659842123,-12.150285505002854,3.401673228,1.716732283,,,,"99.9",2342,"7.4",824604,691011,808959,805367,678246,695657,803011,671976,672284,"53.09",,,,,,,,61,2,"4-Seam Fastball",5,5,5,5,5,5,5,5,"Standard","Standard",192,"0.019","-0.053",,,,"0.053",,0,0,0.447,0.5529999999999999,24,23,24,23,1,3,3,2,,1,"0.97","-0.08","0.08","61.6",,,,,
"SI","2026-05-12","93.6","-1.8","4.84","Legumina, Casey",672960,668984,,"called_strike",,,,,1,,"R","R","R","TOR","TB","S",,,0,0,2026,"-1.5","0.82",-0.5011677083035491,3.259038015919554,,,543807,2,6,"Bot",,,,,,,6.76323714653696,-136.1586845296488,-0.0005646161021471974,-20.116454730423985,30.657675850776492,-22.271435611991404,3.255987533,1.643208661,,,,"94.8",2207,"7.1",822817,663743,666018,810938,691406,670764,668723,656775,676356,"53.44",,,,,,,,52,1,"Sinker",0,4,0,4,4,0,0,4,"Standard","Standard",226,"-0.002","-0.042",,,,"0.042",,-4,-4,0.075,0.075,29,30,29,30,1,2,7,1,,1,"1.79","1.5","1.5","21.9",,,,,
"SL","2026-05-12","88.1","-1.19","6.04","Uribe, Abner",666023,682842,,"ball",,,,,14,,"R","R","R","MIL","SD","B",,,1,2,2026,"1.32","0.2",0.008215315829384284,1.3004583720161609,,,657656,1,9,"Top",,,,,,,0.08056275099915777,-128.25053772993024,-5.640590354939884,14.651284831569997,25.35147015705643,-29.08053810527625,3.105036089,1.567027559,,,,"88.8",2694,"6.6",823790,661388,641343,668930,666152,687401,694192,669003,686217,"53.87",,,,,,,,72,4,"Slider",6,4,4,6,4,6,4,6,"Standard","Standard",66,"-0.008","0.044",,,,"-0.044",,2,-2,0.926,0.07399999999999995,26,31,26,31,1,3,2,3,1,,"2.73","-1.32","-1.32","45.7",,,,,
"SI","2026-05-12","96.5","1.49","5.46","Drohan, Shane",592206,675660,"strikeout","called_strike",,,,,8,"William Contreras challenged (pitch result), call on the field was overturned: Nick Castellanos called out on strikes.","R","R","L","MIL","SD","S",2,,3,2,2026,"1.49","0.75",-0.027283372759786984,1.5836041539191748,,,593428,2,6,"Top",,,,,,,-7.439933381103965,-140.27749584421818,-6.246083188471749,21.38748213220425,31.218299059132598,-21.036967557367028,3.329708005,1.680413386,,,,"96.5",2328,"6.3",823790,661388,641343,668930,666152,687401,694192,669003,686217,"54.18",,0,"0",1,0,0,,50,10,"Sinker",6,3,3,6,3,6,3,6,"Standard","Standard",131,"0.025","-0.295",,,,"0.295",,3,-3,0.886,0.11399999999999999,27,34,27,34,1,2,4,2,,1,"1.7","1.49","-1.49","33.9",,,,,
"FF","2026-05-12","91.8","-2.39","5.42","Flaherty, Jack",665742,656427,,"ball",,,,,14,,"R","L","R","NYM","DET","B",,,0,1,2026,"-0.11","1.34",0.29374579517966304,1.454694571316557,,,666182,1,1,"Bot",,,,,,,6.987958178687997,-133.55877108323713,-7.016513895096973,-2.6547409862744784,25.16786198938955,-14.802783176885939,3.259498032,1.644980315,,,,"92.8",2256,"6.6",823632,693307,679529,656716,669398,805808,682985,663837,672761,"53.87",,,,,,,,7,2,"4-Seam Fastball",0,0,0,0,0,0,0,0,"Infield shade","Standard",204,"0.003","0.019",,,,"-0.019",,0,0,0.547,0.547,30,27,31,28,1,0,6,2,,1,"1.34","0.11","-0.11","30.3",,,,,
"FF","2026-05-12","92.4","2.29","5.91","Springs, Jeffrey",676475,605488,,"called_strike",,,,,8,,"R","L","L","ATH","STL","S",,,1,0,2026,"0.99","1.38",-0.12798912265761686,1.60345377914674,,671056,691023,0,1,"Top",,,,,,,-8.276940471746085,-134.02273395296825,-7.913625989887386,13.808887670984781,30.85436735930115,-13.970776055062966,3.215616798,1.622834646,,,,"92.2",2198,"6.5",825011,669127,701762,643446,680869,687231,691016,671732,666126,"54.03",,,,,,,,4,2,"4-Seam Fastball",0,1,1,0,1,0,1,0,"Standard","Standard",139,"0.008","-0.07",,,,"0.07",,-1,1,0.318,0.6819999999999999,33,27,34,28,1,0,6,2,,1,"1.32","0.99","0.99","42.4",,,,,
"SL","2026-05-12","83.9","-2.34","5.17","Lord, Brad",668715,695418,,"called_strike",,,,,7,,"R","R","R","CIN","WSH","S",,,0,1,2026,"0.14","-0.16",-0.49659609594332954,1.524594389855785,,,,1,5,"Bot",,,,,,,3.842288690309268,-122.17069563054667,-1.4559860717548976,0.5623290472039821,25.086819723671386,-33.731659735849135,3.096259843,1.562598425,,,,"82.1",2488,"5.1",824521,660688,671277,683083,691781,682928,695734,696285,695578,"55.4",,,,,,,,46,2,"Slider",2,7,2,7,7,2,2,7,"Standard","Standard",72,"-0.003","-0.052",,,,"0.052",,-5,-5,0.06,0.06,26,28,26,29,1,2,4,2,,1,"3.41","-0.14","-0.14","15.6",,,,,
"SI","2026-05-12","93.8","-1.82","4.71","Gonzalez, Domingo",701305,682445,"walk","ball",,,,,13,"Cal Raleigh challenged (pitch result), call on the field was confirmed: Zach Dezenzo walks.","R","R","R","HOU","SEA","B",,,3,1,2026,"-1.59","0.36",-1.046686068381962,2.507864667028978,,,,2,9,"Bot",,,,,,,5.492101142688434,-136.461765331668,-0.5441140652711997,-21.00178683086079,32.20515312731193,-27.830507622704218,3.418348097,1.725147638,,,,"92.9",2314,"5.9",824197,663728,647304,702284,680977,641487,668227,677594,670042,"54.56",,0.704857,"0.7",1,0,0,,78,5,"Sinker",2,10,2,10,10,2,2,10,"Standard","Standard",237,"0","0.173",,,,"-0.173",,-8,-8,0.001,0.001,26,26,27,26,1,3,,1,,1,"2.25","1.59","1.59","16.0",,,,,
"KC","2026-05-12","74.5","-1.44","6.06","Pallante, Andre",667670,669467,,"called_strike",,,,,3,,"R","R","R","ATH","STL","S",,,0,0,2026,"0.63","-1.37",0.28894960291184413,3.2100591941886307,,701762,,2,1,"Bot",,,,,,,2.3595862256296445,-108.31901093490261,4.087579485443931,4.495908261861914,20.68128359711365,-43.91176649646051,3.363935368,1.697687008,,,,"74.1",2702,"6.3",825011,671056,676475,802139,695336,691026,665877,701675,691023,"54.22",,,,,,,,12,1,"Knuckle Curve",0,4,0,4,4,0,0,4,"Standard","Standard",24,"-0.004","-0.04",,,,"0.04",,-4,-4,0.182,0.182,27,31,28,32,1,0,6,2,,1,"5.52","-0.63","-0.63","60.2",,,,,
"FS","2026-05-12","88.2","-1.57","5.61","Rea, Colin",645277,607067,,"ball",,,,,11,,"R","L","R","ATL","CHC","B",,,2,2,2026,"-0.67","-0.01",-0.8710333860263519,3.0201178990438597,,,,1,1,"Bot",,,,,,,3.1163819717229817,-128.4689921786781,-0.02974657487560428,-8.071639333386019,25.25338879124575,-32.44164508997206,2.984801509,1.506348425,,,,"88.9",1343,"6.6",824927,694208,683737,663538,608324,621020,664023,691718,673548,"53.95",,,,,,,,5,7,"Split-Finger",0,0,0,0,0,0,0,0,"Infield shade","Standard",245,"0.006","0.104",,,,"-0.104",,0,0,0.524,0.524,35,29,36,29,1,0,6,2,,1,"2.92","0.67","-0.67","29.3",,,,,
"CH","2026-05-12","89.7","-1.78","5.02","Woo, Bryan",670541,693433,"strikeout","called_strike",,,,,7,"Cal Raleigh challenged (pitch result), call on the field was overturned: Yordan Alvarez called out on strikes.","R","L","R","HOU","SEA","S",2,,1,2,2026,"-1.23","0.73",-0.6907388517690844,1.7919779993440328,,,514888,0,1,"Bot",,,,,,,5.294095806185762,-130.51481822277398,-3.2918199719333465,-15.186621678850932,29.946576238814444,-23.346710505069137,3.392019357,1.711860236,,,,"89.3",2125,"6.2",824197,663728,647304,702284,680977,641487,668227,677594,670042,"54.27",,0,"0",1,0,0,,5,5,"Changeup",0,0,0,0,0,0,0,0,"Infield shade","Standard",245,"-0.022","-0.165",,,,"0.165",,0,0,0.573,0.573,26,29,26,29,1,0,6,1,,1,"2.12","1.23","-1.23","20.0",,,,,
"FF","2026-05-12","96.6","-0.72","6.34","Stanek, Ryne",667670,592773,"walk","ball",,,,,11,"Iván Herrera challenged (pitch result), call on the field was confirmed: Brent Rooker walks.","R","R","R","ATH","STL","B",,,3,2,2026,"-0.86","1.33",-0.8536230671108775,2.6710748247466167,,,,0,6,"Bot",,,,,,,1.6212132519852849,-140.5535931567775,-6.958698947430229,-11.73520135398703,34.707039135621415,-13.186937749479325,3.363935368,1.697687008,,,,"95.5",2159,"5.8",825011,671056,676475,802139,669357,691026,665877,701675,691023,"54.65",,0.704857,"0.7",1,0,0,,53,7,"4-Seam Fastball",3,6,3,6,6,3,3,6,"Standard","Standard",216,"0.041","0.356",,,,"-0.356",,-3,-3,0.17,0.17,34,31,35,32,1,2,2,2,,1,"1.13","0.86","0.86","44.4",,,,,
"SL","2026-05-12","90.3","-1.76","5.81","Bachar, Lake",665019,669199,,"ball",,,,,14,,"R","L","R","MIN","MIA","B",,,0,0,2026,"0.08","0.36",0.32557202961002635,1.382114480058688,,,,2,8,"Bot",,,,,,,4.94112812566689,-131.43625244316155,-5.626554938688856,-0.08113149570784886,25.703764751367018,-27.06645699779772,3.211228675,1.620620079,,,,"90.2",2704,"6",823712,691788,689414,669364,681393,672640,681715,805300,669065,"54.46",,,,,,,,60,1,"Slider",3,0,3,0,0,3,3,0,"Standard","Standard",217,"0","0.037",,,,"-0.037",,3,3,0.967,0.967,31,30,31,30,1,3,3,2,,1,"2.42","-0.08","0.08","36.7",,,,,
"SI","2026-05-12","95.8","-3.83","5","Collyer, Gavin",682998,686560,,"ball",,,,,11,,"R","L","R","TEX","AZ","B",,,1,0,2026,"-1.31","0.3",-0.9684160201787408,2.717171609619552,,,,0,9,"Top",,,,,,,10.409061086790537,-139.16784779493824,-0.9520045775722564,-19.228913545361777,29.016286076799943,-28.281812783095937,3.10328084,1.566141732,,,,"95.6",2387,"6.1",822903,543309,669394,677649,673962,608369,664059,694497,696030,"54.37",,,,,,,,67,2,"Sinker",7,1,1,7,1,7,1,7,"Infield shade","Standard",246,"-0.001","0.077",,,,"-0.077",,6,-6,0.997,0.0030000000000000027,25,25,25,26,1,3,3,1,,1,"2.18","1.31","-1.31","15.7",,,,,
"FS","2026-05-11","88.2","-1.5","6.26","Sasaki, Roki",671218,808963,,"called_strike",,,,,6,,"R","R","R","LAD","SF","S",,,0,0,2026,"-0.87","0.57",0.8098757403350105,2.2081594037907673,669477,646240,,0,6,"Top",,,,,,,7.4854333153693595,-128.29967266720743,-4.842530238112149,-11.071301201563983,24.885855728385984,-25.027964332288004,3.18402231,1.606889764,,,,"89.8",988,"7.1",823953,669257,518692,808975,571970,605141,606192,681624,663656,"53.38",,,,,,,,46,1,"Split-Finger",2,1,1,2,1,2,1,2,"Standard","Standard",240,"0.012","-0.064",,,,"0.064",,1,-1,0.434,0.5660000000000001,24,26,25,27,3,2,9,1,,1,"2.34","0.87","0.87","51.1",,,,,
"SI","2026-05-11","92.3","-4.02","3.55","Mills, Wyatt",650333,670090,,"called_strike",,,,,9,,"R","L","R","LAD","SF","S",,,0,0,2026,"-1.07","0.06",0.616136797856542,1.6516821877709944,642715,656305,808982,2,9,"Top",,,,,,,14.099816182673854,-133.6446362694288,1.1078979779166418,-15.857085670853332,28.762877916954668,-31.904727191524433,3.124343832,1.576771654,,,,"92.9",1968,"6.9",823953,669257,518692,500743,571970,605141,606192,681624,663656,"53.57",,,,,,,,82,1,"Sinker",3,9,9,3,9,3,9,3,"Standard","Standard",252,"0","-0.035",,,,"0.035",,-6,6,0.002,0.998,31,29,31,29,1,5,1,1,,1,"2.64","1.07","-1.07","-4.4",,,,,
"FF","2026-05-11","88","3.2","5.94","Suter, Brent",700932,608718,,"ball",,,,,13,,"R","L","L","CLE","LAA","B",,,2,2,2026,"-0.04","1.05",-0.5303324916072156,1.474439435077399,,,,1,2,"Bot",,,,,,,-9.056990881253052,-127.71854181046132,-6.846906543775834,1.307364708562945,25.268113336059223,-19.466940609686738,3.187532808,1.608661417,,,,"90.3",2107,"7.7",824441,665861,694384,672724,687093,687263,669326,545361,666176,"52.76",,,,,,,,14,7,"4-Seam Fastball",0,0,0,0,0,0,0,0,"Infield shade","Standard",173,"0.007","0.104",,,,"-0.104",,0,0,0.525,0.525,36,25,37,26,1,0,3,1,,1,"1.9","-0.04","-0.04","52.4",,,,,
"CH","2026-05-11","86.9","-0.86","6.54","Baker, Bryan",664702,641329,,"ball",,,,,14,,"R","R","R","TOR","TB","B",,,0,2,2026,"-1.17","0.75",0.10354061458801245,1.4217440037754425,,,,0,9,"Bot",,,,,,,4.700721192462172,-126.36719137110362,-7.3925996923919355,-13.50208853163078,24.66661041222621,-22.797288197297433,3.073441601,1.551082677,,,,"87",1935,"6.3",822818,676439,666018,680700,810938,670764,676356,656775,641584,"54.21",,,,,,,,73,4,"Changeup",5,8,5,8,8,5,5,8,"Strategic","Standard",219,"0.002","0.024",,,,"-0.024",,-3,-3,0.033,0.033,31,31,32,32,1,1,1,1,2,1,"2.26","1.17","1.17","53.1",,,,,
"SI","2026-05-10","91.3","1.18","5.92","Rodriguez, Eduardo",596103,593958,,"ball",,,,,14,,"R","R","L","AZ","NYM","B",,,0,1,2026,"1.38","0.84",0.8536728282148804,1.7466435749545195,,,,0,9,"Top",,,,,,,-3.839233886573978,-132.76521393709083,-6.218565596443311,17.149779215152066,29.276952431109077,-21.047411517296858,3.257742782,1.644094488,,,,"91.4",2160,"6.5",825085,543510,545121,606466,571448,672695,814439,678489,682998,"54.03",,,,,,,,66,2,"Sinker",5,1,1,5,1,5,1,5,"Standard","Standard",153,"-0.001","0.031",,,,"-0.031",,4,-4,0.986,0.014000000000000012,33,33,33,34,4,3,5,3,,2,"1.9","1.38","-1.38","42.1",,,,,
"SI","2026-05-10","92.4","-2.26","5.65","Cavalli, Cade",805300,676917,,"called_strike",,,,,4,,"R","L","R","MIA","WSH","S",,,3,1,2026,"-1.38","0.72",-0.7417604926779351,2.539532966810861,,,669065,0,6,"Bot",,,,,,,6.883623848778814,-134.27752992637818,-3.394085102638887,-18.182050108858768,33.51643603625864,-22.902973650593506,3.212106299,1.621062992,,,,"91.8",1961,"6.4",823868,686452,671277,678391,691781,683083,695734,696285,695578,"54.14",,,,,,,,47,5,"Sinker",2,2,2,2,2,2,2,2,"Standard","Standard",227,"-0.018","-0.081",,,,"0.081",,0,0,0.655,0.655,27,25,28,25,3,2,5,1,,2,"1.99","1.38","-1.38","28.8",,,,,
"CH","2026-05-10","86.7","-1.55","6.13","Elder, Bryce",663656,693821,,"ball",,,,,11,,"R","L","R","LAD","ATL","B",,,2,0,2026,"-1.12","-0.01",-0.9037588518501303,2.53373460966614,,518692,681624,2,6,"Bot",,,,,,,3.835877598913225,-126.236117900938,-2.1616094657833083,-12.778263582527254,25.6170982398462,-32.058702266079116,3.350770997,1.691043307,,,,"86.3",1197,"6",823954,669221,621566,645277,663586,622761,643289,671739,642201,"54.48",,,,,,,,45,3,"Changeup",0,4,0,4,4,0,0,4,"Infield shade","Standard",242,"0.01","0.081",,,,"-0.081",,-4,-4,0.104,0.104,27,29,27,29,3,2,5,1,,1,"3.04","1.12","-1.12","45.3",,,,,
"SI","2026-05-10","96","-2.12","5.83","Alcantara, Sandy",678391,645261,,"ball",,,,,11,,"R","L","R","MIA","WSH","B",,,1,0,2026,"-1.51","0.55",-0.8431905701216567,2.868566193526793,,,,0,5,"Top",,,,,,,6.789461849391745,-139.4718506349075,-3.199834106981991,-21.18353553793348,35.26665662391984,-24.496055038267656,3.060277231,1.544438976,,,,"95.1",2290,"6.2",823868,691788,689414,669364,691594,672640,681715,805300,669065,"54.34",,,,,,,,33,2,"Sinker",2,1,1,2,1,2,1,2,"Standard","Standard",230,"-0.011","0.077",,,,"-0.077",,1,-1,0.633,0.367,30,25,31,25,2,1,5,1,,,"1.96","1.51","-1.51","31.3",,,,,
"FF","2026-05-10","94.2","-1.16","5.97","Gilbert, Logan",691011,669302,"strikeout","called_strike",,,,,7,"Cal Raleigh challenged (pitch result), call on the field was overturned: Drew Romo called out on strikes.","R","L","R","CWS","SEA","S",2,,3,2,2026,"-0.5","1.46",-0.5054662339761598,1.7178634830335473,,,,1,3,"Bot",,,,,,,2.887517536299246,-136.9225923379228,-8.606548153793256,-6.949820110770939,29.840084820935438,-12.102038504933798,3.215616798,1.622834646,,,,"96.7",1947,"7.7",824605,663728,647304,702284,680977,641487,668227,677594,670042,"52.75",,0,"0",1,0,0,,22,7,"4-Seam Fastball",0,1,0,1,1,0,0,1,"Infield shade","Standard",207,"-0.024","-0.332",,,,"0.332",,-1,-1,0.414,0.414,29,24,29,25,1,0,6,2,,2,"1.11","0.5","-0.5","39.5",,,,,
"SL","2026-05-10","84.9","2.04","5.82","Cameron, Noah",805808,702070,,"ball",,,,,13,,"R","L","L","KC","DET","B",,,0,1,2026,"-0.34","0.25",-0.8428863620045537,2.1964627211784045,663837,,,2,2,"Top",,,,,,,-5.940390062596903,-123.40037113195662,-2.3120393666685617,-2.071072321450938,28.912251700944694,-29.36709018563119,3.085728346,1.557283465,,,,"84.1",2508,"6.3",824113,553869,686469,679845,672580,677951,686555,664728,695506,"54.25",,,,,,,,16,2,"Slider",0,3,3,0,3,0,3,0,"Standard","Standard",211,"-0.003","0.029",,,,"-0.029",,-3,3,0.232,0.768,26,21,27,22,2,1,10,1,,2,"2.97","-0.34","-0.34","42.2",,,,,
"SI","2026-05-10","97.1","-1.69","5.83","Severino, Luis",621493,622663,"strikeout","called_strike",,,,,9,"Shea Langeliers challenged (pitch result), call on the field was overturned: Taylor Ward called out on strikes.","R","R","R","BAL","ATH","S",2,,1,2,2026,"-1.01","1.25",0.47928244294565525,1.766341030928619,642215,,683002,1,3,"Bot",,,,,,,8.13506565759501,-141.07693441693056,-8.095621271591794,-15.273943243339259,29.161204086439113,-13.880043316048978,3.190165682,1.609990158,,,,"98.1",2127,"6.7",824845,669127,701762,643446,680869,805779,691016,671732,666126,"53.75",,0,"0",1,0,0,,24,4,"Sinker",1,1,1,1,1,1,1,1,"Infield shade","Standard",211,"-0.052","-0.28",,,,"0.28",,0,0,0.607,0.607,32,32,32,33,2,1,5,1,,1,"1.16","1.01","1.01","40.2",,,,,
"FF","2026-05-10","92.7","1.37","5.86","Rodriguez, Eduardo",543760,593958,"strikeout","called_strike",,,,,1,"James McCann challenged (pitch result), call on the field was overturned: Marcus Semien called out on strikes.","R","R","L","AZ","NYM","S",2,,0,2,2026,"0.51","1.36",-0.7944517412116694,3.0168478357337083,,,,1,5,"Top",,,,,,,-6.611246663248409,-134.89502078914808,-4.378536876518204,7.595756656194037,26.963340328254617,-14.701915704864026,3.212106299,1.621062992,,,,"93.3",2256,"6.5",825085,543510,545121,606466,571448,672695,814439,678489,682998,"54.03",,0,"0",1,0,0,,32,3,"4-Seam Fastball",2,0,0,2,0,2,0,2,"Standard","Standard",154,"0.012","-0.163",,,,"0.163",,2,-2,0.788,0.21199999999999997,33,35,33,36,2,1,5,1,,2,"1.27","0.51","-0.51","40.5",,,,,
"SI","2026-05-10","93.5","-1.69","5.42","Bassitt, Chris",667670,605135,"walk","ball",,,,,12,"Samuel Basallo challenged (pitch result), call on the field was confirmed: Brent Rooker walks. Shea Langeliers to 2nd.","R","R","R","BAL","ATH","B",,,3,2,2026,"-1.04","0.36",0.19417293055306883,3.510606155996641,,,669127,2,3,"Top",,,,,,,7.1346153024748915,-136.1670175348221,0.08599020123428347,-14.351688788173998,24.360364661776742,-27.853053358001088,3.363935368,1.697687008,,,,"94.6",2220,"6.5",824845,694212,624413,677942,642215,683002,621493,665750,687637,"54",,0.704857,"0.7",1,0,0,,18,6,"Sinker",0,1,1,0,1,0,1,0,"Standard","Standard",222,"-0.017","0.24",,,,"-0.24",,-1,1,0.411,0.589,37,31,37,32,1,1,5,1,,2,"2.21","1.04","1.04","28.6",,,,,
"FF","2026-05-10","95.6","-1.03","5.08","Varland, Gus",681715,681402,,"ball",,,,,13,,"R","R","R","MIA","WSH","B",,,0,1,2026,"-0.5","1.86",-1.0684267561957235,2.3124075012084258,,805300,666624,1,8,"Bot",,,,,,,1.0591101743179951,-139.1257158684513,-5.735331930932223,-6.7044690571404635,33.70461421738772,-6.944680764924572,3.178756562,1.604232283,,,,"95.5",2407,"6.4",823868,686452,671277,678391,691781,683083,695734,696285,695578,"54.09",,,,,,,,64,2,"4-Seam Fastball",3,2,3,2,2,3,3,2,"Standard","Standard",201,"0.003","0.018",,,,"-0.018",,1,1,0.883,0.883,29,26,30,27,1,3,3,2,3,2,"0.65","0.5","0.5","54.6",,,,,
"SL","2026-05-10","88.8","2.55","6.21","Rodón, Carlos",596142,607074,,"called_strike",,,,,1,,"R","R","L","MIL","NYY","S",,,1,1,2026,"-0.35","0.08",-0.39657916992106296,3.2954532559043312,,694192,,2,1,"Bot",,,,,,,-6.324802163219651,-129.31870763089617,-1.0966758221876953,-2.6890584718534294,25.929189675825437,-31.275045194380823,3.311277887,1.671112205,,,,"88.4",2728,"5.9",823793,641555,700250,665862,641857,676609,641355,663757,682987,"54.61",,,,,,,,9,3,"Slider",0,1,0,1,1,0,0,1,"Infield shade","Standard",294,"-0.008","-0.056",,,,"0.056",,-1,-1,0.429,0.429,33,33,34,34,1,0,,1,,3,"2.8","-0.35","0.35","39.0",,,,,
"SI","2026-05-10","95.6","-1.75","5.4","Domínguez, Seranthony",608701,622554,,"ball",,,,,11,,"R","R","R","CWS","SEA","B",,,0,0,2026,"-1.5","0.6",-0.9406676343860578,2.998227201230679,,656582,641487,1,9,"Top",,,,,,,5.57449056057338,-139.10222220924425,-1.8820787574010036,-20.656713177633495,32.83689521181372,-24.173651758971257,3.186655184,1.608218504,,,,"95.8",2007,"6.5",824605,691011,808959,805367,678246,695657,803011,682668,671976,"53.95",,,,,,,,66,1,"Sinker",2,1,1,2,1,2,1,2,"Standard","Standard",247,"-0.017","0.031",,,,"-0.031",,1,-1,0.711,0.28900000000000003,31,35,32,35,1,1,2,1,2,1,"1.9","1.5","1.5","24.7",,,,,
"SI","2026-05-10","93","-2.14","6.04","Blackburn, Paul",687401,621112,,"called_strike",,,,,9,,"R","R","R","MIL","NYY","S",,,0,0,2026,"-1.16","0.94",0.4634079124143089,1.585472643620921,,650859,686217,1,6,"Bot",,,,,,,9.13997796598295,-135.02392254379896,-7.4533119840352855,-16.13107517912041,28.395023424375825,-19.20544994951557,3.136630577,1.582972441,,,,"92.8",2119,"6.2",823793,641555,700250,665862,641857,676609,641355,663757,682987,"54.3",,,,,,,,51,1,"Sinker",3,3,3,3,3,3,3,3,"Standard","Standard",212,"-0.01","-0.033",,,,"0.033",,0,0,0.63,0.63,32,27,33,28,1,2,3,2,3,2,"1.7","1.16","1.16","45.9",,,,,
"FF","2026-05-10","94.6","-1.33","5.97","Mattson, Isaac",642715,676755,,"ball",,,,,13,,"R","R","R","SF","PIT","B",,,0,2,2026,"-0.82","1.49",-1.0679075248782954,2.1870174953294685,,671218,,0,6,"Bot",,,,,,,2.5699997426215737,-137.61121163668685,-7.414126271618054,-11.054686341177698,29.41524673278426,-11.750095874964796,3.22351542,1.626820866,,,,"95.4",2278,"6.7",823221,680779,687462,664040,693304,804606,694377,665833,656811,"53.8",,,,,,,,49,3,"4-Seam Fastball",3,4,3,4,4,3,3,4,"Standard","Standard",197,"0.007","0.017",,,,"-0.017",,-1,-1,0.475,0.475,30,30,31,31,1,2,3,1,,1,"1.05","0.82","0.82","47.1",,,,,
"SI","2026-05-10","93.9","-1.67","6.22","Mears, Nick",663837,683232,"strikeout","called_strike",,,,,8,"Elias Díaz challenged (pitch result), call on the field was overturned: Matt Vierling called out on strikes.","R","R","R","KC","DET","S",2,,0,2,2026,"-1.23","1.07",-0.025605732326027475,1.7529386973160204,,,,1,6,"Top",,,,,,,6.985902978940607,-136.4483006153375,-8.02711200397515,-16.885304528229945,29.831574006139896,-17.25370642975935,3.273540026,1.652066929,,,,"94.3",2233,"6.6",824113,553869,686469,679845,672580,677951,686555,664728,695506,"53.92",,0,"0",1,0,0,,51,3,"Sinker",3,5,5,3,5,3,5,3,"Standard","Standard",205,"0.008","-0.163",,,,"0.163",,-2,2,0.243,0.757,29,29,30,30,1,3,2,1,,2,"1.52","1.23","1.23","52.7",,,,,
"SL","2026-05-10","84.7","-0.71","5.91","Adams, Travis",682177,701519,,"ball",,,,,11,,"R","L","R","CLE","MIN","B",,,0,1,2026,"0.51","0.02",-0.833790394839097,2.6748049329572336,,,700932,2,5,"Bot",,,,,,,-1.318636869584719,-123.36153743570507,-1.0151246114183992,5.459631787075655,26.19578904231994,-32.010804682976996,3.19718668,1.613533465,,,,"84",2301,"5.9",824440,680777,665019,807712,668904,686797,663616,621439,668885,"54.59",,,,,,,,47,2,"Slider",1,5,1,5,5,1,1,5,"Standard","Standard",144,"0.002","0.027",,,,"-0.027",,-4,-4,0.096,0.096,26,29,26,29,1,2,,1,3,1,"3.17","-0.51","0.51","43.6",,,,,
"FC","2026-05-10","89.4","-1.41","5.25","Maton, Phil",677649,664208,,"called_strike",,,,,9,,"R","R","R","TEX","CHC","S",,,0,0,2026,"0.16","1.09",0.7401694255001418,1.754356486711841,,,,0,8,"Bot",,,,,,,4.94896325471956,-130.12007007628245,-4.812470235544003,0.8780797283471143,25.94426210658234,-18.946737261662538,3.126099081,1.57765748,,,,"90.9",2525,"7.1",822902,608348,683737,663538,807713,621020,664023,691718,673548,"53.44",,,,,,,,56,1,"Cutter",1,0,1,0,0,1,1,0,"Standard","Standard",205,"-0.002","-0.039",,,,"0.039",,1,1,0.867,0.867,33,27,33,27,1,3,4,1,3,1,"1.75","-0.16","-0.16","32.6",,,,,
"FC","2026-05-10","92.4","-1.63","6.54","Jansen, Kenley",657041,445276,,"ball",,,,,13,,"R","R","R","KC","DET","B",,,2,2,2026,"0.62","1.32",-1.0418054600015854,1.715221595427111,,,,2,9,"Bot",,,,,,,0.1091599041882655,-134.30492333193658,-9.181742156692874,7.463636474515148,29.403673169497022,-14.42485980845196,3.146284449,1.587844488,,,,"93",2455,"6.7",824113,693307,679529,656716,669398,805808,682985,663837,672761,"53.79",,,,,,,,79,5,"Cutter",3,6,3,6,6,3,3,6,"Standard","Standard",170,"0.002","0.104",,,,"-0.104",,-3,-3,0.005,0.005,38,30,39,31,1,1,6,1,3,3,"1.36","-0.62","-0.62","65.1",,,,,
"SL","2026-05-10","91.5","0.03","6.22","Ashcraft, Graham",670623,668933,,"ball",,,,,14,,"R","R","R","CIN","HOU","B",,,0,2,2026,"0.55","-0.57",1.160442145499442,1.9927307507927314,,,,2,9,"Top",,,,,,,1.5879164509446384,-133.34281849710206,-3.302930847732325,6.210856869450072,28.91942980761253,-38.420541580473206,3.180511811,1.60511811,,,,"90.3",2888,"5.5",824520,663886,668715,680574,663647,682829,668709,694362,666181,"54.98",,,,,,,,68,3,"Slider",5,0,0,5,0,5,0,5,"Standard","Standard",30,"0","0.022",,,,"-0.022",,5,-5,0.999,0.0010000000000000009,28,27,28,27,1,3,1,1,3,1,"3.28","-0.55","-0.55","50.1",,,,,
"SI","2026-05-10","95.2","1.77","5.64","Rojas, Kendry",682177,696070,"strikeout","called_strike",,,,,4,"Ryan Jeffers challenged (pitch result), call on the field was overturned: Daniel Schneemann called out on strikes.","R","L","L","CLE","MIN","S",2,,3,2,2026,"1.03","0.72",-0.6235672156878116,2.656392085420302,,,700932,0,2,"Bot",,,,,,,-8.593265757488808,-138.3879910108389,-3.655739949447267,15.084237358364808,30.611744511209025,-22.24396475261831,3.19718668,1.613533465,,,,"95.9",1917,"6.7",824440,680777,665019,807712,668904,686797,663616,621439,668885,"53.78",,0,"0",1,0,0,,11,6,"Sinker",0,0,0,0,0,0,0,0,"Standard","Standard",147,"-0.043","-0.315",,,,"0.315",,0,0,0.597,0.597,23,29,24,29,1,0,18,1,,1,"1.79","1.03","1.03","36.5",,,,,
"SI","2026-05-10","93.6","-1.96","6.22","García, Luis",680757,472610,,"called_strike",,,,,8,,"R","L","R","CLE","MIN","S",,,3,0,2026,"-1.34","0.57",0.18171097676772674,1.841179897939199,,681807,677587,0,8,"Bot",,,,,,,8.507349610362619,-135.8178343274731,-6.482934171181379,-18.59842279177019,34.456596182289466,-23.80546618594469,3.02253937,1.525393701,,,,"93.4",2050,"6.7",824440,680777,665019,807712,668904,686797,663616,621439,668885,"53.83",,,,,,,,71,4,"Sinker",3,5,3,5,5,3,3,5,"Strategic","Standard",212,"-0.03","-0.091",,,,"0.091",,-2,-2,0.46,0.46,39,28,39,29,1,4,1,1,3,1,"2.09","1.34","-1.34","42.3",,,,,
"CH","2026-05-10","91.3","-2.62","5.41","Bolton, Cody",668709,675989,,"ball",,,,,14,,"R","L","R","CIN","HOU","B",,,2,0,2026,"-1.29","-0.07",0.007983560082049701,1.479718726184546,,,682829,1,5,"Bot",,,,,,,9.362452452036134,-132.6095058761334,-3.6021413434475327,-17.263738069225873,29.168082367925784,-32.361701508067256,3.286704396,1.65871063,,,,"91.4",1985,"6.5",824520,663967,572233,514888,670623,669397,805904,694728,701358,"54.01",,,,,,,,40,3,"Changeup",3,0,3,0,0,3,3,0,"Infield shade","Standard",195,"0.004","0.097",,,,"-0.097",,3,3,0.889,0.889,28,28,28,29,1,2,7,1,,2,"2.82","1.29","-1.29","30.8",,,,,
"SI","2026-05-10","95.9","1.44","5.6","Borucki, Ryan",664040,621366,,"ball",,,,,13,,"R","L","L","SF","PIT","B",,,1,1,2026,"1.49","0.55",-0.9058971121439767,1.9858674399813714,695257,,680779,1,11,"Top",,,,,,,-9.580219896226659,-139.3600226452046,-5.035925065680137,21.564325107319206,28.87914302644886,-24.060979783269822,3.088361221,1.558612205,,,,"96.4",2366,"6.5",823221,683679,805811,650333,656305,642715,671218,687551,808982,"54.02",,,,,,,,92,3,"Sinker",6,6,6,6,6,6,6,6,"Standard","Standard",116,"-0.015","0.044",,,,"-0.044",,0,0,0.493,0.507,32,31,32,32,1,5,1,1,,2,"1.92","1.49","1.49","26.9",,,,,
"ST","2026-05-10","86.1","-2.23","5.36","Zeferjahn, Ryan",660821,666171,,"ball",,,,,13,,"R","L","R","TOR","LAA","B",,,0,1,2026,"0.71","0.54",-0.7457350045912113,1.507927533324362,,,,1,9,"Bot",,,,,,,2.0253222889184648,-125.4857231174087,-3.867154785644193,7.159567218096631,24.489085091341334,-25.88933341933621,3.334973753,1.683070866,,,,"87",2676,"6.7",822819,665861,694384,672724,687093,687263,666139,669326,666176,"53.84",,,,,,,,67,2,"Sweeper",1,6,1,6,6,1,1,6,"Infield shade","Standard",95,"0","0.029",,,,"-0.029",,-5,-5,0.003,0.003,28,28,28,29,1,3,5,1,3,1,"2.51","-0.71","0.71","30.5",,,,,
"FF","2026-05-10","93.7","2.78","6.03","De Jesus, Enmanuel",695600,646241,,"called_strike",,,,,7,,"R","L","L","KC","DET","S",,,0,1,2026,"0.85","1.34",-0.6628644839236296,2.0616379340033197,,,,2,5,"Bot",,,,,,,-10.564660854858309,-135.8425997823914,-7.158551080334004,12.921345151093373,31.951752423675554,-14.062973268616636,3.191043307,1.610433071,,,,"92.4",2219,"5.9",824113,693307,679529,701678,805808,670097,682985,663837,672761,"54.63",,,,,,,,47,2,"4-Seam Fastball",3,3,3,3,3,3,3,3,"Infield shade","Standard",134,"-0.004","-0.057",,,,"0.057",,0,0,0.513,0.513,29,22,30,23,1,2,5,1,2,2,"1.29","0.85","0.85","45.2",,,,,
"FF","2026-05-10","91.8","-2.32","5.81","Cruz, Fernando",668930,518585,,"ball",,,,,14,,"R","L","R","MIL","NYY","B",,,0,0,2026,"-0.52","1.54",0.8969188033118958,2.1821683166948023,,,,0,7,"Bot",,,,,,,9.279514685555506,-133.3626393681322,-6.572743642213364,-8.076687916183058,27.141988515786856,-12.53904433083798,3.21035105,1.620177165,,,,"93",2227,"6.9",823793,641555,700250,665862,641857,676609,641355,663757,682987,"53.56",,,,,,,,57,1,"4-Seam Fastball",3,3,3,3,3,3,3,3,"Standard","Standard",212,"0.006","0.041",,,,"-0.041",,0,0,0.588,0.588,36,26,36,27,1,3,1,1,2,2,"1.16","0.52","-0.52","40.2",,,,,
"SI","2026-05-10","95.7","-3.08","5.34","Bird, Jake",596142,656234,"strikeout","called_strike",,,,,9,"J.C. Escarra challenged (pitch result), call on the field was overturned: Gary Sánchez called out on strikes.","R","R","R","MIL","NYY","S",2,,2,2,2026,"-1.51","0.13",0.802682092217246,1.789720872848966,,668930,661388,1,5,"Bot",,,,,,,13.50490696583715,-138.70702883192894,-3.803132560800191,-22.446578273074927,29.99370250058704,-29.777032024181292,3.311277887,1.671112205,,,,"95.4",2126,"6.2",823793,641555,700250,665862,641857,676609,641355,663757,682987,"54.26",,0,"0",1,0,0,,41,5,"Sinker",3,2,3,2,2,3,3,2,"Infield shade","Standard",247,"-0.036","-0.216",,,,"0.216",,1,1,0.738,0.738,30,33,31,34,1,2,3,1,2,3,"2.37","1.51","1.51","20.1",,,,,
"FC","2026-05-10","90.4","-3.28","5.4","Kelly, Zack",810938,677161,,"called_strike",,,,,9,,"R","R","R","BOS","TB","S",,,2,1,2026,"0.44","0.45",0.7924306106487498,2.1097946446373346,,,,0,6,"Top",,,,,,,9.220867493820316,-131.5327580009574,-3.1278941515410974,3.4530363391114154,24.118928596177714,-26.519524797021077,3.229658793,1.62992126,,,,"92.4",2573,"7.2",824765,681508,655316,691785,702332,596115,680776,678882,677800,"53.29",,,,,,,,42,4,"Cutter",0,3,3,0,3,0,3,0,"Standard","Standard",164,"0.004","-0.073",,,,"0.073",,-3,3,0.135,0.865,31,25,31,26,1,2,4,2,2,2,"2.31","-0.44","-0.44","37.3",,,,,
"FF","2026-05-10","98.5","-1.51","6.09","Medina, Luis",621493,665622,"strikeout","called_strike",,,,,7,"Shea Langeliers challenged (pitch result), call on the field was overturned: Taylor Ward called out on strikes.","R","R","R","BAL","ATH","S",2,,0,2,2026,"-0.66","1.41",-0.430436822603001,1.6433029238885164,,,,0,7,"Bot",,,,,,,4.423158738852658,-143.0699474854864,-9.642685783283675,-10.052076498790274,32.975359942262834,-10.705740413059335,3.190165682,1.609990158,,,,"98.1",2568,"6.2",824845,669127,701762,643446,680869,687231,691016,671732,666126,"54.32",,0,"0",1,0,0,,55,3,"4-Seam Fastball",2,1,2,1,1,2,2,1,"Standard","Standard",220,"-0.011","-0.165",,,,"0.165",,1,1,0.781,0.781,27,32,27,33,1,3,10,1,3,1,"0.94","0.66","0.66","41.2",,,,,
"CH","2026-05-10","83.8","-1.24","6.12","Mattson, Isaac",646240,676755,,"called_strike",,,,,7,,"R","L","R","SF","PIT","S",,,0,0,2026,"-1.02","-0.03",-0.5647297752405431,1.5153910401458224,,,,0,6,"Bot",,,,,,,3.6122332689840713,-122.10958132218153,-3.9898293758065657,-10.909153469629722,21.875148161187727,-31.97253026593787,3.217372047,1.623720472,,,,"84.5",1305,"6.5",823221,680779,687462,664040,693304,804606,694377,665833,656811,"54.01",,,,,,,,47,1,"Changeup",2,4,2,4,4,2,2,4,"Infield shade","Standard",242,"-0.005","-0.039",,,,"0.039",,-2,-2,0.26,0.26,30,29,31,30,1,2,3,1,,1,"3.25","1.02","-1.02","47.5",,,,,
"FF","2026-05-10","88.2","2.35","4.44","Poulin, PJ",691788,676571,,"ball",,,,,14,,"R","L","L","MIA","WSH","B",,,0,0,2026,"1.34","0.95",0.8522234840866294,2.166257368948416,805300,,681715,2,6,"Bot",,,,,,,-6.419631388246457,-128.1948248496198,-1.1170076784355207,16.154124139036167,32.39792388481871,-21.850947060452913,3.220882546,1.625492126,,,,"87.2",2168,"6.3",823868,686452,671277,678391,691781,683083,695734,696285,695578,"54.24",,,,,,,,50,1,"4-Seam Fastball",2,2,2,2,2,2,2,2,"Standard","Standard",113,"0.003","0.009",,,,"-0.009",,0,0,0.575,0.575,29,23,30,24,1,2,2,1,3,2,"2.04","1.34","1.34","17.7",,,,,
"CH","2026-05-09","88.3","-1.68","5.46","Kelly, Merrill",683146,518876,,"called_strike",,,,,7,,"R","L","R","AZ","NYM","S",,,2,1,2026,"-1.38","-0.02",-0.8038309625888764,1.8354606633533348,,,,1,7,"Top",,,,,,,5.033837257175158,-128.58502577802372,-2.4887758537726556,-16.401783610589987,26.54373346829923,-32.08374725027285,3.327952756,1.679527559,,,,"88.3",2134,"6.3",825089,672515,545121,606466,571448,672695,666971,814439,682998,"54.23",,,,,,,,51,4,"Changeup",2,1,1,2,1,2,1,2,"Standard","Standard",248,"0.01","-0.07",,,,"0.07",,1,-1,0.731,0.269,37,26,38,27,3,2,6,1,,1,"2.94","1.38","-1.38","24.8",,,,,
"FC","2026-05-09","86.2","-1.93","6.35","Bibee, Tanner",668904,676440,"walk","ball",,,,,11,"Austin Hedges challenged (pitch result), call on the field was confirmed: Royce Lewis walks.","R","R","R","CLE","MIN","B",,,3,1,2026,"0.4","0.25",-0.6434185262388403,3.4039721997939285,,,,2,5,"Top",,,,,,,2.201782044172768,-125.55559448181543,-1.0519326089268568,3.7750357524762252,27.180054093330725,-29.532994726172777,3.205085302,1.617519685,,,,"86.4",2705,"6.5",824444,595978,700932,683953,608070,677587,680757,682177,682657,"53.98",,0.704857,"0.7",1,0,0,,35,5,"Cutter",1,1,1,1,1,1,1,1,"Strategic","Standard",90,"-0.01","0.173",,,,"-0.173",,0,0,0.546,0.45399999999999996,27,27,27,27,2,1,5,1,,1,"2.83","-0.4","-0.4","55.8",,,,,
"FF","2026-05-09","92.5","-1.76","6.53","Wacha, Michael",682985,608379,"walk","ball",,,,,13,"Carter Jensen challenged (pitch result), call on the field was confirmed: Riley Greene walks.","R","L","R","KC","DET","B",,,3,0,2026,"-0.74","1.13",-0.28160037638427193,1.4857636794127762,,,,1,6,"Top",,,,,,,5.4054055946205475,-134.38088673564494,-9.35014438882758,-10.07109014355457,27.817114295842288,-16.711118049720838,3.303379265,1.667125984,,,,"93.4",2106,"6.8",824115,695600,686469,686681,672580,677951,657041,664728,695506,"53.7",,0.704857,"0.7",1,0,0,,43,4,"4-Seam Fastball",5,0,0,5,0,5,0,5,"Infield shade","Standard",205,"-0.005","0.164",,,,"-0.164",,5,-5,0.956,0.04400000000000004,34,25,35,26,3,2,5,1,,1,"1.54","0.74","-0.74","53.7",,,,,
"FF","2026-05-09","93.5","-0.9","5.66","Junk, Janson",683083,676083,,"called_strike",,,,,2,,"R","L","R","MIA","WSH","S",,,0,0,2026,"-0.52","1.5",-0.08769705312442133,3.039489625268793,,,,2,4,"Top",,,,,,,3.2239894514242082,-135.95012005773478,-4.056211435840446,-7.250716919569362,35.107211156042005,-13.079224092296755,3.045357612,1.536909449,,,,"92.5",2302,"6.2",823869,691788,681393,669364,677870,672640,669065,805300,683357,"54.33",,,,,,,,28,1,"4-Seam Fastball",0,4,4,0,4,0,4,0,"Standard","Standard",205,"0.001","-0.043",,,,"0.043",,-4,4,0.139,0.861,30,25,30,26,2,1,5,1,,1,"1.15","0.52","-0.52","45.2",,,,,
"CH","2026-05-09","79.9","-1.85","6.65","Wacha, Michael",805808,608379,,"called_strike",,,,,2,,"R","L","R","KC","DET","S",,,0,0,2026,"-0.8","0.38",0.11147683716100065,3.074006149094343,679529,,656716,2,5,"Top",,,,,,,5.83005281182677,-116.38733103329757,-1.7544687708548445,-8.256535545597087,19.098870610503358,-28.593242306384305,3.085728346,1.557283465,,,,"80.9",1397,"6.6",824115,695600,686469,686681,672580,677951,657041,664728,695506,"53.86",,,,,,,,37,1,"Changeup",5,0,0,5,0,5,0,5,"Infield shade","Standard",231,"0.003","-0.035",,,,"0.035",,5,-5,0.937,0.06299999999999994,34,21,35,22,3,2,5,1,,1,"3.15","0.8","-0.8","55.3",,,,,
"FF","2026-05-09","94.9","2.02","6.04","Kay, Anthony",647304,641743,,"ball",,,,,13,,"R","L","L","CWS","SEA","B",,,0,0,2026,"0.64","1.12",-0.37092038019535645,1.2712392012715688,,,677594,0,4,"Top",,,,,,,-7.577918159352963,-137.8006693941128,-9.06229309895417,9.818200852800874,29.3156736260641,-16.035020435455305,3.110301837,1.569685039,,,,"94.4",2284,"6",824606,700337,808959,805367,678246,695657,803011,671976,672284,"54.48",,,,,,,,28,1,"4-Seam Fastball",4,0,0,4,0,4,0,4,"Standard","Standard",140,"-0.005","0.04",,,,"-0.04",,4,-4,0.846,0.15400000000000003,31,29,31,29,2,1,6,1,,1,"1.41","0.64","0.64","41.4",,,,,
"CU","2026-05-09","82.8","-1.07","5.92","Leiter, Jack",673548,683004,"strikeout","called_strike",,,,,1,"Kyle Higashioka challenged (pitch result), call on the field was overturned: Seiya Suzuki called out on strikes.","R","R","R","TEX","CHC","S",2,,1,2,2026,"0.42","-1.21",-0.6206621718032643,2.9639206367211184,624424,,608324,1,3,"Top",,,,,,,0.17122908569011996,-120.48249444546822,2.449566944736959,4.051850685121135,26.948423295114235,-44.65876173457689,3.177878937,1.60378937,,,,"82.3",2768,"6.3",822905,543309,679822,677649,673962,608369,696030,694497,607043,"54.18",,0,"0",1,0,0,,23,4,"Curveball",2,0,0,2,0,2,0,2,"Standard","Standard",33,"0.051","-0.28",,,,"0.28",,2,-2,0.661,0.33899999999999997,26,31,26,32,2,1,6,1,,1,"4.58","-0.42","-0.42","51.7",,,,,
"SL","2026-05-09","87.2","-1.86","5.8","Strider, Spencer",663656,675911,,"called_strike",,,,,8,,"R","L","R","LAD","ATL","S",,,0,0,2026,"0.12","0.71",-0.08515685519310362,1.6655383110866315,,,669257,1,4,"Bot",,,,,,,3.9951222066047882,-127.05208940959332,-5.142129859572778,0.5519935693680642,23.186060478219964,-23.639638892289533,3.350770997,1.691043307,,,,"88.4",2277,"6.8",823955,669221,621566,645277,663586,622761,643289,671739,642201,"53.74",,,,,,,,34,1,"Slider",0,5,0,5,5,0,0,5,"Infield shade","Standard",191,"-0.003","-0.04",,,,"0.04",,-5,-5,0.095,0.095,27,29,28,29,2,1,6,1,,1,"2.25","-0.12","0.12","43.9",,,,,
"CH","2026-05-09","87.1","-1.23","5.57","Junk, Janson",695578,676083,,"ball",,,,,11,,"R","L","R","MIA","WSH","B",,,0,0,2026,"-1.09","0.56",-0.8360147864554268,3.2157194041343287,,,677588,2,2,"Top",,,,,,,3.2167600213825343,-126.86293873890307,-0.5083534160726021,-12.403556527502342,25.412343167480532,-26.179467030077152,3.488558071,1.760580709,,,,"87.5",1147,"6.5",823869,691788,681393,669364,677870,672640,669065,805300,683357,"54.05",,,,,,,,14,1,"Changeup",0,3,3,0,3,0,3,0,"Infield shade","Standard",228,"-0.001","0.035",,,,"-0.035",,-3,3,0.239,0.761,30,23,30,24,2,1,5,1,,1,"2.43","1.09","-1.09","45.7",,,,,
"ST","2026-05-09","82.8","-1.19","6.31","Holmes, Clay",814439,605280,"strikeout","called_strike",,,,,3,"Francisco Alvarez challenged (pitch result), call on the field was overturned: Ryan Waldschmidt called out on strikes.","R","R","R","AZ","NYM","S",2,,2,2,2026,"1.6","-0.37",0.3945898540867956,3.133612622645889,,,,0,3,"Bot",,,,,,,0.38552658229095943,-120.58689269960722,0.19937689250523682,15.4874534588481,25.034979491034317,-36.01954960320463,3.201574803,1.615748032,,,,"81.9",2896,"5.8",825089,682626,668901,543760,683146,666182,665742,621438,701807,"54.74",,0,"0",1,0,0,,22,5,"Sweeper",0,1,0,1,1,0,0,1,"Standard","Standard",47,"-0.024","-0.232",,,,"0.232",,-1,-1,0.433,0.433,33,23,33,24,1,0,6,1,,1,"3.71","-1.6","-1.6","38.6",,,,,
"CU","2026-05-09","78.2","-1.82","5.86","Strider, Spencer",808975,675911,"strikeout","called_strike",,,,,7,"Sean Murphy challenged (pitch result), call on the field was overturned: Hyeseong Kim called out on strikes.","R","L","R","LAD","ATL","S",2,,1,2,2026,"0.7","-0.74",-0.6796418900414724,1.7113498898747137,,,,0,3,"Bot",,,,,,,1.1277226257132655,-114.05506983314402,-0.5383536106175546,5.927576828227559,19.310243263095426,-38.75587006124527,3.124343832,1.576771654,,,,"79.4",2577,"6.8",823955,669221,621566,645277,663586,622761,643289,671739,642201,"53.7",,0,"0",1,0,0,,26,4,"Curveball",0,5,0,5,5,0,0,5,"Strategic","Standard",56,"-0.01","-0.189",,,,"0.189",,-5,-5,0.105,0.105,27,27,28,27,1,0,6,3,,1,"4.42","-0.7","0.7","47.3",,,,,
"SV","2026-05-09","82.7","2.68","4.85","Harrison, Kyle",665862,690986,,"ball",,,,,13,,"R","L","L","MIL","NYY","B",,,2,1,2026,"-1.15","-0.46",-0.9137975205721025,2.2436626188562157,,,642708,0,2,"Top",,,,,,,-5.803227957102939,-120.32645438334805,1.680185129078548,-10.037747702898656,23.686695212665906,-37.22895918630279,3.15593832,1.592716535,,,,"82.7",2069,"6.3",823792,661388,641343,668930,650859,666152,694192,669003,686217,"54.18",,,,,,,,10,4,"Slurve",0,1,1,0,1,0,1,0,"Standard","Standard",325,"-0.015","0.116",,,,"-0.116",,-1,1,0.358,0.642,24,28,25,28,1,0,7,1,,1,"3.8","-1.15","-1.15","29.3",,,,,
"SI","2026-05-09","94","-1.1","6.31","Holmes, Clay",666971,605280,,"called_strike",,,,,7,,"R","R","R","AZ","NYM","S",,,1,0,2026,"-1.41","0.23",-0.43881244733289126,1.737841479099004,,680728,571448,1,2,"Bot",,,,,,,4.839174895218282,-136.65805977935213,-6.241012458940675,-18.751738034199548,34.30476420601733,-28.031218518942925,3.354281496,1.692814961,,,,"92.5",2135,"5.8",825089,682626,668901,543760,683146,666182,665742,621438,701807,"54.71",,,,,,,,16,2,"Sinker",0,1,0,1,1,0,0,1,"Standard","Standard",236,"-0.01","-0.045",,,,"0.045",,-1,-1,0.496,0.496,33,32,33,33,1,0,6,1,,2,"2.39","1.41","1.41","40.3",,,,,
"SI","2026-05-09","95","-3.58","5.02","Walker, Ryan",804606,676254,,"ball",,,,,14,,"R","R","R","SF","PIT","B",,,0,1,2026,"-1.26","0.3",0.09891132095154331,1.5207383033212758,,,687462,1,6,"Top",,,,,,,12.338909989938042,-137.8627423203107,-4.020093834788392,-18.553282649615785,26.711605854693627,-27.597232272210878,3.334973753,1.683070866,,,,"95.4",2238,"6.4",823224,606992,646240,650333,656305,642715,671218,687551,808982,"54.14",,,,,,,,45,2,"Sinker",1,2,2,1,2,1,2,1,"Standard","Standard",238,"-0.003","0.019",,,,"-0.019",,-1,1,0.343,0.657,30,20,31,20,1,2,3,1,,1,"2.21","1.26","1.26","15.4",,,,,
"FS","2026-05-09","83.3","-0.83","5.87","Littell, Zack",669065,641793,,"called_strike",,,,,7,,"R","L","R","MIA","WSH","S",,,0,0,2026,"-0.92","0.25",-0.7958280011300187,1.878705906803876,,,672640,1,4,"Bot",,,,,,,1.909595097548519,-121.3101270236379,-2.956479872654279,-9.450851147643837,24.56935310198675,-29.327996610355754,3.295480643,1.663139764,,,,"83",1120,"6.1",823869,686452,671277,683083,691781,682928,695734,696285,695578,"54.4",,,,,,,,31,1,"Split-Finger",0,4,0,4,4,0,0,4,"Infield shade","Standard",243,"-0.004","-0.04",,,,"0.04",,-4,-4,0.147,0.147,30,28,31,28,1,1,6,1,,1,"3.04","0.92","-0.92","40.5",,,,,
"SL","2026-05-09","89.5","-1.77","5.78","Santos, Gregory",542303,666619,,"called_strike",,,,,7,,"R","R","R","SF","PIT","S",,,0,0,2026,"0.37","0.27",-0.49404903284438884,1.5800938229669228,,,,0,8,"Top",,,,,,,2.3296935353270265,-130.33647200964475,-4.784963228984148,3.7976528167598924,24.78811555841406,-28.33592359032166,3.255987533,1.643208661,,,,"90.5",2444,"6.6",823224,606992,646240,650333,656305,642715,671218,687551,808982,"53.87",,,,,,,,69,1,"Slider",1,10,10,1,10,1,10,1,"Infield shade","Standard",147,"0","-0.039",,,,"0.039",,-9,9,0.001,0.999,26,35,27,36,1,4,4,1,,1,"2.55","-0.37","-0.37","27.6",,,,,
"FF","2026-05-09","92.8","-2.81","4.71","Ryan, Joe",700932,657746,,"called_strike",,,,,2,,"R","L","R","CLE","MIN","S",,,0,0,2026,"-1.09","1.36",-0.15189945231799284,3.158620895573943,,,608070,2,1,"Bot",,,,,,,9.184940698210058,-134.87104119791587,-1.0726786714214542,-15.239911413124693,27.94226397128035,-15.499809795153107,3.187532808,1.608661417,,,,"93.5",2268,"6.7",824444,605170,665019,807712,668904,686797,663616,621439,670242,"53.81",,,,,,,,9,1,"4-Seam Fastball",0,1,0,1,1,0,0,1,"Standard","Standard",229,"-0.003","-0.042",,,,"0.042",,-1,-1,0.42,0.42,30,25,30,26,1,0,6,2,,1,"1.28","1.09","-1.09","23.5",,,,,
"FF","2026-05-09","98","-3.28","5.3","Cruz, Steven",656716,674444,,"ball",,,,,11,,"R","L","R","KC","DET","B",,,0,2,2026,"-0.75","1.28",-0.8977919977415451,3.3077877264355227,,,,2,9,"Top",,,,,,,8.166006020523243,-142.5435303160537,-2.7447727471241024,-12.0642806234728,32.77730274074696,-14.329564213708627,3.169980315,1.59980315,,,,"98.6",2246,"6.6",824115,695600,686469,686681,672580,677951,657041,664728,695506,"53.87",,,,,,,,65,3,"4-Seam Fastball",5,1,1,5,1,5,1,5,"Strategic","Standard",225,"0","0.022",,,,"-0.022",,4,-4,0.999,0.0010000000000000009,27,31,27,31,1,3,31,1,1,1,"1.1","0.75","-0.75","25.0",,,,,
"SI","2026-05-09","96.5","2.43","5.44","Hall, DL",665862,669084,"strikeout","called_strike",,,,,7,"William Contreras challenged (pitch result), call on the field was overturned: Jazz Chisholm Jr. called out on strikes.","R","L","L","MIL","NYY","S",2,,2,2,2026,"1.28","0.98",-0.4970827620953553,1.560885506558684,592450,,642708,1,8,"Top",,,,,,,-10.756255455188313,-140.0335916221686,-6.829042065384821,19.294259600854208,31.578625015685468,-17.879310753114627,3.15593832,1.592716535,,,,"97.4",2238,"7",823792,661388,641343,668930,650859,666152,694192,669003,686217,"53.53",,0,"0",1,0,0,,59,5,"Sinker",1,2,2,1,2,1,2,1,"Standard","Standard",145,"0.059","-0.313",,,,"0.313",,-1,1,0.196,0.804,27,28,28,28,1,3,3,1,1,1,"1.48","1.28","1.28","43.6",,,,,
"SI","2026-05-09","98.7","0.37","6.46","Ashby, Aaron",669224,676879,,"called_strike",,,,,7,,"R","L","L","MIL","NYY","S",,,2,1,2026,"1.19","0.63",-0.3712505737928957,1.5429459017971243,,,,1,9,"Top",,,,,,,-4.733093133320919,-143.49982084032982,-9.069929333264959,17.605842442957297,30.60391014848724,-21.59686617786897,3.254232283,1.642322835,,,,"97.5",2149,"5.5",823792,661388,641343,668930,650859,666152,694192,669003,686217,"55.02",,,,,,,,67,4,"Sinker",2,2,2,2,2,2,2,2,"Standard","Standard",150,"0.013","-0.07",,,,"0.07",,0,0,0.552,0.44799999999999995,28,26,28,27,1,3,3,1,1,2,"1.7","1.19","1.19","48.6",,,,,
"FF","2026-05-09","94.6","-3.13","4.62","Kimbrel, Craig",680728,518886,,"ball",,,,,11,,"R","L","R","AZ","NYM","B",,,1,0,2026,"-1.18","0.95",-0.7576460312668358,3.4564170440092044,,,672695,0,8,"Bot",,,,,,,8.876149464985216,-137.50724286202467,0.6476488167076732,-16.982052955674526,30.748142364559897,-20.44438307606108,3.090994095,1.559940945,,,,"95.5",2372,"6.9",825089,682626,668901,543760,683146,666182,665742,621438,701807,"53.63",,,,,,,,61,2,"4-Seam Fastball",2,1,2,1,1,2,2,1,"Standard","Standard",228,"0.005","0.062",,,,"-0.062",,1,1,0.889,0.889,38,26,38,27,1,3,2,1,,1,"1.6","1.18","-1.18","24.1",,,,,
"FF","2026-05-09","101.8","-1.5","6.15","Miller, Mason",669357,695243,"walk","ball",,,,,12,"Freddy Fermin challenged (pitch result), call on the field was confirmed: Nolan Gorman walks.","R","L","R","SD","STL","B",,,3,1,2026,"-0.55","1.45",0.3747717487090383,3.6109052495500347,,,,0,9,"Top",,,,,,,6.593812843501181,-148.0945692263425,-5.222169221034605,-9.761746860037652,37.199833993929666,-9.825380223919256,3.217372047,1.623720472,,,,"102.4",2568,"6.7",823304,666023,664034,823550,592518,593428,657656,701538,665487,"53.78",,0.704857,"0.7",1,0,0,,64,5,"4-Seam Fastball",4,2,2,4,2,4,2,4,"Infield shade","Standard",204,"-0.048","0.262",,,,"-0.262",,2,-2,0.892,0.10799999999999998,27,26,28,26,1,3,3,1,4,1,"0.76","0.55","-0.55","38.0",,,,,
"FF","2026-05-09","95.1","-1.24","6.1","Johnson, Pierce",572233,572955,,"ball",,,,,14,,"R","R","R","CIN","HOU","B",,,0,1,2026,"-0.58","1.41",0.9218976723896062,2.0918196556406405,,,,1,9,"Top",,,,,,,6.870342999644038,-138.21793212422833,-7.743980443236425,-9.01126998379659,31.979147961867767,-12.577187222584886,3.178756562,1.604232283,,,,"94.3",2400,"6",824523,624431,668715,680574,663647,682829,668709,667472,666181,"54.54",,,,,,,,63,2,"4-Seam Fastball",3,1,1,3,1,3,1,3,"Standard","Standard",219,"-0.003","0.029",,,,"-0.029",,2,-2,0.967,0.03300000000000003,35,35,35,35,1,3,1,1,3,1,"1.13","0.58","0.58","42.6",,,,,
"SI","2026-05-09","87.4","4.08","3.11","Hill, Tim",668930,657612,,"called_strike",,,,,7,,"R","L","L","MIL","NYY","S",,,2,1,2026,"1.36","-0.35",-0.5844176057317536,1.8190777376956748,,650859,694192,1,10,"Bot",,,,,,,-13.955868547662268,-126.47024170168788,4.024832914008152,17.410421007610243,25.471341704692794,-37.140876725574245,3.21035105,1.620177165,,,,"87.5",2087,"6.6",823792,669224,641355,665862,641857,676609,680474,663757,592450,"53.87",,,,,,,,79,4,"Sinker",3,3,3,3,3,3,3,3,"Standard","Standard",86,"-0.027","-0.063",,,,"0.063",,0,0,0.723,0.723,36,26,36,27,1,4,2,1,1,1,"3.37","1.36","1.36","-22.5",,,,,
"SI","2026-05-09","94.7","-2.79","5.63","Shugart, Chase",696100,663767,,"called_strike",,,,,6,,"R","R","R","PHI","COL","S",,,0,1,2026,"-1.32","0.63",0.6962506988474366,2.2136338032389338,,,,0,8,"Top",,,,,,,11.904759636350255,-137.46366069722893,-4.447182552909239,-19.277850660446692,29.59633325462349,-23.345358053680478,3.178756562,1.604232283,,,,"94.3",2054,"6.1",823468,592663,694025,681082,664761,607208,669016,702222,666969,"54.37",,,,,,,,63,2,"Sinker",7,3,3,7,3,7,3,7,"Standard","Standard",225,"0.003","-0.055",,,,"0.055",,4,-4,0.966,0.03400000000000003,29,26,30,27,1,3,2,1,,1,"1.92","1.32","1.32","36.4",,,,,
"SI","2026-05-09","96.8","-1.68","5.39","Doval, Camilo",694192,666808,,"ball",,,,,14,,"R","R","R","MIL","NYY","B",,,0,0,2026,"-0.94","0.26",0.8764481387148375,2.0399933429914188,,,,1,8,"Bot",,,,,,,8.892744014688192,-140.70266083551152,-3.774864277879592,-14.50698361860972,31.124546473480596,-28.07267760972029,3.237557415,1.63390748,,,,"96.5",2473,"6.1",823792,669224,502671,665862,641857,676609,641355,682987,592450,"54.35",,,,,,,,62,1,"Sinker",1,2,1,2,2,1,1,2,"Standard","Standard",235,"0.007","0.039",,,,"-0.039",,-1,-1,0.245,0.245,28,22,29,22,1,3,2,1,2,1,"2.17","0.94","0.94","14.3",,,,,
"SL","2026-05-08","78.8","2.97","4.77","Sale, Chris",606192,519242,"strikeout","called_strike",,,,,6,"Drake Baldwin challenged (pitch result), call on the field was overturned: Teoscar Hernández called out on strikes.","R","R","L","LAD","ATL","S",2,,3,2,2026,"-1.08","-0.41",0.8139952854633747,2.6866318598293866,,,,1,6,"Bot",,,,,,,-2.560884333246259,-114.65740633950382,3.2960202703170927,-9.005142834402795,22.72537994866879,-36.698260577546755,3.199819554,1.614862205,,,,"78.5",2359,"6.2",823957,686948,621566,645277,663586,805347,643289,671739,573262,"54.28",,0,"0",1,0,0,,49,7,"Slider",3,1,3,1,1,3,3,1,"Standard","Standard",305,"-0.012","-0.332",,,,"0.332",,2,2,0.834,0.834,37,33,37,34,3,2,6,2,,1,"4.11","-1.08","1.08","11.0",,,,,
"SL","2026-05-08","87.3","-0.91","5.81","Scholtens, Jesse",575929,669947,,"ball",,,,,14,,"R","R","R","BOS","TB","B",,,0,0,2026,"0.53","0.62",0.6763171889481234,1.4254719869255728,,,,2,5,"Bot",,,,,,,2.677705124561595,-127.08039880708242,-5.502478719868177,5.172568131420401,25.346012926727404,-24.582552682703547,3.229658793,1.62992126,,,,"87.9",2362,"6.6",824768,663743,666018,810938,691406,670764,802415,676356,668723,"53.89",,,,,,,,39,1,"Slider",2,0,2,0,0,2,2,0,"Infield shade","Standard",178,"0.001","0.037",,,,"-0.037",,2,2,0.786,0.786,32,34,32,34,3,2,6,1,,2,"2.37","-0.53","-0.53","44.0",,,,,
"ST","2026-05-08","82","1.57","5.59","Fried, Max",668930,608331,,"called_strike",,,,,1,,"R","L","L","MIL","NYY","S",,,1,1,2026,"-1.44","0.29",-0.5754273844405872,3.254950537758898,,,,2,4,"Bot",,,,,,,-1.9571325928034347,-119.3809532500493,0.957271100076541,-13.246224898491713,25.20531448684597,-29.85074383369064,3.21035105,1.620177165,,,,"82",2827,"6.4",823794,669224,700250,665862,641857,676609,641355,663757,592450,"54.05",,,,,,,,33,3,"Sweeper",5,0,5,0,0,5,5,0,"Standard","Standard",282,"-0.001","-0.062",,,,"0.062",,5,5,0.939,0.939,32,26,32,27,3,2,5,2,5,1,"3.12","-1.44","-1.44","35.7",,,,,
"FF","2026-05-08","95.4","-3.56","5.34","McLean, Nolan",672695,690997,,"called_strike",,,,,1,,"R","L","R","AZ","NYM","S",,,0,0,2026,"-0.81","1.12",-0.7019090326228883,2.851235290282432,,,,1,3,"Bot",,,,,,,9.280289380802238,-138.57225370963772,-3.272502246759455,-12.484278591140253,31.324507362738956,-17.19476703560774,3.31742126,1.674212598,,,,"95.4",2151,"6.4",825088,620443,668901,543760,683146,666182,665742,701807,669004,"54.08",,,,,,,,21,1,"4-Seam Fastball",1,1,1,1,1,1,1,1,"Standard","Standard",231,"-0.003","-0.039",,,,"0.039",,0,0,0.53,0.53,24,26,25,27,2,1,6,1,,1,"1.4","0.81","-0.81","30.3",,,,,
"FF","2026-05-08","95.3","2.77","5.71","Snelling, Robby",678554,702281,,"ball",,,,,13,,"R","R","L","MIA","WSH","B",,,2,2,2026,"0.71","1.49",-0.8331140972139498,2.0011709494011187,,,,0,3,"Top",,,,,,,-10.956812232244022,-138.16064278885557,-7.255755067882513,11.58847090606527,30.8934004587708,-11.563454202898484,3.247211286,1.638779528,,,,"95.2",2499,"6.5",823871,691788,666624,669364,677870,672640,691594,665923,669065,"54.04",,,,,,,,22,5,"4-Seam Fastball",2,3,3,2,3,2,3,2,"Infield shade","Standard",145,"-0.008","0.112",,,,"-0.112",,-1,1,0.391,0.609,22,25,23,26,2,1,,1,,2,"1.04","0.71","-0.71","42.3",,,,,
"SL","2026-05-08","91","-1.72","5.71","Burrows, Mike",663647,681347,"strikeout","called_strike",,,,,8,"Christian Vázquez challenged (pitch result), call on the field was overturned: Ke'Bryan Hayes called out on strikes.","R","R","R","CIN","HOU","S",2,,1,2,2026,"0.25","0.77",-0.22323934278987287,1.7478082916711488,,,,1,3,"Bot",,,,,,,3.1507478479821813,-132.47493693821806,-5.518985913182094,2.322108876317512,27.49412148170866,-22.105027518784663,3.166469816,1.598031496,,,,"91.3",2601,"6.4",824522,543877,572233,514888,670623,669397,701305,694728,701358,"54.1",,0,"0",1,0,0,,20,4,"Slider",0,2,0,2,2,0,0,2,"Standard","Standard",173,"-0.013","-0.18",,,,"0.18",,-2,-2,0.295,0.295,26,29,27,29,1,0,7,1,,2,"1.97","-0.25","-0.25","35.9",,,,,
"SI","2026-05-08","92.7","3.25","5.97","Hurter, Brant",664728,676428,,"ball",,,,,13,,"R","L","L","KC","DET","B",,,0,0,2026,"1.46","0.42",-0.89347172386597,1.636295615020086,,679845,,2,9,"Bot",,,,,,,-13.584671613724748,-134.14859389404668,-5.8364250306951835,20.697713837738828,30.729565332030457,-25.903825224980462,3.113812336,1.571456693,,,,"91.7",2322,"6.1",824116,693307,679529,656716,805808,670097,682985,672761,681481,"54.38",,,,,,,,75,1,"Sinker",3,3,3,3,3,3,3,3,"Standard","Standard",130,"0","0.019",,,,"-0.019",,0,0,0.61,0.61,27,29,28,29,1,3,2,1,2,1,"2.28","1.46","1.46","34.2",,,,,
"FC","2026-05-08","91.4","1.51","5.66","Drohan, Shane",663757,675660,,"called_strike",,,,,1,,"R","L","L","MIL","NYY","S",,,1,0,2026,"-0.11","0.96",-0.6382924458907158,3.205035110197496,,,,2,8,"Top",,,,,,,-5.080888215831886,-133.13234535422328,-2.2924689692688265,-0.2784227348685301,25.900557086118496,-20.387792456373372,3.138385827,1.583858268,,,,"91.5",2591,"6.1",823794,661388,683734,668930,650859,687401,694192,669003,686217,"54.44",,,,,,,,59,2,"Cutter",6,0,0,6,0,6,0,6,"Standard","Standard",154,"0","-0.054",,,,"0.054",,6,-6,0.997,0.0030000000000000027,27,29,27,30,1,3,4,1,4,1,"1.74","-0.11","-0.11","39.4",,,,,
"SI","2026-05-08","96.1","2.88","4.84","Sale, Chris",571970,519242,,"called_strike",,,,,1,,"R","L","L","LAD","ATL","S",,,1,1,2026,"1.33","1",-0.6575935183266759,2.7279493068371483,,663656,,2,2,"Bot",,,,,,,-12.332399177021765,-139.40730943539202,-2.1280422102856833,20.049264995903275,30.720415790542457,-18.82457663026953,3.127854331,1.578543307,,,,"96.4",2280,"6.6",823957,686948,621566,645277,663586,805347,643289,671739,573262,"53.9",,,,,,,,17,3,"Sinker",1,1,1,1,1,1,1,1,"Strategic","Standard",116,"-0.009","-0.056",,,,"0.056",,0,0,0.533,0.533,37,35,37,36,1,0,6,2,,1,"1.48","1.33","1.33","10.5",,,,,
"SI","2026-05-08","97.8","1.43","6.48","Alvarado, José",671289,621237,,"called_strike",,,,,3,,"R","R","L","PHI","COL","S",,,1,0,2026,"1.38","0.87",0.34659013416894213,3.23118208745489,,664983,,2,9,"Top",,,,,,,-6.199594478744781,-142.25257879627256,-5.133037562408601,20.11356687413229,34.22694602767036,-19.39289219722833,3.150672572,1.590059055,,,,"98.9",1974,"7.1",823466,592663,547180,681082,624641,607208,669016,702222,666969,"53.44",,,,,,,,76,2,"Sinker",7,7,7,7,7,7,7,7,"Standard","Standard",144,"0.006","-0.044",,,,"0.044",,0,0,0.532,0.46799999999999997,31,27,31,27,1,4,2,1,4,1,"1.53","1.38","-1.38","56.5",,,,,
"SI","2026-05-08","91.3","2.8","5.19","Bernardino, Brennan",666969,657514,"walk","ball",,,,,12,"Hunter Goodman challenged (pitch result), call on the field was confirmed: Adolis García walks. Bryce Harper to 2nd.","R","R","L","PHI","COL","B",,,3,2,2026,"1.36","0.29",0.6448126868813071,3.4448430641911276,,,547180,0,8,"Bot",,,,,,,-8.25097849249849,-132.68033502417197,1.0609732616725271,17.91207761076974,31.48864087146634,-29.22992004067411,3.216494423,1.623277559,,,,"90.1",2096,"5.9",823466,696100,681198,650489,691720,678662,687597,686668,671289,"54.64",,0.704857,"0.7",1,0,0,,66,6,"Sinker",2,7,2,7,7,2,2,7,"Standard","Standard",132,"0.028","0.34",,,,"-0.34",,-5,-5,0.044,0.044,34,33,34,33,1,3,1,1,5,1,"2.47","1.36","-1.36","21.1",,,,,
"CU","2026-05-08","73.7","1.81","6.34","Detmers, Reid",665489,672282,"walk","ball",,,,,12,"Sebastián Rivero challenged (pitch result), call on the field was confirmed: Vladimir Guerrero Jr. walks.","R","R","L","TOR","LAA","B",,,3,2,2026,"-1.01","-1.06",0.8611946388231471,3.3188535696851673,,,,2,1,"Bot",,,,,,,-0.10435651557129122,-107.0192433442729,3.4277963867874925,-7.586689796049781,23.513997285201608,-41.17540822114119,3.208595801,1.619291339,,,,"72.2",2248,"5.9",822822,665861,694384,624428,660162,687263,666139,545361,666176,"54.62",,0.704857,"0.7",1,0,0,,6,6,"Curveball",0,0,0,0,0,0,0,0,"Strategic","Standard",323,"0.01","0.259",,,,"-0.259",,0,0,0.512,0.512,26,27,27,27,1,0,6,2,5,1,"5.37","-1.01","1.01","44.1",,,,,
"FF","2026-05-08","95.3","-1.48","5.44","Weaver, Luke",672515,596133,"walk","ball",,,,,11,"Luis Torrens challenged (pitch result), call on the field was confirmed: Gabriel Moreno walks.","R","R","R","AZ","NYM","B",,,3,1,2026,"-0.38","1.51",-0.48927064879661547,3.3069784603807757,,,,2,7,"Bot",,,,,,,3.4230063927605423,-138.7756818516679,-3.2468301150078,-5.642830201900042,31.622795844458466,-12.099661191740124,3.071686352,1.55019685,,,,"95.1",2459,"6.2",825088,620443,668901,543760,683146,666182,665742,701807,669004,"54.35",,0.704857,"0.7",1,0,0,,49,5,"4-Seam Fastball",1,1,1,1,1,1,1,1,"Standard","Standard",206,"0.012","0.173",,,,"-0.173",,0,0,0.529,0.529,32,26,33,26,1,2,2,1,5,1,"1","0.38","0.38","46.4",,,,,
"SL","2026-05-08","84.5","-1.6","5.99","Erceg, Lucas",805808,668674,"walk","ball",,,,,14,"Elias Díaz challenged (pitch result), call on the field was confirmed: Kevin McGonigle walks.","R","L","R","KC","DET","B",,,3,2,2026,"0.04","-0.04",0.5746712730105066,1.2831772231041372,,656716,,2,9,"Top",,,,,,,4.94237926118966,-122.98170277474419,-4.241089525374393,-0.6212645861782462,26.09045695093833,-31.90376707217041,3.085728346,1.557283465,,,,"84.7",1864,"6.6",824116,553869,686469,686681,672580,677951,686555,664728,695506,"53.91",,0.704857,"0.7",1,0,0,,70,7,"Slider",3,3,3,3,3,3,3,3,"Strategic","Standard",22,"-0.009","0.134",,,,"-0.134",,0,0,0.531,0.469,31,21,31,22,1,4,3,2,,1,"3.25","-0.04","0.04","42.6",,,,,
"CH","2026-05-08","88.5","-2.15","5.7","McGreevy, Michael",593428,700241,,"called_strike",,,,,7,,"R","R","R","SD","STL","S",,,1,1,2026,"-1.64","0.23",-0.8098932343728338,1.7239517869727146,,,,1,1,"Bot",,,,,,,6.718940967150336,-128.6335436797781,-3.8139663944635185,-19.55504362736129,30.112882436769425,-28.97645419445761,3.284949147,1.657824803,,,,"88.3",1884,"6.5",823303,671056,676475,802139,693409,691026,701675,687363,691023,"54",,,,,,,,6,3,"Changeup",0,0,0,0,0,0,0,0,"Standard","Standard",231,"-0.004","-0.064",,,,"0.064",,0,0,0.525,0.525,25,33,26,34,1,0,6,1,,1,"2.72","1.64","1.64","30.4",,,,,
"CU","2026-05-08","76.8","2.6","5.86","Griffin, Foster",669065,656492,,"called_strike",,,,,3,,"R","L","L","MIA","WSH","S",,,0,0,2026,"-0.89","-1.28",0.7002793525665415,2.8479225998897473,,672640,,0,1,"Bot",,,,,,,-2.312857593251513,-111.75759984227244,3.206062597773523,-6.997011387502526,21.83688168172319,-43.67973214567874,3.295480643,1.663139764,,,,"76",2304,"5.9",823871,660688,678554,683083,691781,682928,695734,696285,686894,"54.57",,,,,,,,9,1,"Curveball",1,3,1,3,3,1,1,3,"Standard","Standard",328,"-0.006","-0.043",,,,"0.043",,-2,-2,0.413,0.413,30,28,31,28,1,0,6,1,,1,"5.17","-0.89","-0.89","50.4",,,,,
"SL","2026-05-08","87.1","-1.11","5.49","Canning, Griffin",676475,656288,,"called_strike",,,,,2,,"R","L","R","SD","STL","S",,,0,0,2026,"0.3","-0.01",0.03328106000262818,3.2437756120449093,,,671056,1,1,"Top",,,,,,,2.061877949145915,-126.69493353594734,1.112249658865556,2.6455736096243365,32.02318625867699,-32.86349674866839,3.215616798,1.622834646,,,,"85.3",2739,"5.7",823303,666023,657757,823550,592518,593428,657656,701538,665487,"54.81",,,,,,,,3,1,"Slider",0,0,0,0,0,0,0,0,"Infield shade","Standard",41,"0.004","-0.04",,,,"0.04",,0,0,0.498,0.502,30,27,30,28,1,0,5,1,,1,"3.08","-0.3","0.3","34.4",,,,,
"SI","2026-05-08","92.7","2.53","5.43","Early, Connelly",650490,813349,"strikeout","called_strike",,,,,1,"Carlos Narváez challenged (pitch result), call on the field was overturned: Yandy Díaz called out on strikes.","R","R","L","BOS","TB","S",2,,1,2,2026,"1.47","0.79",-0.7436934974041323,3.2551412765307184,,,,0,1,"Top",,,,,,,-11.622707003153051,-134.5313263770842,-1.3322517405599301,20.323256849256136,28.27067150288959,-22.481341462731642,3.227903543,1.629035433,,,,"93.5",2062,"6.8",824768,665966,575929,691785,702332,596115,680776,678882,677800,"53.66",,0,"0",1,0,0,,1,7,"Sinker",0,0,0,0,0,0,0,0,"Strategic","Standard",131,"0.015","-0.189",,,,"0.189",,0,0,0.507,0.493,24,34,24,35,1,0,6,1,,2,"1.87","1.47","-1.47","28.5",,,,,
"CU","2026-05-08","81.5","-1.93","5.63","Antone, Tejay",670541,622088,,"called_strike",,,,,8,,"R","L","R","CIN","HOU","S",,,2,0,2026,"1.26","-1.04",-0.0628887720890392,1.6942353392823475,,514888,,0,8,"Top",,,,,,,1.6672757638017481,-118.6323335513728,0.07415697030064772,11.45950611150142,25.035613072271524,-42.16256471356781,3.392019357,1.711860236,,,,"80.9",2704,"6.1",824522,663886,701398,680574,663647,682829,668709,670770,668715,"54.41",,,,,,,,54,3,"Curveball",0,4,4,0,4,0,4,0,"Infield shade","Standard",50,"0.001","-0.078",,,,"0.078",,-4,4,0.025,0.975,32,29,33,29,1,3,2,2,2,1,"4.5","-1.26","1.26","29.1",,,,,
"SL","2026-05-08","78.2","3.58","5","Lopez, Jacob",621493,682052,"strikeout","called_strike",,,,,7,"Shea Langeliers challenged (pitch result), call on the field was overturned: Taylor Ward called out on strikes.","R","R","L","BAL","ATH","S",2,,1,2,2026,"-0.71","-0.09",-0.7307517565139015,1.9410446438696636,,,,0,1,"Bot",,,,,,,-7.872096178202633,-113.60822595430272,0.7242128617809811,-4.6054490628768665,21.76813227838252,-33.35311155898075,3.190165682,1.609990158,,,,"78.3",2418,"6.6",824846,669127,701762,643446,680869,805779,691016,671732,666126,"53.92",,0,"0",1,0,0,,4,5,"Slider",0,0,0,0,0,0,0,0,"Standard","Standard",272,"-0.015","-0.189",,,,"0.189",,0,0,0.541,0.541,28,32,28,33,1,0,6,1,,1,"3.85","-0.71","0.71","16.5",,,,,
"FF","2026-05-08","94.3","-1.05","5.78","Hurt, Kyle",643289,669165,,"called_strike",,,,,9,,"R","R","R","LAD","ATL","S",,,0,0,2026,"-0.77","1.46",0.7748637297012939,1.7004890445150158,,,671739,0,6,"Top",,,,,,,6.466278874703279,-136.98248864880713,-7.979577968828046,-11.165961012591435,29.337105019381454,-12.236501100458844,3.17085794,1.600246063,,,,"94.7",2007,"6.6",823957,669257,518692,669289,571970,500743,606192,681624,663656,"53.93",,,,,,,,43,1,"4-Seam Fastball",2,1,1,2,1,2,1,2,"Standard","Standard",207,"0.008","-0.043",,,,"0.043",,1,-1,0.6,0.4,28,31,28,32,1,2,2,2,5,1,"1.11","0.77","0.77","44.9",,,,,
"FF","2026-05-08","95.5","1.85","6.11","Harris, Hogan",665750,663687,,"ball",,,,,13,,"R","R","L","BAL","ATH","B",,,2,1,2026,"0.62","1.56",-0.5665485488506713,1.4918859284765926,,,681297,2,9,"Bot",,,,,,,-7.757271238228023,-138.5307742728756,-9.828609877011832,9.914669380781694,34.646479626415555,-9.94770898297683,3.286704396,1.65871063,,,,"95.5",2472,"6.8",824846,669127,701762,643446,695391,805779,691016,680869,671732,"53.74",,,,,,,,72,4,"4-Seam Fastball",3,4,3,4,4,3,3,4,"Standard","Standard",163,"0.023","0.079",,,,"-0.079",,-1,-1,0.107,0.107,29,27,30,28,1,3,2,2,1,1,"0.98","0.62","-0.62","62.1",,,,,
"FF","2026-05-08","98","-0.82","6.22","Nelson, Ryne",665742,669194,,"ball",,,,,14,,"R","L","R","AZ","NYM","B",,,0,0,2026,"-0.34","1.71",0.11355697218001976,1.4514150951020262,,,,0,1,"Top",,,,,,,3.31676181528873,-142.30804794908286,-11.221689350976783,-5.386769182793313,34.08822563597863,-6.5146914868337795,3.259498032,1.644980315,,,,"98.7",2410,"6.9",825088,672515,699912,545121,571448,672695,666971,678489,682998,"53.59",,,,,,,,1,1,"4-Seam Fastball",0,0,0,0,0,0,0,0,"Infield shade","Standard",191,"-0.004","0.041",,,,"-0.041",,0,0,0.5,0.5,28,27,28,28,1,0,6,1,5,1,"0.68","0.34","-0.34","54.0",,,,,
"SI","2026-05-07","93.7","1.75","5.54","Gore, MacKenzie",641857,669022,"walk","ball",,,,,13,"Danny Jansen challenged (pitch result), call on the field was confirmed: Ryan McMahon walks. Cody Bellinger to 3rd. Amed Rosario to 2nd.","R","L","L","NYY","TEX","B",,,3,2,2026,"0.83","1.23",-0.19599200132744776,1.528518240471263,,641355,642708,1,6,"Bot",,,,,,,-6.910822565123855,-136.15133649666015,-7.196125719919596,11.890754874012432,31.07886218619273,-15.4949294248183,3.31742126,1.674212598,,,,"94.6",2021,"7",823551,643376,669394,677649,673962,608369,696030,694497,457705,"53.54",,0.704857,"0.7",1,0,0,,50,6,"Sinker",1,2,1,2,2,1,1,2,"Standard","Standard",157,"0.085","0.287",,,,"-0.287",,-1,-1,0.481,0.481,27,31,27,32,3,2,6,1,5,1,"1.39","0.83","0.83","45.4",,,,,
"SI","2026-05-07","90.3","2.99","5.71","Bennett, Jake",666018,687562,"strikeout","called_strike",,,,,2,"Connor Wong challenged (pitch result), call on the field was overturned: Jonathan Aranda called out on strikes.","R","L","L","BOS","TB","S",2,,3,2,2026,"1.27","0.49",-0.23013111068282188,3.299397179607392,,,691406,0,6,"Top",,,,,,,-10.798003760781826,-131.041139697644,-0.8792771497058641,16.97812285014809,28.32175995877344,-26.529607319445894,3.189288058,1.609547244,,,,"91.2",1972,"7.1",824767,657136,575929,691785,702332,596115,680776,678882,677800,"53.44",,0,"0",1,0,0,,42,8,"Sinker",3,3,3,3,3,3,3,3,"Strategic","Strategic",130,"0.061","-0.315",,,,"0.315",,0,0,0.436,0.5640000000000001,25,28,26,28,3,2,6,1,,1,"2.32","1.27","1.27","34.0",,,,,
"SI","2026-05-07","94.5","-1.96","6.54","Painter, Andrew",680869,691725,,"called_strike",,,,,9,,"R","R","R","PHI","ATH","S",,,2,1,2026,"-0.59","1.34",0.7878725125647091,1.9474774243343065,,,,2,3,"Top",,,,,,,8.445658299680407,-137.10358453526766,-9.1084701328458,-9.235961023017081,29.079976380618422,-13.362494171227944,3.291970144,1.66136811,,,,"95.2",2139,"6.8",823467,665561,547180,681082,624641,607208,669016,702222,666969,"53.72",,,,,,,,23,4,"Sinker",0,7,7,0,7,0,7,0,"Infield shade","Standard",194,"0","-0.073",,,,"0.073",,-7,7,0.044,0.956,23,26,23,27,2,1,5,1,6,1,"1.22","0.59","0.59","50.0",,,,,
"SI","2026-05-07","89","1.96","5.42","Imanaga, Shota",680574,684007,,"called_strike",,,,,9,,"R","R","L","CHC","CIN","S",,,2,0,2026,"1.55","0.69",0.3690234196008435,1.4903701629471047,,,663647,2,5,"Top",,,,,,,-7.130109106504012,-129.31378748481777,-4.763623156243964,18.857016533646963,29.297960337934175,-23.605601437435737,3.047112861,1.537795276,,,,"88.3",2460,"6.2",824681,665804,683737,663538,608324,621020,664023,691718,624424,"54.34",,,,,,,,41,3,"Sinker",8,0,0,8,0,8,0,8,"Standard","Standard",143,"0.001","-0.044",,,,"0.044",,8,-8,0.99,0.010000000000000009,32,26,33,27,3,2,5,1,6,1,"2.22","1.55","-1.55","40.2",,,,,
"FF","2026-05-07","94.5","-1.96","6.06","Gallen, Zac",695257,668678,,"called_strike",,,,,8,,"R","R","R","AZ","PIT","S",,,0,1,2026,"-0.09","1.39",0.2555306450102775,1.6529913207223221,,687462,669707,2,4,"Top",,,,,,,5.959900090843653,-137.28654163384863,-8.747563953263196,-2.5442771636385615,31.17901575165363,-12.76621603066783,3.199819554,1.614862205,,,,"95",2404,"6.7",825090,543510,545121,606466,699912,672695,678489,677950,682998,"53.75",,,,,,,,30,2,"4-Seam Fastball",2,1,1,2,1,2,1,2,"Standard","Standard",192,"0.014","-0.057",,,,"0.057",,1,-1,0.637,0.363,30,27,31,27,2,1,6,2,5,1,"1.17","0.09","0.09","50.2",,,,,
"ST","2026-05-07","87.2","-1.07","5.3","Jax, Griffin",678882,643377,,"ball",,,,,12,,"R","R","R","BOS","TB","B",,,0,0,2026,"0.63","-0.03",0.11914064375877109,3.303327893097496,,,,0,4,"Bot",,,,,,,1.5034444190615976,-127.05025853870337,1.526622902460758,6.629034955202184,23.57767953802311,-33.011265406028755,3.110301837,1.569685039,,,,"87.8",2960,"6.4",824767,663743,666018,810938,691406,670764,668723,656775,676356,"54.08",,,,,,,,32,1,"Sweeper",3,3,3,3,3,3,3,3,"Infield shade","Standard",55,"0.004","0.041",,,,"-0.041",,0,0,0.56,0.56,31,25,32,26,2,1,5,1,6,1,"3","-0.63","-0.63","44.6",,,,,
"FC","2026-05-07","87.4","-3.03","5.19","Scott, Christian",664954,681035,,"ball",,,,,11,,"R","L","R","COL","NYM","B",,,2,1,2026,"0.52","0.07",-0.5626012953703126,3.357657698711512,,691720,,1,3,"Bot",,,,,,,4.865062242753961,-127.48100660872731,1.578072862198229,5.086841747174589,18.08454938294258,-31.75393231459572,3.174368438,1.602017717,,,,"89.8",2606,"6.9",824362,682626,668901,543760,666182,660644,628451,621438,596103,"53.55",,,,,,,,21,4,"Cutter",0,2,0,2,2,0,0,2,"Strategic","Standard",141,"0.009","0.071",,,,"-0.071",,-2,-2,0.352,0.352,27,32,27,32,1,0,6,4,6,1,"2.83","-0.52","0.52","28.7",,,,,
"ST","2026-05-07","75.9","-2.42","5.39","Lugo, Seth",690984,607625,,"ball",,,,,11,,"R","L","R","KC","CLE","B",,,1,1,2026,"1.52","-0.11",-0.8472849842358936,2.4063341273480954,,,,0,2,"Top",,,,,,,0.4819866860450623,-110.51034648232073,1.3064540323116949,12.208764839435347,22.580421451185074,-33.57746444946536,3.18402231,1.606889764,,,,"74.4",2817,"5.5",824117,695600,686469,686681,672580,677951,686555,664728,695506,"54.99",,,,,,,,15,3,"Sweeper",0,3,3,0,3,0,3,0,"Strategic","Standard",65,"-0.003","0.055",,,,"-0.055",,-3,3,0.223,0.777,36,24,37,24,1,0,5,1,6,1,"4.11","-1.52","1.52","24.5",,,,,
"ST","2026-05-07","84.4","-1.9","5.7","Phillips, Connor",694208,683175,,"called_strike",,,,,4,,"R","L","R","CHC","CIN","S",,,2,1,2026,"1.64","0.09",-0.6428003406401728,2.3350305704676773,663538,,,1,4,"Bot",,,,,,,-0.43657994573915326,-122.88442891050994,-1.3830082222443498,16.617179650654425,26.13244606498017,-31.211745620614476,3.040091864,1.534251969,,,,"83.4",2409,"5.8",824681,663886,668715,701398,663647,680574,668709,667472,694362,"54.72",,,,,,,,36,4,"Sweeper",7,0,7,0,0,7,7,0,"Strategic","Standard",72,"-0.001","-0.09",,,,"0.09",,7,7,0.986,0.986,25,22,25,23,1,2,2,1,5,2,"3.13","-1.64","1.64","35.6",,,,,
"SI","2026-05-07","89.3","2.32","5.78","Quintana, Jose",543760,500779,"walk","ball",,,,,12,"Brett Sullivan challenged (pitch result), call on the field was confirmed: Marcus Semien walks. Austin Slater to 2nd.","R","R","L","COL","NYM","B",,,3,2,2026,"0.95","0.98",0.15496864482705608,3.459060838475696,,,596103,0,2,"Top",,,,,,,-7.301173801654266,-129.9783713030186,-1.6556685850522608,12.27600224895169,25.878388987135523,-20.908953576114936,3.212106299,1.621062992,,,,"89.6",1991,"6.4",824362,664954,681198,666397,691720,650489,666160,664983,687859,"54.14",,0.704857,"0.7",1,0,0,,8,6,"Sinker",0,0,0,0,0,0,0,0,"Standard","Strategic",166,"-0.048","0.34",,,,"-0.34",,0,0,0.453,0.5469999999999999,37,35,37,36,1,0,6,1,6,1,"1.87","0.95","-0.95","45.3",,,,,
"SI","2026-05-07","95.1","-1.45","5.74","Ginn, J.T.",666969,669372,"strikeout","called_strike",,,,,8,"Shea Langeliers challenged (pitch result), call on the field was overturned: Adolis García called out on strikes.","R","R","R","PHI","ATH","S",2,,3,2,2026,"-0.99","0.5",-0.026656154274710575,1.5666175756895402,,,,0,2,"Bot",,,,,,,5.9944263519821614,-138.40561629544686,-6.300794655957392,-13.983885162869292,27.762075461003466,-24.632960895865473,3.216494423,1.623277559,,,,"96.5",1916,"6.9",823467,669127,701762,643446,680869,805779,691016,671732,666126,"53.62",,0,"0",1,0,0,,15,6,"Sinker",0,4,0,4,4,0,0,4,"Standard","Standard",226,"-0.024","-0.345",,,,"0.345",,-4,-4,0.186,0.186,27,33,27,33,1,0,6,1,6,1,"2","0.99","0.99","43.8",,,,,
"FF","2026-05-07","94","-2.06","5.02","Warren, Austin",666160,681810,,"ball",,,,,13,,"R","L","R","COL","NYM","B",,,0,0,2026,"-1.01","0.91",-0.8649959222294202,2.2776077587012185,,,,1,7,"Bot",,,,,,,5.371582718277768,-136.92803424159374,-3.3376985741699876,-13.833264336322951,26.754738345047823,-20.11727747471783,3.254232283,1.642322835,,,,"95.1",2434,"6.6",824362,682626,668901,543760,666182,660644,701807,621438,596103,"53.9",,,,,,,,57,1,"4-Seam Fastball",2,2,2,2,2,2,2,2,"Standard","Standard",229,"0.004","0.039",,,,"-0.039",,0,0,0.55,0.55,30,28,30,28,1,3,3,1,2,1,"1.64","1.01","-1.01","28.9",,,,,
"SI","2026-05-07","96.8","-1.24","5.88","Faucher, Calvin",683002,676534,,"ball",,,,,13,,"R","L","R","MIA","BAL","B",,,0,0,2026,"-1.54","0.43",-0.8755652239103524,2.4940951567323975,,,677942,2,9,"Top",,,,,,,4.4790594749207795,-140.80702614397006,-4.175794654960153,-21.415216098477202,35.557718609654174,-25.63247996089169,3.328830381,1.679970472,,,,"95.4",2302,"5.8",823870,691788,689414,669364,691594,672640,681715,805300,665923,"54.74",,,,,,,,69,1,"Sinker",3,3,3,3,3,3,3,3,"Standard","Standard",219,"-0.005","0.035",,,,"-0.035",,0,0,0.574,0.42600000000000005,30,25,31,25,1,4,3,1,3,1,"2.02","1.54","-1.54","51.2",,,,,
"SL","2026-05-07","86.7","2.52","6.57","Banks, Tanner",671732,621383,,"called_strike",,,,,8,,"R","L","L","PHI","ATH","S",,,0,0,2026,"-0.42","0.21",-0.16602287496989265,1.5863573190173494,,,,1,5,"Top",,,,,,,-5.3934664501460565,-126.05327199282115,-5.815077024745475,-3.36568060991361,25.40643831051748,-28.95090057606945,3.34375,1.6875,,,,"85.5",2279,"5.6",823467,665561,547180,681082,624641,607208,669016,702222,666969,"54.94",,,,,,,,38,1,"Slider",1,8,8,1,8,1,8,1,"Standard","Standard",182,"0","-0.039",,,,"0.039",,-7,7,0.024,0.976,34,25,35,26,1,2,3,1,2,1,"2.83","-0.42","-0.42","51.0",,,,,
"FF","2026-05-07","94.1","-2.07","5.75","Keller, Mitch",682998,656605,,"ball",,,,,11,,"R","L","R","AZ","PIT","B",,,0,0,2026,"-0.73","1.19",-0.25910959542373824,3.260913224494299,,672695,,1,1,"Bot",,,,,,,6.289027852270807,-136.8841759989585,-3.223342251799921,-10.55982417786525,31.330284127121658,-16.753963644716116,3.10328084,1.566141732,,,,"94.3",2244,"6.5",825090,663698,687462,664040,669707,804606,668804,695257,656811,"54.01",,,,,,,,7,1,"4-Seam Fastball",0,1,0,1,1,0,0,1,"Standard","Standard",219,"0.002","0.028",,,,"-0.028",,-1,-1,0.467,0.467,30,25,30,26,1,0,6,1,6,1,"1.4","0.73","-0.73","31.0",,,,,
"ST","2026-05-07","79","1.94","5.59","Rogers, Taylor",682928,573124,,"called_strike",,,,,3,,"R","L","L","WSH","MIN","S",,,0,1,2026,"-1.49","0.13",0.34665798123939684,3.287527831937956,,695734,678554,1,7,"Bot",,,,,,,-0.6112667316042589,-115.06933395688915,1.687321039193473,-13.047106164274732,22.121197335574188,-31.54590882941556,3.222637795,1.626377953,,,,"78",2679,"5.6",822741,680777,605170,807712,656484,686797,668885,621439,681546,"54.86",,,,,,,,65,2,"Sweeper",7,5,7,5,5,7,7,5,"Standard","Standard",287,"-0.005","-0.053",,,,"0.053",,2,2,0.9,0.9,35,25,36,26,1,3,4,1,2,1,"3.52","-1.49","-1.49","27.9",,,,,
"FF","2026-05-07","99.5","-1.87","5.95","Mejia, Juan",682626,675848,,"ball",,,,,14,,"R","R","R","COL","NYM","B",,,0,0,2026,"-0.48","0.93",0.9778155626129473,1.8041958870145434,,,,1,7,"Top",,,,,,,8.7806074113119,-144.65990293301743,-7.988304177750263,-8.539174988375857,28.88611814971434,-17.461762854823444,3.120833333,1.575,,,,"99.5",2491,"6",824362,664954,681198,666397,691720,650489,666160,664983,687859,"54.47",,,,,,,,52,1,"4-Seam Fastball",2,2,2,2,2,2,2,2,"Infield shade","Standard",213,"-0.004","0.039",,,,"-0.039",,0,0,0.539,0.46099999999999997,25,24,26,25,1,2,3,1,1,1,"1.35","0.48","0.48","37.2",,,,,
"ST","2026-05-07","82.8","2.04","5.32","Romero, JoJo",592206,668941,"strikeout","called_strike",,,,,6,"Pedro Pagés challenged (pitch result), call on the field was overturned: Nick Castellanos called out on strikes.","R","R","L","SD","STL","S",2,,0,2,2026,"-1.81","-0.27",0.780236563737323,2.773761925790579,,,,1,8,"Bot",,,,,,,0.7418296087816598,-120.48048655686223,1.3895288095329712,-17.73396050837219,25.034261122610804,-35.28475378048672,3.329708005,1.680413386,,,,"81.1",2786,"5.3",823306,686780,676475,802139,669357,691026,701675,687363,691023,"55.23",,0,"0",1,0,0,,57,3,"Sweeper",1,2,1,2,2,1,1,2,"Standard","Standard",303,"-0.029","-0.163",,,,"0.163",,-1,-1,0.226,0.226,29,34,30,34,1,2,3,1,3,3,"3.61","-1.81","1.81","32.0",,,,,
"ST","2026-05-07","81","-2.28","5.46","Thornton, Trent",680574,663423,,"ball",,,,,11,,"R","R","R","CHC","CIN","B",,,2,2,2026,"0.91","0.26",-0.07840977563345719,3.2173418660316853,,,,0,7,"Top",,,,,,,3.060916107081795,-117.74709274533954,1.4462051988596991,7.6315798279888964,26.743409385518333,-30.412963377795187,3.047112861,1.537795276,,,,"80",2792,"6.1",824681,665804,683737,663538,608324,621020,664023,691718,624424,"54.42",,,,,,,,59,5,"Sweeper",8,1,1,8,1,8,1,8,"Standard","Standard",47,"-0.001","0.112",,,,"-0.112",,7,-7,0.991,0.009000000000000008,32,26,33,27,1,3,1,1,5,1,"3.28","-0.91","-0.91","40.8",,,,,
"FF","2026-05-07","97.3","-0.58","6.7","Petersen, Michael",669236,656848,,"called_strike",,,,,7,,"R","R","R","MIA","BAL","S",,,0,0,2026,"-0.7","1.74",-0.8117266152459175,1.9862553593102112,,,,1,7,"Top",,,,,,,0.9971744866308829,-141.27728057520642,-10.839884097666888,-9.556176084516535,33.099645751972744,-6.536747530942279,3.175246063,1.60246063,,,,"96.8",2471,"6.2",823870,689414,681393,677870,691594,672640,681715,805300,665923,"54.29",,,,,,,,50,1,"4-Seam Fastball",3,2,2,3,2,3,2,3,"Standard","Standard",205,"0.005","-0.039",,,,"0.039",,1,-1,0.736,0.264,32,26,32,26,1,2,2,1,2,1,"0.68","0.7","0.7","56.6",,,,,
"CH","2026-05-07","89.2","3.19","5.42","Nardi, Andrew",694212,677053,,"called_strike",,,,,7,,"R","L","L","MIA","BAL","S",,,0,0,2026,"1.41","0.47",-0.7072596997716534,1.6121143869756684,,,,0,6,"Top",,,,,,,-12.486267951437508,-129.2727446462578,-4.10524549016043,18.303585578450345,25.833485255784026,-26.251704439349,3.393774606,1.712746063,,,,"89.5",1644,"6.6",823870,689414,681393,677870,691594,672640,681715,805300,665923,"53.87",,,,,,,,43,1,"Changeup",3,2,2,3,2,3,2,3,"Infield shade","Standard",128,"0.005","-0.039",,,,"0.039",,1,-1,0.66,0.33999999999999997,27,21,28,22,1,2,2,1,2,1,"2.41","1.41","1.41","37.0",,,,,
"SL","2026-05-06","81.2","-1.25","6.02","Ober, Bailey",678554,641927,"strikeout","called_strike",,,,,9,"Victor Caratini challenged (pitch result), call on the field was overturned: Curtis Mead called out on strikes.","R","R","R","WSH","MIN","S",2,,2,2,2026,"0.36","0.35",0.7934597971920971,1.6426462643040276,,695578,,2,5,"Bot",,,,,,,3.889865772574362,-118.325124634202,-3.7771741260322287,2.7410610277939416,19.7147149035857,-28.39153341454288,3.247211286,1.638779528,,,,"83.1",2087,"7.2",822740,605170,665019,807712,656484,686797,663616,621439,670242,"53.34",,0,"0",1,0,0,,39,5,"Slider",3,2,3,2,2,3,3,2,"Infield shade","Standard",170,"-0.029","-0.22",,,,"0.22",,1,1,0.689,0.689,30,25,31,26,3,2,6,1,6,1,"3.06","-0.36","-0.36","30.6",,,,,
"CH","2026-05-06","90.9","1.57","5.63","Schultz, Noah",687093,702273,,"ball",,,,,13,,"R","R","L","LAA","CWS","B",,,2,0,2026,"1.44","0.37",-0.10443751536340007,1.4945770752211827,669326,,687263,2,4,"Bot",,,,,,,-7.323587050770525,-131.97249598093444,-4.905179068795656,18.48659992827213,33.02466471407243,-26.90550025918102,3.301624016,1.666240158,,,,"90.5",1899,"6.6",824036,691011,808959,805367,678246,695657,803011,671976,672284,"53.92",,,,,,,,37,3,"Changeup",5,1,5,1,1,5,5,1,"Standard","Standard",106,"0.002","0.079",,,,"-0.079",,4,4,0.914,0.914,22,25,23,25,3,2,5,1,7,2,"2.44","1.44","-1.44","21.4",,,,,
"FF","2026-05-06","98.8","-1.56","6.01","Pérez, Eury",621493,691587,"walk","ball",,,,,13,"Joe Mack challenged (pitch result), call on the field was confirmed: Taylor Ward walks.","R","R","R","MIA","BAL","B",,,3,2,2026,"-0.9","1.68",-0.9498326419002969,1.870609736081546,,,,2,5,"Top",,,,,,,3.8102395191945937,-143.42549262177295,-9.486704501343583,-13.318036896170415,39.95985525378113,-6.89825241042119,3.190165682,1.609990158,,,,"98.3",2672,"6.6",823872,691788,689414,669364,681393,691594,669065,805300,683357,"53.88",,0.704857,"0.7",1,0,0,,39,7,"4-Seam Fastball",3,4,4,3,4,3,4,3,"Infield shade","Standard",213,"-0.011","0.259",,,,"-0.259",,-1,1,0.402,0.598,23,32,23,33,3,2,5,1,6,1,"0.7","0.9","0.9","36.3",,,,,
"FS","2026-05-06","89.5","-2.15","5.74","Eovaldi, Nathan",663757,543135,"strikeout","called_strike",,,,,3,"Kyle Higashioka challenged (pitch result), call on the field was overturned: Trent Grisham called out on strikes.","R","L","R","NYY","TEX","S",2,,1,2,2026,"-1.05","0",0.5192211880164415,3.0222852303714425,,,,1,6,"Bot",,,,,,,8.807578566808345,-130.12450911400782,-0.5031142967465334,-13.800921138220664,26.545449834895873,-32.31987322475409,3.138385827,1.583858268,,,,"90.1",1570,"6.7",823550,543309,669394,677649,673962,608369,696030,694497,457705,"53.84",,0,"0",1,0,0,,49,4,"Split-Finger",0,6,0,6,6,0,0,6,"Infield shade","Standard",238,"-0.003","-0.18",,,,"0.18",,-6,-6,0.022,0.022,36,29,36,30,3,2,7,1,,1,"2.85","1.05","-1.05","37.4",,,,,
"FF","2026-05-06","91.9","1.86","6.2","Springs, Jeffrey",547180,605488,,"ball",,,,,13,,"R","L","L","PHI","ATH","B",,,1,2,2026,"0.61","1.63",-0.933645889797005,2.428385801050979,,,,0,6,"Bot",,,,,,,-8.380252224009908,-133.38205185518817,-7.07881626135136,9.099967536888395,29.258325035746402,-11.35451221277297,3.26476378,1.647637795,,,,"92.3",2282,"6.7",823470,641680,701762,643446,680869,805779,691016,671732,666126,"53.77",,,,,,,,46,4,"4-Seam Fastball",1,3,1,3,3,1,1,3,"Infield shade","Standard",152,"0.006","0.043",,,,"-0.043",,-2,-2,0.249,0.249,33,33,34,34,3,2,6,1,6,1,"1.09","0.61","0.61","50.6",,,,,
"CH","2026-05-06","89.8","-0.99","6.49","Ureña, Walbert",671976,700712,,"called_strike",,,,,6,,"R","L","R","LAA","CWS","S",,,2,1,2026,"-1.47","0.8",0.6761358650723968,2.5797198522926807,,,,0,5,"Top",,,,,,,7.219982574866506,-130.40882633845737,-5.111071461832842,-18.328487006065824,30.032209907768312,-22.111091102432912,3.19718668,1.613533465,,,,"89.1",1719,"6.2",824036,665861,694384,687093,672724,687263,669326,545361,666176,"54.29",,,,,,,,41,4,"Changeup",7,1,1,7,1,7,1,7,"Standard","Standard",236,"0.002","-0.073",,,,"0.073",,6,-6,0.961,0.039000000000000035,22,26,22,26,2,1,5,1,6,2,"2.06","1.47","-1.47","46.2",,,,,
"ST","2026-05-06","80.3","-1.93","5.11","Wheeler, Zack",666126,554430,,"called_strike",,,,,2,,"R","L","R","PHI","ATH","S",,,1,1,2026,"1.66","-0.15",-0.008187409255030254,2.8118932063881177,,,,1,4,"Top",,,,,,,1.0032595927303496,-116.80949439466241,2.201242047758903,14.81368464470925,24.817769237078835,-34.251693095070735,2.990067257,1.509005906,,,,"80.4",2683,"6.7",823470,592663,547180,624641,664761,607208,694025,669016,666969,"53.84",,,,,,,,26,3,"Sweeper",0,1,1,0,1,0,1,0,"Standard","Standard",59,"0.004","-0.064",,,,"0.064",,-1,1,0.401,0.599,36,29,36,29,2,1,5,4,6,1,"3.73","-1.66","1.66","23.4",,,,,
"SI","2026-05-06","87.7","1.27","5.39","Pérez, Martín",656582,527048,,"called_strike",,,,,9,,"R","R","L","SEA","ATL","S",,,2,1,2026,"1.57","0.54",0.7779727333334021,1.8993521045447426,,,,0,5,"Bot",,,,,,,-4.474219821690637,-127.59851104162951,-3.1998033450924117,18.089556044167903,27.379227125573166,-25.79179992639408,3.173490814,1.601574803,,,,"87.3",1994,"6.2",823141,669221,621566,645277,663586,805347,671739,643289,573262,"54.33",,,,,,,,34,4,"Sinker",1,0,1,0,0,1,1,0,"Standard","Standard",130,"-0.006","-0.073",,,,"0.073",,1,1,0.711,0.711,35,33,35,34,2,1,8,2,7,4,"2.43","1.57","-1.57","39.6",,,,,
"FS","2026-05-06","88.1","-1.51","5.5","Rea, Colin",668715,607067,"strikeout","called_strike",,,,,7,"Carson Kelly challenged (pitch result), call on the field was overturned: Spencer Steer called out on strikes.","R","R","R","CHC","CIN","S",2,,2,2,2026,"-0.89","0.03",-0.7897960405639518,1.8715529790737886,,,,1,4,"Top",,,,,,,3.6198740913014165,-128.31501315528604,-2.579100482735296,-10.568286067445888,25.864840418339234,-31.55395468256757,3.096259843,1.562598425,,,,"88.8",1328,"6.6",824683,608348,683737,663538,608324,621020,664023,691718,673548,"53.85",,0,"0",1,0,0,,27,5,"Split-Finger",2,1,1,2,1,2,1,2,"Standard","Standard",247,"0.017","-0.228",,,,"0.228",,1,-1,0.655,0.345,35,28,36,29,2,1,5,1,6,1,"2.9","0.89","0.89","31.6",,,,,
"CU","2026-05-06","81.3","0.58","6.26","McClanahan, Shane",676914,663556,,"called_strike",,,,,3,,"R","R","L","TB","TOR","S",,,0,1,2026,"-0.58","-1.08",0.36639442182346116,3.0035367227261256,,,,1,5,"Top",,,,,,,0.6650547291105149,-118.33658123885704,1.7334214748757821,-5.524026778762559,25.181239552344053,-42.86223788980138,3.045357612,1.536909449,,,,"81.5",2565,"6.7",822985,663743,666018,810938,691406,670764,802415,676356,668723,"53.82",,,,,,,,33,2,"Curveball",2,0,0,2,0,2,0,2,"Infield shade","Standard",321,"0.005","-0.052",,,,"0.052",,2,-2,0.783,0.21699999999999997,29,27,29,27,2,1,5,4,6,2,"4.56","-0.58","0.58","43.4",,,,,
"FF","2026-05-06","95.9","-1.71","5.13","Wheeler, Zack",671732,554430,,"called_strike",,,,,7,,"R","L","R","PHI","ATH","S",,,3,1,2026,"-1.17","1.28",-0.5097488777736612,1.7634272706077274,,,,0,3,"Top",,,,,,,5.892570655881262,-139.3772193298647,-6.06752487865064,-16.571669289352588,32.95212471858759,-14.345356475150933,3.34375,1.6875,,,,"96.9",2562,"7",823470,592663,547180,624641,664761,607208,694025,669016,666969,"53.47",,,,,,,,17,5,"4-Seam Fastball",0,0,0,0,0,0,0,0,"Standard","Standard",227,"0.01","-0.094",,,,"0.094",,0,0,0.484,0.516,36,25,36,26,1,0,5,3,6,1,"1.22","1.17","-1.17","23.1",,,,,
"FF","2026-05-06","92.5","0.4","5.83","Cantillo, Joey",679845,676282,,"called_strike",,,,,7,,"R","R","L","KC","CLE","S",,,0,0,2026,"0.69","1.33",-0.37163199229283006,1.5073443555445896,521692,,516782,2,2,"Bot",,,,,,,-3.509051368321262,-134.49215814591503,-8.030152861251075,9.07871710226463,29.624498776376054,-14.454072443725979,3.18226706,1.606003937,,,,"93.9",1822,"7.2",824118,595978,656555,682177,608070,677587,682657,690984,681807,"53.31",,,,,,,,16,1,"4-Seam Fastball",0,0,0,0,0,0,0,0,"Standard","Standard",154,"-0.008","-0.035",,,,"0.035",,0,0,0.551,0.551,26,27,27,28,1,0,5,2,5,1,"1.34","0.69","-0.69","52.1",,,,,
"CH","2026-05-06","84.2","-1.53","5.8","Lorenzen, Michael",701807,547179,,"ball",,,,,14,,"R","L","R","COL","NYM","B",,,0,2,2026,"-1.18","0.52",0.1702503761186751,1.4846364161918095,,,543760,0,2,"Top",,,,,,,6.206110142005448,-122.50957649871819,-4.47300756643859,-13.06211283355974,21.92116621033672,-26.24841432737372,3.259498032,1.644980315,,,,"83.8",2023,"5.8",824361,696100,681198,666397,691720,678662,687859,664983,671289,"54.66",,,,,,,,10,5,"Changeup",0,1,1,0,1,0,1,0,"Infield shade","Standard",243,"-0.003","0.017",,,,"-0.017",,-1,1,0.376,0.624,34,23,34,23,1,0,6,2,6,1,"2.67","1.18","-1.18","39.7",,,,,
"SI","2026-05-06","94.1","-2.71","5.7","De los Santos, Yerry",457705,660787,,"called_strike",,,,,3,,"R","R","R","NYY","TEX","S",,,1,0,2026,"-1.52","0.54",0.4796682002478099,3.1284527077918827,,,696030,0,6,"Top",,,,,,,11.583547289858071,-136.4802834697046,-1.9273434387534225,-21.59176689709291,31.46107150908091,-25.265668148954585,3.12960958,1.579429134,,,,"93.8",2053,"6.4",823550,669224,502671,665862,641857,676609,641355,663757,592450,"54.08",,,,,,,,44,2,"Sinker",0,6,6,0,6,0,6,0,"Strategic","Standard",235,"0.001","-0.048",,,,"0.048",,-6,6,0.022,0.978,28,39,29,40,1,2,22,1,,1,"2.07","1.52","1.52","25.3",,,,,
"SI","2026-05-06","93.6","-3.37","5.32","Warren, Will",543309,701542,,"called_strike",,,,,1,,"R","R","R","NYY","TEX","S",,,0,0,2026,"-1.31","0.74",-0.7673848111032131,2.963562516319371,,,,1,2,"Top",,,,,,,9.630585762918521,-135.82536237938334,-1.6830609842702287,-18.498577226565843,34.94906009983169,-22.997485860243877,3.245456037,1.637893701,,,,"93.4",2371,"6.7",823550,669224,502671,665862,641857,676609,641355,663757,592450,"53.77",,,,,,,,10,1,"Sinker",0,1,1,0,1,0,1,0,"Infield shade","Standard",230,"0.002","-0.039",,,,"0.039",,-1,1,0.418,0.5820000000000001,27,36,27,36,1,0,5,1,6,3,"1.92","1.31","1.31","25.3",,,,,
"CU","2026-05-06","75.6","1.32","5.76","Pérez, Martín",656582,527048,,"called_strike",,,,,8,,"R","R","L","SEA","ATL","S",,,0,0,2026,"-0.34","-0.29",0.1726501711591601,1.6194081853621594,,,702284,2,2,"Bot",,,,,,,-1.7204636273009002,-110.09515687748582,-0.7740413921584919,-2.474893198976746,19.53110700824392,-34.6437083337037,3.173490814,1.601574803,,,,"75.2",2323,"5.9",823141,669221,621566,645277,663586,805347,671739,643289,573262,"54.56",,,,,,,,14,1,"Curveball",0,0,0,0,0,0,0,0,"Standard","Standard",294,"-0.004","-0.042",,,,"0.042",,0,0,0.524,0.524,35,33,35,34,1,0,8,2,7,4,"4.28","-0.34","0.34","46.5",,,,,
"FF","2026-05-06","91.7","1.77","6.23","Springs, Jeffrey",624641,605488,,"called_strike",,,,,1,,"R","R","L","PHI","ATH","S",,,0,1,2026,"0.74","1.46",-0.739067198689784,2.9840381103352533,,,,0,2,"Bot",,,,,,,-7.934429774457218,-133.23949123397125,-5.33064441049144,10.62826164436443,30.788330823751174,-13.868316313719648,3.186655184,1.608218504,,,,"92",2185,"6.7",823470,641680,701762,643446,680869,805779,691016,671732,666126,"53.79",,,,,,,,12,2,"4-Seam Fastball",0,0,0,0,0,0,0,0,"Standard","Standard",156,"-0.006","-0.055",,,,"0.055",,0,0,0.548,0.548,33,30,34,30,1,0,6,4,6,1,"1.28","0.74","-0.74","51.7",,,,,
"FF","2026-05-06","96.5","-2.48","5.66","Smith, Cade",686555,671922,"strikeout","called_strike",,,,,6,"Austin Hedges challenged (pitch result), call on the field was overturned: Isaac Collins called out on strikes.","R","L","R","KC","CLE","S",2,,1,2,2026,"-0.65","1.52",0.7099719773493361,2.534005497740041,,,686469,2,9,"Bot",,,,,,,10.064209790533303,-140.1599316012002,-6.167719443292389,-10.791875550618446,31.433490304613414,-10.898604825083396,3.012885499,1.520521654,,,,"98.3",2155,"7.4",824118,595978,700932,682177,608070,677587,682657,690984,681807,"53.14",,0,"0",1,0,0,,72,4,"4-Seam Fastball",1,3,1,3,3,1,1,3,"Infield shade","Standard",210,"-0.046","-0.183",,,,"0.183",,-2,-2,0.046,0.046,27,28,27,29,1,3,5,1,1,1,"0.94","0.65","-0.65","40.2",,,,,
"SI","2026-05-06","96.9","-1.36","6.32","Keller, Brad",680869,641745,,"called_strike",,,,,8,,"R","R","R","PHI","ATH","S",,,0,1,2026,"-0.91","0.99",0.14999666708065107,1.5935066377863634,,643446,671732,1,9,"Top",,,,,,,6.067185489517563,-140.82792789638984,-9.088209252272112,-13.530543983218127,31.498302838398157,-17.13399937948778,3.291970144,1.66136811,,,,"96.6",2276,"6.2",823470,592663,547180,681082,624641,607208,669016,702222,666969,"54.35",,,,,,,,74,2,"Sinker",6,3,3,6,3,6,3,6,"Standard","Standard",199,"0.014","-0.053",,,,"0.053",,3,-3,0.918,0.08199999999999996,30,26,31,27,1,3,2,1,2,1,"1.44","0.91","0.91","46.5",,,,,
"FC","2026-05-06","89.8","-3.33","5.25","Kelly, Zack",690993,677161,,"ball",,,,,13,,"R","L","R","DET","BOS","B",,,2,1,2026,"0.34","0.56",-0.1362776547162765,1.34721211883161,,,663837,1,8,"Bot",,,,,,,7.173336976718901,-130.66447490068842,-4.789546327285188,2.654629785365193,23.656863136340995,-24.97274753673849,3.27792815,1.654281496,,,,"91.6",2442,"7.1",824282,665966,575929,691785,702332,596115,680776,678882,677800,"53.43",,,,,,,,65,4,"Cutter",0,4,0,4,4,0,0,4,"Strategic","Standard",178,"0.01","0.109",,,,"-0.109",,-4,-4,0.049,0.049,31,24,31,25,1,3,3,2,4,2,"2.23","-0.34","0.34","36.3",,,,,
"ST","2026-05-06","72.9","3.43","5.1","Manaea, Sean",671289,640455,,"ball",,,,,13,,"R","R","L","COL","NYM","B",,,0,0,2026,"-1.19","0.45",-0.6590470458294402,1.45917676779341,666160,696100,681198,1,9,"Bot",,,,,,,-6.067580573040166,-106.12429703915981,-0.5989256553685112,-8.16276682247424,16.13332255102645,-28.83100054984002,3.150672572,1.590059055,,,,"73.6",2329,"6.6",824361,620443,668901,543760,683146,666182,665742,701807,621438,"53.94",,,,,,,,85,1,"Sweeper",4,10,4,10,10,4,4,10,"Standard","Standard",270,"0.003","0.038",,,,"-0.038",,-6,-6,0.018,0.018,34,27,34,27,1,4,7,2,4,1,"3.79","-1.19","1.19","16.6",,,,,
"FF","2026-05-06","99.5","-2.55","4.98","Fuentes, Didier",660844,800311,"strikeout","called_strike",,,,,6,"Sean Murphy challenged (pitch result), call on the field was overturned: Leo Rivas called out on strikes.","R","L","R","SEA","ATL","S",2,,1,2,2026,"-1.04","1.3",0.7428812525211019,2.1690750364136675,,,,1,7,"Bot",,,,,,,11.553825722452979,-144.4841152704119,-5.2920727790691995,-17.23396457294749,32.61893123813447,-12.80578921809123,3.006742126,1.51742126,,,,"100.8",2275,"7.1",823141,669221,621566,645277,663586,805347,671739,643289,573262,"53.44",,0,"0",1,0,0,,51,4,"4-Seam Fastball",2,0,2,0,0,2,2,0,"Strategic","Standard",223,"-0.006","-0.18",,,,"0.18",,2,2,0.874,0.874,21,28,21,29,1,2,3,1,6,3,"1","1.04","-1.04","23.8",,,,,
"SI","2026-05-06","92.9","-1.7","4.72","Criswell, Cooper",663586,681867,,"ball",,,,,14,,"R","R","R","SEA","ATL","B",,,1,2,2026,"-1.39","-0.15",1.1000693884459267,2.359531214885862,,,,2,7,"Top",,,,,,,10.259588546215834,-134.81192330926314,0.33845135197543863,-19.185206418199012,30.759100925200713,-34.29254623970878,3.273540026,1.652066929,,,,"93.5",2180,"6.9",823141,640902,647304,702284,660844,641487,668227,677594,656582,"53.61",,,,,,,,49,5,"Sinker",2,0,0,2,0,2,0,2,"Standard","Standard",259,"-0.002","0.042",,,,"-0.042",,2,-2,0.877,0.123,29,29,30,29,1,2,4,1,5,2,"2.81","1.39","1.39","3.9",,,,,
"CH","2026-05-06","83.4","-0.97","6.56","Baker, Bryan",672960,641329,,"called_strike",,,,,9,,"R","R","R","TB","TOR","S",,,0,0,2026,"-1.19","0.74",0.5765017261680776,1.7826983125675535,,,,2,8,"Top",,,,,,,5.8822166682020045,-121.29525528722245,-5.738686568056021,-12.89555776601578,24.171156017114335,-23.94321824943064,3.255987533,1.643208661,,,,"83.2",1698,"6.2",822985,663743,666018,810938,691406,670764,802415,656775,676356,"54.29",,,,,,,,57,1,"Changeup",2,0,0,2,0,2,0,2,"Infield shade","Strategic",223,"0.002","-0.043",,,,"0.043",,2,-2,0.925,0.07499999999999996,31,30,32,30,1,3,2,1,4,2,"2.55","1.19","1.19","56.4",,,,,
"SI","2026-05-06","92.7","3.54","5.92","Hurter, Brant",596115,676428,,"called_strike",,,,,1,,"R","R","L","DET","BOS","S",,,0,1,2026,"1.35","0.47",-0.6363614308235199,3.2644126639227022,702332,680776,575929,2,7,"Top",,,,,,,-13.40204341865836,-134.41764427606705,-1.8112179852645325,19.17147467297874,28.35682872252334,-26.30867213828832,3.241945538,1.636122047,,,,"92",2179,"6",824282,693307,679529,656716,690993,805808,682985,663837,681481,"54.47",,,,,,,,54,2,"Sinker",0,4,4,0,4,0,4,0,"Standard","Standard",124,"0.004","-0.05",,,,"0.05",,-4,4,0.057,0.943,27,33,28,34,1,3,3,1,2,1,"2.2","1.35","-1.35","30.9",,,,,
"CH","2026-05-06","83.8","-2.51","5.13","Williams, Devin",691720,642207,,"ball",,,,,13,,"R","R","R","COL","NYM","B",,,1,2,2026,"-1.58","-0.12",-0.6642430279921061,1.507935968996661,696100,681198,671289,2,9,"Bot",,,,,,,7.518224876281308,-121.94271365982698,-1.5620914091888491,-17.235433577101887,22.0547386078049,-33.25901093140818,3.431512467,1.731791339,,,,"85.4",2806,"7.2",824361,620443,668901,543760,683146,666182,665742,701807,621438,"53.34",,,,,,,,87,4,"Changeup",5,10,5,10,10,5,5,10,"Standard","Standard",272,"0.002","0.034",,,,"-0.034",,-5,-5,0.012,0.012,31,23,32,24,1,4,2,2,2,1,"3.34","1.58","1.58","14.3",,,,,
"SI","2026-05-06","88.6","3.19","5.22","Manaea, Sean",666160,640455,,"called_strike",,,,,4,,"R","L","L","COL","NYM","S",,,2,1,2026,"1.21","0.47",-0.8038658241686982,2.59987698439263,,,,1,9,"Bot",,,,,,,-12.275942028163556,-128.69971513382865,-1.252126462604044,15.694419895828624,20.81430153792799,-26.87217390123087,3.254232283,1.642322835,,,,"89.9",2132,"6.7",824361,620443,668901,543760,683146,666182,665742,701807,621438,"53.79",,,,,,,,82,4,"Sinker",4,10,4,10,10,4,4,10,"Infield shade","Standard",125,"0","-0.07",,,,"0.07",,-6,-6,0.001,0.001,34,28,34,28,1,4,7,2,4,1,"2.4","1.21","1.21","19.1",,,,,
"SI","2026-05-06","90.5","1.55","5.78","Seymour, Ian",662139,693855,,"ball",,,,,12,,"R","L","L","TB","TOR","B",,,0,0,2026,"1.26","0.85",0.47018253176646474,3.2256832677751275,,,,1,9,"Top",,,,,,,-5.385478666352509,-131.70365855197068,-2.0641361614126437,15.81640248381925,29.991713476105822,-22.08363776271856,3.036581365,1.532480315,,,,"90.2",2057,"6.2",822985,663743,666018,810938,691406,670764,802415,656775,676356,"54.25",,,,,,,,65,1,"Sinker",3,0,0,3,0,3,0,3,"Standard","Standard",151,"-0.002","0.039",,,,"-0.039",,3,-3,0.985,0.015000000000000013,27,29,28,30,1,1,2,1,5,2,"1.95","1.26","1.26","44.8",,,,,
"SI","2026-05-06","90.2","-1.43","4.93","Maton, Phil",701398,664208,,"called_strike",,,,,8,,"R","R","R","CHC","CIN","S",,,0,0,2026,"-1.18","0.48",0.2737219609425674,1.5288135413372972,,,,1,8,"Top",,,,,,,6.811703105640774,-131.10443388190768,-3.2898562858281992,-15.128085584748279,29.943477175710374,-26.167384536726416,3.239312664,1.634793307,,,,"90.7",2402,"6.8",824683,608348,683737,663538,608324,621020,664023,691718,673548,"53.66",,,,,,,,60,1,"Sinker",4,2,2,4,2,4,2,4,"Standard","Standard",220,"0.004","-0.039",,,,"0.039",,2,-2,0.9,0.09999999999999998,33,22,33,23,1,3,2,1,4,1,"2.35","1.18","1.18","21.3",,,,,
"FF","2026-05-06","94","-2.91","6.05","Gaddis, Hunter",672580,683769,"walk","ball",,,,,11,"Austin Hedges challenged (pitch result), call on the field was confirmed: Maikel Garcia walks.","R","R","R","KC","CLE","B",,,3,1,2026,"-0.55","1.53",-0.8948674862003833,3.2685963278110735,,,,1,8,"Bot",,,,,,,6.4674817124801525,-136.6582228251757,-4.763188332402387,-8.340966210764925,30.87793772342277,-12.17642268400993,3.262130906,1.646309055,,,,"94.8",2318,"6.9",824118,595978,700932,682177,608070,677587,682657,690984,681807,"53.64",,0.704857,"0.7",1,0,0,,62,5,"4-Seam Fastball",1,3,1,3,3,1,1,3,"Strategic","Standard",216,"0.033","0.253",,,,"-0.253",,-2,-2,0.145,0.145,28,26,28,26,1,3,4,1,1,1,"1.06","0.55","0.55","33.2",,,,,
"ST","2026-05-06","86.1","-2.33","5.38","Perkins, Jack",681082,678022,"strikeout","called_strike",,,,,7,"Jonah Heim challenged (pitch result), call on the field was overturned: Bryson Stott called out on strikes.","R","L","R","PHI","ATH","S",2,,2,2,2026,"1.02","0.36",-0.6974247463087024,1.5262158060418827,,,,0,7,"Bot",,,,,,,1.7325278485175648,-125.4297601617496,-3.448497891703939,10.420780657077708,24.68308529079774,-27.943942375241274,3.225270669,1.627706693,,,,"86.2",2611,"6.2",823470,641680,701762,643446,680869,805779,691016,671732,666126,"54.26",,0,"0",1,0,0,,54,5,"Sweeper",2,3,2,3,3,2,2,3,"Infield shade","Standard",58,"-0.041","-0.232",,,,"0.232",,-1,-1,0.357,0.357,26,28,27,29,1,0,6,1,2,1,"2.71","-1.02","1.02","36.2",,,,,
"SL","2026-05-06","90.1","0.05","6.31","Ashcraft, Graham",683737,668933,"strikeout","called_strike",,,,,2,"Tyler Stephenson challenged (pitch result), call on the field was overturned: Michael Busch called out on strikes.","R","L","R","CHC","CIN","S",2,,1,2,2026,"0.51","-0.24",0.018340972345183948,3.215918271999229,,,,0,9,"Bot",,,,,,,-1.1576559631770276,-131.21657900068516,-1.0017524374082463,6.181060193321328,27.782020515044614,-34.976175862187816,3.166469816,1.598031496,,,,"88.8",2834,"5.5",824683,663886,668715,680574,663647,682829,668709,667472,666181,"55.05",,0,"0",1,0,0,,73,5,"Slider",4,6,4,6,6,4,4,6,"Infield shade","Standard",45,"-0.034","-0.189",,,,"0.189",,-2,-2,0.081,0.081,28,28,28,29,1,3,2,1,3,1,"3.05","-0.51","0.51","52.7",,,,,
"SI","2026-05-06","92.3","3.53","5.89","Hurter, Brant",677800,676428,,"called_strike",,,,,4,,"R","L","L","DET","BOS","S",,,2,1,2026,"1.21","0.22",-0.7860160434623633,2.254666652618388,702332,680776,575929,1,7,"Top",,,,,,,-13.375061633964192,-133.77779873964522,-3.657004098324851,17.349741618994663,28.25058912308806,-28.869276242450056,3.117322835,1.573228347,,,,"91.5",2130,"6",824282,693307,679529,656716,690993,805808,682985,663837,681481,"54.5",,,,,,,,53,4,"Sinker",0,4,4,0,4,0,4,0,"Standard","Standard",120,"0.005","-0.097",,,,"0.097",,-4,4,0.036,0.964,27,27,28,27,1,3,3,1,2,1,"2.47","1.21","1.21","30.8",,,,,
"FF","2026-05-06","92.7","0.57","5.98","Cantillo, Joey",677951,676282,,"called_strike",,,,,1,,"R","R","L","KC","CLE","S",,,1,0,2026,"0.28","1.61",-0.7420123122996845,3.2803176578508872,,,672580,0,1,"Bot",,,,,,,-4.033167513658199,-134.93290992891522,-4.569090926646238,4.359336638353807,30.01399915058912,-11.770463084829988,3.238435039,1.634350394,,,,"94.6",1961,"7.4",824118,595978,656555,682177,608070,677587,682657,690984,681807,"53.07",,,,,,,,7,2,"4-Seam Fastball",0,0,0,0,0,0,0,0,"Standard","Strategic",158,"-0.007","-0.048",,,,"0.048",,0,0,0.588,0.588,26,26,27,26,1,0,5,1,5,1,"1.05","0.28","-0.28","54.5",,,,,
"SI","2026-05-06","95","2.85","5.44","Hall, DL",686780,669084,,"called_strike",,,,,7,,"R","R","L","STL","MIL","S",,,0,0,2026,"1.33","0.82",-0.579240870663229,1.5478792872215652,,,,0,5,"Bot",,,,,,,-12.034101431703068,-137.7505551719557,-6.235029683533193,19.586402088665874,28.993866365516645,-20.44267751395796,3.174368438,1.602017717,,,,"96.3",1983,"7.1",823063,661388,641343,668930,666152,687401,672012,694192,686217,"53.42",,,,,,,,39,1,"Sinker",0,5,0,5,5,0,0,5,"Standard","Standard",143,"-0.002","-0.039",,,,"0.039",,-5,-5,0.075,0.075,27,27,28,28,1,1,2,2,3,1,"1.71","1.33","-1.33","38.9",,,,,
"FF","2026-05-06","96.7","1.13","6.36","Ragans, Cole",682657,666142,,"called_strike",,,,,6,,"R","R","L","KC","CLE","S",,,0,0,2026,"1.04","1.25",0.6839467795530725,2.3231262333938867,,,,0,1,"Top",,,,,,,-3.562118662216821,-140.62673110688107,-7.849597331449207,14.675951169899166,30.036942921063424,-13.98400804201961,3.177878937,1.60378937,,,,"96.5",2574,"6.1",824118,553869,686469,679845,672580,677951,686555,657041,516782,"54.44",,,,,,,,1,1,"4-Seam Fastball",0,0,0,0,0,0,0,0,"Infield shade","Standard",139,"0.003","-0.039",,,,"0.039",,0,0,0.5,0.5,28,24,29,24,1,0,5,1,,2,"1.18","1.04","-1.04","42.0",,,,,
"SL","2026-05-05","91.5","-1.65","5.8","deGrom, Jacob",641355,594798,,"called_strike",,,,,7,,"R","L","R","NYY","TEX","S",,,0,0,2026,"0.38","0.13",-0.5686725545267779,1.603388991499823,,,,0,6,"Bot",,,,,,,1.8565580321243154,-133.26317303764367,-4.801749094061953,4.194439795394472,27.24457312263918,-29.889483394999903,3.344627625,1.687942913,,,,"91.8",2759,"6.3",823553,643376,669394,677649,673962,608369,664059,694497,457705,"54.18",,,,,,,,49,1,"Slider",3,3,3,3,3,3,3,3,"Infield shade","Standard",134,"-0.005","-0.039",,,,"0.039",,0,0,0.576,0.576,38,30,38,31,3,2,7,1,5,1,"2.58","-0.38","0.38","33.8",,,,,
"FF","2026-05-05","94.1","-1.86","5.41","Kolek, Stephen",608070,663568,,"called_strike",,,,,1,,"R","L","R","KC","CLE","S",,,0,0,2026,"-0.67","1.26",-0.3231738011038541,3.1128463816390184,,,,1,6,"Top",,,,,,,5.4371463022730495,-137.0158877452782,-2.917611294669458,-9.591146715683575,30.474327099693774,-15.843873693876636,3.034826116,1.531594488,,,,"94",2240,"6.2",824119,695600,686469,686681,672580,677951,686555,664728,695506,"54.29",,,,,,,,43,1,"4-Seam Fastball",4,3,3,4,3,4,3,4,"Infield shade","Standard",213,"0.004","-0.039",,,,"0.039",,1,-1,0.696,0.30400000000000005,29,33,29,34,3,2,,1,7,1,"1.31","0.67","-0.67","34.6",,,,,
"FF","2026-05-05","93.1","2.2","6.05","Abbott, Andrew",691718,671096,,"called_strike",,,,,1,,"R","L","L","CHC","CIN","S",,,1,1,2026,"0.41","1.41",-0.7490032343746558,2.908771911342067,,683737,665804,1,5,"Bot",,,,,,,-8.452230038161858,-135.325044874415,-5.299975273839512,6.793852630202887,27.679957759695363,-13.84163357446,3.202452428,1.616190945,,,,"94",2409,"6.7",824682,663886,701398,680574,663647,682829,668709,670770,668715,"53.79",,,,,,,,38,3,"4-Seam Fastball",0,1,0,1,1,0,0,1,"Standard","Standard",153,"-0.018","-0.058",,,,"0.058",,-1,-1,0.473,0.473,27,24,27,24,2,1,5,1,5,1,"1.21","0.41","0.41","50.1",,,,,
"FC","2026-05-05","94.1","-2.1","5.88","Severino, Luis",681082,622663,,"ball",,,,,12,,"R","L","R","PHI","ATH","B",,,0,0,2026,"-0.06","1.27",0.8492820154834936,2.676022889093839,,,,0,4,"Bot",,,,,,,7.7207876934488,-136.75254263310893,-5.296336397146639,-2.3881133388785667,29.409626702638498,-15.198977907164478,3.225270669,1.627706693,,,,"94.7",2372,"6.6",823469,642851,701762,687231,695391,805779,691016,680869,687515,"53.85",,,,,,,,30,1,"Cutter",1,0,1,0,0,1,1,0,"Standard","Standard",200,"0.003","0.041",,,,"-0.041",,1,1,0.685,0.685,32,28,32,29,2,1,6,1,5,1,"1.3","0.06","-0.06","37.9",,,,,
"SI","2026-05-05","92.7","-0.99","5.93","Taillon, Jameson",663886,592791,"walk","ball",,,,,14,"Miguel Amaya challenged (pitch result), call on the field was confirmed: Tyler Stephenson walks. Nathaniel Lowe to 3rd. Spencer Steer to 2nd.","R","R","R","CHC","CIN","B",,,3,2,2026,"-1","1.29",0.8533847964537867,1.7678400832945629,,663993,668715,2,4,"Top",,,,,,,6.9826742792070355,-134.76644711129958,-7.604509034180866,-13.705484730387468,27.473522140338634,-14.928791381311145,3.359547244,1.695472441,,,,"94.2",2327,"7.1",824682,665804,683737,663538,807713,621020,664023,691718,673548,"53.45",,0.704857,"0.7",1,0,0,,25,6,"Sinker",0,1,1,0,1,0,1,0,"Standard","Standard",204,"-0.026","0.195",,,,"-0.195",,-1,1,0.379,0.621,34,29,35,30,2,1,6,1,5,1,"1.35","1","1","43.2",,,,,
"CU","2026-05-05","82.9","-2.91","5.96","Williams, Gavin",686681,668909,,"ball",,,,,11,,"R","L","R","KC","CLE","B",,,1,2,2026,"1.05","-0.92",-0.836616505656419,2.6951074809127316,,686555,,1,4,"Bot",,,,,,,2.597937457902161,-120.69777406243435,1.1055370199142518,9.726961163409268,24.942146876914297,-41.59937649200089,3.199819554,1.614862205,,,,"83.3",2551,"6.7",824119,666310,700932,683953,608070,682177,682657,680757,800050,"53.82",,,,,,,,33,7,"Curveball",2,3,2,3,3,2,2,3,"Standard","Standard",43,"0.007","0.026",,,,"-0.026",,-1,-1,0.44,0.44,26,28,27,28,2,1,6,2,5,2,"4.25","-1.05","1.05","32.7",,,,,
"SI","2026-05-05","97.4","1.82","6.02","Sánchez, Cristopher",701762,650911,,"ball",,,,,14,,"R","L","L","PHI","ATH","B",,,0,1,2026,"1.66","0.26",0.18410012347098625,1.5769001582014628,,695391,,2,6,"Top",,,,,,,-8.287749863464898,-141.44092714827926,-6.784331388184142,24.184972812559632,34.23270731627358,-27.226428826564472,3.413082349,1.722490158,,,,"98",2206,"6.9",823469,592663,547180,681082,664761,607208,669016,702222,666969,"53.6",,,,,,,,45,2,"Sinker",1,0,0,1,0,1,0,1,"Standard","Standard",124,"-0.005","0.015",,,,"-0.015",,1,-1,0.694,0.30600000000000005,29,23,30,23,3,2,5,2,5,1,"2.16","1.66","1.66","30.2",,,,,
"SI","2026-05-05","93.6","-2.8","5.55","Rodríguez, Elmer",677649,695684,"walk","ball",,,,,12,"Austin Wells challenged (pitch result), call on the field was confirmed: Ezequiel Duran walks.","R","R","R","NYY","TEX","B",,,3,2,2026,"-1.38","0.57",0.422140966891704,3.258035897153305,,,,1,3,"Top",,,,,,,11.335152282264959,-135.77308037979859,-1.2177694528507526,-19.551903671893026,30.6154985663422,-25.13274914890927,3.126099081,1.57765748,,,,"93.9",1875,"6.7",823553,669224,502671,665862,641857,676609,641355,663757,592450,"53.82",,0.704857,"0.7",1,0,0,,24,6,"Sinker",3,3,3,3,3,3,3,3,"Strategic","Standard",237,"-0.024","0.339",,,,"-0.339",,0,0,0.521,0.479,22,27,23,27,2,1,6,2,,1,"2.06","1.38","1.38","28.0",,,,,
"FF","2026-05-05","96.1","-1.43","5.86","Kirby, George",686948,669923,,"ball",,,,,12,,"R","L","R","SEA","ATL","B",,,0,0,2026,"-0.95","1.01",0.3358287868734051,3.4137725146622504,,,573262,2,5,"Top",,,,,,,6.861297434056893,-139.86117811210102,-3.065092116403034,-13.97657456067387,31.301032347305195,-18.45286541287343,3.205962927,1.617962598,,,,"97",2267,"6.8",823142,641598,647304,702284,660844,641487,668227,677594,670042,"53.71",,,,,,,,36,1,"4-Seam Fastball",2,2,2,2,2,2,2,2,"Standard","Standard",218,"-0.003","0.035",,,,"-0.035",,0,0,0.536,0.46399999999999997,28,25,28,25,3,2,6,1,6,1,"1.46","0.95","-0.95","35.1",,,,,
"SI","2026-05-05","95.7","-1.96","5.67","Severino, Luis",547180,622663,,"ball",,,,,12,,"R","L","R","PHI","ATH","B",,,1,2,2026,"-1.42","0.81",0.8389005522450228,2.69541168282921,,,,0,3,"Bot",,,,,,,10.627993342427501,-139.0183051370507,-3.899256757624179,-20.799299978534428,30.073721205135715,-20.98566051558215,3.26476378,1.647637795,,,,"96.4",2052,"6.7",823469,642851,701762,687231,695391,805779,691016,680869,687515,"53.8",,,,,,,,23,5,"Sinker",0,0,0,0,0,0,0,0,"Infield shade","Standard",221,"0.004","0.043",,,,"-0.043",,0,0,0.547,0.547,32,33,32,34,2,1,6,1,5,1,"1.68","1.42","-1.42","37.4",,,,,
"FF","2026-05-05","91.2","-1.31","5.95","Taillon, Jameson",670770,592791,,"called_strike",,,,,2,,"R","L","R","CHC","CIN","S",,,3,0,2026,"-0.3","1.46",-0.031195298572816055,3.0995811209471613,,,,1,3,"Top",,,,,,,3.897802380854742,-132.76961579703362,-4.295536506901536,-4.44060637957257,29.438975345144367,-14.252744768888647,3.043602362,1.536023622,,,,"92.2",2289,"7",824682,665804,683737,663538,807713,621020,664023,691718,673548,"53.55",,,,,,,,16,4,"4-Seam Fastball",0,1,1,0,1,0,1,0,"Standard","Standard",208,"0.004","-0.088",,,,"0.088",,-1,1,0.396,0.604,34,30,35,31,2,1,6,1,5,1,"1.29","0.3","-0.3","45.0",,,,,
"FC","2026-05-05","90.8","-2.01","5.29","Kolek, Stephen",680757,663568,,"called_strike",,,,,2,,"R","L","R","KC","CLE","S",,,0,0,2026,"0.16","0.58",-0.26664017543755664,3.0339404744656666,,,,2,3,"Top",,,,,,,3.944006251237395,-132.28115466299388,-0.8379140666854846,1.096489445886454,27.983149445012256,-25.43223613096927,3.02253937,1.525393701,,,,"90.9",2450,"6.2",824119,695600,686469,686681,672580,677951,686555,664728,695506,"54.26",,,,,,,,21,1,"Cutter",2,0,0,2,0,2,0,2,"Infield shade","Standard",176,"0.002","-0.043",,,,"0.043",,2,-2,0.754,0.246,29,28,29,29,2,1,,1,7,2,"2.18","-0.16","0.16","32.0",,,,,
"SL","2026-05-05","86.3","-2.54","5.66","Gausman, Kevin",691406,592332,,"ball",,,,,14,,"R","R","R","TB","TOR","B",,,1,0,2026,"-0.15","0.43",0.1653921373090504,1.5109592504458633,,,802415,2,3,"Bot",,,,,,,6.708155401180146,-125.57087687919372,-4.312748136331414,-2.9388704852629326,25.458567455730968,-26.957599839318167,3.243700787,1.637007874,,,,"86.8",2362,"6.6",822986,678218,672820,676391,672960,665926,682818,662139,660821,"53.89",,,,,,,,24,2,"Slider",0,2,0,2,2,0,0,2,"Standard","Standard",234,"0.005","0.048",,,,"-0.048",,-2,-2,0.299,0.299,35,22,35,23,2,1,5,1,6,1,"2.63","0.15","0.15","32.6",,,,,
"SI","2026-05-05","97.7","-2.26","5.9","Severino, Luis",607208,622663,,"called_strike",,,,,8,,"R","R","R","PHI","ATH","S",,,0,1,2026,"-1.34","1.19",-0.26140564868147864,1.6469794553416992,681082,664761,,1,2,"Bot",,,,,,,8.49157247063487,-141.79560655759326,-8.449487320123593,-20.0910736787033,35.45206904663129,-14.321550613105707,3.244578412,1.637450787,,,,"97.7",2145,"6.6",823469,642851,701762,687231,695391,805779,691016,680869,687515,"53.88",,,,,,,,16,2,"Sinker",0,0,0,0,0,0,0,0,"Strategic","Standard",212,"-0.02","-0.083",,,,"0.083",,0,0,0.629,0.629,32,33,32,33,2,1,6,1,5,1,"1.23","1.34","1.34","38.3",,,,,
"FF","2026-05-05","93.1","-2.36","5.87","Gausman, Kevin",802415,592332,,"called_strike",,,,,4,,"R","L","R","TB","TOR","S",,,0,0,2026,"-1.13","1.5",-0.6041494812331747,2.3781779379101233,,,,2,3,"Bot",,,,,,,7.003532817718589,-135.26086224260746,-6.279516946526016,-15.41533552491734,32.693943856704024,-12.543449166705514,3.177878937,1.60378937,,,,"93.2",2234,"6.7",822986,678218,672820,676391,672960,665926,682818,662139,660821,"53.85",,,,,,,,23,1,"4-Seam Fastball",0,2,0,2,2,0,0,2,"Strategic","Standard",218,"-0.002","-0.043",,,,"0.043",,-2,-2,0.282,0.282,35,25,35,26,2,1,5,1,6,1,"1.16","1.13","-1.13","42.5",,,,,
"ST","2026-05-05","84.9","-2.59","5.57","Ohtani, Shohei",514888,660271,,"called_strike",,,,,4,,"R","R","R","HOU","LAD","S",,,1,1,2026,"1.64","0.27",-0.7185778240967491,2.16642428972702,,,,1,3,"Bot",,,,,,,0.9913367987063127,-123.57019026482838,-1.9214317580442892,16.41874311968876,27.335553194672364,-29.230078924618645,2.926000656,1.476673228,,,,"84.9",2816,"6.5",824200,669257,518692,690976,571970,500743,606192,681624,663656,"53.99",,,,,,,,22,3,"Sweeper",2,0,2,0,0,2,2,0,"Standard","Standard",61,"-0.003","-0.064",,,,"0.064",,2,2,0.748,0.748,31,36,32,36,2,1,7,1,8,3,"2.92","-1.64","-1.64","30.7",,,,,
"SL","2026-05-05","84.3","1.02","5.9","Valdez, Framber",680776,664285,"strikeout","called_strike",,,,,4,"Dillon Dingler challenged (pitch result), call on the field was overturned: Jarren Duran called out on strikes.","R","L","L","DET","BOS","S",2,,0,2,2026,"-0.39","-0.11",-0.683765555981407,2.452216490484632,,657136,,2,2,"Top",,,,,,,-3.0918909164280146,-122.79946031326197,-1.2491207264148816,-3.40123473977601,23.118874796363112,-33.251218309523026,3.229658793,1.62992126,,,,"83.8",2569,"5.8",824281,693307,679529,701678,656716,805808,682985,663837,672761,"54.68",,0,"0",1,0,0,,18,3,"Slider",2,3,3,2,3,2,3,2,"Standard","Standard",281,"0.019","-0.193",,,,"0.193",,-1,1,0.424,0.5760000000000001,32,29,33,30,2,1,5,1,8,1,"3.3","-0.39","-0.39","41.7",,,,,
"FF","2026-05-05","92.6","-2.38","5.92","Gausman, Kevin",676439,592332,,"ball",,,,,13,,"R","L","R","TB","TOR","B",,,1,0,2026,"-1","1.49",-0.8429043413672024,2.2356194298812104,,,,0,3,"Bot",,,,,,,6.125100934581838,-134.57129560815628,-6.6987775554846785,-13.463798792565534,30.728885240859967,-12.759591650287147,3.262130906,1.646309055,,,,"93",2238,"6.7",822986,678218,672820,676391,672960,665926,682818,662139,660821,"53.77",,,,,,,,21,2,"4-Seam Fastball",0,2,0,2,2,0,0,2,"Infield shade","Standard",215,"0.009","0.077",,,,"-0.077",,-2,-2,0.332,0.332,35,29,35,29,1,0,5,2,6,2,"1.18","1","-1","38.8",,,,,
"SL","2026-05-05","85.1","3.33","5.36","Nardi, Andrew",681297,677053,,"called_strike",,,,,7,,"R","L","L","MIA","BAL","S",,,1,0,2026,"-0.51","0.2",-0.7606640986437985,1.6963619255179672,,668939,665750,2,9,"Top",,,,,,,-8.43896594272872,-123.59784823151308,-2.42434385125534,-3.4681858879081147,25.871942031046142,-29.80123536584531,3.328830381,1.679970472,,,,"85.2",2301,"6.6",823873,689414,688363,669364,691594,672640,669065,805300,683357,"53.94",,,,,,,,81,2,"Slider",7,9,9,7,9,7,9,7,"Standard","Standard",263,"0.002","-0.052",,,,"0.052",,-2,2,0.078,0.922,27,26,28,26,1,4,3,1,2,2,"2.97","-0.51","-0.51","37.8",,,,,
"FF","2026-05-05","92.2","2.04","6.05","Pomeranz, Drew",803011,519141,,"called_strike",,,,,8,,"R","L","L","LAA","CWS","S",,,0,1,2026,"0.39","1.72",-0.26119553686746744,1.4987419001743567,656537,,808959,2,6,"Top",,,,,,,-6.546118161305707,-133.7339344221591,-9.109648862120448,6.189388461923986,32.02718079734121,-9.676585460737742,3.154183071,1.591830709,,,,"90.8",2649,"5.9",824040,665861,694384,687093,660162,687263,666139,545361,666176,"54.65",,,,,,,,49,2,"4-Seam Fastball",4,2,2,4,2,4,2,4,"Standard","Standard",151,"0.017","-0.056",,,,"0.056",,2,-2,0.788,0.21199999999999997,37,23,38,23,1,2,2,1,1,1,"1","0.39","0.39","37.5",,,,,
"SI","2026-05-05","91.7","2.6","5.29","Alexander, Tyler",641857,641302,,"called_strike",,,,,2,,"R","L","L","NYY","TEX","S",,,0,1,2026,"1.5","0.73",-0.17286665955067293,3.183812306090888,,,669224,1,8,"Bot",,,,,,,-10.154169512272187,-133.18965116522762,-0.8758749999592459,20.09006475756144,29.099263931609713,-23.483474438187542,3.31742126,1.674212598,,,,"91.2",2073,"6.1",823553,643376,669394,677649,673962,608369,664059,694497,457705,"54.4",,,,,,,,74,2,"Sinker",7,3,7,3,3,7,7,3,"Infield shade","Standard",131,"-0.001","-0.047",,,,"0.047",,4,4,0.988,0.988,31,31,32,32,1,3,2,1,2,1,"1.99","1.5","1.5","28.5",,,,,
"FF","2026-05-05","94.2","-2.49","5.91","Schultz, Paxton",686797,687606,,"ball",,,,,13,,"R","L","R","WSH","MIN","B",,,2,2,2026,"-0.96","0.94",-0.38271562386432634,1.1903093594716705,,,807712,2,5,"Top",,,,,,,7.538037748757006,-136.87749866013607,-8.374146712925471,-13.757038235176328,28.920307654478638,-18.701529183350516,3.208595801,1.619291339,,,,"93.9",2120,"6.1",822743,660688,678554,683083,678391,682928,695734,696285,695578,"54.43",,,,,,,,43,5,"4-Seam Fastball",1,6,6,1,6,1,6,1,"Infield shade","Standard",218,"-0.004","0.079",,,,"-0.079",,-5,5,0.071,0.929,28,25,28,25,1,2,4,2,5,1,"1.63","0.96","-0.96","35.6",,,,,
"FS","2026-05-05","83.1","-1.58","5.92","Orze, Eric",678554,679358,,"called_strike",,,,,1,,"R","R","R","WSH","MIN","S",,,3,1,2026,"-1.06","0.02",-0.8152455850308098,3.1246458932956376,,695578,,2,7,"Bot",,,,,,,3.8894155447969805,-121.0499664231467,0.21680081725800782,-11.161588136358384,23.056297669371272,-32.225568927718044,3.247211286,1.638779528,,,,"84.4",1653,"7",822743,680777,665019,807712,668904,686797,663616,621439,668885,"53.49",,,,,,,,64,5,"Split-Finger",3,7,3,7,7,3,3,7,"Infield shade","Standard",240,"-0.004","-0.063",,,,"0.063",,-4,-4,0.06,0.06,28,25,29,26,1,3,2,2,3,1,"3.27","1.06","1.06","45.8",,,,,
"SI","2026-05-05","97.3","-2.3","5.4","Zeferjahn, Ryan",678246,666171,,"ball",,,,,13,,"R","R","R","LAA","CWS","B",,,0,0,2026,"-1.26","0.53",-1.1091565268076788,2.0380982524440068,803011,,,1,9,"Top",,,,,,,6.124602868455778,-141.56427960590628,-4.5298516690738655,-18.29114928269911,33.79588814398509,-24.18995021251662,3.290214895,1.660482283,,,,"97.8",2063,"6.7",824040,665861,694384,687093,672724,687263,669326,545361,666176,"53.8",,,,,,,,69,1,"Sinker",4,3,3,4,3,4,3,4,"Strategic","Standard",211,"-0.005","0.026",,,,"-0.026",,1,-1,0.669,0.33099999999999996,28,26,28,27,1,4,3,1,5,1,"1.89","1.26","1.26","29.8",,,,,
"SI","2026-05-05","91.3","-1.54","6.2","Elder, Bryce",668227,693821,,"called_strike",,,,,4,,"R","R","R","SEA","ATL","S",,,1,0,2026,"-1.29","0.57",-0.7798128539382714,2.2161263268157487,,,647304,0,2,"Bot",,,,,,,4.739563379250362,-132.86352834169162,-5.13216960571298,-16.301988712765237,30.130842230581823,-24.553482191149484,3.127854331,1.578543307,,,,"91.3",2060,"6.4",823142,686948,621566,645277,663586,622761,671739,643289,573262,"54.08",,,,,,,,11,2,"Sinker",0,0,0,0,0,0,0,0,"Standard","Standard",211,"-0.008","-0.048",,,,"0.048",,0,0,0.595,0.595,27,31,27,31,1,0,5,1,5,1,"2.18","1.29","1.29","46.0",,,,,
"FF","2026-05-05","100.9","-2.07","6.46","Duran, Jhoan",691016,661395,"walk","ball",,,,,14,"J.T. Realmuto challenged (pitch result), call on the field was confirmed: Tyler Soderstrom walks. Colby Thomas to 3rd. Zack Gelof to 2nd.","R","L","R","PHI","ATH","B",,,3,1,2026,"-1.12","1.01",0.8367805701586879,1.8880551397762924,,687515,680869,1,9,"Top",,,,,,,10.533211125395303,-146.26238730249133,-9.402346359322962,-18.56061741567895,35.58216550859006,-15.53236957201782,3.285826772,1.658267717,,,,"99.5",2131,"5.8",823469,592663,547180,681082,664761,607208,669016,702222,666969,"54.73",,0.704857,"0.7",1,0,0,,74,5,"4-Seam Fastball",9,0,0,9,0,9,0,9,"Standard","Standard",228,"0","0.212",,,,"-0.212",,9,-9,0.999,0.0010000000000000009,28,24,28,25,1,3,24,2,3,1,"1.25","1.12","-1.12","42.9",,,,,
"FF","2026-05-05","93.8","-1.71","5.74","Sulser, Cole",543807,642121,,"ball",,,,,12,,"R","R","R","TB","TOR","B",,,1,1,2026,"-0.92","1.6",0.14696056219504394,3.433865727645969,,,,2,9,"Top",,,,,,,6.854393354188055,-136.18843313855643,-3.532014606075487,-13.09932358342679,36.25411762751016,-11.858638815171611,3.267396654,1.648966535,,,,"93.4",2499,"6.7",822986,663743,668723,810938,691406,670764,676356,656775,641584,"53.81",,,,,,,,72,3,"4-Seam Fastball",4,3,3,4,3,4,3,4,"Infield shade","Standard",213,"-0.006","0.053",,,,"-0.053",,1,-1,0.965,0.03500000000000003,36,36,36,37,1,4,1,3,2,1,"1.05","0.92","0.92","42.5",,,,,
"CH","2026-05-05","90.9","-1.87","5.2","Bachman, Sam",672284,696147,,"called_strike",,,,,1,,"R","L","R","LAA","CWS","S",,,0,1,2026,"-1.24","-0.1",-0.8171688010970222,2.8526939434526635,,,,2,7,"Top",,,,,,,5.326426080446526,-132.25704955060033,0.4534026127475417,-15.732898948850783,29.55360558923593,-33.69258244488097,3.159448819,1.594488189,,,,"91",1756,"6.4",824040,665861,694384,687093,672724,687263,666139,545361,666176,"54.05",,,,,,,,56,2,"Changeup",4,3,3,4,3,4,3,4,"Standard","Standard",247,"0.005","-0.057",,,,"0.057",,1,-1,0.771,0.22899999999999998,26,26,27,27,1,1,3,1,5,1,"2.87","1.24","-1.24","25.8",,,,,
"ST","2026-05-05","86.5","2.09","5.97","Wolfram, Grant",805300,664991,,"called_strike",,,,,7,,"R","L","L","MIA","BAL","S",,,1,1,2026,"-0.44","-0.29",-0.5453567197745035,1.8312753494595584,,,,2,7,"Bot",,,,,,,-5.241185421556097,-125.91363230488308,-2.778233852020378,-3.5760180641553867,26.288165346260907,-34.92465189266763,3.212106299,1.621062992,,,,"85.7",2506,"5.8",823873,694212,624413,677942,691723,683002,621493,665750,681297,"54.68",,,,,,,,65,3,"Sweeper",6,7,6,7,7,6,6,7,"Standard","Standard",323,"-0.006","-0.062",,,,"0.062",,-1,-1,0.278,0.278,29,25,30,25,1,3,2,1,1,1,"3.34","-0.44","-0.44","38.7",,,,,
"SL","2026-05-05","89.2","-0.58","5.61","Bigge, Hunter",665926,685801,"strikeout","called_strike",,,,,3,"Hunter Feduccia challenged (pitch result), call on the field was overturned: Andrés Giménez called out on strikes.","R","L","R","TB","TOR","S",2,,2,2,2026,"0.36","0.34",0.4615178308554212,3.166777853758999,,,,0,7,"Top",,,,,,,1.7669482924371094,-129.92129710851304,-0.48119502080426096,3.6687502843935382,28.982918058340218,-28.498697126778943,3.164714567,1.597145669,,,,"89.5",2363,"6.6",822986,676439,666018,680700,691406,810938,802415,656775,641584,"53.93",,0,"0",1,0,0,,50,5,"Slider",2,3,3,2,3,2,3,2,"Infield shade","Standard",121,"0.02","-0.232",,,,"0.232",,-1,1,0.312,0.688,28,27,28,28,1,2,2,1,2,1,"2.54","-0.36","0.36","54.0",,,,,
"SI","2026-05-05","91.8","1.61","5.66","Borucki, Ryan",701538,621366,,"called_strike",,,,,8,,"R","L","L","SF","SD","S",,,2,0,2026,"1.59","0.64",-0.21916862456099473,1.6252618597961808,,,,0,6,"Top",,,,,,,-8.088453632220286,-133.42822763549188,-5.5133720089087666,20.732027365548714,29.1102170053638,-23.537562478250297,3.320054134,1.675541339,,,,"91.9",2305,"6.5",823227,683679,646240,669477,656305,642715,671218,687551,808982,"54.03",,,,,,,,48,3,"Sinker",4,7,7,4,7,4,7,4,"Infield shade","Standard",125,"0.003","-0.072",,,,"0.072",,-3,3,0.132,0.868,32,23,32,23,1,3,3,1,4,1,"2.08","1.59","1.59","28.1",,,,,
"SI","2026-05-05","93.8","-2.9","5.5","Hanifee, Brenan",655316,669724,,"called_strike",,,,,2,,"R","R","R","DET","BOS","S",,,0,0,2026,"-1.31","0.51",0.15427678006627876,3.1787971067079086,,,,2,4,"Top",,,,,,,10.669041388526642,-136.35316031732364,-1.2809439261316884,-18.623938812395693,26.80889904662436,-25.672637813129352,3.148039698,1.588730315,,,,"93.6",1986,"6",824281,693307,679529,701678,656716,805808,682985,663837,672761,"54.5",,,,,,,,39,1,"Sinker",2,10,10,2,10,2,10,2,"Standard","Standard",243,"0","-0.043",,,,"0.043",,-8,8,0.02,0.98,28,29,28,29,1,2,2,1,5,5,"2.06","1.31","1.31","29.1",,,,,
"FF","2026-05-05","91.5","-3.32","5.05","Marinaccio, Ron",656305,676760,,"ball",,,,,11,,"R","R","R","SF","SD","B",,,0,0,2026,"-1.27","0.93",-0.8322566664179387,3.2331031074408867,,,,0,9,"Bot",,,,,,,9.029480756376145,-132.96900293690493,-0.6030049265903168,-16.963620567001175,27.585885040778475,-21.138226099730897,3.250721785,1.640551181,,,,"92.1",2137,"6.6",823227,669134,657757,823550,592518,593428,669369,701538,665487,"53.88",,,,,,,,76,1,"4-Seam Fastball",5,10,5,10,10,5,5,10,"Standard","Standard",235,"0.001","0.041",,,,"-0.041",,-5,-5,0.008,0.008,30,33,31,33,1,3,4,2,3,1,"1.79","1.27","1.27","23.1",,,,,
"FF","2026-05-04","98.4","-1.44","6.17","Schlittler, Cam",665750,693645,"walk","ball",,,,,13,"Austin Wells challenged (pitch result), call on the field was confirmed: Leody Taveras walks. Dylan Beavers to 3rd. Pete Alonso to 2nd.","R","L","R","NYY","BAL","B",,,3,2,2026,"-0.55","1.32",-0.21978573756578057,1.4468074743672898,,687637,624413,2,6,"Top",,,,,,,4.595261436865421,-142.97635586709967,-10.283143355029932,-8.65572815516932,32.37589621692134,-11.864002280248934,3.286704396,1.65871063,,,,"99.1",2404,"6.7",823552,669224,502671,665862,641857,676609,641355,663757,592450,"53.76",,0.704857,"0.7",1,0,0,,44,6,"4-Seam Fastball",3,0,0,3,0,3,0,3,"Standard","Standard",206,"-0.033","0.195",,,,"-0.195",,3,-3,0.86,0.14,25,27,25,28,3,2,6,1,5,1,"1.04","0.55","-0.55","42.7",,,,,
"CH","2026-05-04","92.8","-1.08","5.74","Cabrera, Edward",663886,665795,"strikeout","called_strike",,,,,7,"Carson Kelly challenged (pitch result), call on the field was overturned: Tyler Stephenson called out on strikes.","R","R","R","CHC","CIN","S",2,,0,2,2026,"-1.43","0.05",-0.5366376194469878,1.7815074727256182,,,668715,1,6,"Top",,,,,,,4.581653345214089,-135.0380196933726,-4.245553067700343,-18.554621407321612,29.07937195641534,-30.82237922715471,3.359547244,1.695472441,,,,"93.3",1579,"6.6",824684,608348,683737,663538,608324,621020,664023,691718,673548,"53.92",,0,"0",1,0,0,,45,3,"Changeup",3,3,3,3,3,3,3,3,"Standard","Standard",246,"0.026","-0.168",,,,"0.168",,0,0,0.514,0.486,28,29,28,30,3,2,6,2,5,1,"2.59","1.43","1.43","32.9",,,,,
"FC","2026-05-04","89.2","-1.38","5.4","Patrick, Chad",671056,694477,,"ball",,,,,14,,"R","R","R","STL","MIL","B",,,1,0,2026,"0.51","1.16",0.8747335570923713,1.5322605825391329,701675,686780,802139,1,4,"Bot",,,,,,,4.371157335485401,-129.7834785203634,-5.697470944394445,4.77783414557666,27.870438886275632,-18.10800450136153,3.173490814,1.601574803,,,,"88.8",2508,"6.1",823064,661388,641343,668930,650859,666152,694192,669003,686217,"54.37",,,,,,,,37,2,"Cutter",1,0,1,0,0,1,1,0,"Standard","Standard",150,"0.015","0.034",,,,"-0.034",,1,1,0.782,0.782,27,26,28,26,3,2,6,1,5,2,"1.71","-0.51","-0.51","34.5",,,,,
"SI","2026-05-04","91.7","-2.17","6.1","Weiss, Ryan",606192,680802,,"ball",,,,,11,,"R","R","R","HOU","LAD","B",,,2,0,2026,"-1.26","1.19",-0.03497923754528487,3.3762443639547826,,,,0,4,"Top",,,,,,,8.13527746986622,-133.36781232805887,-3.484949969115775,-16.753440404229877,27.917667267384285,-17.349045397675756,3.199819554,1.614862205,,,,"92.2",2243,"6.5",824201,543877,572233,514888,670623,621043,805904,694728,701358,"53.97",,,,,,,,34,3,"Sinker",2,7,7,2,7,2,7,2,"Infield shade","Standard",214,"-0.002","0.152",,,,"-0.152",,-5,5,0.076,0.924,29,33,30,34,2,2,6,1,,1,"1.51","1.26","1.26","42.7",,,,,
"SL","2026-05-04","90.3","2.12","6.06","Peterson, David",671289,656849,"strikeout","called_strike",,,,,2,"Luis Torrens challenged (pitch result), call on the field was overturned: Tyler Freeman called out on strikes.","R","R","L","COL","NYM","S",2,,2,2,2026,"0.18","0.52",0.10037582545996354,3.2282810084578006,,,,2,6,"Bot",,,,,,,-5.439210821563014,-131.70377011662393,-2.1991477454816977,2.9791696134042804,21.707392727803036,-25.86233176416807,3.150672572,1.590059055,,,,"92.8",2168,"7.2",824363,620443,668901,543760,683146,666182,665742,701807,621438,"53.32",,0,"0",1,0,0,,43,5,"Slider",0,4,0,4,4,0,0,4,"Standard","Standard",149,"-0.006","-0.224",,,,"0.224",,-4,-4,0.065,0.065,30,27,31,27,1,2,5,3,6,2,"2.22","0.18","-0.18","39.7",,,,,
"FF","2026-05-04","97.7","-1.35","6.3","Brown, Ben",666181,676962,"strikeout","called_strike",,,,,9,"Carson Kelly challenged (pitch result), call on the field was overturned: Will Benson called out on strikes.","R","L","R","CHC","CIN","S",2,,2,2,2026,"-0.74","1.1",0.7390616844901614,1.830006343749421,,668715,,1,8,"Top",,,,,,,7.317636054777062,-141.79889354896983,-8.83901584514126,-11.685209320233943,34.15114201617802,-15.394389184846045,3.391141732,1.711417323,,,,"97.8",2294,"6.6",824684,608348,683737,663538,608324,621020,664023,691718,673548,"53.89",,0,"0",1,0,0,,63,6,"4-Seam Fastball",3,4,4,3,4,3,4,3,"Standard","Standard",209,"0.031","-0.227",,,,"0.227",,-1,1,0.239,0.761,26,28,27,28,1,3,2,1,4,2,"1.31","0.74","-0.74","41.2",,,,,
"FF","2026-05-04","97","-1.2","5.66","Abreu, Bryan",571970,650556,"strikeout","called_strike",,,,,8,"Christian Vázquez challenged (pitch result), call on the field was overturned: Max Muncy called out on strikes.","R","L","R","HOU","LAD","S",2,,1,2,2026,"-0.65","1.39",0.20513980459840897,1.6523961533234737,,669257,,2,8,"Top",,,,,,,5.226241886318516,-140.99041229818562,-8.173371244415677,-9.85159751280193,32.97187952324089,-11.927781534198207,3.127854331,1.578543307,,,,"97.3",2234,"6.6",824201,543877,572233,514888,670623,621043,805904,694728,701358,"53.93",,0,"0",1,0,0,,69,4,"4-Seam Fastball",3,8,8,3,8,3,8,3,"Infield shade","Standard",215,"0.002","-0.208",,,,"0.208",,-5,5,0.02,0.98,29,35,29,36,1,4,1,1,5,1,"1.04","0.65","-0.65","39.7",,,,,
"SI","2026-05-04","98","-2.76","5.57","Soriano, José",695657,667755,,"called_strike",,,,,1,,"R","L","R","LAA","CWS","S",,,0,1,2026,"-1.02","0.12",-0.7056836806653857,3.280589336251107,,803011,808959,1,1,"Top",,,,,,,7.966099254816463,-142.47369041201273,-0.7750014754261877,-15.74560944098474,34.376329146464634,-30.619561149194105,3.340239501,1.685728347,,,,"98.8",2034,"6.9",824039,518595,694384,624428,660162,687263,666139,545361,666176,"53.58",,,,,,,,4,2,"Sinker",0,0,0,0,0,0,0,0,"Standard","Standard",231,"0.011","-0.053",,,,"0.053",,0,0,0.467,0.5329999999999999,27,24,28,24,1,0,6,1,6,1,"2.27","1.02","-1.02","31.2",,,,,
"FF","2026-05-04","96.9","2.88","5.3","Tolle, Payton",679529,801139,"strikeout","called_strike",,,,,9,"Carlos Narváez challenged (pitch result), call on the field was overturned: Spencer Torkelson called out on strikes.","R","R","L","DET","BOS","S",2,,2,2,2026,"0.6","1.45",0.47318279159856147,1.8688299427585857,,,,1,2,"Bot",,,,,,,-7.900805304675612,-140.76363962953087,-6.877196409342314,9.770074644150212,32.63933688568263,-11.496766169306225,3.232291667,1.63125,,,,"98.7",2238,"7.4",824283,665966,575929,691785,655316,596115,807799,678882,677800,"53.05",,0,"0",1,0,0,,13,8,"4-Seam Fastball",0,0,0,0,0,0,0,0,"Standard","Standard",134,"-0.014","-0.228",,,,"0.228",,0,0,0.525,0.525,23,26,24,27,1,0,6,1,6,1,"0.99","0.6","-0.6","27.3",,,,,
"CH","2026-05-04","82.8","1.93","5.74","Seymour, Ian",664702,693855,,"ball",,,,,12,,"R","R","L","TB","TOR","B",,,1,0,2026,"1.57","0.46",0.9059473821565021,2.366698898304837,,,676391,2,6,"Top",,,,,,,-5.385714596455804,-120.42392874742883,-1.823144078267569,16.278686622113486,26.499815532066997,-27.5325022162234,3.073441601,1.551082677,,,,"81.9",1789,"6",822984,663743,666018,810938,691406,670764,802415,656775,676356,"54.48",,,,,,,,46,2,"Changeup",3,1,1,3,1,3,1,3,"Infield shade","Standard",123,"-0.006","0.048",,,,"-0.048",,2,-2,0.812,0.18799999999999994,27,31,28,32,1,2,1,1,2,1,"2.9","1.57","-1.57","38.8",,,,,
"SI","2026-05-04","95.7","-1.98","5.27","Ritchie, JR",677594,702275,,"ball",,,,,13,,"R","R","R","SEA","ATL","B",,,2,2,2026,"-1.36","0.5",-0.4989547400092922,1.4615079653089216,,,641487,0,1,"Bot",,,,,,,6.985218427070282,-139.13651628243537,-5.341276962219185,-19.218827375193772,31.4912851927353,-24.712073552660826,3.377977362,1.704773622,,,,"95.8",2358,"6.4",823143,669221,621566,645277,663586,622761,573262,643289,642201,"54.08",,,,,,,,6,5,"Sinker",0,1,0,1,1,0,0,1,"Standard","Standard",234,"0.014","0.113",,,,"-0.113",,-1,-1,0.481,0.481,23,25,23,26,1,0,5,1,9,1,"2","1.36","1.36","23.4",,,,,
"FF","2026-05-04","91.5","-3.13","4.71","Kimbrel, Craig",671289,518886,,"ball",,,,,12,,"R","R","R","COL","NYM","B",,,1,1,2026,"-0.9","1.08",0.9152444894752146,2.8135488428722626,666160,,,1,8,"Bot",,,,,,,12.143329926338065,-132.87489449183835,-1.1480803031051785,-13.045898267534692,25.44306301316319,-19.21778130938967,3.150672572,1.590059055,,,,"92.7",2319,"6.9",824363,620443,668901,543760,683146,666182,665742,701807,621438,"53.63",,,,,,,,58,3,"4-Seam Fastball",2,4,2,4,4,2,2,4,"Standard","Standard",225,"0.011","0.027",,,,"-0.027",,-2,-2,0.221,0.221,38,27,38,27,1,3,2,3,3,2,"1.63","0.9","0.9","23.1",,,,,
"FF","2026-05-04","97.3","-2.49","5.54","Soriano, George",666152,666277,,"called_strike",,,,,4,,"R","L","R","STL","MIL","S",,,1,0,2026,"-0.66","1.07",-0.6667220101493491,2.6159503665058326,,686217,650859,1,6,"Top",,,,,,,6.381497454612628,-141.54990468035695,-4.6298489858694465,-10.37042513731166,31.996517002968677,-16.97322221636021,3.134875328,1.582086614,,,,"97.6",2149,"6.4",823064,686780,676475,802139,669357,691026,701675,687363,691023,"54.07",,,,,,,,53,2,"4-Seam Fastball",4,1,1,4,1,4,1,4,"Standard","Standard",223,"0.011","-0.045",,,,"0.045",,3,-3,0.805,0.19499999999999995,27,28,27,29,1,2,3,1,3,2,"1.34","0.66","-0.66","32.7",,,,,
"SL","2026-05-04","88.3","-2.19","5.91","Vásquez, Randy",669477,681190,,"ball",,,,,14,,"R","R","R","SF","SD","B",,,1,2,2026,"0.53","0.31",0.9476863590189754,1.7022518893965204,,,,1,1,"Bot",,,,,,,6.383835294560349,-128.51668013513543,-4.6388824806123345,4.710437137957489,23.903572782505474,-27.9797319779189,3.196309055,1.613090551,,,,"88.3",2910,"6",823228,666023,657757,630105,592518,593428,657656,701538,665487,"54.47",,,,,,,,6,4,"Slider",0,1,0,1,1,0,0,1,"Standard","Standard",117,"0.002","0.048",,,,"-0.048",,-1,-1,0.419,0.419,27,27,28,27,1,0,7,1,5,1,"2.58","-0.53","-0.53","31.4",,,,,
"FF","2026-05-04","95.7","-1.99","5.2","Ritchie, JR",641487,702275,"walk","ball",,,,,14,"Sean Murphy challenged (pitch result), call on the field was confirmed: J.P. Crawford walks.","R","L","R","SEA","ATL","B",,,3,2,2026,"-0.88","1.29",0.8567171837655729,1.5259434891103156,,,,0,1,"Bot",,,,,,,9.450106845471147,-139.00365544008926,-6.824801683701482,-13.460180611859512,30.65896555885563,-14.036201492693012,3.219127297,1.624606299,,,,"96.1",2301,"6.6",823143,669221,621566,645277,663586,622761,573262,643289,642201,"53.94",,0.704857,"0.7",1,0,0,,5,6,"4-Seam Fastball",0,1,0,1,1,0,0,1,"Strategic","Standard",230,"0.032","0.356",,,,"-0.356",,-1,-1,0.454,0.454,23,31,23,31,1,0,5,1,9,1,"1.2","0.88","-0.88","20.7",,,,,
"FF","2026-05-04","89","3.83","3.42","Hill, Tim",683002,657612,"strikeout","called_strike",,,,,1,"Austin Wells challenged (pitch result), call on the field was overturned: Gunnar Henderson called out on strikes.","R","L","L","NYY","BAL","S",2,,0,2,2026,"1.62","0.26",-0.6822797947165371,3.3146861057205217,,,677942,0,7,"Top",,,,,,,-14.364506274645574,-128.49414696510323,5.521845432113423,21.12704779619028,29.737703486738006,-31.029618264425192,3.328830381,1.679970472,,,,"88.3",2215,"6.6",823552,669224,502671,665862,641857,676609,641355,663757,592450,"53.92",,0,"0",1,0,0,,56,3,"4-Seam Fastball",6,1,1,6,1,6,1,6,"Strategic","Standard",86,"0.01","-0.148",,,,"0.148",,5,-5,0.957,0.04300000000000004,36,25,36,25,1,3,2,2,1,1,"2.69","1.62","1.62","-18.1",,,,,
"FF","2026-05-04","95.6","-1.39","6.36","Brown, Ben",663993,676962,,"called_strike",,,,,1,,"R","L","R","CHC","CIN","S",,,3,0,2026,"-0.68","1.41",-0.725395740242373,2.945847523445379,,,,0,8,"Top",,,,,,,3.2919774920866933,-139.14037419695325,-6.422056217897079,-9.516781377408023,32.24129814938579,-12.561735443756389,3.366568242,1.699015748,,,,"95.9",2195,"6.5",824684,608348,683737,663538,608324,621020,664023,691718,673548,"53.95",,,,,,,,60,4,"4-Seam Fastball",3,3,3,3,3,3,3,3,"Infield shade","Standard",214,"0.014","-0.09",,,,"0.09",,0,0,0.459,0.5409999999999999,26,30,27,31,1,3,2,1,4,1,"1.08","0.68","-0.68","41.9",,,,,
"FC","2026-05-04","87.5","0.93","6.02","Farris, Mitch",672284,815083,,"ball",,,,,11,,"R","L","L","LAA","CWS","B",,,0,0,2026,"0.04","0.56",-0.837754636950728,2.7198817451203063,,,,1,5,"Top",,,,,,,-4.341787046808291,-127.33801437858783,-2.7944432965688843,1.3147176817893798,26.20852294367103,-25.746373825302403,3.159448819,1.594488189,,,,"88.4",2297,"6.8",824039,518595,694384,624428,660162,687263,666139,545361,666176,"53.65",,,,,,,,38,1,"Cutter",0,5,5,0,5,0,5,0,"Standard","Standard",166,"-0.001","0.039",,,,"-0.039",,-5,5,0.069,0.931,25,26,25,27,1,2,5,1,5,1,"2.42","0.04","0.04","45.3",,,,,
"FF","2026-05-03","95.6","-1.78","5.21","Castillo, Luis",686555,622491,,"ball",,,,,11,,"R","L","R","SEA","KC","B",,,0,0,2026,"-0.99","0.96",-0.7376349561322766,3.3326443870908116,,,695506,2,6,"Top",,,,,,,4.917636210848511,-139.29183936540448,-1.4135172646068375,-13.974412893592081,27.971309113908045,-19.501208596885537,3.012885499,1.520521654,,,,"95",2194,"5.6",823145,640902,647304,702284,660844,641487,668227,677594,656582,"54.87",,,,,,,,45,1,"4-Seam Fastball",1,3,3,1,3,1,3,1,"Standard","Standard",229,"-0.002","0.035",,,,"-0.035",,-2,2,0.242,0.758,33,28,34,29,3,2,6,1,6,1,"1.51","0.99","-0.99","18.3",,,,,
"FF","2026-05-03","92.5","1.91","5.76","Bubic, Kris",640902,663460,,"called_strike",,,,,9,,"R","R","L","SEA","KC","S",,,0,0,2026,"0.29","1.45",0.7235788337883506,1.8601276500097965,,,,2,7,"Bot",,,,,,,-3.6627237899399674,-134.5270473944761,-7.184771405067376,4.267198986351251,28.227641465718555,-13.228851571036898,3.255109908,1.642765748,,,,"93.4",2474,"6.8",823145,695600,686469,686681,672580,677951,686555,664728,695506,"53.71",,,,,,,,56,1,"4-Seam Fastball",1,4,1,4,4,1,1,4,"Standard","Standard",157,"-0.001","-0.043",,,,"0.043",,-3,-3,0.081,0.081,28,30,29,30,3,2,5,,5,3,"1.21","0.29","-0.29","38.4",,,,,
"SI","2026-05-03","93.8","2.12","5.68","Matz, Steven",669477,571927,,"ball",,,,,12,,"R","R","L","TB","SF","B",,,0,0,2026,"1.5","0.9",0.8558786899034809,2.8058395013746527,,,,2,6,"Top",,,,,,,-6.608134506959223,-136.31540333152617,-3.4569440502281763,20.209077161127954,32.94773148718288,-20.40354988262854,3.196309055,1.613090551,,,,"93.5",2232,"6.4",822987,663743,668723,810938,691406,670764,802415,656775,641584,"54.09",,,,,,,,40,1,"Sinker",0,1,1,0,1,0,1,0,"Infield shade","Standard",121,"-0.001","0.037",,,,"-0.037",,-1,1,0.384,0.616,35,27,35,27,3,2,6,1,,1,"1.72","1.5","-1.5","30.7",,,,,
"CU","2026-05-03","84.8","-0.8","6.23","Ashcraft, Braxton",680574,677952,,"called_strike",,,,,1,,"R","R","R","PIT","CIN","S",,,0,1,2026,"0.7","-1.09",-0.6604985546619857,2.9953011721456897,668715,624431,,1,8,"Top",,,,,,,-1.0899483417111515,-123.53652947882001,1.1336946642622925,7.383151041713155,22.90522815531683,-43.85381671147049,3.047112861,1.537795276,,,,"84.7",2949,"6",823387,663698,687462,664040,693304,804606,668804,665833,656811,"54.48",,,,,,,,50,2,"Curveball",0,0,0,0,0,0,0,0,"Strategic","Standard",52,"0.041","-0.083",,,,"0.083",,0,0,0.35,0.65,26,26,27,27,3,2,5,1,6,2,"4.24","-0.7","-0.7","41.0",,,,,
"CU","2026-05-03","83.6","-0.96","6.22","Ashcraft, Braxton",680574,677952,,"called_strike",,,,,1,,"R","R","R","PIT","CIN","S",,,0,0,2026,"0.76","-1.15",-0.6178742612434285,2.885998918571492,668715,624431,,1,8,"Top",,,,,,,-0.7437073255577749,-121.84389626706859,1.1855261950132054,7.772749623485586,22.8357918927191,-44.09673443141317,3.047112861,1.537795276,,,,"83.4",2876,"5.9",823387,663698,687462,664040,693304,804606,668804,665833,656811,"54.55",,,,,,,,50,1,"Curveball",0,0,0,0,0,0,0,0,"Strategic","Standard",49,"0.025","-0.051",,,,"0.051",,0,0,0.325,0.675,26,26,27,27,3,2,5,1,6,2,"4.39","-0.76","-0.76","41.3",,,,,
"FF","2026-05-03","90.3","2.18","5.54","Wrobleski, Justin",665877,680736,,"ball",,,,,12,,"R","R","L","STL","LAD","B",,,1,0,2026,"0.44","1.23",0.511699187920013,3.3687449607889874,,,691026,2,6,"Bot",,,,,,,-4.952050800215648,-131.40805661275334,-1.8682236524962228,6.174096987672454,30.261105006191883,-17.8523984593385,3.137508202,1.583415354,,,,"88.6",2287,"5.4",823065,687221,518692,690976,571970,808975,606192,681624,663656,"55.08",,,,,,,,50,2,"4-Seam Fastball",0,3,0,3,3,0,0,3,"Standard","Standard",145,"0.005","0.048",,,,"-0.048",,-3,-3,0.134,0.134,25,27,26,27,3,2,7,6,7,3,"1.59","0.44","-0.44","35.2",,,,,
"SL","2026-05-03","79.5","-1.73","5.11","Henderson, Logan",695578,701656,"strikeout","called_strike",,,,,4,"William Contreras challenged (pitch result), call on the field was overturned: James Wood called out on strikes.","R","L","R","WSH","MIL","S",2,,0,2,2026,"1.28","-0.2",-0.7414659878331427,2.926712251879077,,,,0,6,"Bot",,,,,,,-0.2958136744487915,-115.7459226783211,2.4660110703026072,11.61853727457002,20.418965852080095,-34.58752594823837,3.488558071,1.760580709,,,,"79.5",2353,"6.1",822742,661388,641343,666152,650859,687401,663604,669003,686217,"54.38",,0,"0",1,0,0,,41,3,"Slider",2,1,2,1,1,2,2,1,"Infield shade","Standard",50,"-0.013","-0.165",,,,"0.165",,1,1,0.732,0.732,24,23,24,24,3,2,29,1,7,2,"3.78","-1.28","1.28","26.9",,,,,
"CU","2026-05-03","83.5","-2.43","5.82","Gibson, Trey",669224,694346,"strikeout","called_strike",,,,,3,"Adley Rutschman challenged (pitch result), call on the field was overturned: Austin Wells called out on strikes.","R","L","R","NYY","BAL","S",2,,2,2,2026,"1","-1.15",0.6056872364199246,2.7895872489442253,,,,0,4,"Bot",,,,,,,4.946542265451155,-121.29488014627678,2.1748476661728144,8.504820400897668,29.056957506713182,-44.095912230981035,3.254232283,1.642322835,,,,"83.7",2382,"7",823555,668939,691723,669236,642215,677942,621493,665750,641933,"53.46",,0,"0",1,0,0,,33,8,"Curveball",3,3,3,3,3,3,3,3,"Infield shade","Standard",37,"-0.023","-0.232",,,,"0.232",,0,0,0.556,0.556,24,26,24,27,2,1,,2,5,1,"4.49","-1","1","41.8",,,,,
"FC","2026-05-03","92.2","1.41","5.76","Fried, Max",641933,608331,,"ball",,,,,11,,"R","R","L","NYY","BAL","B",,,0,0,2026,"-0.33","0.62",-0.589793687922221,3.3644143486205147,,624413,,0,4,"Top",,,,,,,-4.2977992027222625,-134.12889577092506,-1.407454714088722,-2.973828574898246,31.40984468277073,-24.599882552022052,3.097137467,1.563041339,,,,"92.1",2249,"6.5",823555,669224,502671,665862,641857,676609,641355,663757,592450,"54.04",,,,,,,,28,1,"Cutter",3,1,1,3,1,3,1,3,"Strategic","Standard",159,"-0.004","0.032",,,,"-0.032",,2,-2,0.659,0.34099999999999997,32,31,32,31,2,1,6,1,5,2,"2.08","-0.33","0.33","40.3",,,,,
"SL","2026-05-03","82.9","-2.57","5.61","Mahle, Tyler",668723,641816,,"called_strike",,,,,9,,"R","R","R","TB","SF","S",,,0,0,2026,"0.36","-0.17",0.8062017666989303,2.0813047424592503,,,,0,4,"Bot",,,,,,,6.90986538309322,-120.57102584208452,-0.9964939092248599,2.130365710727887,24.219528908364882,-33.84009188024463,3.275295276,1.652952756,,,,"83.1",2553,"6.5",822987,606992,646240,650333,656305,642715,671218,808982,666464,"54",,,,,,,,28,1,"Slider",0,1,0,1,1,0,0,1,"Standard","Standard",83,"-0.005","-0.039",,,,"0.039",,-1,-1,0.428,0.428,31,27,32,27,2,1,5,1,7,1,"3.5","-0.36","-0.36","44.3",,,,,
"SI","2026-05-03","94.4","-0.69","5.68","Canning, Griffin",805367,656288,"strikeout","called_strike",,,,,3,"Freddy Fermin challenged (pitch result), call on the field was overturned: Chase Meidroth called out on strikes.","R","R","R","SD","CWS","S",2,,2,2,2026,"-1.25","0.6",0.6205645920761522,3.0431563907812,,,695657,0,4,"Top",,,,,,,6.142275780952033,-137.20269982975302,-2.2422245542056043,-17.192687550938658,33.78628732732695,-24.349148337762248,3.068175853,1.548425197,,,,"93.3",2186,"6",823307,666023,664034,630105,592518,593428,657656,701538,592206,"54.55",,0,"0",1,0,0,,24,5,"Sinker",0,1,1,0,1,0,1,0,"Standard","Standard",220,"0.029","-0.201",,,,"0.201",,-1,1,0.346,0.654,30,24,30,25,2,1,,1,5,1,"1.99","1.25","1.25","39.9",,,,,
"FS","2026-05-03","83.3","-1.11","6.04","Civale, Aaron",683953,650644,,"called_strike",,,,,7,,"R","L","R","ATH","CLE","S",,,2,1,2026,"-1.21","0.67",-0.7303582776882314,1.6362484917327795,,,,0,4,"Top",,,,,,,3.226799050419325,-121.22423084282126,-4.716658048456596,-12.556412724225838,23.895678418720436,-24.816365619442607,3.178756562,1.604232283,,,,"82.2",2143,"5.6",825013,642851,701762,643446,687231,805779,691016,680869,687515,"54.92",,,,,,,,25,4,"Split-Finger",1,0,0,1,0,1,0,1,"Infield shade","Strategic",237,"0.009","-0.073",,,,"0.073",,1,-1,0.618,0.382,31,23,31,24,2,1,5,1,6,1,"2.61","1.21","-1.21","35.5",,,,,
"SI","2026-05-03","92.5","2.66","5.66","Freeland, Kyle",621566,607536,"strikeout","called_strike",,,,,8,"Brett Sullivan challenged (pitch result), call on the field was overturned: Matt Olson called out on strikes.","R","L","L","COL","ATL","S",2,,1,2,2026,"0.93","0.64",-0.23369303959175403,1.6065068120615713,,686948,645277,1,3,"Top",,,,,,,-9.372331534887326,-134.42334414460666,-5.842552239766445,13.111450445865815,24.049047096086166,-23.323832839994108,3.37183399,1.701673228,,,,"93.6",2417,"6.6",824364,664954,681198,666397,650489,678662,666160,664983,687859,"53.89",,0,"0",1,0,0,,25,4,"Sinker",1,3,3,1,3,1,3,1,"Standard","Standard",146,"0.025","-0.174",,,,"0.174",,-2,2,0.268,0.732,33,32,33,32,2,1,5,1,6,1,"1.99","0.93","0.93","27.0",,,,,
"FS","2026-05-03","87.1","-1.14","5.86","Phillips, Tyler",681082,663969,,"called_strike",,,,,7,,"R","L","R","MIA","PHI","S",,,3,0,2026,"-1.23","0.29",-0.636032574027058,2.058704611614515,664761,669016,,1,7,"Top",,,,,,,3.795528026233231,-126.72425954886589,-3.291334556689814,-14.025082938915363,27.823844978178546,-28.6134683246334,3.225270669,1.627706693,,,,"87.3",1302,"6.6",823875,682663,681393,677870,688363,672640,691594,665923,683357,"53.88",,,,,,,,57,4,"Split-Finger",0,7,7,0,7,0,7,0,"Strategic","Standard",242,"0.001","-0.022",,,,"0.022",,-7,7,0.005,0.995,28,28,29,29,2,3,5,1,5,1,"2.74","1.23","-1.23","29.4",,,,,
"FC","2026-05-03","90.4","2.08","5.79","Kay, Anthony",592206,641743,,"ball",,,,,11,,"R","R","L","SD","CWS","B",,,0,0,2026,"-0.34","0.48",-0.4211491705584934,3.5502450839093926,,,664034,2,2,"Bot",,,,,,,-5.385634520124911,-131.61878489605763,-0.4926429184425006,-2.7464068110010693,28.951780096689614,-26.677472853361447,3.329708005,1.680413386,,,,"89.9",2371,"6",823307,691011,808959,805367,695657,682668,803011,671976,672284,"54.47",,,,,,,,15,1,"Cutter",0,0,0,0,0,0,0,0,"Standard","Standard",200,"0.002","0.035",,,,"-0.035",,0,0,0.524,0.524,31,34,31,34,1,0,6,2,6,2,"2.31","-0.34","0.34","38.8",,,,,
"FC","2026-05-03","88.5","-1.4","6.56","Morris, Andrew",665926,702193,,"called_strike",,,,,3,,"R","L","R","MIN","TOR","S",,,1,0,2026,"0.39","0.59",0.6877516213222064,2.869122224669918,,,,2,2,"Top",,,,,,,4.194072860367146,-129.00821574661032,-4.051742999165276,3.656159257278154,23.147345173835784,-24.94588993316108,3.164714567,1.597145669,,,,"88.7",2353,"6",823711,605170,665019,807712,668904,686797,663616,668885,670242,"54.49",,,,,,,,14,2,"Cutter",1,0,0,1,0,1,0,1,"Standard","Standard",144,"0.002","-0.054",,,,"0.054",,1,-1,0.644,0.356,24,27,25,28,1,0,3,2,3,1,"2.28","-0.39","0.39","60.7",,,,,
"FF","2026-05-03","97.9","-1.32","6.54","Burns, Chase",693304,695505,,"ball",,,,,12,,"R","R","R","PIT","CIN","B",,,0,0,2026,"-0.44","1.5",0.16934342638137462,3.4049972275777587,,,,0,2,"Bot",,,,,,,4.969165148804753,-142.43954219845864,-6.291342020992374,-7.0451068275642745,30.952387391307827,-10.452213114048972,3.05062336,1.539566929,,,,"97.8",2473,"6.1",823387,624431,668715,680574,701398,682829,668709,670770,666181,"54.41",,,,,,,,12,1,"4-Seam Fastball",0,0,0,0,0,0,0,0,"Standard","Standard",203,"0.004","0.041",,,,"-0.041",,0,0,0.551,0.551,23,27,23,27,1,0,5,1,6,2,"0.87","0.44","0.44","51.9",,,,,
"FC","2026-05-03","94.8","-3.04","5.81","Senzatela, Antonio",645277,622608,,"ball",,,,,12,,"R","L","R","COL","ATL","B",,,1,0,2026,"0.25","0.43",0.5448248047503806,3.2468083221893558,573262,,,2,6,"Top",,,,,,,8.64683630902644,-137.8831444684009,-1.8048839661483538,1.3343525216358643,30.58848763050359,-26.550891419945483,2.984801509,1.506348425,,,,"94.6",2286,"6.2",824364,664954,681198,666397,650489,678662,666160,664983,687859,"54.3",,,,,,,,57,2,"Cutter",5,6,6,5,6,5,6,5,"Standard","Standard",193,"-0.002","0.024",,,,"-0.024",,-1,1,0.35,0.65,31,29,31,29,1,3,3,1,4,1,"2.11","-0.25","0.25","36.4",,,,,
"FF","2026-05-03","96.7","-2.76","5.85","Senzatela, Antonio",643289,622608,"walk","ball",,,,,12,"Brett Sullivan challenged (pitch result), call on the field was confirmed: Mauricio Dubón walks. Mike Yastrzemski to 2nd.","R","R","R","COL","ATL","B",,,3,1,2026,"-0.18","1.03",0.4674792526081403,3.444832184348055,,,573262,0,6,"Top",,,,,,,8.919806155225753,-140.65137935108706,-3.1275170458969574,-4.190607431891427,27.815520930910726,-17.885061133279375,3.17085794,1.600246063,,,,"97.2",2154,"6.3",824364,664954,681198,666397,650489,678662,666160,664983,687859,"54.16",,0.704857,"0.7",1,0,0,,55,5,"4-Seam Fastball",5,6,6,5,6,5,6,5,"Standard","Standard",215,"-0.032","0.26",,,,"-0.26",,-1,1,0.28,0.72,31,31,31,32,1,3,3,1,4,1,"1.38","0.18","0.18","40.0",,,,,
"FF","2026-05-03","96.5","-1.86","5.74","Bednar, David",677942,670280,,"called_strike",,,,,6,,"R","R","R","NYY","BAL","S",,,0,0,2026,"-0.98","1.6",0.8252403236848866,2.3535632761188245,,,669236,2,9,"Top",,,,,,,9.361894410849915,-139.9566667007041,-6.829898771048017,-15.182221976211986,38.34089581345987,-9.797829976026195,3.178756562,1.604232283,,,,"96.1",2417,"6.7",823555,669224,502671,665862,641857,676609,641355,663757,680474,"53.79",,,,,,,,79,1,"4-Seam Fastball",11,3,3,11,3,11,3,11,"Strategic","Standard",211,"0","-0.042",,,,"0.042",,8,-8,0.999,0.0010000000000000009,31,27,32,27,1,3,5,1,2,1,"0.91","0.98","0.98","38.7",,,,,
"SI","2026-05-03","92.9","0.8","6.35","Gage, Matt",810938,657424,"walk","ball",,,,,13,"Eric Haase challenged (pitch result), call on the field was confirmed: Ben Williamson walks. Jonathan Aranda to 3rd. Ryan Vilade to 2nd.","R","R","L","TB","SF","B",,,3,2,2026,"1.14","1.31",-0.7488238432963246,1.3439535183134657,,666018,668723,2,6,"Bot",,,,,,,-6.506659377887479,-134.85399945641674,-9.669391843099246,15.377229445075361,31.56948935759591,-14.193916133985987,3.229658793,1.62992126,,,,"93.1",2222,"6.7",822987,606992,646240,650333,656305,642715,671218,808982,666464,"53.75",,0.704857,"0.7",1,0,0,,46,7,"Sinker",0,1,0,1,1,0,0,1,"Strategic","Standard",152,"0.045","0.195",,,,"-0.195",,-1,-1,0.394,0.394,33,25,33,26,1,2,1,2,3,1,"1.36","1.14","-1.14","46.0",,,,,
"FF","2026-05-03","98.7","-2.08","5.69","May, Dustin",606192,669160,"strikeout","called_strike",,,,,6,"Pedro Pagés challenged (pitch result), call on the field was overturned: Teoscar Hernández called out on strikes.","R","R","R","STL","LAD","S",2,,3,2,2026,"-0.87","1.08",0.6585256123656446,2.4775445203266355,,,,2,1,"Top",,,,,,,9.476475968611371,-143.44533183738014,-5.7162687007452675,-14.07949896458008,31.476430343174126,-16.06925929374913,3.199819554,1.614862205,,,,"99.8",2313,"6.8",823065,686780,676475,802139,602104,691026,665877,701675,691023,"53.68",,0,"0",1,0,0,,3,6,"4-Seam Fastball",0,0,0,0,0,0,0,0,"Standard","Standard",216,"0.012","-0.328",,,,"0.328",,0,0,0.536,0.46399999999999997,28,33,29,34,1,0,6,1,6,1,"1.25","0.87","0.87","42.1",,,,,
"FC","2026-05-03","90.8","-2.19","5.15","Woodford, Jake",682928,663765,,"ball",,,,,12,,"R","L","R","WSH","MIL","B",,,0,0,2026,"0.03","0.77",0.3079030606637778,3.3955353002333544,,660688,678554,2,8,"Bot",,,,,,,6.119065129914421,-132.34842980531664,-0.0972084716260323,-0.700264820563852,23.704281790170057,-23.213822773213067,3.222637795,1.626377953,,,,"91.9",2245,"6.5",822742,661388,641343,666152,650859,687401,663604,669003,686217,"54",,,,,,,,59,1,"Cutter",3,1,3,1,1,3,3,1,"Standard","Standard",200,"0.001","0.024",,,,"-0.024",,2,2,0.936,0.936,29,25,30,26,1,3,3,1,1,2,"1.95","-0.03","0.03","24.7",,,,,
"SI","2026-05-03","97.4","0.33","6.18","Chapman, Aroldis",621043,547973,,"ball",,,,,13,,"R","R","L","BOS","HOU","B",,,1,0,2026,"0.86","1.22",-0.06536803688927384,1.5084877367919634,,,669288,1,9,"Top",,,,,,,-3.1036531277276005,-141.49269387732636,-9.700230793862577,12.248967039872394,33.628624097885265,-13.745352490247082,3.336729003,1.683956693,,,,"98.6",2378,"7.2",824769,665966,575929,691785,702332,643396,680776,678882,677800,"53.35",,,,,,,,72,2,"Sinker",1,1,1,1,1,1,1,1,"Standard","Standard",172,"-0.017","0.068",,,,"-0.068",,0,0,0.492,0.508,38,31,38,32,1,4,2,1,1,1,"1.2","0.86","-0.86","50.5",,,,,
"FF","2026-05-03","93.7","1.71","5.41","Shuster, Jared",500743,694363,,"called_strike",,,,,8,,"R","R","L","STL","LAD","S",,,1,0,2026,"0.62","0.95",0.15502572927170144,1.7840576895916842,,,681624,0,9,"Top",,,,,,,-5.372393401936202,-136.18561473168697,-5.496492684929045,8.919049525862377,32.728580305020046,-19.330969069032637,3.141018701,1.585187008,,,,"93.5",2086,"6.4",823065,686780,676475,802139,669357,691026,665877,701675,691023,"54.07",,,,,,,,68,2,"4-Seam Fastball",1,3,3,1,3,1,3,1,"Standard","Standard",138,"-0.008","-0.048",,,,"0.048",,-2,2,0.063,0.937,27,37,28,37,1,1,21,1,3,2,"1.67","0.62","-0.62","34.6",,,,,
"SL","2026-05-03","89.8","2.91","5.84","Morejon, Adrian",808959,670970,"strikeout","called_strike",,,,,4,"Freddy Fermin challenged (pitch result), call on the field was overturned: Munetaka Murakami called out on strikes.","R","L","L","SD","CWS","S",2,,2,2,2026,"-0.41","0.08",-0.6976464683874308,2.5061429864172924,,,,0,6,"Top",,,,,,,-7.920984112478639,-130.50468192474978,-2.1606579406342536,-2.819305820898086,30.064731712046484,-30.93889820549011,3.296358268,1.663582677,,,,"89.2",2985,"6.2",823307,666023,664034,630105,592518,593428,657656,701538,592206,"54.27",,0,"0",1,0,0,,41,5,"Slider",3,1,1,3,1,3,1,3,"Infield shade","Standard",289,"0.026","-0.232",,,,"0.232",,2,-2,0.784,0.21599999999999997,27,26,27,26,1,2,4,1,3,1,"2.77","-0.41","-0.41","38.3",,,,,
"FC","2026-05-03","89.4","-1.36","6.23","Kuhnel, Joel",666310,669270,,"called_strike",,,,,7,,"R","L","R","ATH","CLE","S",,,0,1,2026,"0.26","0.5",-0.75702579957833,1.9706803911828974,,,,2,9,"Top",,,,,,,0.9053148511548228,-130.2574494150247,-5.390187696673093,2.7792123100217223,25.326252889595384,-25.62668592357627,3.089238845,1.559055118,,,,"90",2419,"6.4",825013,642851,701762,643446,687231,805779,691016,680869,671732,"54.09",,,,,,,,73,2,"Cutter",7,1,1,7,1,7,1,7,"Infield shade","Standard",172,"0","-0.057",,,,"0.057",,6,-6,0.999,0.0010000000000000009,31,26,31,26,1,1,2,2,5,1,"2.33","-0.26","0.26","35.3",,,,,
"CU","2026-05-03","79.9","0.25","6.62","Fisher, Braydon",605170,680755,,"ball",,,,,11,,"R","L","R","MIN","TOR","B",,,0,0,2026,"0.09","-1.07",-0.45693180031528224,3.4024396318596484,,,,1,5,"Bot",,,,,,,-1.68304808274875,-116.39239530758071,1.8081694999325824,1.1282842235717412,21.455158622175585,-42.46214411502935,3.200697179,1.615305118,,,,"78.8",2308,"5.4",823711,623168,672820,676391,672960,665926,682818,662139,660821,"55.09",,,,,,,,42,1,"Curveball",1,0,1,0,0,1,1,0,"Infield shade","Standard",20,"0.002","0.039",,,,"-0.039",,1,1,0.687,0.687,25,32,26,33,1,2,2,2,3,3,"4.63","-0.09","0.09","51.1",,,,,
"ST","2026-05-03","77.2","1.96","5.55","Rogers, Taylor",682818,573124,,"ball",,,,,11,,"R","L","L","MIN","TOR","B",,,0,0,2026,"-1.38","0.29",-0.19243074170174068,3.342210894074524,,,,2,5,"Top",,,,,,,-1.9465118442288365,-112.32183748517367,1.92991289114422,-11.20110081279615,22.19013225152448,-30.351865663205356,3.137508202,1.583415354,,,,"76.1",2745,"5.7",823711,605170,665019,807712,668904,686797,663616,668885,670242,"54.78",,,,,,,,39,1,"Sweeper",1,0,0,1,0,1,0,1,"Standard","Standard",287,"-0.002","0.037",,,,"-0.037",,1,-1,0.693,0.30700000000000005,35,24,36,24,1,2,2,2,4,1,"3.56","-1.38","-1.38","28.3",,,,,
"FF","2026-05-03","96.6","-1.35","5.96","Garcia, Rico",592450,670329,,"ball",,,,,14,,"R","R","R","NYY","BAL","B",,,0,0,2026,"-1.32","1.37",0.03438706944901626,1.6371277446654178,,,,1,7,"Bot",,,,,,,6.667956005324574,-140.21001791086124,-8.72141012349548,-18.91696529023569,36.62472443767123,-12.281771231626406,3.522785433,1.777854331,,,,"95.5",2639,"6.1",823555,668939,694212,669236,691723,677942,621493,665750,641933,"54.35",,,,,,,,59,1,"4-Seam Fastball",4,3,4,3,3,4,4,3,"Standard","Standard",210,"0.002","0.039",,,,"-0.039",,1,1,0.77,0.77,32,34,32,34,1,3,3,1,2,1,"1.12","1.32","1.32","49.1",,,,,
"SI","2026-05-03","90.7","1.86","5.62","Samaniego, Tyler",687957,701719,,"called_strike",,,,,1,,"R","L","L","BOS","HOU","S",,,0,0,2026,"0.73","1.11",-0.5578174001682331,3.2444377385453578,,,543877,0,5,"Top",,,,,,,-7.6855834232210425,-131.85489428661177,-2.2585692371697275,10.224010599882542,28.868999351715427,-18.930716758420296,3.31742126,1.674212598,,,,"91.9",2213,"7.1",824769,665966,575929,691785,702332,655316,680776,678882,677800,"53.38",,,,,,,,35,1,"Sinker",0,0,0,0,0,0,0,0,"Standard","Standard",146,"0.007","-0.043",,,,"0.043",,0,0,0.452,0.548,27,26,27,27,1,1,1,1,3,,"1.67","0.73","0.73","35.9",,,,,
"CU","2026-05-03","78.9","-1.71","5.9","Strider, Spencer",666397,675911,,"called_strike",,,,,1,,"R","L","R","COL","ATL","S",,,1,1,2026,"0.51","-0.55",-0.6760409387843396,3.0058994223884947,,,,0,1,"Bot",,,,,,,1.2754731370791614,-115.08797205049241,1.5410448864412079,4.477531102706912,14.860234988750193,-37.497790666731746,3.234924541,1.63257874,,,,"80.4",2682,"6.5",824364,641680,621566,645277,663586,622761,642201,643289,640492,"53.98",,,,,,,,4,3,"Curveball",0,0,0,0,0,0,0,0,"Strategic","Standard",59,"-0.006","-0.061",,,,"0.061",,0,0,0.547,0.547,27,27,28,27,1,0,,2,6,1,"4.1","-0.51","0.51","46.4",,,,,
"SI","2026-05-03","93.3","-2.61","4.85","Schreiber, John",660844,670167,,"called_strike",,,,,2,,"R","L","R","SEA","KC","S",,,1,1,2026,"-1.1","0.05",0.028236699436667845,2.9869590823675356,,,,0,8,"Bot",,,,,,,9.186499060332132,-135.7428573323134,0.9568354942981621,-15.542826439336883,26.685398971886745,-31.894411246138617,3.006742126,1.51742126,,,,"94",2198,"6.5",823145,695600,686469,686681,672580,677951,686555,664728,695506,"54.02",,,,,,,,62,3,"Sinker",1,4,1,4,4,1,1,4,"Strategic","Standard",241,"-0.007","-0.061",,,,"0.061",,-3,-3,0.086,0.086,32,28,32,29,1,2,3,1,3,1,"2.54","1.1","-1.1","12.9",,,,,
"FC","2026-05-03","88.7","-0.78","6.3","Civale, Aaron",680757,650644,,"ball",,,,,11,,"R","L","R","ATH","CLE","B",,,0,1,2026,"0.28","0.96",-0.21546377813918643,3.327829896710271,,,,0,1,"Top",,,,,,,0.754857985961862,-129.20468367888907,-3.0694973902019194,2.9817580549641556,25.804786311289874,-20.93748184565568,3.02253937,1.525393701,,,,"87.7",2612,"5.5",825013,642851,701762,643446,687231,805779,691016,680869,687515,"54.97",,,,,,,,1,2,"Cutter",0,0,0,0,0,0,0,0,"Standard","Standard",183,"-0.002","0.031",,,,"-0.031",,0,0,0.503,0.497,31,28,31,29,1,0,5,1,6,1,"1.92","-0.28","0.28","40.9",,,,,
"FF","2026-05-02","96.1","2.94","4.88","Sale, Chris",687859,519242,,"called_strike",,,,,8,,"R","L","L","COL","ATL","S",,,0,0,2026,"1.18","0.7",-0.080955873681257,1.6514278070413488,,,664954,2,7,"Bot",,,,,,,-10.665059138592477,-139.59860189015288,-4.405474937329775,17.730093377059184,28.618811834523683,-22.228602830162714,3.159448819,1.594488189,,,,"97",2387,"6.7",824365,686948,621566,645277,663586,622761,573262,643289,642201,"53.82",,,,,,,,62,1,"4-Seam Fastball",1,8,1,8,8,1,1,8,"Infield shade","Standard",109,"0","-0.042",,,,"0.042",,-7,-7,0.006,0.006,37,29,37,29,3,2,6,1,6,1,"1.76","1.18","1.18","10.8",,,,,
"KC","2026-05-02","83.5","-1.58","6.18","Cease, Dylan",670242,656302,,"ball",,,,,11,,"R","L","R","MIN","TOR","B",,,0,0,2026,"0.25","-1.12",-0.8354267956448629,2.950931297379096,,807712,,2,6,"Bot",,,,,,,1.2042325629119197,-121.58393288204684,1.4371674161613122,2.2247801635161513,23.69377528856438,-43.765498540446565,3.394652231,1.713188976,,,,"83.6",2713,"6.3",823715,678218,665489,672820,672960,676391,676914,662139,664702,"54.2",,,,,,,,49,1,"Knuckle Curve",4,3,4,3,3,4,4,3,"Infield shade","Standard",27,"0.001","0.019",,,,"-0.019",,1,1,0.727,0.727,30,28,31,29,3,2,5,3,6,1,"4.38","-0.25","0.25","54.8",,,,,
"SI","2026-05-02","100.1","-1.89","5.13","Dollander, Chase",686948,801403,"walk","ball",,,,,13,"Hunter Goodman challenged (pitch result), call on the field was confirmed: Drake Baldwin walks.","R","L","R","COL","ATL","B",,,3,2,2026,"-1.23","0.5",-0.8913313045723188,1.987180285400008,,,,1,6,"Top",,,,,,,5.649180390776109,-145.79147849297135,-4.35855479811782,-18.904925518498704,30.055837043492577,-24.187723341029514,3.205962927,1.617962598,,,,"100.3",2412,"6.1",824365,696100,681198,650489,691720,678662,687597,686668,687859,"54.44",,0.704857,"0.7",1,0,0,,49,7,"Sinker",1,8,8,1,8,1,8,1,"Strategic","Standard",235,"-0.001","0.339",,,,"-0.339",,-7,7,0.016,0.984,24,25,25,25,3,3,6,1,6,1,"1.74","1.23","-1.23","24.1",,,,,
"SI","2026-05-02","93.3","-1.24","5.14","Roupp, Landen",656775,694738,,"called_strike",,,,,3,,"R","L","R","TB","SF","S",,,2,0,2026,"-1.64","0.23",0.6535647154864184,2.577953503031385,676439,670764,802415,0,5,"Bot",,,,,,,8.445129692440606,-135.42487055595709,-1.025536592113312,-22.10334611309777,34.95844558667035,-29.363804309247715,3.004986877,1.516535433,,,,"92.3",2106,"6.2",822988,672275,646240,650333,656305,642715,671218,687551,808982,"54.28",,,,,,,,39,3,"Sinker",1,0,1,0,0,1,1,0,"Strategic","Standard",239,"-0.011","-0.045",,,,"0.045",,1,1,0.864,0.864,27,31,28,32,3,2,6,3,7,1,"2.44","1.64","-1.64","20.9",,,,,
"FF","2026-05-02","94.2","-0.87","6.25","Nelson, Ryne",608324,669194,,"ball",,,,,14,,"R","R","R","CHC","AZ","B",,,0,0,2026,"-0.3","1.68",0.8314879463422148,1.733079682629393,,,,0,6,"Bot",,,,,,,5.098468329870769,-136.88311478498574,-9.640467162163866,-4.974743929699959,30.86876340167405,-9.100891640398771,3.126099081,1.57765748,,,,"95.1",2221,"6.9",824685,543510,545121,606466,699912,672695,666971,678489,682998,"53.55",,,,,,,,42,1,"4-Seam Fastball",1,0,1,0,0,1,1,0,"Standard","Standard",190,"0.003","0.041",,,,"-0.041",,1,1,0.74,0.74,28,32,28,32,3,2,6,1,6,1,"0.9","0.3","0.3","54.8",,,,,
"SI","2026-05-02","94.9","-3.94","5.13","McLean, Nolan",672724,690997,,"ball",,,,,11,,"R","R","R","LAA","NYM","B",,,2,2,2026,"-1.71","0.35",-0.2861125165476177,3.3542079280458896,,,687093,2,4,"Bot",,,,,,,13.350520678321262,-137.45826316859822,0.4870134491416014,-24.752304659160867,32.395395773998416,-28.17764105333499,3.186655184,1.608218504,,,,"94.8",2143,"6.6",824042,682626,668901,543760,666182,677595,628451,621438,596103,"53.9",,,,,,,,32,5,"Sinker",3,1,3,1,1,3,3,1,"Standard","Standard",228,"0.004","0.079",,,,"-0.079",,2,2,0.765,0.765,24,26,25,26,2,1,6,1,6,1,"2.22","1.71","1.71","30.9",,,,,
"SI","2026-05-02","94.8","-2.2","5.64","Montero, Keider",673962,672456,,"called_strike",,,,,7,,"R","R","R","DET","TEX","S",,,1,1,2026,"-1.4","0.96",-0.6936675645902062,1.7075171557328184,,,,1,6,"Top",,,,,,,7.099111681648155,-137.86900154799193,-6.590250053532091,-19.44284139116748,30.061677671254305,-18.607125445349165,3.26300853,1.646751969,,,,"95.1",2177,"6.5",824284,693307,679529,701678,690993,805808,682985,672761,681481,"54.05",,,,,,,,45,3,"Sinker",5,1,1,5,1,5,1,5,"Standard","Standard",213,"0.003","-0.064",,,,"0.064",,4,-4,0.935,0.06499999999999995,25,28,26,28,3,2,6,1,6,1,"1.57","1.4","1.4","36.2",,,,,
"CH","2026-05-02","89.9","-1.89","5.04","Dollander, Chase",621566,801403,,"called_strike",,,,,7,,"R","L","R","COL","ATL","S",,,0,0,2026,"-0.76","0",-0.6989023573249847,1.8488615764680087,,686948,,2,4,"Top",,,,,,,4.558872758109905,-130.9670659382133,-1.7935936442823186,-9.632670571622521,25.101456521684398,-31.98393033486397,3.37183399,1.701673228,,,,"90.5",1912,"6.4",824365,696100,681198,650489,691720,678662,687597,686668,687859,"54.09",,,,,,,,33,1,"Changeup",1,6,6,1,6,1,6,1,"Standard","Standard",250,"0.002","-0.04",,,,"0.04",,-5,5,0.083,0.917,24,32,25,32,2,2,6,1,6,1,"2.79","0.76","-0.76","20.7",,,,,
"SI","2026-05-02","92.9","-2.05","5.8","Cecconi, Slade",691016,677944,,"called_strike",,,,,8,,"R","L","R","ATH","CLE","S",,,2,1,2026,"-1.25","0.86",-0.26612913300310526,1.5415278146385023,,,,1,5,"Bot",,,,,,,7.304192234674597,-134.97372483571357,-6.818852716049849,-16.806952728201722,27.9198957389363,-20.339250994331874,3.285826772,1.658267717,,,,"93.3",2248,"6.5",825014,595978,656555,683953,608070,677587,682657,680757,681807,"54",,,,,,,,44,4,"Sinker",4,5,4,5,5,4,4,5,"Strategic","Standard",231,"-0.008","-0.07",,,,"0.07",,-1,-1,0.386,0.386,27,24,27,25,3,2,6,1,5,1,"1.78","1.25","-1.25","40.0",,,,,
"SL","2026-05-02","83.8","-3.34","5.4","King, Michael",803011,650633,,"called_strike",,,,,7,,"R","L","R","SD","CWS","S",,,0,1,2026,"0.39","-0.1",-0.38718429802971743,1.550100605967018,,,,1,5,"Top",,,,,,,5.8946366852373036,-121.92037755130038,-2.0610922913316316,2.772789964057709,23.97356031068004,-32.93488481470321,3.154183071,1.591830709,,,,"83.2",2564,"5.9",823308,669134,657757,630105,592518,593428,657656,701538,665487,"54.6",,,,,,,,30,2,"Slider",0,0,0,0,0,0,0,0,"Infield shade","Standard",90,"0.006","-0.052",,,,"0.052",,0,0,0.533,0.46699999999999997,31,23,31,23,2,1,6,1,5,1,"3.34","-0.39","0.39","24.1",,,,,
"FC","2026-05-02","86.3","3.76","5.24","Lopez, Jacob",800050,682052,,"ball",,,,,12,,"R","L","L","ATH","CLE","B",,,1,0,2026,"-0.18","0.61",0.8406646088356515,3.080292308290147,,,,1,4,"Top",,,,,,,-6.527889222239118,-125.54680679507736,-0.019997864263750387,-0.6405525181324245,24.342892528853078,-25.91342181962437,3.339361877,1.685285433,,,,"87.2",2190,"6.8",825014,669127,701762,643446,687231,805779,691016,671732,666126,"53.75",,,,,,,,26,2,"Cutter",2,1,1,2,1,2,1,2,"Infield shade","Standard",165,"-0.007","0.071",,,,"-0.071",,1,-1,0.649,0.351,28,24,28,25,2,1,6,1,6,1,"2.44","-0.18","-0.18","22.4",,,,,
"FF","2026-05-02","96.5","2.41","5.48","Weathers, Ryan",677942,677960,,"ball",,,,,14,,"R","R","L","NYY","BAL","B",,,2,2,2026,"1.03","1.25",0.15810237325633003,1.3922119437984324,,,,0,3,"Top",,,,,,,-8.214752491273925,-140.1276428254169,-7.902954665698418,15.38666429307364,30.953471780105136,-14.070515425843263,3.178756562,1.604232283,,,,"95.8",2326,"5.9",823554,641555,700250,665862,641857,676609,641355,663757,592450,"54.55",,,,,,,,16,5,"4-Seam Fastball",1,0,0,1,0,1,0,1,"Strategic","Standard",134,"-0.01","0.112",,,,"-0.112",,1,-1,0.616,0.384,26,27,27,27,1,0,7,1,9,1,"1.2","1.03","-1.03","44.3",,,,,
"FF","2026-05-02","92.5","-2.41","5.77","Lowder, Rhett",668804,695076,,"called_strike",,,,,1,,"R","L","R","PIT","CIN","S",,,1,0,2026,"-1.21","1.09",-0.6894758946951465,2.8174554933405442,,,664040,1,2,"Bot",,,,,,,6.9868058698696105,-134.5125985532094,-3.891179242958078,-16.270196029335594,29.716073806048826,-18.351261767052257,3.284071522,1.65738189,,,,"91.9",2168,"6",823388,663886,668715,701398,663647,682829,668709,670770,666181,"54.5",,,,,,,,25,2,"4-Seam Fastball",5,3,5,3,3,5,5,3,"Infield shade","Standard",227,"-0.004","-0.056",,,,"0.056",,2,2,0.752,0.752,24,31,24,31,2,1,6,1,5,1,"1.59","1.21","-1.21","27.6",,,,,
"SI","2026-05-02","92.6","-2.46","4.62","Arrighetti, Spencer",702332,681293,,"called_strike",,,,,7,,"R","R","R","BOS","HOU","S",,,0,0,2026,"-1.54","0.69",-0.4506242717396429,1.4969403894478566,,678882,,1,3,"Bot",,,,,,,8.697867598819183,-134.5437577929526,-3.5928804637067553,-20.601045724205708,27.718058461119323,-23.14722691507578,2.947063648,1.48730315,,,,"95.1",2267,"7.7",824771,673237,572233,514888,670623,621043,687957,694728,701358,"52.81",,,,,,,,21,1,"Sinker",0,1,0,1,1,0,0,1,"Standard","Standard",231,"-0.006","-0.038",,,,"0.038",,-1,-1,0.46,0.46,26,26,26,26,1,0,6,1,7,1,"1.96","1.54","1.54","14.3",,,,,
"CU","2026-05-02","84.3","-0.53","5.9","Taylor, Grant",657757,691799,"strikeout","called_strike",,,,,1,"Edgar Quero challenged (pitch result), call on the field was overturned: Gavin Sheets called out on strikes.","R","L","R","SD","CWS","S",2,,2,2,2026,"-0.25","-1.16",-0.8072373511812732,2.891548892653681,701538,592518,593428,0,9,"Bot",,,,,,,-0.1255040346269179,-122.67464349118869,2.0222303763423826,-2.529541184682354,25.921224085591646,-44.474594721775084,3.350770997,1.691043307,,,,"85.5",2481,"7.2",823308,700337,808959,805367,678246,695657,656537,671976,672284,"53.27",,0,"0",1,0,0,,67,5,"Curveball",0,4,0,4,4,0,0,4,"Infield shade","Standard",14,"-0.065","-0.231",,,,"0.231",,-4,-4,0.181,0.181,24,30,24,30,1,3,5,4,4,1,"4.38","0.25","-0.25","63.9",,,,,
"FF","2026-05-02","96.8","-0.63","5.79","Taylor, Grant",593428,691799,,"ball",,,,,11,,"R","R","R","SD","CWS","B",,,2,0,2026,"-0.38","1.4",-0.2556867138059278,3.530256098072622,,701538,592518,0,9,"Bot",,,,,,,1.903558453988134,-140.99193089471393,-3.6817792364174933,-5.508476036860322,30.082436151658385,-12.821468837365622,3.284949147,1.657824803,,,,"99.2",2385,"7.4",823308,700337,808959,805367,678246,695657,656537,671976,672284,"53.08",,,,,,,,66,3,"4-Seam Fastball",0,4,0,4,4,0,0,4,"Standard","Standard",202,"0.029","0.185",,,,"-0.185",,-4,-4,0.124,0.124,24,33,24,34,1,3,5,1,4,1,"1.02","0.38","0.38","58.7",,,,,
"SL","2026-05-02","83.7","-1.06","5.84","Franco, Jose",687462,683742,,"called_strike",,,,,8,,"R","L","R","PIT","CIN","S",,,2,0,2026,"0.22","0.21",-0.052626576269148045,1.513189768669334,,,693304,2,6,"Bot",,,,,,,1.844956998610747,-121.96433783593667,-3.8394337084421135,1.9092014872470262,20.772001427565257,-29.628523134448752,3.133120079,1.581200787,,,,"84.2",2514,"6.2",823388,663886,668715,701398,663647,680574,668709,666181,677956,"54.26",,,,,,,,73,3,"Slider",15,6,15,6,6,15,15,6,"Infield shade","Standard",119,"0","-0.044",,,,"0.044",,9,9,0.998,0.998,25,28,26,29,1,4,3,1,3,1,"3","-0.22","0.22","41.0",,,,,
"SL","2026-05-02","92.7","-1.65","5.57","O'Brien, Riley",663656,676617,,"ball",,,,,12,,"R","L","R","STL","LAD","B",,,1,0,2026,"0.21","0.66",0.9339976160395632,2.6124422684307373,,,,2,9,"Top",,,,,,,6.070320944190991,-134.99091679700348,-3.082446670272542,1.2703768900231442,27.96416972528581,-23.64497971722237,3.350770997,1.691043307,,,,"93.2",2534,"6.4",823067,671056,676475,802139,602104,691026,701675,687363,691023,"54.07",,,,,,,,65,2,"Slider",3,0,0,3,0,3,0,3,"Standard","Standard",200,"-0.001","0.065",,,,"-0.065",,3,-3,0.995,0.0050000000000000044,31,29,31,29,1,3,3,1,2,1,"1.98","-0.21","0.21","30.0",,,,,
"ST","2026-05-02","85.9","-2.26","5.15","Bender, Anthony",664761,669622,"strikeout","called_strike",,,,,7,"Liam Hicks challenged (pitch result), call on the field was overturned: Alec Bohm called out on strikes.","R","R","R","MIA","PHI","S",2,,0,2,2026,"1.77","0.03",-0.7084864877911676,2.0122698789091094,,,,1,8,"Top",,,,,,,-0.013098393604166647,-125.08327138129394,-0.9955980129074175,18.44418724365424,27.312992403109643,-31.90565917605599,3.406938976,1.719389764,,,,"83.9",2765,"5.1",823876,689414,681393,669364,691594,672640,665923,805300,669065,"55.38",,0,"0",1,0,0,,59,3,"Sweeper",4,0,0,4,0,4,0,4,"Infield shade","Standard",67,"0.005","-0.163",,,,"0.163",,4,-4,0.98,0.020000000000000018,31,29,31,30,1,2,4,1,3,1,"3.08","-1.77","-1.77","9.5",,,,,
"FF","2026-05-02","98.3","-1.65","5.58","Santos, Gregory",666018,666619,,"called_strike",,,,,9,,"R","L","R","TB","SF","S",,,1,0,2026,"-0.83","1.13",0.47868930690006717,1.5414400361183795,,,691406,1,7,"Bot",,,,,,,7.655591150877404,-142.7123336076433,-7.882447453917055,-13.118315440961574,34.764602887625585,-14.993067518671944,3.189288058,1.609547244,,,,"98.4",2359,"6.6",822988,672275,646240,650333,656305,642715,671218,687551,808982,"53.92",,,,,,,,59,2,"4-Seam Fastball",4,1,4,1,1,4,4,1,"Infield shade","Standard",226,"-0.001","-0.056",,,,"0.056",,3,3,0.943,0.943,26,28,27,28,1,3,,1,3,1,"1.25","0.83","-0.83","26.4",,,,,
"CU","2026-05-02","75.5","3.22","4.64","Bernardino, Brennan",686948,657514,,"called_strike",,,,,8,,"R","L","L","COL","ATL","S",,,0,0,2026,"-0.6","0.1",0.011788437993447198,1.6609190736039494,,,660670,0,1,"Top",,,,,,,-5.437639552121491,-109.98492337081295,0.7881115383271129,-4.1413426715336,16.48130043836885,-31.68118527716676,3.205962927,1.617962598,,,,"75",2442,"5.5",824365,696100,681198,650489,691720,678662,687597,686668,687859,"54.95",,,,,,,,2,1,"Curveball",0,0,0,0,0,0,0,0,"Standard","Standard",299,"0.005","-0.043",,,,"0.043",,0,0,0.464,0.536,34,25,34,25,1,0,3,1,2,1,"3.84","-0.6","-0.6","7.9",,,,,
"ST","2026-05-02","86.5","-1.89","5.59","Domínguez, Seranthony",669134,622554,,"called_strike",,,,,1,,"R","R","R","SD","CWS","S",,,0,1,2026,"0.92","0.42",-0.6123835185890962,3.176110636157249,701538,592518,593428,2,9,"Bot",,,,,,,1.0949605259773982,-125.88832145074302,-0.12445524775011119,9.327275686895785,30.725006918787788,-27.96336399028159,3.119078084,1.574114173,,,,"86.2",2345,"6.5",823308,700337,808959,805367,678246,695657,656537,671976,672284,"53.98",,,,,,,,69,2,"Sweeper",0,4,0,4,4,0,0,4,"Standard","Standard",92,"-0.008","-0.05",,,,"0.05",,-4,-4,0.043,0.043,31,27,32,28,1,3,3,3,6,3,"2.67","-0.92","-0.92","27.9",,,,,
"SL","2026-05-02","82.9","-1.31","5.89","Morillo, Juan",608324,666661,,"called_strike",,,,,8,,"R","R","R","CHC","AZ","S",,,0,0,2026,"0.76","-0.88",-0.0779479451281847,1.5197491195701494,,,,0,8,"Bot",,,,,,,1.2550293756021416,-120.80229154789525,-1.5015156879887515,7.1910014088935394,24.64119833336043,-40.689082588825954,3.126099081,1.57765748,,,,"83",2749,"6.4",824685,543510,545121,606466,699912,672695,666971,678489,682998,"54.09",,,,,,,,59,1,"Slider",1,0,1,0,0,1,1,0,"Standard","Standard",51,"-0.002","-0.039",,,,"0.039",,1,1,0.867,0.867,27,32,27,32,1,3,3,1,4,1,"4.2","-0.76","-0.76","49.3",,,,,
"SV","2026-05-02","79.3","2.73","5.11","Harrison, Kyle",695578,690986,,"ball",,,,,13,,"R","L","L","WSH","MIL","B",,,0,2,2026,"-0.95","-0.82",-0.7083147756768696,1.635653275373894,,,,0,1,"Bot",,,,,,,-5.619320349576584,-115.33033246071616,1.024855707806,-7.378773166385967,22.69292810476598,-39.90008428949966,3.488558071,1.760580709,,,,"79.5",2154,"6.6",822746,596142,641343,668930,650859,687401,663604,669003,686217,"53.93",,,,,,,,9,3,"Slurve",0,3,0,3,3,0,0,3,"Strategic","Standard",320,"0.002","0.024",,,,"-0.024",,-3,-3,0.259,0.259,24,23,25,24,1,0,6,1,7,1,"4.47","-0.95","-0.95","31.3",,,,,
"CH","2026-05-02","89.8","-1.68","6.15","Brown, Ben",678489,676962,,"ball",,,,,14,,"R","L","R","CHC","AZ","B",,,1,1,2026,"-1.18","0.04",0.23508741721104376,1.3406954836786107,,,,0,8,"Top",,,,,,,7.245569763735548,-130.45037871735417,-5.703822413591398,-14.982505994883075,29.569227812322143,-30.62081466850959,2.958472769,1.493061024,,,,"90",1241,"6.7",824685,665804,683737,807713,608324,621020,664023,691718,673548,"53.83",,,,,,,,56,3,"Changeup",1,0,0,1,0,1,0,1,"Standard","Standard",237,"-0.012","0.055",,,,"-0.055",,1,-1,0.748,0.252,26,25,27,25,1,2,3,1,2,1,"2.81","1.18","-1.18","34.3",,,,,
"SL","2026-05-02","85.6","3.2","5.53","Nardi, Andrew",694025,677053,,"ball",,,,,13,,"R","R","L","MIA","PHI","B",,,0,0,2026,"-0.43","0.23",-0.8985764616567828,1.7268888221172354,,,,1,9,"Top",,,,,,,-8.680876536834235,-124.37767064825734,-2.901454089102862,-2.6299530918723253,25.694046364789788,-29.39533420408987,3.353403871,1.692372047,,,,"85.6",2447,"6.5",823876,689414,681393,669364,691594,672640,665923,805300,669065,"54.03",,,,,,,,66,1,"Slider",4,0,0,4,0,4,0,4,"Infield shade","Standard",265,"-0.001","0.039",,,,"-0.039",,4,-4,0.994,0.006000000000000005,27,25,28,25,1,2,3,2,3,1,"2.9","-0.43","0.43","40.8",,,,,
"SI","2026-05-02","93.1","-3.21","5.28","King, Michael",643217,650633,,"called_strike",,,,,8,,"R","L","R","SD","CWS","S",,,0,0,2026,"-1.82","0.21",0.22089223284712878,1.6789695581160884,,,,0,1,"Top",,,,,,,12.587734936033668,-134.85489570914402,-3.5465523801171632,-25.113991748069857,34.289338847971244,-28.95063790958912,3.068175853,1.548425197,,,,"91.3",2301,"5.9",823308,669134,657757,630105,592518,593428,657656,701538,665487,"54.64",,,,,,,,1,1,"Sinker",0,0,0,0,0,0,0,0,"Infield shade","Standard",233,"0.003","-0.039",,,,"0.039",,0,0,0.5,0.5,31,31,31,32,1,0,6,1,5,1,"2.48","1.82","-1.82","21.5",,,,,
"SL","2026-05-02","92.3","-1.7","5.64","O'Brien, Riley",518692,676617,,"called_strike",,,,,9,,"R","L","R","STL","LAD","S",,,0,0,2026,"0.06","0.51",0.7455661542284392,2.0359953456607154,,,,0,9,"Top",,,,,,,6.045331651711139,-134.30743087790057,-4.289250331561267,-0.560652181142251,28.38895579593975,-25.239319573912294,3.382365486,1.706988189,,,,"92.8",2532,"6.6",823067,671056,676475,802139,602104,691026,701675,687363,691023,"53.94",,,,,,,,63,1,"Slider",3,0,0,3,0,3,0,3,"Strategic","Standard",218,"0.003","-0.039",,,,"0.039",,3,-3,0.966,0.03400000000000003,31,36,31,37,1,3,3,1,2,1,"2.16","-0.06","0.06","29.6",,,,,
"FF","2026-05-02","92.6","-1","5.8","Scholtens, Jesse",650333,669947,,"called_strike",,,,,4,,"R","L","R","TB","SF","S",,,0,0,2026,"-0.97","1.47",-0.7538356574040181,2.055238812190223,,,687551,2,3,"Top",,,,,,,2.8075661472430116,-134.67472689361045,-6.7754049085119386,-12.441913535358365,32.59416056267386,-13.051700446837309,3.124343832,1.576771654,,,,"93",2244,"6.8",822988,676439,666018,680700,691406,670764,802415,656775,676356,"53.67",,,,,,,,18,1,"4-Seam Fastball",0,0,0,0,0,0,0,0,"Standard","Standard",207,"0.004","-0.042",,,,"0.042",,0,0,0.53,0.47,32,29,32,29,1,1,6,1,6,1,"1.22","0.97","-0.97","39.3",,,,,
"SL","2026-05-02","81.7","3.41","5.49","Strahm, Matt",702284,621381,,"called_strike",,,,,1,,"R","L","L","SEA","KC","S",,,0,0,2026,"-0.37","0.48",-0.4628413397396417,3.2248960089482916,,,,0,9,"Bot",,,,,,,-7.867711736687498,-118.7510633947624,0.713339119126375,-2.0508138678734853,21.939015566824036,-27.992491791841385,3.133120079,1.581200787,,,,"81.6",2618,"6.2",823144,695600,686469,686681,672580,677951,686555,664728,695506,"54.3",,,,,,,,68,1,"Slider",2,2,2,2,2,2,2,2,"Standard","Standard",283,"-0.009","-0.039",,,,"0.039",,0,0,0.639,0.639,34,22,35,23,1,3,1,1,2,1,"2.93","-0.37","-0.37","34.4",,,,,
"FF","2026-05-01","93.5","2.61","6.16","Ray, Robbie",666018,592662,,"called_strike",,,,,3,,"R","L","L","TB","SF","S",,,2,1,2026,"1.09","1.52",0.8052980987124478,2.703320434419699,,,,0,7,"Bot",,,,,,,-6.964235322160794,-135.7413236076993,-6.19940440283897,15.053834011231164,34.54451384774824,-12.231228589720457,3.189288058,1.609547244,,,,"92.2",2437,"6",822990,672275,646240,650333,656305,642715,671218,808982,666464,"54.52",,,,,,,,46,4,"4-Seam Fastball",3,0,3,0,0,3,3,0,"Infield shade","Standard",142,"-0.002","-0.073",,,,"0.073",,3,3,0.942,0.942,34,28,35,28,3,0,6,2,7,1,"1.13","1.09","1.09","49.6",,,,,
"CH","2026-05-01","88.3","0.83","6.34","Liberatore, Matthew",606192,669461,,"called_strike",,,,,8,,"R","R","L","STL","LAD","S",,,1,1,2026,"1.17","0.7",0.19419747365731477,1.595905938070075,,518692,669257,1,6,"Top",,,,,,,-3.9865523129633464,-128.41829740333657,-6.638785059889255,13.739482923207012,26.797276887502054,-23.28638853807675,3.199819554,1.614862205,,,,"88",1667,"6.1",823066,686780,676475,802139,669357,691026,701675,687363,691023,"54.36",,,,,,,,45,3,"Changeup",4,1,1,4,1,4,1,4,"Standard","Standard",134,"0.013","-0.058",,,,"0.058",,3,-3,0.816,0.18400000000000005,26,33,27,34,3,2,6,3,6,1,"2.23","1.17","-1.17","42.0",,,,,
"SI","2026-05-01","93.4","-3.3","5.44","Warren, Will",621493,701542,"strikeout","called_strike",,,,,3,"Austin Wells challenged (pitch result), call on the field was overturned: Taylor Ward called out on strikes.","R","R","R","NYY","BAL","S",2,,2,2,2026,"-1.09","0.37",0.6962270476546977,2.9652169134339426,,,,2,6,"Top",,,,,,,12.637430739677482,-135.58119579602558,-1.2680874415902212,-16.07889706083243,27.849976003234747,-27.513657544469083,3.190165682,1.609990158,,,,"93.9",2352,"6.6",823557,669224,502671,665862,642708,676609,641355,663757,592450,"53.93",,0,"0",1,0,0,,44,5,"Sinker",5,1,1,5,1,5,1,5,"Infield shade","Standard",225,"0.005","-0.224",,,,"0.224",,4,-4,0.946,0.05400000000000005,27,32,27,33,3,2,7,1,5,1,"2.24","1.09","1.09","27.3",,,,,
"FF","2026-05-01","93.1","1.11","6.35","Ragans, Cole",660844,666142,,"called_strike",,,,,8,,"R","R","L","SEA","KC","S",,,3,1,2026,"1.02","1.45",0.11808976156222384,1.4881344466674236,,,,0,5,"Bot",,,,,,,-4.77276457187274,-135.26694626777345,-9.675316736412622,13.543285631157785,26.37627854654954,-12.542871473577394,3.006742126,1.51742126,,,,"93.1",2566,"6.2",823146,521692,686469,686681,672580,677951,686555,664728,695506,"54.35",,,,,,,,38,5,"4-Seam Fastball",3,4,3,4,4,3,3,4,"Standard","Standard",138,"-0.014","-0.094",,,,"0.094",,-1,-1,0.437,0.437,28,28,29,29,2,1,6,3,5,1,"1.17","1.02","-1.02","43.6",,,,,
"FF","2026-05-01","95.6","0.23","6.33","McClanahan, Shane",656305,663556,,"ball",,,,,11,,"R","R","L","TB","SF","B",,,1,1,2026,"0.85","1.55",-0.9275931708227078,3.0749496217398504,,,,2,6,"Top",,,,,,,-4.987676162994865,-138.84850093833586,-6.216442898835783,12.203413245616684,36.50863692723183,-11.009216263594219,3.250721785,1.640551181,,,,"95.3",2296,"6.6",822990,663743,668723,810938,691406,670764,802415,676356,641584,"53.89",,,,,,,,37,3,"4-Seam Fastball",2,0,0,2,0,2,0,2,"Infield shade","Standard",151,"-0.003","0.053",,,,"-0.053",,2,-2,0.833,0.16700000000000004,29,33,29,33,3,2,6,1,5,1,"0.99","0.85","-0.85","43.6",,,,,
"FF","2026-05-01","94.5","-2.66","5.79","Holmes, Grant",664983,656550,,"ball",,,,,11,,"R","L","R","COL","ATL","B",,,1,0,2026,"-0.4","1",-0.5088734518895086,3.6505168821075413,687859,,,2,3,"Bot",,,,,,,6.399095091784317,-137.6977259328668,-2.0944500677179994,-6.2910441221460625,24.71984337569436,-19.038469856725996,3.228781168,1.629478347,,,,"94.7",2300,"5.9",824366,641680,621566,645277,663586,622761,642201,643289,660670,"54.58",,,,,,,,29,2,"4-Seam Fastball",6,0,6,0,0,6,6,0,"Infield shade","Standard",213,"0","0.024",,,,"-0.024",,6,6,0.957,0.957,30,28,30,29,2,1,7,1,11,2,"1.51","0.4","-0.4","39.4",,,,,
"FF","2026-05-01","91.7","-1.15","6.51","Woods Richardson, Simeon",682818,680573,,"called_strike",,,,,4,,"R","L","R","MIN","TOR","S",,,0,0,2026,"-0.41","1.59",-0.7454971533810864,2.5888296999271114,,672820,,1,4,"Top",,,,,,,1.9115960664978524,-133.39542857564896,-7.344356983426951,-5.265712955520456,30.53020236850717,-11.869241388914567,3.137508202,1.583415354,,,,"92.3",2250,"6.8",823713,605170,605137,807712,668904,686797,681546,621439,668885,"53.7",,,,,,,,29,1,"4-Seam Fastball",2,3,3,2,3,2,3,2,"Standard","Standard",201,"0.006","-0.038",,,,"0.038",,-1,1,0.356,0.644,25,24,26,24,2,1,5,1,6,2,"1.14","0.41","-0.41","50.3",,,,,
"CU","2026-05-01","88.1","-1.71","5.57","Misiorowski, Jacob",671277,694819,,"ball",,,,,13,,"R","L","R","WSH","MIL","B",,,0,2,2026,"0.59","-0.83",-0.3252086768857421,1.504489482772378,,,,2,3,"Bot",,,,,,,2.103354010696831,-128.35243090768196,-1.8290078307006703,6.084198723881381,25.417805296364648,-41.22069371892332,3.248088911,1.639222441,,,,"89.5",2219,"7",822744,661388,641343,668930,650859,666152,663368,669003,686217,"53.51",,,,,,,,25,3,"Curveball",0,2,0,2,2,0,0,2,"Standard","Standard",41,"0.001","0.022",,,,"-0.022",,-2,-2,0.278,0.278,24,26,24,26,2,1,6,1,7,1,"3.75","-0.59","0.59","33.8",,,,,
"FC","2026-05-01","90.3","-3.13","5.29","Scott, Christian",545361,681035,,"ball",,,,,12,,"R","R","R","LAA","NYM","B",,,1,2,2026,"0.09","0.39",0.8899920147304718,2.592014698460884,,,687263,0,3,"Bot",,,,,,,9.736098855243853,-131.18289120672773,-1.4485630816624147,-0.9353381967374156,26.43744795962415,-27.514092665285276,3.243700787,1.637007874,,,,"90.9",,"6.6",824041,682626,683146,543760,666182,677595,665742,621438,701807,"53.85",,,,,,,,20,4,"Cutter",2,0,2,0,0,2,2,0,"Standard","Strategic",,"0.004","0.036",,,,"-0.036",,2,2,0.782,0.782,27,34,27,35,2,1,8,2,6,1,"2.4","-0.09","-0.09","30.2",,,,,
"SI","2026-05-01","92.3","-1.98","5.62","Keller, Mitch",682829,656605,,"ball",,,,,14,,"R","L","R","PIT","CIN","B",,,1,1,2026,"-1.32","0.76",0.5591158659416218,1.5884355707317788,,,,0,4,"Top",,,,,,,9.363488977321957,-134.13020922808937,-5.941037664871557,-17.921495298742546,26.571600455861134,-21.929026534511255,3.460474081,1.74640748,,,,"93.2",2434,"6.7",823389,680779,687462,664040,693304,804606,668804,665833,656811,"53.81",,,,,,,,28,3,"Sinker",3,0,0,3,0,3,0,3,"Infield shade","Standard",227,"-0.005","0.055",,,,"-0.055",,3,-3,0.815,0.18500000000000005,30,24,30,24,2,1,6,1,6,1,"1.91","1.32","-1.32","32.3",,,,,
"FF","2026-05-01","94.4","-0.98","6.12","Márquez, Germán",691011,608566,,"ball",,,,,12,,"R","L","R","SD","CWS","B",,,2,0,2026,"-0.94","1.39",0.95618459614729,2.8543072398145064,,669720,671976,1,2,"Top",,,,,,,6.971929311532494,-137.16097124911494,-5.600473592115193,-13.493848605132223,33.24068274288915,-13.56128824336254,3.215616798,1.622834646,,,,"92.5",2199,"5.4",823309,666023,664034,665487,592518,593428,657656,669369,592206,"55.05",,,,,,,,16,3,"4-Seam Fastball",0,2,2,0,2,0,2,0,"Infield shade","Standard",222,"-0.013","0.117",,,,"-0.117",,-2,2,0.259,0.741,31,24,31,25,1,0,6,3,,2,"1.19","0.94","-0.94","45.1",,,,,
"SI","2026-05-01","97.7","0.29","6.68","Ashby, Aaron",695578,676879,,"called_strike",,,,,7,,"R","L","L","WSH","MIL","S",,,3,1,2026,"1.32","0.45",-0.29952711572155133,1.661510259333936,,686452,696285,0,8,"Bot",,,,,,,-4.577430920068202,-141.99990475897724,-8.677518250868474,18.886345136233793,31.419719868593464,-24.305337894932283,3.488558071,1.760580709,,,,"96.4",2101,"5.5",822744,661388,641343,668930,666152,687401,663368,669003,686217,"54.95",,,,,,,,69,5,"Sinker",1,6,1,6,6,1,1,6,"Standard","Standard",143,"-0.015","-0.142",,,,"0.142",,-5,-5,0.096,0.096,28,23,28,24,2,3,5,1,5,1,"1.94","1.32","1.32","52.9",,,,,
"SL","2026-05-01","86.6","-2.09","5.94","Bido, Osvaldo",593428,674370,,"ball",,,,,14,,"R","R","R","SD","CWS","B",,,0,2,2026,"0.35","0.28",0.9892076653514243,2.194648827395,,609280,592518,2,8,"Bot",,,,,,,6.528315681139563,-125.95064427021818,-3.0873209574848923,2.3594848344864263,25.71305308589677,-28.80203689022468,3.284949147,1.657824803,,,,"86.5",2568,"6.3",823309,691011,808959,805367,678246,695657,803011,671976,656537,"54.22",,,,,,,,70,3,"Slider",2,8,2,8,8,2,2,8,"Standard","Standard",61,"0","0.012",,,,"-0.012",,-6,-6,0.007,0.007,30,33,31,34,1,3,4,2,5,1,"2.77","-0.35","-0.35","38.6",,,,,
"FS","2026-05-01","83.3","-1.65","5.76","Orze, Eric",623168,679358,"strikeout","called_strike",,,,,9,"Victor Caratini challenged (pitch result), call on the field was overturned: Tyler Heineman called out on strikes.","R","L","R","MIN","TOR","S",2,,1,2,2026,"-1.35","0.47",0.5853614836066217,1.4608077295499369,,,,0,8,"Top",,,,,,,7.856757478488124,-120.9394194415233,-4.073579090373083,-14.839716929396012,25.252514360764152,-26.959720356993916,3.110301837,1.569685039,,,,"83.9",1771,"7",823713,605170,605137,807712,668904,686797,681546,621439,668885,"53.52",,0,"0",1,0,0,,68,4,"Split-Finger",3,7,7,3,7,3,7,3,"Standard","Standard",245,"0.003","-0.189",,,,"0.189",,-4,4,0.037,0.963,28,35,29,35,1,3,2,3,2,2,"2.85","1.35","-1.35","40.3",,,,,
"CU","2026-05-01","80.4","1.38","5.77","Gibson, Cade",665561,806188,,"ball",,,,,12,,"R","R","L","MIA","PHI","B",,,1,2,2026,"-1.47","-1.36",0.8854896646641839,2.4408040602236483,624641,664761,702222,1,6,"Top",,,,,,,1.749458471312425,-116.92741876087858,2.2312984947573113,-13.710993465501469,26.243916394655578,-45.19730248656634,3.055889108,1.542224409,,,,"79",3228,"5.8",823877,689414,666624,669364,691594,672640,669065,805300,683357,"54.75",,,,,,,,47,4,"Curveball",1,2,2,1,2,1,2,1,"Strategic","Standard",318,"-0.012","0.05",,,,"-0.05",,-1,1,0.262,0.738,28,27,28,27,1,2,,1,,6,"4.94","-1.47","1.47","41.8",,,,,
"SI","2026-05-01","97.9","-1.96","5.63","Mey, Luis",668804,682825,,"ball",,,,,11,,"R","L","R","PIT","CIN","B",,,2,1,2026,"-0.66","0.73",-0.9176017660709758,2.8087357940428266,,,,2,7,"Bot",,,,,,,4.357641834064869,-142.6343439420878,-3.7140052889476114,-10.014045046834553,31.285764812355033,-21.54886978912673,3.284071522,1.65738189,,,,"98.8",2283,"6.6",823389,663886,701398,680574,663647,682829,668709,670770,668715,"53.87",,,,,,,,65,4,"Sinker",9,1,9,1,1,9,9,1,"Infield shade","Standard",201,"0","0.117",,,,"-0.117",,8,8,0.998,0.998,25,31,25,31,1,4,2,1,6,1,"1.63","0.66","-0.66","34.8",,,,,
"FF","2026-05-01","92.5","1.1","5.91","Dreyer, Jack",686780,676263,,"called_strike",,,,,9,,"R","R","L","STL","LAD","S",,,1,1,2026,"0.45","1.93",0.7101239118918101,1.7616529581819274,,691026,701675,0,6,"Bot",,,,,,,-1.987720034499073,-134.44781951372727,-8.77561344455163,5.906468212130312,32.79018245420826,-7.116050446084472,3.174368438,1.602017717,,,,"92.6",2476,"6.7",823066,669257,518692,669289,571970,500743,606192,681624,663656,"53.82",,,,,,,,50,3,"4-Seam Fastball",4,2,4,2,2,4,4,2,"Standard","Standard",160,"-0.007","-0.065",,,,"0.065",,2,2,0.892,0.892,27,27,27,28,1,2,3,1,3,2,"0.77","0.45","-0.45","59.8",,,,,
"ST","2026-05-01","82.8","-3.23","4.91","Bird, Jake",624413,656234,"walk","ball",,,,,13,"Austin Wells challenged (pitch result), call on the field was confirmed: Pete Alonso walks.","R","R","R","NYY","BAL","B",,,3,2,2026,"1.33","0.17",-1.119407232860528,2.195103185884491,,,,2,9,"Top",,,,,,,2.1014734538126483,-120.58896523767302,0.12356334449890771,12.587134362678556,23.19216204412463,-30.792259334149932,3.323564633,1.677312992,,,,"82.2",2687,"5.8",823557,669224,502671,665862,641857,676609,641355,663757,592450,"54.72",,0.704857,"0.7",1,0,0,,71,8,"Sweeper",7,2,2,7,2,7,2,7,"Infield shade","Standard",81,"0","0.259",,,,"-0.259",,5,-5,0.999,0.0010000000000000009,30,31,31,32,1,3,2,1,1,1,"3.15","-1.33","-1.33","11.4",,,,,
"SI","2026-05-01","93.3","2.77","5.6","Bennett, Jake",670623,687562,"walk","ball",,,,,11,"Carlos Narváez challenged (pitch result), call on the field was confirmed: Isaac Paredes walks.","R","R","L","BOS","HOU","B",,,3,2,2026,"1.64","0.38",-0.844353039042558,2.6095547360018703,,,,2,1,"Top",,,,,,,-13.041134426309288,-135.12907747457356,-2.523949749578347,23.061129132831113,31.375072026928144,-27.122451517259236,3.180511811,1.60511811,,,,"94.3",1943,"7.3",824772,665966,575929,691785,702332,596115,680776,678882,677800,"53.25",,0.704857,"0.7",1,0,0,,3,8,"Sinker",0,0,0,0,0,0,0,0,"Infield shade","Standard",112,"-0.01","0.259",,,,"-0.259",,0,0,0.536,0.46399999999999997,25,27,26,27,1,0,,1,6,1,"2.28","1.64","-1.64","33.2",,,,,
"SL","2026-05-01","81.7","-1.43","6.64","Granillo, Andre",666152,701552,,"called_strike",,,,,1,,"R","L","R","WSH","MIL","S",,,1,0,2026,"0.48","0.34",-0.6616148711849341,3.0574525433750335,,686217,663368,0,8,"Top",,,,,,,0.7653267229460656,-119.02986195052854,-2.0076085303179765,4.45609563573496,21.01143761011213,-28.725414344291607,3.134875328,1.582086614,,,,"81.3",2290,"5.8",822744,686452,678554,683083,691781,682928,695734,696285,695578,"54.72",,,,,,,,61,2,"Slider",1,4,4,1,4,1,4,1,"Strategic","Standard",112,"0.003","-0.07",,,,"0.07",,-3,3,0.045,0.955,26,28,26,29,1,3,3,1,4,2,"3.04","-0.48","0.48","38.4",,,,,
"SI","2026-05-01","99.4","-1.83","5.75","Hicks, Jordan",669369,663855,,"ball",,,,,12,,"R","L","R","SD","CWS","B",,,0,2,2026,"-1.31","1.18",0.4005395879832294,3.538823696123701,,666023,,2,9,"Bot",,,,,,,9.151821127650356,-144.3648171466175,-3.177602617976698,-20.620843938756597,39.7103373340349,-15.21868775779058,3.185777559,1.607775591,,,,"98.4",2271,"6.3",823309,691011,808959,805367,678246,682668,803011,671976,656537,"54.23",,,,,,,,77,3,"Sinker",2,8,2,8,8,2,2,8,"Standard","Standard",232,"0","0.015",,,,"-0.015",,-6,-6,0.001,0.001,29,30,30,31,1,3,4,3,5,4,"1.17","1.31","-1.31","33.7",,,,,
"CU","2026-05-01","83","-1.75","5.98","Graceffo, Gordon",663656,700669,,"ball",,,,,13,,"R","L","R","STL","LAD","B",,,1,2,2026,"-0.05","-1.25",-0.7798813399154414,1.5709134512778355,,,518692,2,8,"Top",,,,,,,2.298834724869418,-120.84995058118218,-0.8663367276964853,-0.9768797340517863,24.389332373080993,-44.41419015156016,3.350770997,1.691043307,,,,"82.9",2771,"6.3",823066,686780,676475,802139,669357,691026,701675,687363,691023,"54.23",,,,,,,,67,4,"Curveball",7,2,2,7,2,7,2,7,"Infield shade","Standard",19,"0","0.033",,,,"-0.033",,5,-5,0.992,0.008000000000000007,26,29,26,29,1,3,1,2,3,1,"4.56","0.05","-0.05","48.8",,,,,
"SI","2026-05-01","91.8","-1.22","5.12","Singer, Brady",668804,663903,,"called_strike",,,,,1,,"R","L","R","PIT","CIN","S",,,0,1,2026,"-1.17","0.58",-0.6325625242521793,3.1925424591707428,,,,2,1,"Bot",,,,,,,4.096700942138589,-133.65548350534513,-0.12199660018440672,-14.953317932974208,28.411806874122266,-25.448119764056468,3.284071522,1.65738189,,,,"93",2301,"6.9",823389,663886,701398,680574,663647,682829,668709,670770,668715,"53.58",,,,,,,,6,2,"Sinker",0,0,0,0,0,0,0,0,"Infield shade","Standard",215,"-0.002","-0.057",,,,"0.057",,0,0,0.508,0.508,29,31,30,31,1,0,6,1,5,1,"2.12","1.17","-1.17","26.4",,,,,
"FF","2026-05-01","94.6","-0.7","5.54","Sheehan, Emmet",671056,686218,,"called_strike",,,,,8,,"R","R","R","STL","LAD","S",,,1,1,2026,"-0.59","1.75",0.242229813544226,1.725628666512549,,,,1,1,"Bot",,,,,,,3.787271537498262,-137.5326073462007,-8.0310403843741,-8.35135282760947,31.18100210899474,-8.39794676665478,3.173490814,1.601574803,,,,"95.2",2475,"6.7",823066,669257,518692,669289,571970,500743,606192,681624,663656,"53.78",,,,,,,,5,3,"4-Seam Fastball",0,0,0,0,0,0,0,0,"Infield shade","Standard",203,"-0.004","-0.064",,,,"0.064",,0,0,0.525,0.525,26,26,27,26,1,0,7,1,7,1,"0.81","0.59","0.59","40.6",,,,,
"ST","2026-05-01","80.2","2.15","4.67","Moll, Sam",665833,594580,"strikeout","called_strike",,,,,3,"Tyler Stephenson challenged (pitch result), call on the field was overturned: Oneil Cruz called out on strikes.","R","L","L","PIT","CIN","S",2,,3,2,2026,"-1.46","-0.18",0.8229026242719804,3.2009186612335676,,,,1,5,"Bot",,,,,,,-0.09316992045865152,-116.73974180359181,3.816427156641576,-13.282838841345262,23.456939935349965,-34.80194376600451,3.515764436,1.774311024,,,,"77.4",2702,"4.4",823389,663886,701398,680574,663647,682829,668709,670770,668715,"56.07",,0,"0",1,0,0,,46,8,"Sweeper",8,0,8,0,0,8,8,0,"Standard","Standard",308,"-0.001","-0.332",,,,"0.332",,8,8,0.993,0.993,34,27,34,28,1,3,5,1,1,1,"3.74","-1.46","-1.46","9.3",,,,,
"SL","2026-05-01","74.5","-3.83","1.41","Rogers, Tyler",668904,643511,,"ball",,,,,13,,"R","R","R","MIN","TOR","B",,,0,1,2026,"0.9","1.13",-0.2644806752026403,1.4463807587017405,,,,2,8,"Bot",,,,,,,5.61014511963763,-108.19857144833398,5.452011650895332,5.968512404990861,19.97995821229699,-24.60172553132158,3.205085302,1.617519685,,,,"74.1",2420,"6.2",823713,623168,665489,672820,672960,665926,676914,662139,664702,"54.27",,,,,,,,73,2,"Slider",3,7,3,7,7,3,3,7,"Standard","Standard",121,"0.001","0.027",,,,"-0.027",,-4,-4,0.018,0.018,35,27,36,27,1,3,3,1,4,2,"3.01","-0.9","-0.9","-55.1",,,,,
"SI","2026-05-01","95.3","-2.87","5.41","Hanifee, Brenan",677649,669724,,"called_strike",,,,,1,,"R","R","R","DET","TEX","S",,,0,0,2026,"-1.76","0.4",-0.5603925193929569,3.2110201157929072,,,696030,1,6,"Top",,,,,,,9.967121820880452,-138.33713479208828,-0.7875831046041895,-24.908422650865162,33.541126946536956,-27.15485140904777,3.126099081,1.57765748,,,,"94.4",2036,"6.1",824287,693307,679529,650402,701678,805808,681481,663837,672761,"54.38",,,,,,,,50,1,"Sinker",4,4,4,4,4,4,4,4,"Standard","Standard",241,"0.006","-0.04",,,,"0.04",,0,0,0.497,0.503,28,27,28,27,1,2,5,2,2,1,"2.14","1.76","1.76","33.9",,,,,
"ST","2026-05-01","84.6","-1.39","6.13","Keller, Brad",691594,641745,,"ball",,,,,14,,"R","R","R","MIA","PHI","B",,,2,0,2026,"1.34","0.35",0.7843971631378891,1.1427717431346647,,,,0,9,"Bot",,,,,,,2.261806406829264,-123.19400303318473,-5.699944705738345,13.210923174872752,24.636424050412657,-27.71871535849385,2.995333005,1.511663386,,,,"84.1",2716,"5.9",823877,665561,547180,681082,664761,624641,664238,702222,666969,"54.57",,,,,,,,76,3,"Sweeper",4,6,4,6,6,4,4,6,"Standard","Standard",60,"0.029","0.152",,,,"-0.152",,-2,-2,0.124,0.124,30,23,31,24,1,3,1,2,3,1,"2.84","-1.34","-1.34","44.9",,,,,
"ST","2026-05-01","77.7","1.81","5.44","Gibson, Cade",681082,806188,,"called_strike",,,,,6,,"R","L","L","MIA","PHI","S",,,0,0,2026,"-2.02","-0.17",0.6880867550694221,2.6979033377540134,,,624641,0,6,"Top",,,,,,,1.384918090702746,-113.07790455657913,1.583270346755374,-17.506351901084365,22.158899244201777,-34.18913521601681,3.225270669,1.627706693,,,,"76.8",3147,"5.8",823877,689414,666624,669364,691594,672640,669065,805300,683357,"54.71",,,,,,,,44,1,"Sweeper",1,2,2,1,2,1,2,1,"Standard","Standard",298,"0.005","-0.043",,,,"0.043",,-1,1,0.302,0.698,28,28,28,29,1,2,,1,,1,"3.97","-2.02","-2.02","26.8",,,,,
"SI","2026-05-01","96.8","2.07","5.52","Garcia, Brandyn",807713,805299,,"called_strike",,,,,7,,"R","R","L","CHC","AZ","S",,,2,0,2026,"1.64","-0.11",-0.3924174509407996,1.6325210019658618,,,,0,6,"Bot",,,,,,,-10.119705574495534,-140.4811279262018,-4.194891353839775,24.06507304885304,35.29751467025326,-32.78231927676813,3.105036089,1.567027559,,,,"94.8",2164,"5.5",824686,672515,699912,545121,571448,672695,694374,678489,682998,"54.97",,,,,,,,59,3,"Sinker",6,5,6,5,5,6,6,5,"Standard","Standard",124,"-0.007","-0.072",,,,"0.072",,1,1,0.75,0.75,26,24,26,25,1,2,,2,4,1,"2.58","1.64","-1.64","16.4",,,,,
"FF","2026-05-01","93.2","1.5","5.98","Sabrowski, Erik",687231,681870,,"called_strike",,,,,9,,"R","R","L","ATH","CLE","S",,,1,1,2026,"0.99","1.68",0.7654448561635223,1.7845663244657606,669127,701762,667670,0,7,"Bot",,,,,,,-4.104956589648498,-135.42064576935513,-8.559168752072976,13.047586038608365,29.97421008195582,-9.764995646787227,3.185777559,1.607775591,,,,"93.7",2514,"6.7",825012,666310,700932,683953,608070,677587,682657,680757,800050,"53.83",,,,,,,,70,3,"4-Seam Fastball",5,8,5,8,8,5,5,8,"Standard","Standard",143,"-0.026","-0.076",,,,"0.076",,-3,-3,0.377,0.377,28,24,29,25,1,3,2,1,5,1,"0.95","0.99","-0.99","44.2",,,,,
"SL","2026-05-01","86.2","-1.27","6.58","Woods Richardson, Simeon",660821,680573,,"called_strike",,,,,2,,"R","L","R","MIN","TOR","S",,,1,0,2026,"0.07","0.83",-0.1637563351940614,3.268563493829428,,,543807,0,1,"Top",,,,,,,2.4560144445489587,-125.59171942095426,-3.1924493943641017,0.28337215703341295,23.663299861386495,-22.914770614414884,3.334973753,1.683070866,,,,"86.5",2341,"6.3",823713,605170,605137,807712,668904,686797,681546,621439,668885,"54.25",,,,,,,,2,2,"Slider",0,0,0,0,0,0,0,0,"Standard","Standard",179,"0.007","-0.048",,,,"0.048",,0,0,0.459,0.5409999999999999,25,28,26,29,1,0,5,1,6,1,"2.21","-0.07","0.07","45.1",,,,,
"FF","2026-05-01","94.5","-2.02","5.95","Mejia, Juan",641680,675848,,"called_strike",,,,,7,,"R","L","R","COL","ATL","S",,,2,0,2026,"-0.49","0.97",-0.6984204387437835,2.1871489721931328,,,,0,9,"Top",,,,,,,4.469818438175467,-137.65722853977465,-6.14246935232183,-7.112617230379133,25.34116200268452,-18.714549196005887,3.375344488,1.703444882,,,,"94.4",2283,"5.8",824366,696100,681198,666397,650489,678662,666160,686668,687597,"54.69",,,,,,,,69,3,"4-Seam Fastball",6,6,6,6,6,6,6,6,"Standard","Standard",213,"0.016","-0.072",,,,"0.072",,0,0,0.476,0.524,25,31,26,31,1,3,2,2,3,2,"1.54","0.49","-0.49","34.3",,,,,
"SL","2026-05-01","90.5","-1.67","5.74","Bachar, Lake",664761,669199,,"ball",,,,,13,,"R","R","R","MIA","PHI","B",,,0,1,2026,"0.18","0.4",-0.4347729484292013,1.5545931844697853,,,,2,7,"Top",,,,,,,2.6270148512392035,-131.8824000614827,-5.227159859682548,1.6806661059308619,23.792608582529255,-26.702792259594833,3.406938976,1.719389764,,,,"90.7",2651,"6",823877,689414,666624,669364,691594,672640,669065,805300,683357,"54.5",,,,,,,,57,2,"Slider",1,6,6,1,6,1,6,1,"Infield shade","Standard",208,"0","0.027",,,,"-0.027",,-5,5,0.037,0.963,31,29,31,30,1,3,7,1,3,1,"2.34","-0.18","-0.18","40.8",,,,,
"SL","2026-05-01","82.3","1.88","5.52","Strahm, Matt",668227,621381,,"ball",,,,,12,,"R","R","L","SEA","KC","B",,,1,0,2026,"-0.72","0.64",0.07028846675430311,3.3731836734101517,,,,0,8,"Bot",,,,,,,-2.6191991014555107,-119.87831734878799,0.5802561984997113,-6.397746738641207,24.529198144593728,-26.331809798126518,3.127854331,1.578543307,,,,"81.9",2652,"6.1",823146,521692,686469,686681,672580,677951,686555,664728,657041,"54.42",,,,,,,,68,2,"Slider",6,7,6,7,7,6,6,7,"Infield shade","Standard",267,"0.019","0.077",,,,"-0.077",,-1,-1,0.318,0.318,34,31,35,31,1,3,3,2,1,1,"2.73","-0.72","0.72","32.6",,,,,
"SI","2026-05-01","94.5","-3.12","5.24","Bird, Jake",621493,656234,,"called_strike",,,,,1,,"R","R","R","NYY","BAL","S",,,0,0,2026,"-1.65","0.22",-0.45646147678079063,3.270179281217382,,,,0,9,"Top",,,,,,,10.381303934656415,-137.1011254580621,0.2930867878929234,-23.18688989535319,33.87687683515023,-29.704339060123644,3.190165682,1.609990158,,,,"92.4",2265,"5.5",823557,669224,502671,665862,641857,676609,641355,663757,592450,"55.03",,,,,,,,69,1,"Sinker",7,2,2,7,2,7,2,7,"Infield shade","Standard",241,"0.001","-0.039",,,,"0.039",,5,-5,0.994,0.006000000000000005,30,32,31,33,1,3,2,1,1,1,"2.37","1.65","1.65","14.9",,,,,
"SL","2026-04-30","81.4","-1.66","6.1","Young, Brandon",701358,687064,"strikeout","called_strike",,,,,6,"Samuel Basallo challenged (pitch result), call on the field was overturned: Cam Smith called out on strikes.","R","R","R","BAL","HOU","S",2,,0,2,2026,"0.24","0.01",0.7222833810984916,2.2055348367750875,572233,,673237,2,4,"Top",,,,,,,4.7911131770684525,-118.54437169014257,-1.9380599285019193,1.3769021014584961,22.688395521111318,-31.923390207227275,3.348138123,1.689714567,,,,"81.4",2141,"6.2",824850,694212,624413,669236,642215,683002,687637,665750,641933,"54.28",,0,"0",1,0,0,,35,4,"Slider",0,10,10,0,10,0,10,0,"Standard","Standard",118,"0.001","-0.174",,,,"0.174",,-10,10,0.006,0.994,27,23,28,23,3,2,6,2,6,1,"3.43","-0.24","-0.24","44.4",,,,,
"SI","2026-04-30","94.5","1.92","6.16","Sánchez, Cristopher",666464,650911,,"called_strike",,,,,3,,"R","R","L","PHI","SF","S",,,0,0,2026,"1.51","0.22",0.5145261752412413,3.198724623035953,,,,0,7,"Top",,,,,,,-7.13065287514369,-137.48799076855386,-2.328063283570181,20.74010745519908,31.27524393866734,-29.095326134569273,3.400795604,1.71628937,,,,"95.5",2103,"6.9",823472,665561,547180,681082,624641,607208,669016,702222,666969,"53.57",,,,,,,,50,1,"Sinker",1,2,2,1,2,1,2,1,"Standard","Standard",124,"0.004","-0.039",,,,"0.039",,-1,1,0.308,0.692,29,28,30,29,3,2,7,2,5,1,"2.34","1.51","-1.51","33.2",,,,,
"FF","2026-04-30","92.5","-2.7","5.52","Soroka, Michael",669003,647336,,"called_strike",,,,,8,,"R","L","R","MIL","AZ","S",,,0,0,2026,"-0.91","1.4",0.23727184079790697,1.6456386206116718,,,666152,0,4,"Bot",,,,,,,9.33724903693305,-134.23644450947475,-6.873704255748746,-13.013033738674544,29.22702611457804,-13.950003977893026,3.292847769,1.661811024,,,,"91.9",2443,"6.1",823795,543510,545121,606466,571448,672695,666971,677950,682998,"54.4",,,,,,,,36,1,"4-Seam Fastball",6,1,6,1,1,6,6,1,"Strategic","Standard",232,"-0.001","-0.043",,,,"0.043",,5,5,0.953,0.953,28,27,29,28,3,2,7,1,6,1,"1.28","0.91","-0.91","24.4",,,,,
"FF","2026-04-30","96.3","-0.48","5.98","Dobbins, Hunter",693304,690928,,"called_strike",,,,,1,,"R","R","R","PIT","STL","S",,,3,0,2026,"-0.09","1.37",-0.6582604157005773,3.1473473088899007,,668804,656811,2,4,"Bot",,,,,,,-0.26550927018675063,-140.24202519301284,-4.913911404394892,-1.1452812412071804,31.94505951563357,-13.202430397508149,3.05062336,1.539566929,,,,"96.4",2406,"6.3",823391,686780,676475,802139,669357,691026,701675,687363,691023,"54.19",,,,,,,,32,4,"4-Seam Fastball",0,4,0,4,4,0,0,4,"Standard","Standard",189,"-0.006","-0.024",,,,"0.024",,-4,-4,0.159,0.159,26,27,27,27,2,1,,1,,1,"1.09","0.09","0.09","48.6",,,,,
"SI","2026-04-30","96.6","-2.38","5.59","Skenes, Paul",802139,694973,,"ball",,,,,12,,"R","L","R","PIT","STL","B",,,0,2,2026,"-1.5","0.07",0.30536396914425223,3.221960155526807,,686780,,2,2,"Top",,,,,,,10.573320739416529,-140.29857600846324,-0.7306500129964804,-22.147944607248515,29.791563636888316,-31.315365668019535,3.096259843,1.562598425,,,,"97.3",1911,"6.7",823391,680779,687462,664040,693304,804606,663968,665833,668804,"53.84",,,,,,,,13,4,"Sinker",0,3,3,0,3,0,3,0,"Standard","Standard",241,"-0.002","0.015",,,,"-0.015",,-3,3,0.24,0.76,24,23,24,24,2,1,6,1,6,1,"2.37","1.5","-1.5","26.8",,,,,
"SI","2026-04-30","96.2","-1.39","5.81","Houser, Adrian",596117,605288,,"ball",,,,,12,,"R","L","R","PHI","SF","B",,,2,2,2026,"-1.58","0.76",0.7921177538193924,3.223010525321103,702222,,,2,2,"Bot",,,,,,,9.436041016861335,-139.76132711382945,-2.86518883337526,-22.779564937016666,31.43330022059712,-21.718716781120264,3.073441601,1.551082677,,,,"97",2257,"6.8",823471,606992,669477,650333,656305,642715,671218,687551,808982,"53.68",,,,,,,,18,5,"Sinker",2,0,2,0,0,2,2,0,"Standard","Standard",225,"0.005","0.063",,,,"-0.063",,2,2,0.736,0.736,33,33,33,33,1,0,6,6,6,2,"1.71","1.58","-1.58","42.8",,,,,
"SI","2026-04-30","92.8","-1.54","6.18","Elder, Bryce",663837,693821,"strikeout","called_strike",,,,,8,"Drake Baldwin challenged (pitch result), call on the field was overturned: Matt Vierling called out on strikes.","R","R","R","ATL","DET","S",2,,1,2,2026,"-1.07","0.67",-0.13811232573749366,2.056199037462448,,,,1,2,"Top",,,,,,,5.901396190408991,-135.11095797628465,-6.086578603276229,-14.314888966591205,25.402560748147895,-22.899445896203442,3.273540026,1.652066929,,,,"93.3",2164,"6.3",824929,686948,621566,645277,663586,622761,643289,642201,660670,"54.22",,0,"0",1,0,0,,12,5,"Sinker",0,0,0,0,0,0,0,0,"Standard","Standard",237,"0.012","-0.18",,,,"0.18",,0,0,0.528,0.472,27,29,27,30,1,0,5,2,5,1,"1.95","1.07","1.07","45.5",,,,,
"FF","2026-04-30","91.9","1.96","6.18","Springs, Jeffrey",516782,605488,,"called_strike",,,,,9,,"R","R","L","ATH","KC","S",,,0,0,2026,"0.83","1.52",0.6350947566060641,1.6164822136717492,672580,521692,679845,2,1,"Top",,,,,,,-5.1806684381063315,-133.52592608625156,-8.81257109915002,11.117529973591468,30.56647087272392,-12.238655458032804,3.21035105,1.620177165,,,,"92",2201,"6.6",825016,642851,701762,680869,687231,805779,666126,671732,687515,"53.89",,,,,,,,6,1,"4-Seam Fastball",0,0,0,0,0,0,0,0,"Standard","Standard",152,"0.011","-0.035",,,,"0.035",,0,0,0.475,0.525,33,37,34,38,1,0,5,4,6,6,"1.2","0.83","-0.83","53.1",,,,,
"FF","2026-04-30","90","2.55","5.66","Abner, Philip",666152,691769,,"ball",,,,,14,,"R","L","L","MIL","AZ","B",,,1,0,2026,"0.04","1.14",0.8615713822649305,2.0143254797534045,,,,0,6,"Bot",,,,,,,-4.220092266802109,-130.9851925900363,-5.3469420480299386,1.3286656968760087,27.632655191862067,-18.08196199016443,3.134875328,1.582086614,,,,"90.2",2392,"6.4",823795,543510,545121,606466,571448,672695,666971,677950,682998,"54.08",,,,,,,,51,2,"4-Seam Fastball",8,1,8,1,1,8,8,1,"Standard","Standard",156,"0","0.077",,,,"-0.077",,7,7,0.993,0.993,24,28,24,29,1,2,,1,,1,"1.67","0.04","0.04","42.1",,,,,
"FF","2026-04-30","95.7","-1.6","5.49","Abreu, Bryan",687637,650556,,"called_strike",,,,,8,,"R","L","R","BAL","HOU","S",,,1,1,2026,"-0.34","1.3",0.04656910261865893,1.8420502161452452,642215,683002,621493,1,7,"Bot",,,,,,,5.081361542344415,-139.31258749875067,-6.847920903172195,-5.529680934118131,29.030691099834588,-13.857065930747293,3.417470472,1.724704724,,,,"96.3",1973,"6.5",824850,673237,572233,694728,670623,669699,687957,669288,701358,"54.04",,,,,,,,69,3,"4-Seam Fastball",4,11,4,11,11,4,4,11,"Standard","Standard",213,"-0.004","-0.073",,,,"0.073",,-7,-7,0.032,0.032,29,24,29,25,1,3,6,0,3,1,"1.17","0.34","-0.34","44.3",,,,,
"FF","2026-04-30","95","-1.28","5.99","Young, Brandon",687957,687064,,"ball",,,,,11,,"R","L","R","BAL","HOU","B",,,0,2,2026,"-0.36","1.37",-0.8511663556654498,3.0867483498147696,670541,670623,,2,1,"Top",,,,,,,1.9367326997898682,-138.41721777699783,-4.897619162012004,-5.099098114204049,30.145326224318524,-13.658262674427368,3.31742126,1.674212598,,,,"95.3",2249,"6.3",824850,694212,624413,669236,642215,683002,687637,665750,641933,"54.18",,,,,,,,5,4,"4-Seam Fastball",0,0,0,0,0,0,0,0,"Strategic","Standard",207,"-0.005","-0.014",,,,"0.014",,0,0,0.514,0.486,27,26,28,27,1,0,6,0,6,1,"1.14","0.36","-0.36","38.0",,,,,
"CU","2026-04-30","71.3","-1.54","5.7","Bassitt, Chris",694728,605135,,"called_strike",,,,,9,,"R","R","R","BAL","HOU","S",,,0,0,2026,"1.12","-1.23",0.3528518675156521,1.4942363656262199,,,514888,2,2,"Top",,,,,,,1.7439609717883586,-103.57516900016937,1.9456720369345684,7.418754979320242,23.85248313863798,-41.53356390063079,3.130487205,1.579872047,,,,"70",2272,"6.3",824848,668939,624413,669236,691723,677942,621493,681297,687637,"54.23",,,,,,,,10,1,"Curveball",0,0,0,0,0,0,0,0,"Standard","Standard",42,"0.003","-0.042",,,,"0.042",,0,0,0.528,0.472,37,24,37,24,1,0,8,2,5,0,"5.88","-1.12","-1.12","37.5",,,,,
"ST","2026-04-30","80","3.51","5.94","Fluharty, Mason",668885,689254,,"ball",,,,,12,,"R","R","L","MIN","TOR","B",,,2,1,2026,"-1.24","-0.28",1.0790559568688745,2.4220499786476606,,,605137,1,8,"Bot",,,,,,,-2.9185961519156987,-116.39714993136631,-0.20116244705047692,-10.61466400955802,24.145793974427967,-34.853747320551975,3.12960958,1.579429134,,,,"80.5",2708,"6.9",823714,678218,665489,676391,672960,665926,676914,662139,660821,"53.6",,,,,,,,64,4,"Sweeper",6,1,6,1,1,6,6,1,"Standard","Standard",297,"0","0.109",,,,"-0.109",,5,5,0.995,0.995,24,27,25,27,1,3,2,1,2,1,"3.87","-1.24","1.24","38.7",,,,,
"CH","2026-04-30","83.5","1.67","6.21","Cameron, Noah",687515,702070,"walk","ball",,,,,13,"Elias Díaz challenged (pitch result), call on the field was confirmed: Colby Thomas walks.","R","R","L","ATH","KC","B",,,3,1,2026,"1.14","0.69",-0.4343926438146555,1.3426553541077895,805779,669127,,1,1,"Bot",,,,,,,-7.036265884948559,-121.28118055217455,-5.7880160501075135,12.675930808814373,25.742646613541137,-24.404711262203378,3.121710958,1.575442913,,,,"82.8",1579,"6.2",825016,553869,521692,679845,672580,677951,686555,657041,516782,"54.35",,0.704857,"0.7",1,0,0,,11,5,"Changeup",0,1,0,1,1,0,0,1,"Infield shade","Standard",132,"0.009","0.061",,,,"-0.061",,-1,-1,0.544,0.544,26,25,27,25,1,0,6,2,10,1,"2.62","1.14","-1.14","42.3",,,,,
"CU","2026-04-30","83.3","-3.4","5.37","Ramírez, Yohan",687363,670990,,"called_strike",,,,,7,,"R","L","R","PIT","STL","S",,,1,1,2026,"0.97","-0.43",-0.5128104376164432,1.5121839311768595,,,686780,2,6,"Top",,,,,,,4.65667451014654,-121.1987857099223,-1.2804925642185392,8.521356384554235,25.066105939196266,-36.393066388584494,3.136630577,1.582972441,,,,"84",2397,"6.9",823391,680779,687462,664040,693304,804606,663968,665833,668804,"53.6",,,,,,,,49,3,"Curveball",3,5,5,3,5,3,5,3,"Standard","Standard",43,"0.004","-0.073",,,,"0.073",,-2,2,0.243,0.757,31,25,31,25,1,2,1,1,2,1,"3.74","-0.97","0.97","31.1",,,,,
"SI","2026-04-30","93.4","1.04","5.85","Fitzpatrick, Brian",678489,702153,,"ball",,,,,11,,"R","R","L","MIL","AZ","B",,,0,0,2026,"1.45","0.86",-0.5526171746238773,3.1867101796177737,,,699912,1,8,"Top",,,,,,,-7.312740279945555,-135.84165422359905,-2.8182338360628103,19.58771122815792,31.467383247908923,-21.10779240608001,2.958472769,1.493061024,,,,"93.5",2376,"6.5",823795,661388,641343,668930,650859,666152,675659,669003,686217,"54.01",,,,,,,,67,1,"Sinker",12,1,1,12,1,12,1,12,"Strategic","Standard",132,"0","0.035",,,,"-0.035",,11,-11,0.999,0.0010000000000000009,26,25,26,25,1,0,1,2,3,1,"1.77","1.45","-1.45","31.2",,,,,
"ST","2026-04-30","86.3","-2.07","5.76","Kerkering, Orion",650333,689147,,"ball",,,,,11,,"R","L","R","PHI","SF","B",,,0,0,2026,"1.65","-0.03",-0.17791949571223387,3.51562876115238,,,656305,0,8,"Top",,,,,,,1.020876324591563,-125.61856189564786,1.1273950598274598,17.141168273626114,26.69767643535835,-32.955968660497,3.124343832,1.576771654,,,,"84.9",2835,"5.5",823472,665561,547180,681082,624641,607208,669016,702222,666969,"55",,,,,,,,57,1,"Sweeper",1,2,2,1,2,1,2,1,"Standard","Standard",57,"-0.005","0.04",,,,"-0.04",,-1,1,0.221,0.779,25,29,25,29,1,3,2,2,1,0,"3.1","-1.65","1.65","28.8",,,,,
"SI","2026-04-30","95.6","1.45","6.29","Mayza, Tim",656305,641835,,"ball",,,,,13,,"R","R","L","PHI","SF","B",,,1,1,2026,"1.36","0.27",-0.8787016203647471,1.884799213355643,,,,1,1,"Top",,,,,,,-9.262150059147901,-138.70693617127998,-6.347835514820696,19.651598224525873,33.26188882666135,-27.313461116321125,3.250721785,1.640551181,,,,"96.3",2037,"7",823471,596117,694025,681082,664761,607208,656941,702222,666969,"53.49",,,,,,,,2,3,"Sinker",0,0,0,0,0,0,0,0,"Standard","Standard",137,"-0.003","0.055",,,,"-0.055",,0,0,0.523,0.477,34,33,34,33,1,0,2,0,6,1,"2.25","1.36","-1.36","43.0",,,,,
"FF","2026-04-30","95.7","-2.46","6.15","Senzatela, Antonio",666181,622608,,"called_strike",,,,,9,,"R","L","R","CIN","COL","S",,,0,0,2026,"-0.51","1.23",0.6825166890414143,1.6283616230866147,668709,,668715,2,6,"Bot",,,,,,,9.303268589456144,-138.9003084343539,-8.83557771602839,-8.68998817434259,30.54174829034766,-14.431114256724214,3.391141732,1.711417323,,,,"95.3",2179,"6.1",824524,696100,681198,650489,691720,678662,687597,686668,687859,"54.37",,,,,,,,52,1,"4-Seam Fastball",4,2,4,2,2,4,4,2,"Infield shade","Standard",209,"-0.005","-0.035",,,,"0.035",,2,2,0.845,0.845,31,28,31,28,1,2,6,1,3,2,"1.27","0.51","-0.51","48.4",,,,,
"FF","2026-04-30","93.7","-2.37","5.22","Williams, Devin",660688,642207,,"called_strike",,,,,6,,"R","L","R","NYM","WSH","S",,,1,1,2026,"-1.14","1.39",0.6950097110771452,2.412569392128967,,683083,,0,9,"Top",,,,,,,10.608912202234189,-135.96726496225295,-4.468252820551868,-16.588700972979357,33.03160899516889,-14.119032023859777,3.175246063,1.60246063,,,,"95.2",2340,"7.6",823634,620443,668901,543760,666182,677595,596103,621438,701807,"52.95",,,,,,,,67,3,"4-Seam Fastball",4,5,5,4,5,4,5,4,"Strategic","Standard",225,"0.008","-0.08",,,,"0.08",,-1,1,0.119,0.881,31,27,32,28,1,0,4,1,1,2,"1.24","1.14","-1.14","22.5",,,,,
"SL","2026-04-30","82.2","3.19","5.82","Okert, Steven",621493,595345,"walk","ball",,,,,12,"Christian Vázquez challenged (pitch result), call on the field was confirmed: Taylor Ward walks. Blaze Alexander to 3rd. Gunnar Henderson to 2nd.","R","R","L","BAL","HOU","B",,,3,1,2026,"-0.53","0.6",0.08142204791923341,3.412945482189697,,677942,683002,1,5,"Bot",,,,,,,-5.887232742943912,-119.72203120734868,-0.04281012525829686,-4.31695605286628,18.393097295864006,-26.496306890013265,3.190165682,1.609990158,,,,"82.9",2297,"6.2",824848,543877,572233,514888,670623,621043,670541,694728,687957,"54.28",,0.704857,"0.7",1,0,0,,39,5,"Slider",1,0,1,0,0,1,1,0,"Standard","Standard",260,"0.032","0.212",,,,"-0.212",,1,1,0.765,0.765,34,32,35,33,1,2,2,2,3,0,"2.71","-0.53","0.53","33.4",,,,,
"SI","2026-04-30","96.8","-3.6","5.09","Walker, Ryan",669016,676254,,"called_strike",,,,,6,,"R","L","R","PHI","SF","S",,,0,1,2026,"-1.57","0.26",0.5997263051213615,2.421306866537459,,,666969,0,9,"Bot",,,,,,,14.572638620364582,-140.28545654825209,-1.9544818027933197,-24.001333776467938,30.253068504351674,-28.42851610302931,3.312155512,1.671555118,,,,"96.1",2411,"6",823472,672275,646240,650333,656305,642715,671218,687551,808982,"54.48",,,,,,,,70,2,"Sinker",1,2,1,2,2,1,1,2,"Standard","Standard",240,"-0.031","-0.053",,,,"0.053",,-1,-1,0.32,0.32,30,28,31,29,1,3,5,2,3,0,"2.18","1.57","-1.57","20.6",,,,,
"FF","2026-04-30","93.8","-2.24","5.03","Santillan, Tony",681198,663574,"strikeout","called_strike",,,,,9,"Tyler Stephenson challenged (pitch result), call on the field was overturned: TJ Rumfield called out on strikes.","R","L","R","CIN","COL","S",2,,0,2,2026,"-1.25","0.86",0.7401269594695861,1.9586562760942816,,,,2,8,"Top",,,,,,,10.326225290269953,-136.18882048711154,-3.875542097641569,-17.833354173508823,30.854538223942768,-20.780869274111645,3.422736221,1.727362205,,,,"92.9",2312,"6",824524,663886,668715,680574,701398,682829,670770,667472,666181,"54.52",,0,"0",1,0,0,,63,3,"4-Seam Fastball",4,2,2,4,2,4,2,4,"Standard","Standard",232,"0.008","-0.16",,,,"0.16",,2,-2,0.93,0.06999999999999995,29,26,29,26,1,3,2,1,3,1,"1.75","1.25","-1.25","17.7",,,,,
"FC","2026-04-30","90.2","-2.01","5.12","Webb, Logan",607208,657277,,"ball",,,,,14,,"R","R","R","PHI","SF","B",,,1,1,2026,"-0.3","0.67",0.9267130982766824,2.2585903010699324,,,,0,1,"Bot",,,,,,,7.914987864575659,-131.18047842631327,-2.4547531985488176,-5.002717478079467,25.548238727527472,-24.096687520398355,3.244578412,1.637450787,,,,"91.2",2489,"6.7",823472,672275,646240,650333,656305,642715,671218,808982,666464,"53.78",,,,,,,,8,3,"Cutter",0,2,0,2,2,0,0,2,"Standard","Standard",236,"0.005","0.055",,,,"-0.055",,-2,-2,0.351,0.351,29,33,30,33,1,0,7,2,5,0,"2.12","0.3","0.3","25.7",,,,,
"FF","2026-04-30","91.3","1.96","5.63","Suarez, José",682985,660761,,"called_strike",,,,,7,,"R","L","L","ATL","DET","S",,,0,0,2026,"0.73","1.41",-0.7362356573294183,1.6891132999813883,,,,0,9,"Top",,,,,,,-8.26501876437967,-132.6839847063095,-6.907891175402227,10.309037052555285,26.100644627887938,-14.155190003307455,3.303379265,1.667125984,,,,"91.2",2378,"6.1",824929,686948,621566,645277,663586,643289,573262,642201,660670,"54.38",,,,,,,,73,1,"4-Seam Fastball",2,3,3,2,3,2,3,2,"Strategic","Standard",137,"0.002","-0.039",,,,"0.039",,-1,1,0.165,0.835,28,25,28,26,1,4,5,1,9,1,"1.31","0.73","0.73","39.3",,,,,
"SI","2026-04-29","98.8","-1.93","5.79","Alcantara, Sandy",808975,645261,,"called_strike",,,,,6,,"R","L","R","LAD","MIA","S",,,0,0,2026,"-1.36","0.62",0.8029957001509223,2.2049642606394766,,,687221,1,6,"Bot",,,,,,,10.49773295066053,-143.54393154416124,-5.584346569189849,-21.16574061671127,29.35380178245799,-22.473690121913233,3.124343832,1.576771654,,,,"98.6",2523,"6",823958,689414,681393,669364,688363,672640,691594,805300,665923,"54.52",,,,,,,,50,1,"Sinker",2,2,2,2,2,2,2,2,"Standard","Standard",237,"-0.006","-0.04",,,,"0.04",,0,0,0.578,0.578,30,27,31,27,3,2,5,1,6,2,"1.7","1.36","-1.36","30.6",,,,,
"ST","2026-04-29","80.7","-1.52","5.86","Fedde, Erick",666139,607200,,"called_strike",,,,,7,,"R","L","R","CWS","LAA","S",,,0,1,2026,"1.55","-0.11",-0.5814367071689739,1.5872543831481711,,,,1,7,"Top",,,,,,,-0.9484598191862532,-117.52903658028741,-2.325483115103757,14.39537650576697,25.098927992036092,-32.94651367565388,3.355159121,1.693257874,,,,"80.4",2448,"6.3",824608,700337,808959,805367,678246,695657,803011,682668,656537,"54.19",,,,,,,,48,2,"Sweeper",1,1,1,1,1,1,1,1,"Infield shade","Standard",68,"0.008","-0.052",,,,"0.052",,0,0,0.543,0.45699999999999996,33,28,33,28,3,2,5,1,6,2,"3.64","-1.55","1.55","32.1",,,,,
"CH","2026-04-29","85","0.97","5.96","Rodriguez, Eduardo",663604,593958,,"called_strike",,,,,7,,"R","R","L","MIL","AZ","S",,,3,1,2026,"1.34","0.54",-0.7780351599063846,2.067511379452788,,650859,687401,2,4,"Bot",,,,,,,-6.790750491480844,-123.62925328233982,-3.663222924180741,15.128237502755022,24.998671756587818,-26.087541569233785,3.226148294,1.628149606,,,,"85.1",1913,"6.4",823796,680728,545121,606466,571448,672695,666971,677950,682998,"54.1",,,,,,,,37,5,"Changeup",2,4,2,4,4,2,2,4,"Standard","Standard",135,"-0.011","-0.11",,,,"0.11",,-2,-2,0.322,0.322,33,29,33,29,3,2,7,1,6,3,"2.62","1.34","-1.34","45.8",,,,,
"KC","2026-04-29","78.4","-1.42","6.26","Glasnow, Tyler",688363,607192,,"called_strike",,,,,1,,"R","L","R","LAD","MIA","S",,,0,0,2026,"0.25","-1.62",-0.6794405754551892,2.775887593962363,,,,1,5,"Top",,,,,,,1.127148127041508,-114.04393869399271,2.7268345846862165,1.9170352745230868,23.74475887492336,-46.98722683004171,3.254232283,1.642322835,,,,"78.6",2725,"6.7",823958,687221,518692,690976,571970,808975,669743,681624,663656,"53.78",,,,,,,,34,1,"Knuckle Curve",1,1,1,1,1,1,1,1,"Standard","Standard",16,"0.003","-0.039",,,,"0.039",,0,0,0.53,0.47,32,25,33,26,2,1,6,1,7,3,"5.37","-0.25","0.25","57.4",,,,,
"SI","2026-04-29","92.3","-1.2","6.04","Fedde, Erick",518595,607200,,"called_strike",,,,,9,,"R","R","R","CWS","LAA","S",,,0,0,2026,"-0.75","0.8",0.30010718057127905,1.5208656406409367,,,,0,5,"Top",,,,,,,5.445707618983126,-134.24585801366263,-7.222722952135417,-10.248164177492322,28.954980548724034,-21.070586244634327,3.194553806,1.612204724,,,,"92.5",1916,"6.4",824608,700337,808959,805367,678246,695657,803011,682668,656537,"54.09",,,,,,,,34,1,"Sinker",1,1,1,1,1,1,1,1,"Standard","Standard",212,"0.004","-0.039",,,,"0.039",,0,0,0.5,0.5,33,37,33,37,2,1,5,2,6,2,"1.87","0.75","0.75","34.2",,,,,
"CU","2026-04-29","80.3","-0.77","6.51","Bradley, Taj",686527,671737,"strikeout","called_strike",,,,,3,"Ryan Jeffers challenged (pitch result), call on the field was overturned: Dominic Canzone called out on strikes.","R","L","R","MIN","SEA","S",2,,1,2,2026,"0.46","-1.01",0.2892433578378096,3.1578183193414624,,,,0,5,"Top",,,,,,,1.4248093739269099,-116.88247832662648,1.4439713892127968,3.9478716587992126,23.143785504837084,-41.89367479630841,3.208595801,1.619291339,,,,"80",2359,"6.2",823717,680777,665019,807712,668904,686797,663616,621439,670242,"54.29",,0,"0",1,0,0,,34,4,"Curveball",2,1,1,2,1,2,1,2,"Infield shade","Standard",17,"0.022","-0.189",,,,"0.189",,1,-1,0.648,0.352,25,28,25,29,2,1,5,1,6,2,"4.56","-0.46","0.46","63.0",,,,,
"CU","2026-04-29","76.2","-2.45","5.85","Rodríguez, Elmer",694497,695684,,"called_strike",,,,,2,,"R","L","R","TEX","NYY","S",,,0,0,2026,"1.24","-0.81",0.04493398732163034,3.185992846490855,,,,1,4,"Bot",,,,,,,2.8965758388768,-110.73469818184655,3.3064173052669275,9.489747261886286,23.059508428650854,-39.71235721998663,3.315666011,1.673326772,,,,"76",2229,"6.6",822907,641555,700250,665862,641857,676609,680474,663757,641355,"53.93",,,,,,,,31,1,"Curveball",0,0,0,0,0,0,0,0,"Standard","Standard",52,"-0.003","-0.039",,,,"0.039",,0,0,0.533,0.533,22,23,23,24,2,1,,1,6,2,"4.8","-1.24","1.24","39.4",,,,,
"CU","2026-04-29","80.1","-1.96","5.92","Rasmussen, Drew",666310,656876,,"called_strike",,,,,1,,"R","L","R","CLE","TB","S",,,0,1,2026,"0.83","-0.9",-0.7044474942571497,2.839516780228096,,,,2,4,"Bot",,,,,,,1.1527833090209871,-116.56616518419911,1.9547926811340215,7.273539870419789,23.83666883529615,-40.98633341101985,3.089238845,1.559055118,,,,"80.8",2693,"7",824445,676439,666018,680700,691406,670764,802415,656775,641584,"53.54",,,,,,,,32,2,"Curveball",1,0,1,0,0,1,1,0,"Standard","Standard",36,"-0.002","-0.057",,,,"0.057",,1,1,0.647,0.647,30,26,31,26,2,1,5,1,6,2,"4.48","-0.83","0.83","54.0",,,,,
"SL","2026-04-29","83","-1.8","5.77","Pallante, Andre",542303,669467,,"ball",,,,,13,,"R","R","R","PIT","STL","B",,,2,0,2026,"0.43","-0.21",-0.018204947854245535,1.4668796238426682,,,656811,1,4,"Bot",,,,,,,3.19746057816314,-120.99858100706595,-2.7982140468692216,3.6267248718790284,21.771468984373513,-33.94395592810752,3.255987533,1.643208661,,,,"83.8",2431,"6.5",823392,671056,676475,802139,602104,691026,701675,687363,691023,"53.98",,,,,,,,31,3,"Slider",0,1,0,1,1,0,0,1,"Standard","Standard",57,"0.015","0.097",,,,"-0.097",,-1,-1,0.447,0.447,27,35,28,36,2,1,5,1,7,2,"3.49","-0.43","-0.43","54.1",,,,,
"FF","2026-04-29","90.6","3.37","5.16","Manaea, Sean",695734,640455,,"called_strike",,,,,4,,"R","L","L","NYM","WSH","S",,,0,0,2026,"1.28","1.23",-0.7144170619440222,2.509470598670122,691781,682928,,2,6,"Top",,,,,,,-13.002467585484327,-131.2138652918209,-3.1528499374904215,17.50622789278569,28.097178701120196,-17.41373094962394,3.180511811,1.60511811,,,,"91.6",2030,"7.2",823633,682626,683146,543760,666182,677595,669004,621438,701807,"53.32",,,,,,,,56,1,"4-Seam Fastball",2,10,10,2,10,2,10,2,"Standard","Standard",120,"0","-0.036",,,,"0.036",,-8,8,0.008,0.992,34,23,34,24,2,3,5,1,7,1,"1.57","1.28","1.28","19.1",,,,,
"SL","2026-04-29","83.5","-1.83","5.43","Ritchie, JR",693307,702275,,"ball",,,,,14,,"R","R","R","ATL","DET","B",,,0,0,2026,"0.24","-0.05",0.86884420188757,1.7465968405074204,,,,1,3,"Top",,,,,,,5.688729961562156,-121.54900781524185,-1.7791245352759528,1.3515570398847425,21.486146065156134,-32.592794449286195,3.271784777,1.651181102,,,,"84.2",2511,"6.5",824930,641680,621566,645277,663586,643289,642201,671739,660670,"53.96",,,,,,,,22,1,"Slider",2,3,3,2,3,2,3,2,"Standard","Standard",75,"-0.002","0.039",,,,"-0.039",,-1,1,0.41,0.5900000000000001,23,27,23,28,2,1,6,1,5,1,"3.3","-0.24","-0.24","26.6",,,,,
"SI","2026-04-29","91.2","-1.04","5.92","Taillon, Jameson",593428,592791,,"ball",,,,,14,,"R","R","R","SD","CHC","B",,,1,0,2026,"-1.28","1.47",0.48836460929610115,1.5355598689845034,,,,0,5,"Bot",,,,,,,6.660261017393946,-132.29651239912644,-8.082972635046248,-16.490954817491456,31.40295689185785,-13.279446531111063,3.284949147,1.657824803,,,,"91.5",2327,"6.9",823312,665804,683737,807713,608324,663538,664023,691718,624424,"53.59",,,,,,,,35,2,"Sinker",0,3,0,3,3,0,0,3,"Standard","Standard",208,"0.008","0.077",,,,"-0.077",,-3,-3,0.197,0.197,34,33,35,34,2,1,5,1,6,2,"1.31","1.28","1.28","39.7",,,,,
"KN","2026-04-29","81.4","-0.84","5.65","Waldron, Matt",665804,663362,,"called_strike",,,,,8,,"R","R","R","SD","CHC","S",,,0,1,2026,"-0.65","-0.53",-0.015318785048712424,1.9056237908767057,624424,,,2,2,"Top",,,,,,,3.112271386178417,-118.35680376610615,-0.3270516690611156,-6.774266390773192,29.10869034230588,-37.23990499817798,3.248966535,1.639665354,,,,"80.7",364,"6.5",823312,669134,664034,630105,609280,593428,592206,701538,665487,"53.97",,,,,,,,12,2,"Knuckleball",0,0,0,0,0,0,0,0,"Standard","Standard",4,"0.01","-0.062",,,,"0.062",,0,0,0.518,0.482,29,27,30,27,1,0,6,4,7,3,"4.06","0.65","0.65","34.5",,,,,
"ST","2026-04-29","87.7","-2.74","5.25","Soriano, George",694377,666277,,"ball",,,,,11,,"R","R","R","PIT","STL","B",,,1,0,2026,"0.23","-0.02",-0.4471093486032684,3.3468528724143525,695257,,665833,2,8,"Bot",,,,,,,4.981336861648343,-127.66503176025607,1.7324117821693368,1.5475548254869989,25.690065756352915,-32.98983700463546,3.185777559,1.607775591,,,,"87.9",2689,"6.3",823392,671056,676475,802139,602104,691026,701675,687363,691023,"54.16",,,,,,,,73,2,"Sweeper",4,5,4,5,5,4,4,5,"Standard","Standard",39,"0.013","0.023",,,,"-0.023",,-1,-1,0.313,0.313,27,24,27,24,1,1,2,1,2,1,"2.98","-0.23","-0.23","25.0",,,,,
"FC","2026-04-29","86.9","2","5.99","Lauer, Eric",657136,641778,,"called_strike",,,,,2,,"R","R","L","TOR","BOS","S",,,0,1,2026,"0.05","0.36",-0.15023987834775515,3.198594786800425,,,,1,2,"Top",,,,,,,-5.1395114648878275,-126.49278267720689,-1.0655029071034743,1.5746460472415367,25.468645364384123,-28.306097748618786,3.105913714,1.567470472,,,,"86.2",2314,"5.8",822821,678218,665489,676391,672960,665926,664702,662139,660821,"54.69",,,,,,,,11,2,"Cutter",0,1,1,0,1,0,1,0,"Infield shade","Standard",162,"0.004","-0.052",,,,"0.052",,-1,1,0.42,0.5800000000000001,31,30,31,30,1,0,7,3,5,3,"2.65","0.05","-0.05","34.3",,,,,
"CU","2026-04-29","83.9","-1.33","5.81","Miles, Spencer",701350,693686,,"called_strike",,,,,1,,"R","L","R","TOR","BOS","S",,,3,1,2026,"0.85","-0.57",-0.7948559730897313,2.980284034483376,,,,2,9,"Top",,,,,,,-0.5079490730745453,-122.25375374343137,1.2140508801492529,8.659040572651563,24.575206837180286,-38.3332506422253,3.326197507,1.678641732,,,,"84.5",2803,"6.6",822821,678218,665489,676391,672960,665926,664702,662139,660821,"53.87",,,,,,,,74,5,"Curveball",8,1,1,8,1,8,1,8,"Infield shade","Standard",67,"0","-0.086",,,,"0.086",,7,-7,0.999,0.0010000000000000009,25,22,26,22,1,4,5,1,3,2,"3.8","-0.85","0.85","37.4",,,,,
"FC","2026-04-29","88.7","-2.59","5.85","Sugano, Tomoyuki",663993,608372,,"ball",,,,,13,,"R","L","R","CIN","COL","B",,,2,1,2026,"0.03","0.56",-0.44162945071733606,1.5700249060401288,,,,0,2,"Bot",,,,,,,5.120901263880997,-129.07637499157514,-5.398569793907919,-0.6763216748128755,25.44279112228802,-24.982051171927868,3.366568242,1.699015748,,,,"89",2431,"6.3",824525,664954,681198,650489,691720,678662,687597,686668,666160,"54.16",,,,,,,,15,4,"Cutter",0,3,0,3,3,0,0,3,"Infield shade","Standard",190,"0.011","0.134",,,,"-0.134",,-3,-3,0.257,0.257,36,30,37,31,1,0,7,1,5,1,"2.32","-0.03","0.03","37.5",,,,,
"SL","2026-04-29","82.7","-2.22","5.86","Cruz, Fernando",543309,518585,,"called_strike",,,,,3,,"R","R","R","TEX","NYY","S",,,1,0,2026,"0.96","0.65",0.7747995201407115,2.852565330251591,,,592626,2,8,"Bot",,,,,,,4.888951459989963,-120.31331881916495,-1.41284743280166,8.252741142784293,24.71896194267939,-25.807503561729714,3.245456037,1.637893701,,,,"83.4",2509,"6.9",822907,641555,700250,665862,641857,676609,680474,663757,641355,"53.59",,,,,,,,64,2,"Slider",3,0,3,0,0,3,3,0,"Infield shade","Standard",76,"0","-0.05",,,,"0.05",,3,3,0.969,0.969,36,36,36,36,1,3,1,2,2,4,"2.7","-0.96","-0.96","46.2",,,,,
"SL","2026-04-29","86.9","-1.4","6.14","Miller, Mason",664023,695243,"strikeout","called_strike",,,,,1,"Freddy Fermin challenged (pitch result), call on the field was overturned: Ian Happ called out on strikes.","R","L","R","SD","CHC","S",2,,2,2,2026,"0.96","-0.19",-0.7036307644244957,2.9771590962229983,,608324,,1,9,"Top",,,,,,,-0.3662519092601225,-126.40878647366748,-0.6957017705725208,10.248037069134107,29.76610574132451,-34.25404424243346,3.136630577,1.582972441,,,,"87.1",2266,"6.8",823312,666023,664034,630105,609280,593428,669369,701538,665487,"53.68",,0,"0",1,0,0,,70,6,"Slider",4,5,5,4,5,4,5,4,"Infield shade","Standard",43,"0.023","-0.227",,,,"0.227",,-1,1,0.152,0.848,27,31,28,32,1,4,2,1,4,2,"3.25","-0.96","0.96","39.0",,,,,
"FF","2026-04-29","96.2","-1.62","5.91","Pallante, Andre",668804,669467,,"called_strike",,,,,7,,"R","L","R","PIT","STL","S",,,0,1,2026,"-0.5","1.25",-0.5551705310381041,1.7078599937133199,,664040,,1,1,"Bot",,,,,,,3.957556331260568,-139.99301796043227,-8.276146252917469,-7.432046755453597,28.95621954332781,-14.153991772969784,3.284071522,1.65738189,,,,"97.1",2198,"6.6",823392,671056,676475,802139,602104,691026,701675,687363,691023,"53.9",,,,,,,,6,2,"4-Seam Fastball",0,0,0,0,0,0,0,0,"Standard","Standard",205,"-0.009","-0.052",,,,"0.052",,0,0,0.562,0.562,27,31,28,31,1,0,5,1,7,1,"1.2","0.5","-0.5","56.3",,,,,
"FC","2026-04-29","83.7","-1.13","6.06","Taillon, Jameson",593428,592791,,"called_strike",,,,,8,,"R","R","R","SD","CHC","S",,,1,0,2026,"0.47","0.61",-0.1743197240166836,1.57867517246684,,,,0,2,"Bot",,,,,,,1.2305693943600073,-121.88407701582015,-4.952403124232742,4.474799217791573,23.688656025346074,-25.301473475548473,3.284949147,1.657824803,,,,"84.3",2498,"6.6",823312,665804,683737,807713,608324,663538,664023,691718,624424,"53.87",,,,,,,,14,2,"Cutter",0,1,0,1,1,0,0,1,"Standard","Standard",157,"-0.005","-0.05",,,,"0.05",,-1,-1,0.447,0.447,34,33,35,34,1,0,5,1,6,2,"2.63","-0.47","-0.47","43.2",,,,,
"FF","2026-04-29","98.7","-1.62","5.64","Morillo, Juan",661388,666661,,"called_strike",,,,,8,,"R","R","R","MIL","AZ","S",,,0,0,2026,"-0.44","1.46",0.03944326770060819,1.5347794669496755,,,,1,7,"Bot",,,,,,,5.496809138067262,-143.35920255758478,-8.89087475236073,-7.40929132279681,35.53024000071753,-10.123418238647282,3.133120079,1.581200787,,,,"98.5",2156,"6.4",823796,680728,545121,606466,571448,672695,666971,677950,682998,"54.06",,,,,,,,61,1,"4-Seam Fastball",2,4,2,4,4,2,2,4,"Standard","Standard",212,"-0.004","-0.039",,,,"0.039",,-2,-2,0.181,0.181,27,28,27,29,1,3,3,1,3,1,"0.9","0.44","0.44","47.7",,,,,
"SI","2026-04-29","91.4","-1.38","5.66","Leiter Jr., Mark",695506,643410,,"ball",,,,,13,,"R","L","R","ATH","KC","B",,,0,0,2026,"-1.25","1.04",-0.23169543128514336,1.5799628585552108,521692,,686555,2,9,"Top",,,,,,,5.629346384466589,-132.96620439620213,-6.500099082506993,-16.08894612484073,26.86722854742975,-18.632517730846548,3.401673228,1.716732283,,,,"92.1",2008,"6.6",825015,669127,701762,643446,687231,805779,666126,680869,671732,"53.92",,,,,,,,74,1,"Sinker",5,2,2,5,2,5,2,5,"Infield shade","Standard",215,"-0.004","0.009",,,,"-0.009",,3,-3,0.963,0.03700000000000003,35,23,35,23,1,3,1,1,4,1,"1.68","1.25","-1.25","44.3",,,,,
"FC","2026-04-29","93.5","-1.56","5.57","Faucher, Calvin",808975,676534,"walk","ball",,,,,11,"Liam Hicks challenged (pitch result), call on the field was confirmed: Hyeseong Kim walks.","R","L","R","LAD","MIA","B",,,3,2,2026,"0.44","0.18",-0.9231507208805577,3.1875267837031958,,,,0,9,"Bot",,,,,,,0.6299835281141272,-136.30177806374127,-0.6878713071709206,5.353290150251063,27.854704549807273,-29.91751781492637,3.124343832,1.576771654,,,,"93.3",2761,"5.9",823958,689414,681393,669364,688363,672640,691594,805300,665923,"54.58",,0.704857,"0.7",1,0,0,,72,6,"Cutter",2,3,2,3,3,2,2,3,"Standard","Standard",168,"0.115","0.356",,,,"-0.356",,-1,-1,0.224,0.224,30,27,31,27,1,3,2,1,4,2,"2.4","-0.44","0.44","42.3",,,,,
"SI","2026-04-29","98.8","2.61","5.87","Morejon, Adrian",683737,670970,"walk","ball",,,,,12,"Luis Campusano challenged (pitch result), call on the field was confirmed: Michael Busch walks.","R","L","L","SD","CHC","B",,,3,1,2026,"1.47","0.61",0.8698725170430459,2.5183626202155285,,,,0,6,"Top",,,,,,,-8.172592605281917,-143.49367634829488,-4.826122750488438,22.217737218405006,38.43760984663804,-22.780874448959526,3.166469816,1.598031496,,,,"98.2",2414,"6.4",823312,669134,664034,630105,609280,593428,592206,701538,665487,"54.1",,0.704857,"0.7",1,0,0,,41,5,"Sinker",3,3,3,3,3,3,3,3,"Infield shade","Standard",145,"-0.032","0.262",,,,"-0.262",,0,0,0.479,0.521,27,28,27,29,1,2,2,1,4,2,"1.77","1.47","1.47","45.1",,,,,
"FF","2026-04-29","96.8","-1.84","5.55","Domínguez, Seranthony",666139,622554,,"ball",,,,,14,,"R","L","R","CWS","LAA","B",,,1,2,2026,"-0.63","1.02",0.5331155751022666,1.3862414462136408,,666176,,0,10,"Top",,,,,,,7.689430006052854,-140.63209654275988,-7.69883527959468,-10.071467299004048,30.822274253988454,-17.034764740093024,3.355159121,1.693257874,,,,"96.8",2135,"6.3",824608,700337,808959,805367,678246,695657,803011,671976,672284,"54.2",,,,,,,,70,4,"4-Seam Fastball",2,2,2,2,2,2,2,2,"Standard","Standard",221,"-0.017","0.045",,,,"-0.045",,0,0,0.533,0.46699999999999997,31,28,32,28,1,3,1,1,3,2,"1.41","0.63","-0.63","27.3",,,,,
"FF","2026-04-29","93.1","2.81","5.8","Nardi, Andrew",660271,677053,,"called_strike",,,,,1,,"R","L","L","LAD","MIA","S",,,2,1,2026,"0.58","1.37",-0.7014987319763438,3.2503133825061097,,,,0,7,"Bot",,,,,,,-10.259227622115867,-135.3033031251444,-3.69991463740971,9.22676390778424,27.517502747866796,-14.623934285354702,3.369201116,1.700344488,,,,"94.1",2328,"6.8",823958,689414,681393,669364,688363,672640,691594,805300,665923,"53.7",,,,,,,,58,4,"4-Seam Fastball",2,2,2,2,2,2,2,2,"Strategic","Standard",148,"-0.012","-0.073",,,,"0.073",,0,0,0.594,0.594,27,31,28,32,1,3,2,2,3,2,"1.25","0.58","0.58","45.7",,,,,
"CU","2026-04-29","85","-3.17","5.39","Ramírez, Yohan",687363,670990,"strikeout","called_strike",,,,,7,"Henry Davis challenged (pitch result), call on the field was overturned: Victor Scott II called out on strikes.","R","L","R","PIT","STL","S",2,,0,2,2026,"1.35","-0.42",-0.7397793317904984,2.0219441900989525,,,,0,9,"Top",,,,,,,2.8942523497700723,-123.84483947723808,-0.49504705505223967,13.262316432510966,25.489991239404148,-36.57702164814027,3.136630577,1.582972441,,,,"86.1",2385,"7",823392,680779,656811,693304,694377,804606,695257,665833,668804,"53.51",,0,"0",1,0,0,,74,3,"Curveball",4,5,5,4,5,4,5,4,"Standard","Standard",51,"0.01","-0.165",,,,"0.165",,-1,1,0.171,0.829,31,25,31,25,1,3,4,1,1,1,"3.57","-1.35","1.35","36.2",,,,,
"SI","2026-04-29","94.2","-1.11","6.43","Nance, Tommy",657136,667297,,"called_strike",,,,,4,,"R","R","R","TOR","BOS","S",,,2,0,2026,"-1.26","0.96",-0.6807522994380281,2.5107246699753305,,,,0,7,"Top",,,,,,,3.9375544968157214,-137.13171349366877,-6.391648940209361,-16.824505198640956,30.021596642468452,-18.893158018420547,3.105913714,1.567470472,,,,"94",2172,"6.1",822821,678218,665489,676391,672960,665926,664702,662139,660821,"54.37",,,,,,,,54,3,"Sinker",7,1,1,7,1,7,1,7,"Standard","Standard",220,"0.002","-0.072",,,,"0.072",,6,-6,0.98,0.020000000000000018,35,30,35,30,1,2,2,3,1,3,"1.61","1.26","1.26","52.6",,,,,
"FF","2026-04-29","94.3","2.15","5.91","Kikuchi, Yusei",805367,579328,,"called_strike",,,,,3,,"R","R","L","CWS","LAA","S",,,0,0,2026,"0.67","1.43",0.530574828936967,2.9273419035368744,,,,0,1,"Bot",,,,,,,-5.705562418134661,-137.15012777394102,-5.108706007619254,9.748179506315235,30.305789471760523,-13.232825428666832,3.068175853,1.548425197,,,,"94.8",2289,"6.6",824608,518595,687093,624428,660162,687263,666176,666139,624585,"53.87",,,,,,,,4,1,"4-Seam Fastball",0,0,0,0,0,0,0,0,"Standard","Standard",146,"-0.003","-0.039",,,,"0.039",,0,0,0.548,0.548,35,24,35,25,1,0,5,1,,2,"1.14","0.67","-0.67","42.9",,,,,
"FF","2026-04-29","86.5","0.96","6.26","Farris, Mitch",805367,815083,,"called_strike",,,,,7,,"R","R","L","CWS","LAA","S",,,0,0,2026,"0.76","1.36",-0.7480647598223986,1.4559392887168952,,,,0,3,"Bot",,,,,,,-5.644410580478939,-125.7144069155062,-7.899299383493302,9.145271580953573,23.47352684935101,-16.376513702433122,3.068175853,1.548425197,,,,"87.6",1973,"6.9",824608,518595,687093,624428,660162,687263,666176,666139,624585,"53.65",,,,,,,,20,1,"4-Seam Fastball",0,0,0,0,0,0,0,0,"Standard","Standard",141,"-0.004","-0.039",,,,"0.039",,0,0,0.555,0.555,25,24,25,25,1,1,16,1,5,2,"1.68","0.76","-0.76","50.2",,,,,
"FC","2026-04-28","94.3","-1.82","5.99","Schlittler, Cam",669394,693645,,"called_strike",,,,,7,,"R","R","R","TEX","NYY","S",,,1,0,2026,"0.72","0.6",-0.3435793663401593,1.5721076575133155,,607043,673962,2,6,"Bot",,,,,,,2.2039352760230515,-137.28582534417478,-7.044073072999874,8.726014902952686,27.258834063370895,-23.330152914449545,3.229658793,1.62992126,,,,"96.1",2706,"7.1",822908,669224,700250,665862,641857,676609,641355,663757,592450,"53.45",,,,,,,,45,2,"Cutter",0,1,0,1,1,0,0,1,"Strategic","Standard",151,"-0.009","-0.052",,,,"0.052",,-1,-1,0.391,0.391,25,30,25,30,3,2,5,1,6,1,"1.94","-0.72","-0.72","42.6",,,,,
"SI","2026-04-28","91.4","-2.29","4.71","Ryan, Joe",668227,657746,,"called_strike",,,,,1,,"R","R","R","MIN","SEA","S",,,2,1,2026,"-1.49","0.9",-0.3579908272022474,3.2334996877119755,,,,0,7,"Top",,,,,,,8.198290698397326,-132.95200240419481,0.3533948720792529,-19.385756466675293,28.327211937656514,-21.757426214238386,3.127854331,1.578543307,,,,"92.8",2181,"7.1",823716,605170,665019,807712,668904,656484,663616,621439,668885,"53.39",,,,,,,,52,4,"Sinker",1,1,1,1,1,1,1,1,"Standard","Standard",230,"0.012","-0.073",,,,"0.073",,0,0,0.494,0.506,30,31,30,31,3,2,5,1,5,1,"1.83","1.49","1.49","20.3",,,,,
"FC","2026-04-28","89.5","-1.41","5.78","Baz, Shane",670623,669358,,"called_strike",,,,,9,,"R","R","R","BAL","HOU","S",,,0,1,2026,"0.25","0.59",0.654696769427946,1.748347616609413,,,,0,6,"Top",,,,,,,4.4983024736349355,-130.2751408074033,-5.033293464909041,1.9857530819455604,25.382814934012696,-24.569707966117953,3.180511811,1.60511811,,,,"90",2345,"6.4",824849,668939,624413,669236,691723,683002,621493,665750,687637,"54.07",,,,,,,,45,2,"Cutter",4,1,1,4,1,4,1,4,"Standard","Strategic",201,"0.006","-0.055",,,,"0.055",,3,-3,0.867,0.133,27,27,27,27,3,2,7,2,6,2,"2.23","-0.25","-0.25","32.9",,,,,
"CU","2026-04-28","83.5","-2.15","5.89","Martin, Davis",624585,663436,,"ball",,,,,13,,"R","R","R","CWS","LAA","B",,,2,1,2026,"1.24","-0.24",-0.8626468614273657,2.3089270410407963,,545361,,2,5,"Top",,,,,,,0.4453796175715525,-121.58139477468,-1.093342358926425,12.170876257871525,24.878680082244866,-34.54068612163827,3.354281496,1.692814961,,,,"83.3",2954,"6.2",824610,691011,808959,803011,678246,682668,643217,671976,669720,"54.3",,,,,,,,41,4,"Curveball",3,1,1,3,1,3,1,3,"Standard","Standard",60,"-0.005","0.055",,,,"-0.055",,2,-2,0.771,0.22899999999999998,29,34,29,34,3,2,5,1,6,1,"3.52","-1.24","-1.24","33.1",,,,,
"CH","2026-04-28","84.3","-1.26","5.9","Gilbert, Logan",605137,669302,,"called_strike",,,,,8,,"R","L","R","MIN","SEA","S",,,1,0,2026,"-1.49","0.37",-0.15161640031803048,1.7729164874990024,,663616,,1,5,"Bot",,,,,,,5.703451554761028,-122.53943362504033,-3.7371286982119587,-16.150704524623787,25.612947677291174,-27.90779689244781,3.334973753,1.683070866,,,,"86",1583,"7.6",823716,663728,647304,702284,660844,641487,668227,677594,670042,"52.91",,,,,,,,40,2,"Changeup",1,0,1,0,0,1,1,0,"Standard","Standard",234,"-0.004","-0.042",,,,"0.042",,1,1,0.73,0.73,29,33,29,34,3,2,6,1,6,1,"2.86","1.49","-1.49","36.8",,,,,
"FC","2026-04-28","90.3","-1.37","5.41","Patrick, Chad",699912,694477,"walk","ball",,,,,14,"William Contreras challenged (pitch result), call on the field was confirmed: Jose Fernandez walks. Adrian Del Castillo to 2nd.","R","R","R","MIL","AZ","B",,,3,2,2026,"-0.15","0.9",0.9161699491115091,2.439377562800432,,,680728,0,5,"Top",,,,,,,5.910296663277147,-131.49086116015317,-3.243521430945469,-2.884817111872971,25.463664301816564,-21.276153015650987,3.351648622,1.691486221,,,,"90.3",2510,"6.1",823798,661388,641343,668930,666152,687401,663604,669003,686217,"54.44",,0.704857,"0.7",1,0,0,,34,6,"Cutter",3,0,0,3,0,3,0,3,"Standard","Standard",135,"-0.055","0.34",,,,"-0.34",,3,-3,0.785,0.21499999999999997,27,22,28,23,2,1,6,2,6,1,"1.88","0.15","0.15","34.5",,,,,
"FS","2026-04-28","80.2","-1.08","6","Gilbert, Logan",668885,669302,,"ball",,,,,11,,"R","R","R","MIN","SEA","B",,,2,2,2026,"-0.41","-0.34",-0.34594403911387533,3.376495943129101,,663616,,0,5,"Bot",,,,,,,2.4645597936538377,-116.80272262528942,1.7407663148436614,-4.223866898901168,20.392598025176923,-35.800862866345526,3.12960958,1.579429134,,,,"82.4",731,"7.6",823716,663728,647304,702284,660844,641487,668227,677594,670042,"52.95",,,,,,,,39,8,"Split-Finger",1,0,1,0,0,1,1,0,"Standard","Standard",311,"0.009","0.1",,,,"-0.1",,1,1,0.761,0.761,29,27,29,27,3,2,6,3,6,1,"3.86","0.41","0.41","38.6",,,,,
"SL","2026-04-28","84.4","-1.05","5.52","Buehler, Walker",807713,621111,,"called_strike",,,,,6,,"R","R","R","SD","CHC","S",,,1,0,2026,"0.98","0.06",0.5690098250991081,2.552294251806516,,,,2,4,"Top",,,,,,,1.7405462913890108,-122.86180961975707,-0.3930302279879211,9.475068909968009,26.830401333233045,-31.75592621573404,3.105036089,1.567027559,,,,"84.5",2459,"6.6",823310,669134,664034,665487,630105,593428,657656,701538,669369,"53.95",,,,,,,,29,2,"Slider",1,2,2,1,2,1,2,1,"Standard","Standard",110,"0.002","-0.054",,,,"0.054",,-1,1,0.416,0.5840000000000001,31,24,32,25,2,1,6,1,7,1,"3.17","-0.98","-0.98","45.8",,,,,
"FC","2026-04-28","85.2","-2.15","6.48","Bibee, Tanner",641584,676440,"walk","ball",,,,,13,"Bo Naylor challenged (pitch result), call on the field was confirmed: Jake Fraley walks. Yandy Díaz to 2nd.","R","L","R","CLE","TB","B",,,3,2,2026,"0.54","-0.39",-0.10394017289398555,1.3639482117522768,,,650490,1,4,"Top",,,,,,,3.6374656987899288,-123.96038906383069,-4.557710471748539,4.660626136932116,28.76185819780698,-35.30391869283466,3.169980315,1.59980315,,,,"84.9",2587,"6.5",824447,666310,700932,683953,608070,677587,680757,682177,682657,"54.03",,0.704857,"0.7",1,0,0,,24,6,"Cutter",0,0,0,0,0,0,0,0,"Infield shade","Strategic",105,"-0.038","0.266",,,,"-0.266",,0,0,0.49,0.51,27,31,27,31,2,1,6,2,6,1,"3.57","-0.54","0.54","59.1",,,,,
"FC","2026-04-28","88.2","-2.76","6.64","Holmes, Clay",696285,605280,,"ball",,,,,12,,"R","R","R","NYM","WSH","B",,,0,2,2026,"0.14","-0.03",0.862829647344685,2.824992633327296,,,682928,2,4,"Top",,,,,,,8.363661069286131,-128.3200047691254,-2.9051323425605524,-0.13648248207180277,25.393510222153882,-32.17154635188386,3.187532808,1.608661417,,,,"87.9",2749,"6",823636,682626,668901,543760,666182,677595,669004,701807,683146,"54.47",,,,,,,,26,4,"Cutter",1,0,0,1,0,1,0,1,"Standard","Standard",72,"-0.003","0.009",,,,"-0.009",,1,-1,0.668,0.33199999999999996,33,26,33,27,2,1,6,2,5,1,"2.96","-0.14","-0.14","49.2",,,,,
"CH","2026-04-28","88.1","-1.16","5.75","Junk, Janson",690976,676083,,"called_strike",,,,,7,,"R","L","R","LAD","MIA","S",,,0,1,2026,"-1.15","-0.1",-0.45406810697302125,1.5645311083491165,,,,1,5,"Bot",,,,,,,4.096254889132864,-128.17423999923508,-3.5754219385607797,-13.487696181767937,27.350917455002328,-32.74972964694942,3.184899934,1.607332677,,,,"87.7",1346,"6.1",823956,682663,666624,669364,688363,672640,669065,805300,683357,"54.39",,,,,,,,41,2,"Changeup",0,2,0,2,2,0,0,2,"Standard","Standard",242,"-0.006","-0.052",,,,"0.052",,-2,-2,0.254,0.254,30,24,30,25,2,1,6,1,6,1,"3.05","1.15","-1.15","42.7",,,,,
"CU","2026-04-28","80.4","-1.48","6.13","Martinez, Nick",680757,607259,,"called_strike",,,,,2,,"R","L","R","CLE","TB","S",,,0,0,2026,"0.2","-1.04",-0.09654126109633551,2.9804985347277206,,,,1,6,"Bot",,,,,,,2.634546047663946,-117.09746870696159,1.8941895119035812,1.3120563541893602,22.640716329404547,-42.279996689996736,3.02253937,1.525393701,,,,"80.1",2281,"6.1",824447,663743,666018,810938,680700,670764,802415,656775,641584,"54.4",,,,,,,,44,1,"Curveball",0,1,0,1,1,0,0,1,"Standard","Standard",5,"-0.004","-0.039",,,,"0.039",,-1,-1,0.356,0.356,35,28,36,29,3,2,6,1,6,1,"4.56","-0.2","0.2","64.3",,,,,
"FF","2026-04-28","100.4","-2.02","5.59","Ohtani, Shohei",683357,660271,,"called_strike",,,,,9,,"R","L","R","LAD","MIA","S",,,0,0,2026,"-0.43","1.38",0.7359021993226842,1.6041065596049857,669364,,682663,2,4,"Top",,,,,,,8.590109344833003,-145.823995541807,-8.824591166867693,-8.003965094448823,31.849278487900815,-10.574385947316912,3.369201116,1.700344488,,,,"101.1",2611,"6.6",823956,669257,518692,690976,571970,808975,606192,681624,663656,"53.91",,,,,,,,29,1,"4-Seam Fastball",0,1,1,0,1,0,1,0,"Standard","Standard",224,"0.008","-0.035",,,,"0.035",,-1,1,0.377,0.623,31,23,32,24,2,1,6,1,7,1,"0.88","0.43","-0.43","33.0",,,,,
"ST","2026-04-28","80.1","-1.16","5.7","Junk, Janson",808975,676083,,"ball",,,,,11,,"R","L","R","LAD","MIA","B",,,0,1,2026,"1.44","0.13",-0.46608436027836686,3.285515318274214,,,,0,5,"Bot",,,,,,,-1.2522072649059526,-116.57497997793442,1.3688088976978632,13.27299792669544,23.98085200449252,-31.475500837899116,3.124343832,1.576771654,,,,"79.8",2365,"6.3",823956,682663,666624,669364,688363,672640,669065,805300,683357,"54.24",,,,,,,,40,2,"Sweeper",0,2,0,2,2,0,0,2,"Standard","Standard",63,"0.003","0.031",,,,"-0.031",,-2,-2,0.284,0.284,30,27,30,27,2,1,6,1,6,1,"3.44","-1.44","1.44","47.9",,,,,
"SI","2026-04-28","92.3","2.56","5.89","Lucchesi, Joey",695657,664192,"strikeout","called_strike",,,,,4,"Sebastián Rivero challenged (pitch result), call on the field was overturned: Colson Montgomery called out on strikes.","R","L","L","CWS","LAA","S",2,,3,2,2026,"1.31","1.04",-0.7967666535776516,2.226008603714206,656537,808959,678246,0,7,"Bot",,,,,,,-11.307314251176548,-133.80715323563746,-5.5433735477515,18.201552581579335,28.83264388210948,-18.635535213401862,3.340239501,1.685728347,,,,"92.1",2201,"6.4",824610,665861,694384,687093,672724,687263,666139,545361,666176,"54.11",,0,"0",1,0,0,,64,7,"Sinker",4,1,4,1,1,4,4,1,"Strategic","Standard",143,"-0.014","-0.348",,,,"0.348",,3,3,0.977,0.977,33,24,33,24,1,3,2,1,,1,"1.66","1.31","1.31","43.0",,,,,
"CH","2026-04-28","87.4","-0.75","5.98","Hoffmann, Andrew",669003,694851,,"called_strike",,,,,7,,"R","L","R","MIL","AZ","S",,,1,1,2026,"-0.57","0.23",-0.7703337913177081,1.7990724262523217,686217,666152,687401,0,6,"Bot",,,,,,,1.1597540818746963,-127.33048761256282,-4.192719798973082,-6.449547577752887,26.821290012287584,-29.02433400426946,3.292847769,1.661811024,,,,"87.8",877,"6.5",823798,543510,545121,606466,571448,699912,666971,677950,682998,"53.98",,,,,,,,52,3,"Changeup",5,2,5,2,2,5,5,2,"Strategic","Standard",248,"-0.004","-0.076",,,,"0.076",,3,3,0.958,0.958,26,27,26,28,1,3,3,2,,1,"2.75","0.57","-0.57","51.4",,,,,
"CH","2026-04-28","85","-1.86","4.66","Criswell, Cooper",621439,681867,,"ball",,,,,13,,"R","R","R","MIN","SEA","B",,,2,2,2026,"-1.15","-0.74",-0.9708654881249077,1.6902805030466368,,,,2,9,"Bot",,,,,,,4.427564137144479,-123.73642056507856,1.1214797124937403,-12.685646473091053,26.236009469270503,-40.19776677694564,3.257742782,1.644094488,,,,"85.3",1529,"6.6",823716,663728,647304,702284,660844,641487,668227,677594,670042,"53.87",,,,,,,,78,5,"Changeup",1,7,1,7,7,1,1,7,"Standard","Standard",272,"0","0.104",,,,"-0.104",,-6,-6,0.001,0.001,29,32,30,33,1,4,3,1,1,1,"3.91","1.15","1.15","3.2",,,,,
"SI","2026-04-28","92.6","2.02","5.56","Bubic, Kris",701762,663460,"walk","ball",,,,,13,"Salvador Perez challenged (pitch result), call on the field was confirmed: Nick Kurtz walks. Shea Langeliers to 2nd.","R","L","L","ATH","KC","B",,,3,1,2026,"0.89","0.94",-0.2704823893618268,1.555323180216631,,,669127,1,1,"Bot",,,,,,,-7.81158910896963,-134.56299727289624,-6.295672593947428,12.556750096249989,29.546178631509054,-19.601280014777856,3.413082349,1.722490158,,,,"93.3",2047,"6.8",825017,521692,686469,679845,672580,677951,657041,664728,695506,"53.68",,0.704857,"0.7",1,0,0,,7,5,"Sinker",0,0,0,0,0,0,0,0,"Infield shade","Standard",147,"0.022","0.18",,,,"-0.18",,0,0,0.565,0.565,28,23,29,23,1,0,7,2,5,1,"1.73","0.89","0.89","37.6",,,,,
"SI","2026-04-28","91.7","2.86","5.52","Lucchesi, Joey",808959,664192,,"called_strike",,,,,3,,"R","L","L","CWS","LAA","S",,,2,1,2026,"1.47","0.65",0.7098181825371759,3.1422793781059237,,,656537,0,7,"Bot",,,,,,,-8.587161200897967,-133.13645235264738,-1.3017967751820056,19.349977307238625,31.687982462068124,-24.468563937813236,3.296358268,1.663582677,,,,"91.1",2243,"6.3",824610,665861,694384,687093,672724,687263,666139,545361,666176,"54.19",,,,,,,,62,4,"Sinker",4,1,4,1,1,4,4,1,"Infield shade","Standard",133,"-0.002","-0.078",,,,"0.078",,3,3,0.951,0.951,33,26,33,26,1,3,2,1,,1,"2.1","1.47","1.47","32.4",,,,,
"ST","2026-04-28","82.9","3.01","5.48","Hart, Kyle",691718,606996,,"ball",,,,,13,,"R","L","L","SD","CHC","B",,,1,0,2026,"-1.49","0.25",-0.015603088667750509,1.4786928320353105,,,670032,1,6,"Top",,,,,,,-3.873346662790774,-120.58383331720835,-2.8602671773769908,-13.606140462730123,25.48653524979012,-29.411458825684363,3.202452428,1.616190945,,,,"82.7",2741,"6.4",823310,669134,664034,665487,630105,593428,657656,701538,669369,"54.14",,,,,,,,46,2,"Sweeper",2,2,2,2,2,2,2,2,"Infield shade","Strategic",302,"-0.011","0.068",,,,"-0.068",,0,0,0.492,0.508,33,24,34,24,1,2,6,1,4,1,"3.1","-1.49","-1.49","36.3",,,,,
"ST","2026-04-28","82.9","-2.61","5.49","Teng, Kai-Wei",668939,678906,,"ball",,,,,14,,"R","L","R","BAL","HOU","B",,,0,0,2026,"1.42","-0.01",0.5069614028084235,1.488550410500435,683002,,,1,1,"Bot",,,,,,,4.199913935627629,-120.64849050722819,-2.368268919259017,12.928159503394001,25.327415357674997,-31.98088191844567,3.253354659,1.641879921,,,,"82.6",2739,"6.2",824849,673237,572233,514888,670623,621043,687957,694728,701358,"54.27",,,,,,,,8,1,"Sweeper",0,0,0,0,0,0,0,0,"Strategic","Standard",48,"0.002","0.026",,,,"-0.026",,0,0,0.595,0.595,27,28,28,28,1,0,3,2,4,2,"3.35","-1.42","1.42","25.0",,,,,
"SL","2026-04-28","85.5","0.77","6.3","Sousa, Bennett",665750,656986,,"ball",,,,,14,,"R","R","L","BAL","HOU","B",,,1,2,2026,"-0.49","-0.23",0.8251042442816623,1.5249442864623162,,,,1,8,"Bot",,,,,,,1.138665594185175,-124.44963986251815,-4.213298916976986,-5.355884904328204,26.192918249323252,-33.90445823642966,3.286704396,1.65871063,,,,"85.3",2185,"6.3",824849,673237,572233,514888,670623,621043,687957,694728,701358,"54.23",,,,,,,,71,4,"Slider",5,3,5,3,3,5,5,3,"Standard","Standard",262,"0.001","0.048",,,,"-0.048",,2,2,0.93,0.93,31,27,31,28,1,3,3,3,3,2,"3.36","-0.49","0.49","57.0",,,,,
"FF","2026-04-28","97.9","1.52","6.46","Burke, Brock",666397,656271,"strikeout","called_strike",,,,,1,"Tyler Stephenson challenged (pitch result), call on the field was overturned: Edouard Julien called out on strikes.","R","L","L","CIN","COL","S",2,,1,2,2026,"0.4","1.43",-0.736287509993073,2.8621299637621873,,,687597,0,9,"Top",,,,,,,-6.977222922518708,-142.2711023864213,-7.322292113132667,7.061412392160442,35.13916222588271,-11.29996966487297,3.234924541,1.63257874,,,,"98.1",2512,"6.6",824526,663886,701398,680574,663647,682829,670770,667472,668715,"53.86",,0,"0",1,0,0,,72,4,"4-Seam Fastball",7,2,2,7,2,7,2,7,"Infield shade","Standard",147,"0.006","-0.165",,,,"0.165",,5,-5,0.988,0.01200000000000001,29,27,30,27,1,4,2,2,4,2,"0.97","0.4","0.4","49.9",,,,,
"FS","2026-04-28","87.7","-2.08","5.82","Ohtani, Shohei",805300,660271,"strikeout","called_strike",,,,,1,"Will Smith challenged (pitch result), call on the field was overturned: Jakob Marsee called out on strikes.","R","L","R","LAD","MIA","S",2,,1,2,2026,"-0.72","-0.12",-0.4175240670866799,2.986254148628112,,,,0,1,"Top",,,,,,,5.494153450403831,-127.71317789716339,-0.36554275305056927,-8.916895805380154,22.2451361462924,-33.66389779670835,3.212106299,1.621062992,,,,"88.7",1409,"6.5",823956,669257,518692,690976,571970,808975,606192,681624,663656,"53.99",,0,"0",1,0,0,,1,5,"Split-Finger",0,0,0,0,0,0,0,0,"Infield shade","Standard",237,"0.015","-0.189",,,,"0.189",,0,0,0.507,0.493,31,25,32,25,1,0,6,1,7,1,"3.05","0.72","-0.72","32.6",,,,,
"SI","2026-04-28","97.4","-2.08","5.14","Morgan, David",807713,688158,,"called_strike",,,,,4,,"R","R","R","SD","CHC","S",,,3,1,2026,"-1.26","0.79",-0.5006858239528258,2.623307801340405,670032,691718,,1,6,"Top",,,,,,,7.079901055469354,-141.65726278732984,-2.8467562583929538,-18.571767842788095,34.150641964387475,-21.085749922266668,3.105036089,1.567027559,,,,"96.7",2179,"6",823310,669134,664034,665487,630105,593428,657656,701538,669369,"54.48",,,,,,,,47,5,"Sinker",2,2,2,2,2,2,2,2,"Strategic","Standard",226,"0.003","-0.056",,,,"0.056",,0,0,0.366,0.634,26,24,27,25,1,2,2,1,,1,"1.62","1.26","1.26","28.3",,,,,
"FC","2026-04-28","98.1","0.08","6.55","Ashcraft, Graham",664983,668933,,"called_strike",,,,,8,,"R","L","R","CIN","COL","S",,,1,1,2026,"0.13","1.1",-0.04770785234784085,1.8525085360560467,,,,0,7,"Top",,,,,,,-0.6205637618413492,-142.68466810953612,-9.450355712142747,1.852807062038505,31.5358780551683,-15.223903856322334,3.228781168,1.629478347,,,,"97",2475,"5.6",824526,663886,701398,680574,663647,682829,668715,667472,677956,"54.92",,,,,,,,50,3,"Cutter",4,2,2,4,2,4,2,4,"Standard","Standard",187,"0.008","-0.061",,,,"0.061",,2,-2,0.817,0.18300000000000005,28,28,28,29,1,2,3,2,4,2,"1.26","-0.13","0.13","55.1",,,,,
"FC","2026-04-27","93.9","1.13","5.22","Messick, Parker",691406,800048,"strikeout","called_strike",,,,,7,"Austin Hedges challenged (pitch result), call on the field was overturned: Junior Caminero called out on strikes.","R","R","L","CLE","TB","S",2,,3,2,2026,"0","0.91",-0.7716776156790615,1.910850268952289,,650490,,1,6,"Top",,,,,,,-4.887333866919636,-136.6866852582135,-4.686839583734297,1.1724543684180864,31.703930885551024,-19.8855719764555,3.243700787,1.637007874,,,,"94.1",2056,"6.5",824446,595978,656555,682177,608070,677587,682657,680757,800050,"53.97",,0,"0",1,0,0,,39,6,"Cutter",2,0,0,2,0,2,0,2,"Strategic","Standard",161,"0.055","-0.295",,,,"0.295",,2,-2,0.749,0.251,25,22,26,23,3,2,6,1,6,1,"1.68","0","0","37.1",,,,,
"FC","2026-04-27","91","1.19","5.24","Messick, Parker",691406,800048,,"called_strike",,,,,4,,"R","R","L","CLE","TB","S",,,0,0,2026,"-0.22","0.77",-0.7181419317189801,2.171778265262912,,650490,,1,6,"Top",,,,,,,-4.269521767744909,-132.53828220348828,-3.3636544106808257,-1.7962606466485924,25.38146660919077,-22.527069831192886,3.243700787,1.637007874,,,,"92.2",2186,"6.7",824446,595978,656555,682177,608070,677587,682657,680757,800050,"53.79",,,,,,,,39,1,"Cutter",2,0,0,2,0,2,0,2,"Strategic","Standard",179,"0.007","-0.038",,,,"0.038",,2,-2,0.755,0.245,25,22,26,23,3,2,6,1,6,1,"1.95","-0.22","0.22","39.5",,,,,
"CH","2026-04-27","89.2","1.4","5.66","Fried, Max",673962,608331,"walk","ball",,,,,13,"Austin Wells challenged (pitch result), call on the field was confirmed: Josh Jung walks.","R","R","L","TEX","NYY","B",,,3,2,2026,"1.44","0.19",-0.2843299857020398,1.4128920754696348,,,,2,6,"Bot",,,,,,,-7.169544394708696,-129.62147695563124,-4.5026387996875314,17.78915520970554,30.681704464186694,-29.16541828287053,3.26300853,1.646751969,,,,"88.7",1706,"6.4",822906,669224,700250,665862,641857,676609,641355,663757,592450,"54.12",,0.704857,"0.7",1,0,0,,46,6,"Changeup",0,4,0,4,4,0,0,4,"Infield shade","Standard",127,"0.008","0.259",,,,"-0.259",,-4,-4,0.067,0.067,32,28,32,28,3,2,5,1,6,1,"2.71","1.44","-1.44","39.6",,,,,
"FC","2026-04-27","91.7","-1.79","5.86","Vásquez, Randy",663538,681190,,"called_strike",,,,,6,,"R","R","R","SD","CHC","S",,,0,1,2026,"0","0.87",0.8087722008782209,2.1654032729989074,,,691718,1,4,"Top",,,,,,,6.454837975100033,-133.27056383780365,-5.095566994405575,-1.4469892779087186,30.10986385228743,-20.94752383394848,3.185777559,1.607775591,,,,"91.3",2632,"6.2",823311,666023,664034,665487,592518,593428,657656,701538,592206,"54.28",,,,,,,,35,2,"Cutter",4,5,5,4,5,4,5,4,"Standard","Standard",200,"0.008","-0.047",,,,"0.047",,-1,1,0.379,0.621,27,29,28,29,3,2,6,1,7,1,"1.86","0","0","32.6",,,,,
"CH","2026-04-27","86.4","-2.03","4.98","Castillo, Luis",663616,622491,"strikeout","called_strike",,,,,9,"Mitch Garver challenged (pitch result), call on the field was overturned: Trevor Larnach called out on strikes.","R","L","R","MIN","SEA","S",2,,0,2,2026,"-1.61","-0.03",0.7782096099963662,1.6508341165065517,,,,1,4,"Bot",,,,,,,9.784821264871809,-125.46430811745122,-1.3902301923591898,-19.03947217263112,25.928207668660637,-32.383751410138544,3.323564633,1.677312992,,,,"85",1968,"5.5",823719,641598,647304,702284,660844,641487,668227,677594,608701,"54.97",,0,"0",1,0,0,,34,3,"Changeup",7,0,7,0,0,7,7,0,"Infield shade","Standard",258,"-0.001","-0.163",,,,"0.163",,7,7,0.98,0.98,33,29,34,29,3,2,6,1,6,1,"3.1","1.61","-1.61","12.5",,,,,
"CH","2026-04-27","82.6","2.03","5.64","Matz, Steven",682657,571927,,"called_strike",,,,,2,,"R","R","L","CLE","TB","S",,,1,0,2026,"1.18","0.68",-0.1807351716644423,3.0497471205440094,,,,1,6,"Bot",,,,,,,-7.330965251605444,-120.03994285318849,-0.5402542164040145,12.81628620476362,23.018670105125338,-25.664296564653323,3.177878937,1.60378937,,,,"83",2204,"6.6",824446,663743,666018,810938,691406,670764,802415,676356,668723,"53.87",,,,,,,,43,2,"Changeup",2,1,2,1,1,2,2,1,"Infield shade","Standard",97,"-0.003","-0.049",,,,"0.049",,1,1,0.721,0.721,35,24,35,24,3,2,6,1,6,1,"2.66","1.18","-1.18","31.0",,,,,
"FC","2026-04-27","91.4","1.16","5.28","Messick, Parker",810938,800048,,"ball",,,,,11,,"R","R","L","CLE","TB","B",,,2,0,2026,"0.02","1.28",-0.1709855796196233,3.3694938714140346,,,,0,5,"Top",,,,,,,-3.3878455977443442,-133.03665612708025,-1.5071180839489546,1.1106782493089533,32.21456485997033,-16.998578489167322,3.229658793,1.62992126,,,,"91.4",2083,"6.6",824446,595978,656555,682177,608070,677587,682657,680757,800050,"53.94",,,,,,,,29,3,"Cutter",0,0,0,0,0,0,0,0,"Standard","Standard",171,"-0.015","0.152",,,,"-0.152",,0,0,0.486,0.514,25,25,26,26,2,1,6,1,6,1,"1.48","0.02","-0.02","46.2",,,,,
"SI","2026-04-27","93.2","1.94","5.73","Matz, Steven",680757,571927,,"called_strike",,,,,7,,"R","L","L","CLE","TB","S",,,0,0,2026,"1.39","0.93",-0.7087612047958913,1.468256310123494,,,,0,6,"Bot",,,,,,,-9.888438530688315,-135.23947706476523,-7.0248828730738895,19.237664740140513,30.882415515605196,-19.30926239808173,3.02253937,1.525393701,,,,"93.5",2153,"6.7",824446,663743,666018,810938,691406,670764,802415,676356,668723,"53.75",,,,,,,,42,1,"Sinker",2,1,2,1,1,2,2,1,"Standard","Standard",124,"-0.003","-0.039",,,,"0.039",,1,1,0.74,0.74,35,28,35,29,3,2,6,1,6,1,"1.72","1.39","1.39","39.7",,,,,
"CH","2026-04-27","88.9","-1.31","6.23","Kochanowicz, Jack",671976,686799,,"called_strike",,,,,7,,"R","L","R","CWS","LAA","S",,,1,0,2026,"-0.14","-0.07",-0.5919109232864211,1.6386371011982468,,,,1,5,"Bot",,,,,,,2.0250040368968505,-129.45345853953145,-4.814239140121249,-2.006535176539108,25.39447515343869,-32.25307117036164,3.19718668,1.613533465,,,,"88.6",2101,"5.9",824609,518595,694384,687093,672724,687263,669326,545361,666176,"54.58",,,,,,,,42,2,"Changeup",0,4,0,4,4,0,0,4,"Standard","Standard",233,"-0.003","-0.049",,,,"0.049",,-4,-4,0.104,0.104,25,26,26,26,2,1,6,1,6,1,"2.94","0.14","-0.14","38.6",,,,,
"CU","2026-04-27","74.7","2.14","5.68","Boyd, Matthew",609280,571510,,"ball",,,,,14,,"R","R","L","SD","CHC","B",,,0,1,2026,"-0.73","-0.93",0.914923599418986,2.3210099122771117,592518,,593428,1,3,"Bot",,,,,,,-1.166460424336242,-108.6717503221697,2.2309318305008485,-5.555632706907231,20.95043783229991,-40.15689018839188,3.191043307,1.610433071,,,,"74.1",2269,"6.1",823311,694208,683737,663538,608324,621020,624424,691718,673548,"54.42",,,,,,,,31,2,"Curveball",3,5,3,5,5,3,3,5,"Standard","Standard",307,"0.008","0.012",,,,"-0.012",,-2,-2,0.394,0.394,35,31,35,31,2,1,5,1,6,2,"5.05","-0.73","0.73","33.8",,,,,
"FF","2026-04-27","95.7","-2.14","5.4","Yamamoto, Yoshinobu",669364,808967,,"ball",,,,,11,,"R","L","R","LAD","MIA","B",,,2,1,2026,"-0.69","1.33",-0.9267728823827247,2.436076792444308,,672640,,0,4,"Top",,,,,,,4.732503059464542,-139.29180732121958,-5.045368662884731,-10.017790415676133,31.953966315641345,-13.918454836937366,3.055011483,1.541781496,,,,"95.5",2285,"6.2",823961,669257,518692,690976,571970,808975,606192,681624,663656,"54.27",,,,,,,,25,4,"4-Seam Fastball",2,0,0,2,0,2,0,2,"Standard","Standard",220,"-0.014","0.115",,,,"-0.115",,2,-2,0.655,0.345,27,26,28,27,2,1,6,1,7,1,"1.16","0.69","-0.69","38.2",,,,,
"SI","2026-04-27","96.3","-1.3","6.41","Kochanowicz, Jack",803011,686799,,"called_strike",,,,,3,,"R","L","R","CWS","LAA","S",,,2,1,2026,"-1.05","0.53",0.5718996696823755,2.880309108044176,,695657,,2,4,"Bot",,,,,,,7.299183318238384,-140.09340087170955,-4.7851971162162155,-15.456947376415364,30.415954530631613,-24.353116275815196,3.154183071,1.591830709,,,,"96.2",2259,"6.1",824609,518595,694384,687093,672724,687263,669326,545361,666176,"54.35",,,,,,,,37,4,"Sinker",0,4,0,4,4,0,0,4,"Standard","Standard",220,"-0.005","-0.064",,,,"0.064",,-4,-4,0.129,0.129,25,23,26,23,2,1,6,2,6,1,"1.92","1.05","-1.05","37.6",,,,,
"FF","2026-04-27","97.5","-1.34","5.62","Leiter, Jack",691176,683004,,"ball",,,,,14,,"R","L","R","TEX","NYY","B",,,1,2,2026,"-0.93","1.41",0.829773093093331,1.7888599532308018,,,,0,4,"Top",,,,,,,7.964318353139621,-141.6137806647164,-7.814481174384589,-14.359423767827566,34.98049741423719,-11.615897367188733,3.083095472,1.555954724,,,,"97.5",2417,"6.6",822906,543309,669394,677649,673962,608369,664059,694497,607043,"53.91",,,,,,,,25,4,"4-Seam Fastball",0,4,4,0,4,0,4,0,"Infield shade","Standard",222,"-0.002","0.043",,,,"-0.043",,-4,4,0.127,0.873,26,23,26,23,2,1,5,,6,1,"1.02","0.93","-0.93","45.0",,,,,
"FF","2026-04-27","97","-1.36","6.15","Cease, Dylan",701350,656302,,"called_strike",,,,,9,,"R","L","R","TOR","BOS","S",,,1,0,2026,"-0.17","1.6",0.8179906804663727,1.9283950447508138,,,575929,0,4,"Top",,,,,,,6.172479841177697,-140.88165410282116,-9.24581492351412,-3.69563471158466,31.961916184774104,-8.879414087093085,3.326197507,1.678641732,,,,"97.4",2435,"6.6",822825,623168,665489,672820,672960,676391,676914,664702,660821,"53.89",,,,,,,,21,2,"4-Seam Fastball",0,0,0,0,0,0,0,0,"Infield shade","Standard",198,"0.008","-0.048",,,,"0.048",,0,0,0.45,0.55,30,22,31,22,2,1,7,1,5,1,"0.83","0.17","-0.17","54.8",,,,,
"FF","2026-04-27","98.1","-0.61","5.87","Taylor, Grant",694384,691799,,"called_strike",,,,,9,,"R","L","R","CWS","LAA","S",,,0,0,2026,"-0.12","1.15",0.6447778083123035,1.9935084187767427,687093,,666176,2,9,"Top",,,,,,,3.696447012875848,-142.78302255785312,-7.648005720208991,-2.44482594382836,31.269853182628978,-14.953056016931978,3.290214895,1.660482283,,,,"100.4",2393,"7.4",824609,700337,808959,805367,678246,695657,803011,671976,677592,"53.08",,,,,,,,79,1,"4-Seam Fastball",8,6,6,8,6,8,6,8,"Standard","Standard",191,"0.012","-0.035",,,,"0.035",,2,-2,0.92,0.07999999999999996,24,24,24,24,1,4,2,1,5,1,"1.21","0.12","-0.12","55.6",,,,,
"FF","2026-04-27","99.4","2.3","5.86","Morejon, Adrian",683737,670970,"strikeout","called_strike",,,,,1,"Freddy Fermin challenged (pitch result), call on the field was overturned: Michael Busch called out on strikes.","R","L","L","SD","CHC","S",2,,0,2,2026,"0.41","1.26",-0.7508284656648854,3.227463232433211,691718,,,1,7,"Top",,,,,,,-9.251502451535181,-144.36156058763538,-4.556789663151946,8.061962726455766,36.342335327925255,-13.766366400446094,3.166469816,1.598031496,,,,"99.4",2549,"6.6",823311,666023,657757,665487,664034,593428,657656,701538,592206,"53.93",,0,"0",1,0,0,,60,3,"4-Seam Fastball",6,5,5,6,5,6,5,6,"Strategic","Standard",142,"0.069","-0.298",,,,"0.298",,1,-1,0.645,0.355,27,28,27,29,1,3,2,1,2,1,"1.08","0.41","0.41","44.2",,,,,
"KC","2026-04-27","82.4","2.23","6.21","Pomeranz, Drew",803011,519141,,"called_strike",,,,,9,,"R","L","L","CWS","LAA","S",,,1,1,2026,"-0.49","-1.13",0.7507212865596911,2.012283595777277,,,,2,7,"Bot",,,,,,,-2.312964603006552,-120.08993336362025,-0.5607681644908934,-4.313256746037761,23.67102043998278,-43.233929781460276,3.154183071,1.591830709,,,,"81.4",2304,"5.6",824609,518595,694384,687093,672724,687263,669326,545361,666176,"54.92",,,,,,,,65,3,"Knuckle Curve",8,5,8,5,5,8,8,5,"Standard","Standard",330,"-0.001","-0.062",,,,"0.062",,3,3,0.931,0.931,37,23,38,23,1,3,1,2,2,1,"4.48","-0.49","-0.49","34.2",,,,,
"FF","2026-04-27","93","-2.07","6.28","Paddack, Chris",606192,663978,,"called_strike",,,,,3,,"R","R","R","LAD","MIA","S",,,0,0,2026,"-0.38","1.58",0.5585705400071883,3.227822599453921,660271,518692,,2,1,"Bot",,,,,,,7.569835586005177,-135.08987825600127,-5.388749609196603,-6.323976707766156,30.78137831277797,-11.815846124462484,3.199819554,1.614862205,,,,"93.8",2169,"7",823961,682663,681393,669364,691594,672640,669065,805300,683357,"53.54",,,,,,,,8,1,"4-Seam Fastball",0,0,0,0,0,0,0,0,"Infield shade","Standard",202,"-0.008","-0.036",,,,"0.036",,0,0,0.556,0.556,30,33,30,34,1,0,6,1,6,1,"1.07","0.38","0.38","50.1",,,,,
"FF","2026-04-27","95.6","0.85","5.47","Messick, Parker",666018,800048,"strikeout","called_strike",,,,,1,"Austin Hedges challenged (pitch result), call on the field was overturned: Jonathan Aranda called out on strikes.","R","L","L","CLE","TB","S",2,,1,2,2026,"0.51","1.19",-0.7187176925408827,3.1483512327826624,,,,1,1,"Top",,,,,,,-5.28928877322513,-139.07306711782903,-3.0069126219727194,7.902860300490411,34.17016727576404,-16.334252351945352,3.189288058,1.609547244,,,,"95.8",2166,"6.7",824446,595978,656555,682177,608070,677587,682657,680757,800050,"53.85",,0,"0",1,0,0,,2,4,"4-Seam Fastball",0,0,0,0,0,0,0,0,"Infield shade","Standard",153,"0.011","-0.18",,,,"0.18",,0,0,0.527,0.473,25,28,26,28,1,0,6,1,6,1,"1.33","0.51","0.51","44.3",,,,,
"FF","2026-04-27","98.8","-0.74","6.03","Taylor, Grant",660162,691799,,"ball",,,,,14,,"R","L","R","CWS","LAA","B",,,1,2,2026,"-0.05","1.58",0.8929814844493309,1.7650308387837816,,694384,624428,1,8,"Top",,,,,,,4.558153110978091,-143.63417688134345,-9.825856529495622,-1.6735183091989225,32.261053159982424,-8.171032887005675,3.217372047,1.623720472,,,,"100.4",2426,"7.2",824609,700337,808959,805367,678246,695657,803011,671976,677592,"53.33",,,,,,,,69,4,"4-Seam Fastball",8,5,5,8,5,8,5,8,"Standard","Standard",198,"-0.008","0.043",,,,"-0.043",,3,-3,0.89,0.10999999999999999,24,31,24,31,1,0,2,1,5,1,"0.75","0.05","-0.05","58.4",,,,,
"CH","2026-04-27","85","-1.02","6.54","Baker, Bryan",700932,641329,,"called_strike",,,,,7,,"R","L","R","CLE","TB","S",,,1,0,2026,"-1.14","0.66",-0.7955941199716591,1.9305797362365142,,,,1,9,"Bot",,,,,,,2.8442395758537327,-123.59231973858437,-5.4749696942040655,-12.239615743535165,27.542918839609854,-24.51233250997649,3.187532808,1.608661417,,,,"84.4",1791,"6.2",824446,676439,666018,680700,810938,670764,802415,676356,668723,"54.26",,,,,,,,68,2,"Changeup",2,3,2,3,3,2,2,3,"Standard","Standard",221,"-0.013","-0.049",,,,"0.049",,-1,-1,0.125,0.125,31,25,32,26,1,0,1,1,4,1,"2.53","1.14","-1.14","52.8",,,,,
"FF","2026-04-27","93.3","-1.34","5.83","Mattson, Isaac",691023,676755,"strikeout","called_strike",,,,,9,"Henry Davis challenged (pitch result), call on the field was overturned: Jordan Walker called out on strikes.","R","R","R","PIT","STL","S",2,,0,2,2026,"-0.94","1.43",0.43788353285329285,1.8543382685884169,,,676475,2,7,"Top",,,,,,,6.645108666226257,-135.485481397051,-7.434197972781556,-13.083580522090392,30.60407355577121,-13.055389384742954,3.461351706,1.746850394,,,,"93.6",2253,"6.7",823395,680779,687462,664040,693304,804606,668804,663968,656811,"53.83",,0,"0",1,0,0,,47,3,"4-Seam Fastball",2,0,0,2,0,2,0,2,"Standard","Standard",203,"0.02","-0.174",,,,"0.174",,2,-2,0.867,0.133,30,24,31,24,1,2,2,1,3,1,"1.2","0.94","0.94","45.9",,,,,
"SI","2026-04-27","90.3","2.01","5.56","King, John",690976,667463,,"called_strike",,,,,3,,"R","R","L","LAD","MIA","S",,,0,0,2026,"1.08","0.14",0.8279543681820412,3.161000407897709,,,,0,5,"Bot",,,,,,,-5.19329837073138,-131.4496262452596,-0.17556395629407395,13.58082799026392,26.765060651617496,-30.678146837379924,3.184899934,1.607332677,,,,"89.8",2107,"5.9",823961,682663,681393,669364,691594,672640,669065,805300,683357,"54.6",,,,,,,,42,1,"Sinker",2,4,2,4,4,2,2,4,"Infield shade","Standard",124,"-0.005","-0.039",,,,"0.039",,-2,-2,0.289,0.289,31,24,32,25,1,1,3,1,1,1,"2.64","1.08","-1.08","22.3",,,,,
"FF","2026-04-26","91.9","2.12","5.49","Wrobleski, Justin",683737,680736,,"ball",,,,,12,,"R","L","L","LAD","CHC","B",,,1,0,2026,"0.14","1.17",0.45503806609948283,3.369519513963875,,,,0,6,"Top",,,,,,,-4.401674589491845,-133.89253162698,-1.979532700900819,2.4953450635697014,25.985252176748798,-17.760571619734204,3.166469816,1.598031496,,,,"91.1",2197,"5.5",823959,687221,518692,500743,669289,808975,606192,681624,663656,"55",,,,,,,,45,2,"4-Seam Fastball",3,0,0,3,0,3,0,3,"Standard","Standard",143,"-0.009","0.077",,,,"-0.077",,3,-3,0.859,0.14100000000000001,25,28,26,29,3,2,6,1,7,1,"1.5","0.14","0.14","33.3",,,,,
"SI","2026-04-26","92","-1.65","4.96","Nola, Aaron",686948,605400,"walk","ball",,,,,12,"Rafael Marchán challenged (pitch result), call on the field was confirmed: Drake Baldwin walks. Eli White to 3rd. Ronald Acuña Jr. to 2nd.","R","L","R","ATL","PHI","B",,,3,2,2026,"-1.39","0.68",0.7203147193916497,3.4262866575996505,,642201,660670,1,4,"Bot",,,,,,,9.130222321927144,-133.6321513914653,0.6760637755374798,-18.621491712200573,30.06669146852509,-24.430702399990658,3.205962927,1.617962598,,,,"93",2312,"7.1",824934,665561,547180,624641,664761,607208,694025,664238,666969,"53.41",,0.704857,"0.7",1,0,0,,35,8,"Sinker",6,0,6,0,0,6,6,0,"Standard","Standard",223,"0.006","0.287",,,,"-0.287",,6,6,0.973,0.973,33,25,33,25,3,2,6,1,8,2,"2.03","1.39","-1.39","20.8",,,,,
"SI","2026-04-26","95.2","-2.02","5.77","Montero, Keider",624431,672456,"strikeout","called_strike",,,,,9,"Jake Rogers challenged (pitch result), call on the field was overturned: Jose Trevino called out on strikes.","R","R","R","CIN","DET","S",2,,1,2,2026,"-1.57","0.84",0.8197095321872769,1.881663249085218,,,,2,4,"Bot",,,,,,,11.011225465363843,-138.05048753311837,-6.16644778390011,-22.6755139781209,35.03931412460373,-20.12933614770013,3.061154856,1.54488189,,,,"95.1",2323,"6.7",824528,668670,679529,650402,690993,805808,681481,663837,672761,"53.78",,0,"0",1,0,0,,36,6,"Sinker",2,2,2,2,2,2,2,2,"Standard","Standard",207,"-0.009","-0.182",,,,"0.182",,0,0,0.509,0.509,25,33,26,34,2,1,5,22,6,3,"1.72","1.57","1.57","44.9",,,,,
"FF","2026-04-26","93.9","-1.87","5.91","Cecconi, Slade",662139,677944,,"ball",,,,,12,,"R","L","R","TOR","CLE","B",,,0,0,2026,"-0.97","1.31",0.898397766993627,2.4068317339377705,,,,2,5,"Bot",,,,,,,9.281153952870266,-136.28964811336473,-6.056542087129988,-14.202806734620092,30.773625045063408,-14.660181747473581,3.036581365,1.532480315,,,,"94",2216,"6.6",822824,595978,656555,682877,682177,677587,682657,680757,681807,"53.93",,,,,,,,44,1,"4-Seam Fastball",2,2,2,2,2,2,2,2,"Standard","Standard",227,"0.002","0.037",,,,"-0.037",,0,0,0.515,0.515,27,29,27,30,3,2,6,1,6,1,"1.29","0.97","-0.97","39.5",,,,,
"FF","2026-04-26","95.1","-1.95","6.04","Senga, Kodai",691720,673540,,"ball",,,,,14,,"R","R","R","NYM","COL","B",,,0,0,2026,"-0.75","1.31",0.04047856994874177,1.5777212957342595,666160,,,2,3,"Top",,,,,,,6.864900007532095,-138.0786789120845,-8.685374090178565,-11.24559847487513,33.27918995324489,-13.662996002509896,3.431512467,1.731791339,,,,"94.5",2202,"6.3",823637,682626,683146,543760,666182,677595,669004,621438,701807,"54.22",,,,,,,,23,1,"4-Seam Fastball",0,3,3,0,3,0,3,0,"Standard","Standard",216,"-0.001","0.028",,,,"-0.028",,-3,3,0.212,0.788,33,23,33,24,2,1,9,0,,2,"1.24","0.75","0.75","49.3",,,,,
"SI","2026-04-26","98.5","-1.8","5.14","Dollander, Chase",665742,801403,,"ball",,,,,14,,"R","L","R","NYM","COL","B",,,0,0,2026,"-1.81","0.62",0.8959724707385273,1.865943867960137,,,,2,3,"Bot",,,,,,,11.472721292787046,-142.7337226335894,-4.551386918930945,-27.445352983962636,37.75427461593964,-22.832466794924503,3.259498032,1.644980315,,,,"97.7",2450,"6.4",823637,696100,681198,666397,691720,678662,666160,686668,671289,"54.11",,,,,,,,28,1,"Sinker",0,3,0,3,3,0,0,3,"Infield shade","Standard",234,"0.001","0.037",,,,"-0.037",,-3,-3,0.196,0.196,24,27,25,28,2,1,5,0,6,2,"1.78","1.81","-1.81","22.0",,,,,
"CU","2026-04-26","76.5","-2.17","5.79","McGreevy, Michael",641487,700241,,"called_strike",,,,,1,,"R","L","R","STL","SEA","S",,,0,0,2026,"1.12","-0.99",-0.7069071536008502,2.805806433237308,,,,0,4,"Top",,,,,,,1.0016052912957267,-111.45698823918372,2.7494932700991273,9.144205181959205,19.740664003942243,-41.107919323661704,3.219127297,1.624606299,,,,"77",2459,"6.6",823068,671056,676475,802139,602104,691026,701675,687363,691023,"53.92",,,,,,,,25,1,"Curveball",1,0,0,1,0,1,0,1,"Standard","Standard",49,"0.004","-0.039",,,,"0.039",,1,-1,0.623,0.377,25,31,26,31,2,1,6,1,6,1,"4.87","-1.12","1.12","37.5",,,,,
"FF","2026-04-26","99","-1.76","5.15","Dollander, Chase",666182,801403,"strikeout","called_strike",,,,,9,"Hunter Goodman challenged (pitch result), call on the field was overturned: Bo Bichette called out on strikes.","R","R","R","NYM","COL","S",2,,3,2,2026,"-1.01","1.1",0.729066428388979,1.5404999866793654,,,,1,3,"Bot",,,,,,,9.103696503588216,-143.6147069886311,-6.7089079364179165,-16.272454922973772,38.90472118208869,-15.441142616803743,3.162081693,1.595816929,,,,"98.2",2309,"6.4",823637,696100,681198,666397,691720,678662,666160,686668,671289,"54.1",,0,"0",1,0,0,,27,6,"4-Seam Fastball",0,3,0,3,3,0,0,3,"Standard","Standard",236,"-0.02","-0.332",,,,"0.332",,-3,-3,0.216,0.216,24,28,25,28,2,1,5,0,6,2,"1.27","1.01","1.01","26.7",,,,,
"FF","2026-04-26","91.9","-2.61","4.89","Arrighetti, Spencer",663757,681293,,"ball",,,,,11,,"R","L","R","HOU","NYY","B",,,0,1,2026,"-1.15","1.2",-0.6006110120228969,3.3217047406763136,,,676609,1,3,"Top",,,,,,,7.692366197091059,-133.54121855030712,-0.5589496406252313,-15.47528654201599,31.482087130965233,-18.015967141382077,3.138385827,1.583858268,,,,"93",2306,"7.2",824202,543877,572233,669699,670623,621043,687957,669288,701358,"53.25",,,,,,,,19,2,"4-Seam Fastball",2,0,0,2,0,2,0,2,"Standard","Standard",230,"-0.003","0.019",,,,"-0.019",,2,-2,0.714,0.28600000000000003,26,29,26,30,2,1,6,1,6,1,"1.53","1.15","-1.15","22.3",,,,,
"SI","2026-04-26","90.7","2.62","5.77","Quintana, Jose",683146,500779,"strikeout","called_strike",,,,,4,"Brett Sullivan challenged (pitch result), call on the field was overturned: Brett Baty called out on strikes.","R","L","L","NYM","COL","S",2,,3,2,2026,"1.21","0.82",-0.8256241134519788,2.4677181152226524,666182,673357,668901,2,1,"Bot",,,,,,,-11.12903488764937,-131.50057333193806,-3.8172510361187637,16.553717250560396,30.288041278756104,-21.994644190999782,3.327952756,1.679527559,,,,"90.2",2109,"6.4",823635,664954,687859,666397,691720,678662,687597,664983,666160,"54.12",,0,"0",1,0,0,,9,6,"Sinker",0,0,0,0,0,0,0,0,"Infield shade","Standard",88,"-0.086","-0.3",,,,"0.3",,0,0,0.586,0.586,37,26,37,27,1,0,6,2,5,0,"1.99","1.21","1.21","43.8",,,,,
"FS","2026-04-26","89.4","-1.18","6.35","Woods Richardson, Simeon",670764,680573,,"called_strike",,,,,8,,"R","L","R","TB","MIN","S",,,0,1,2026,"-1.11","0.69",0.18782213350019727,1.7467327645401398,641584,,810938,2,2,"Bot",,,,,,,5.749718484472026,-129.90698019477875,-6.572349703774223,-13.734293227708012,28.306544025759905,-23.184540074038928,3.055889108,1.542224409,,,,"90",1315,"6.8",822991,680777,665019,807712,668904,686797,663616,681546,670242,"53.67",,,,,,,,15,2,"Split-Finger",0,0,0,0,0,0,0,0,"Standard","Standard",222,"-0.012","-0.056",,,,"0.056",,0,0,0.543,0.543,25,29,26,30,1,0,5,2,5,1,"2.18","1.11","-1.11","44.4",,,,,
"SI","2026-04-26","89.4","2.95","4.83","Bummer, Aaron",547180,607481,,"called_strike",,,,,4,,"R","L","L","ATL","PHI","S",,,0,0,2026,"1.31","0.08",-0.7891126445144403,2.2685336597779107,,,,2,8,"Top",,,,,,,-11.913481080508362,-129.77366764666286,-0.28539704636912133,17.189256411733794,25.261150458649034,-31.47636055302917,3.26476378,1.647637795,,,,"89.8",1971,"6.5",824934,686948,621566,645277,663586,622761,643289,642201,660670,"53.99",,,,,,,,63,1,"Sinker",6,2,2,6,2,6,2,6,"Strategic","Standard",112,"0","-0.043",,,,"0.043",,4,-4,0.985,0.015000000000000013,32,33,33,34,1,3,2,1,2,2,"2.77","1.31","1.31","4.8",,,,,
"SI","2026-04-26","96.6","-1.4","5.97","Brazobán, Huascar",687597,623211,,"ball",,,,,13,,"R","R","R","NYM","COL","B",,,0,1,2026,"-1.69","1.03",-0.23362420459537359,1.4857103057131322,,,664983,1,7,"Top",,,,,,,6.900812578097661,-140.09080651031803,-8.260878637160173,-23.825146174449287,38.61773161591431,-16.736518692394146,3.316543635,1.673769685,,,,"94.5",2313,"5.8",823635,620443,668901,543760,683146,666182,502054,673357,621438,"54.74",,,,,,,,49,2,"Sinker",1,3,3,1,3,1,3,1,"Standard","Standard",227,"-0.002","0.019",,,,"-0.019",,-2,2,0.187,0.813,36,25,37,25,1,2,3,2,5,2,"1.47","1.69","1.69","42.2",,,,,
"SI","2026-04-26","91.3","-2","5.61","McGreevy, Michael",668227,700241,"strikeout","called_strike",,,,,2,"Iván Herrera challenged (pitch result), call on the field was overturned: Randy Arozarena called out on strikes.","R","R","R","STL","SEA","S",2,,3,2,2026,"-0.85","-0.04",-0.1449439841214042,3.22354585751801,,,,0,2,"Top",,,,,,,6.530293676390645,-132.9374124528827,0.1252201900722114,-11.461738140975426,26.64653723448571,-32.90019542593546,3.127854331,1.578543307,,,,"92.4",2312,"6.8",823068,671056,676475,802139,602104,691026,701675,687363,691023,"53.74",,0,"0",1,0,0,,9,8,"Sinker",0,0,0,0,0,0,0,0,"Standard","Standard",224,"0.029","-0.345",,,,"0.345",,0,0,0.494,0.506,25,31,26,31,1,0,6,1,6,1,"2.76","0.85","0.85","32.3",,,,,
"SI","2026-04-26","96","-1.45","5.5","Bachman, Sam",657041,696147,,"ball",,,,,11,,"R","R","R","KC","LAA","B",,,1,2,2026,"-1.35","0.69",-0.04382115966694955,3.4146025219454743,,,686681,0,7,"Bot",,,,,,,6.772691042019478,-139.68557804463367,-1.3740015391763591,-19.239298261192413,30.17678416681606,-22.98807007300372,3.146284449,1.587844488,,,,"96",2190,"6.2",824122,518595,694384,624428,660162,687263,669326,545361,666176,"54.27",,,,,,,,63,4,"Sinker",4,7,4,7,7,4,4,7,"Standard","Standard",226,"0.007","0.036",,,,"-0.036",,-3,-3,0.165,0.165,26,30,27,31,1,3,5,2,3,2,"1.77","1.35","1.35","39.1",,,,,
"FF","2026-04-26","96","-2.34","5.39","Perkins, Jack",607043,678022,,"called_strike",,,,,4,,"R","L","R","TEX","ATH","S",,,1,0,2026,"-0.88","1.27",-0.7249398662166421,2.494611102538425,,,,0,9,"Bot",,,,,,,6.24083223919024,-139.58145562768536,-4.767947504231588,-12.924455492650786,32.778529751944994,-14.747569346042397,3.270029528,1.650295276,,,,"95.9",2082,"6.4",822911,669127,701762,643446,687231,805779,691016,680869,671732,"54.11",,,,,,,,77,2,"4-Seam Fastball",1,2,1,2,2,1,1,2,"Infield shade","Standard",228,"-0.017","-0.05",,,,"0.05",,-1,-1,0.217,0.217,26,33,27,33,1,4,5,1,2,1,"1.22","0.88","-0.88","33.9",,,,,
"SL","2026-04-26","86.1","-1.82","5.89","Lange, Alex",666176,656638,,"ball",,,,,14,,"R","R","R","KC","LAA","B",,,1,1,2026,"0.01","-0.29",0.8045469300658507,1.5617908648987227,672724,,,2,9,"Top",,,,,,,6.155854960240594,-125.28123572710163,-3.239698481384149,-1.0357133527415487,23.549139145759632,-34.844638444091004,3.305134514,1.668011811,,,,"86.7",2259,"6.5",824122,695600,686469,679845,672580,677951,686555,657041,695506,"53.98",,,,,,,,78,3,"Slider",5,7,7,5,7,5,7,5,"Infield shade","Standard",33,"-0.001","0.018",,,,"-0.018",,-2,2,0.08,0.92,30,27,31,27,1,4,4,1,3,1,"3.35","-0.01","-0.01","45.8",,,,,
"CU","2026-04-26","79.2","2.58","5.89","Quintana, Jose",673357,500779,,"ball",,,,,14,,"R","R","L","NYM","COL","B",,,0,0,2026,"-0.45","-0.47",0.8574730867947357,1.969993935201456,,,666182,1,1,"Bot",,,,,,,-2.861439891974281,-115.30367999465771,-0.6106568377212739,-3.4151186474067927,23.024438165539795,-36.427202690155355,3.310400263,1.670669291,,,,"79",1998,"6.3",823635,664954,687859,666397,691720,678662,687597,664983,666160,"54.23",,,,,,,,6,1,"Curveball",0,0,0,0,0,0,0,0,"Standard","Standard",299,"0.004","0.035",,,,"-0.035",,0,0,0.551,0.551,37,28,37,29,1,0,6,3,5,,"4.12","-0.45","0.45","44.3",,,,,
"SI","2026-04-26","91.1","2.48","5.53","Lovelady, Richard",695020,663992,,"ball",,,,,11,,"R","R","L","CWS","WSH","B",,,1,0,2026,"0.99","0.5",-0.972284607730225,2.6175638555075045,,677592,,2,9,"Bot",,,,,,,-10.963961844895557,-132.26765678409686,-2.3614653295580594,13.895553479713264,27.07839303882701,-25.959955360828708,3.275295276,1.652952756,,,,"93.3",2150,"7.6",824612,686452,678554,683083,691781,682928,695734,696285,695578,"52.85",,,,,,,,64,2,"Sinker",0,0,0,0,0,0,0,0,"Standard","Standard",163,"0.001","0.028",,,,"-0.028",,0,0,0.61,0.61,30,26,31,27,1,3,2,1,4,,"2.25","0.99","-0.99","24.8",,,,,
"FF","2026-04-26","94.1","-1.04","5.41","Varland, Gus",678246,681402,,"called_strike",,,,,1,,"R","R","R","CWS","WSH","S",,,1,0,2026,"-0.71","1.71",-0.7890928606270646,3.179076620693478,,,,2,8,"Bot",,,,,,,2.2641075678284666,-137.0338473851666,-3.82721601707209,-9.420748716172943,29.22416995978691,-9.953794813959952,3.290214895,1.660482283,,,,"95",2474,"6.7",824612,686452,678554,683083,691781,682928,695734,696285,695578,"53.81",,,,,,,,55,2,"4-Seam Fastball",0,0,0,0,0,0,0,0,"Standard","Standard",204,"-0.003","-0.054",,,,"0.054",,0,0,0.528,0.528,29,26,30,27,1,3,1,1,4,1,"0.85","0.71","0.71","51.7",,,,,
"SI","2026-04-26","96.7","-1.77","5.42","Svanson, Matt",702284,694335,,"called_strike",,,,,9,,"R","L","R","STL","SEA","S",,,0,0,2026,"-1.02","0.57",0.433328064632003,1.4877121224444378,,656582,,2,7,"Top",,,,,,,8.21862483787471,-140.53951040845172,-6.067788223578079,-15.37216045917193,30.367115291536603,-23.433923771822986,3.133120079,1.581200787,,,,"97.6",2319,"6.8",823068,671056,676475,802139,602104,691026,701675,687363,691023,"53.75",,,,,,,,53,1,"Sinker",2,1,1,2,1,2,1,2,"Standard","Standard",226,"0.01","-0.04",,,,"0.04",,1,-1,0.723,0.277,27,22,27,23,1,2,1,1,2,1,"1.86","1.02","-1.02","24.0",,,,,
"ST","2026-04-26","80.8","2.64","5.55","Funderburk, Kody",670764,681892,"walk","ball",,,,,13,"Ryan Jeffers challenged (pitch result), call on the field was confirmed: Taylor Walls walks.","R","R","L","TB","MIN","B",,,3,2,2026,"-1.22","-0.16",-0.23052373877143806,1.307247252999976,,,,1,6,"Bot",,,,,,,-3.9720125830512765,-117.56549296212295,-2.207326314621149,-10.463281566799544,23.804065933139302,-33.434040001374264,3.055889108,1.542224409,,,,"81.4",2476,"6.8",822991,680777,665019,807712,668904,686797,663616,681546,670242,"53.65",,0.704857,"0.7",1,0,0,,50,7,"Sweeper",4,0,4,0,0,4,4,0,"Standard","Standard",309,"0.003","0.339",,,,"-0.339",,4,4,0.948,0.948,29,29,30,30,1,2,8,2,2,1,"3.67","-1.22","1.22","31.9",,,,,
"SL","2026-04-26","90.3","0.35","6.49","Fisher, Braydon",681807,680755,,"ball",,,,,12,,"R","R","R","TOR","CLE","B",,,1,1,2026,"0","0.44",0.8440579360143086,2.667852010712969,682657,608070,656555,2,5,"Top",,,,,,,1.1937125369057096,-131.51519219094524,-4.299778945776172,-0.2276746495480184,25.678099988561375,-26.44930946839734,3.242823163,1.636564961,,,,"89.6",2289,"5.7",822824,678218,672820,676914,672960,676391,682818,662139,660821,"54.84",,,,,,,,41,3,"Slider",2,2,2,2,2,2,2,2,"Infield shade","Standard",170,"-0.018","0.034",,,,"-0.034",,0,0,0.474,0.526,25,30,26,31,1,2,2,1,3,1,"2.34","0","0","49.1",,,,,
"FF","2026-04-26","97.5","-0.61","6.4","Stanek, Ryne",641487,592773,"strikeout","called_strike",,,,,7,"Iván Herrera challenged (pitch result), call on the field was overturned: J.P. Crawford called out on strikes.","R","L","R","STL","SEA","S",2,,3,2,2026,"-0.76","1.43",-0.7281866359409787,1.8454546939942136,,,,0,8,"Top",,,,,,,1.436851027365479,-141.73866992045134,-9.770842116505852,-10.589283844832865,30.044626227397654,-10.911277828772457,3.219127297,1.624606299,,,,"97.1",2316,"6",823068,671056,676475,802139,602104,691026,701675,687363,691023,"54.53",,0,"0",1,0,0,,59,8,"4-Seam Fastball",2,2,2,2,2,2,2,2,"Strategic","Standard",211,"0.056","-0.345",,,,"0.345",,0,0,0.49,0.51,34,31,35,31,1,3,1,1,3,1,"0.96","0.76","-0.76","49.2",,,,,
"FF","2026-04-26","98.4","-0.19","6.58","Megill, Trevor",668804,656730,,"ball",,,,,13,,"R","L","R","MIL","PIT","B",,,0,1,2026,"-0.32","1.65",-0.6300592620543493,1.5250538487368688,,693304,,0,7,"Top",,,,,,,-0.4421738165302039,-142.861073656076,-11.84587258578836,-4.180952387525789,36.5653389033378,-6.9269596198050305,3.284071522,1.65738189,,,,"98.3",2322,"6.6",823797,661388,641343,668930,650859,666152,663604,669003,686217,"53.91",,,,,,,,49,2,"4-Seam Fastball",5,0,0,5,0,5,0,5,"Standard","Standard",205,"-0.002","0.026",,,,"-0.026",,5,-5,0.947,0.05300000000000005,32,31,33,31,1,2,3,1,4,1,"0.73","0.32","-0.32","53.4",,,,,
"CU","2026-04-26","81.3","-1.57","5.85","Domínguez, Seranthony",682928,622554,,"called_strike",,,,,3,,"R","L","R","CWS","WSH","S",,,0,0,2026,"0.58","-0.98",0.44458714456889964,3.2783060359046257,695734,,,1,10,"Top",,,,,,,3.316182288589275,-118.2669172621091,3.043437397788832,4.676155538415414,25.6775707396937,-42.227909741877546,3.222637795,1.626377953,,,,"80.7",2275,"6.2",824612,691011,808959,805367,678246,695657,695020,671976,656537,"54.26",,,,,,,,67,1,"Curveball",0,0,0,0,0,0,0,0,"Strategic","Standard",42,"0.216","-0.045",,,,"0.045",,0,0,0.324,0.6759999999999999,31,25,32,26,1,3,2,1,2,2,"4.47","-0.58","0.58","36.1",,,,,
"SI","2026-04-26","94.3","-2.88","5.44","Hanifee, Brenan",668715,669724,,"called_strike",,,,,2,,"R","R","R","CIN","DET","S",,,2,0,2026,"-1.11","0.25",0.13490107001888707,3.1558276234908114,,,,0,9,"Bot",,,,,,,10.193713628635521,-137.07606691972032,-0.666607370203379,-16.140575379556232,27.943333764928433,-29.053395102990937,3.096259843,1.562598425,,,,"94.3",2023,"6.2",824528,668670,679529,650402,701678,805808,663837,595879,681481,"54.31",,,,,,,,77,3,"Sinker",3,8,3,8,8,3,3,8,"Standard","Standard",244,"-0.002","-0.072",,,,"0.072",,-5,-5,0.011,0.011,28,28,28,29,1,3,,1,5,2,"2.3","1.11","1.11","34.3",,,,,
"SL","2026-04-26","78.6","3.01","4.96","Sale, Chris",607208,519242,,"called_strike",,,,,9,,"R","R","L","ATL","PHI","S",,,0,1,2026,"-0.9","-0.38",0.32928419222591254,1.7829068014023561,,,,0,1,"Top",,,,,,,-4.025252510128608,-114.40361375395034,0.8778128215401326,-7.179779866748922,21.46394640724804,-35.88917787558324,3.244578412,1.637450787,,,,"78.5",2433,"6.3",824934,686948,621566,645277,663586,622761,643289,642201,660670,"54.22",,,,,,,,1,2,"Slider",0,0,0,0,0,0,0,0,"Standard","Standard",305,"0.006","-0.055",,,,"0.055",,0,0,0.503,0.497,37,33,37,33,1,0,8,1,6,2,"4.07","-0.9","0.9","13.1",,,,,
"SV","2026-04-26","81.7","3.05","5.83","Newcomb, Sean",695578,656794,,"ball",,,,,12,,"R","L","L","CWS","WSH","B",,,1,0,2026,"-1.96","-0.48",0.8540840248752863,2.693824931819909,683083,,,1,9,"Top",,,,,,,-1.0277732428040887,-118.93637343816356,0.6875025479975843,-18.215184694813885,25.11463683912931,-37.036655283340814,3.488558071,1.760580709,,,,"80.4",2818,"5.6",824612,691011,808959,805367,678246,695657,695020,671976,656537,"54.9",,,,,,,,58,2,"Slurve",0,0,0,0,0,0,0,0,"Strategic","Standard",314,"-0.002","0.037",,,,"-0.037",,0,0,0.323,0.677,33,23,33,24,1,3,2,1,2,2,"3.92","-1.96","-1.96","21.5",,,,,
"FC","2026-04-26","90.2","-1.77","5.27","Roupp, Landen",805300,694738,,"called_strike",,,,,4,,"R","L","R","SF","MIA","S",,,1,0,2026,"0.12","0.37",-0.6051610574717424,2.7165864842720078,,,,0,1,"Top",,,,,,,2.598998011771422,-131.43332109572444,-1.0041487630203527,0.788382808276827,28.77133452084879,-27.95167779786891,3.212106299,1.621062992,,,,"90.2",2343,"6.3",823230,672275,646240,650333,656305,683766,671218,687551,808982,"54.23",,,,,,,,1,2,"Cutter",0,0,0,0,0,0,0,0,"Infield shade","Standard",183,"0.005","-0.05",,,,"0.05",,0,0,0.496,0.504,27,25,28,25,1,0,5,1,6,1,"2.44","-0.12","0.12","25.0",,,,,
"SI","2026-04-26","94.6","-1.24","5.71","Faucher, Calvin",669477,676534,,"ball",,,,,12,,"R","R","R","SF","MIA","B",,,1,0,2026,"-1.28","0.7",0.868862410092379,2.4531165762647467,,,,0,6,"Bot",,,,,,,8.249977448468194,-137.63327808732092,-4.199991043732371,-17.991890886157083,27.892339149900298,-22.577679146797276,3.196309055,1.613090551,,,,"94.2",2183,"5.9",823230,689414,669065,669364,688363,672640,681715,805300,683357,"54.61",,,,,,,,43,2,"Sinker",1,3,1,3,3,1,1,3,"Infield shade","Standard",222,"0.012","0.077",,,,"-0.077",,-2,-2,0.266,0.266,30,27,31,27,1,2,6,1,1,2,"1.83","1.28","1.28","40.8",,,,,
"SI","2026-04-25","93","2.17","6.06","Crochet, Garrett",683002,676979,,"called_strike",,,,,7,,"R","L","L","BAL","BOS","S",,,0,0,2026,"1.28","0.54",-0.7688695368859408,1.829068171980571,,,621493,0,6,"Bot",,,,,,,-10.353015841000087,-134.91941248828198,-6.025567160108401,17.908043367797443,29.5310254959732,-24.445208182630786,3.328830381,1.679970472,,,,"93.4",2340,"6.7",824851,657136,575929,643396,702332,596115,680776,678882,677800,"53.79",,,,,,,,51,1,"Sinker",0,7,0,7,7,0,0,7,"Standard","Standard",148,"-0.001","-0.043",,,,"0.043",,-7,-7,0.027,0.027,27,25,27,25,3,2,6,1,,1,"2.12","1.28","1.28","31.3",,,,,
"FF","2026-04-25","96.1","-1.14","6.11","Ureña, Walbert",686469,700712,,"ball",,,,,14,,"R","L","R","KC","LAA","B",,,2,2,2026,"-0.98","0.77",0.3711891803683268,1.5738058070280334,,,,2,4,"Bot",,,,,,,6.162623672040221,-139.72409988028804,-7.913108995084433,-14.240161352901689,30.271819960499105,-20.485153902675297,3.363057743,1.697244095,,,,"95.7",2187,"6",824121,681351,694384,687093,672724,687263,669326,545361,666176,"54.48",,,,,,,,37,5,"4-Seam Fastball",4,1,4,1,1,4,4,1,"Infield shade","Standard",236,"0.002","0.104",,,,"-0.104",,3,3,0.841,0.841,22,28,22,29,3,2,6,3,6,1,"1.69","0.98","-0.98","37.6",,,,,
"FF","2026-04-25","98.2","-1.72","5.92","Pérez, Eury",642715,691587,,"called_strike",,,,,8,,"R","R","R","SF","MIA","S",,,0,0,2026,"-1.09","1.33",-0.000629468059420546,1.5832363337277764,,,,1,5,"Bot",,,,,,,7.184579866349202,-142.6817626539037,-9.19823847870051,-16.569421677735548,31.29423543126859,-12.117761855352995,3.22351542,1.626820866,,,,"98.7",2583,"6.5",823229,682663,681393,669364,691594,672640,669065,665923,681715,"53.95",,,,,,,,40,1,"4-Seam Fastball",1,1,1,1,1,1,1,1,"Infield shade","Standard",224,"-0.003","-0.039",,,,"0.039",,0,0,0.537,0.537,23,30,23,31,3,2,6,1,6,3,"1.04","1.09","1.09","26.8",,,,,
"SL","2026-04-25","82.3","-1.35","5.98","Ober, Bailey",802415,641927,"strikeout","called_strike",,,,,4,"Ryan Jeffers challenged (pitch result), call on the field was overturned: Chandler Simpson called out on strikes.","R","L","R","TB","MIN","S",2,,0,2,2026,"0.49","0.31",-0.8241712042102463,2.3455566406096047,,,,0,6,"Bot",,,,,,,0.21225432601117858,-119.91708513246554,-2.1293876149684494,4.686260720508046,23.534965559873026,-28.987467012763787,3.177878937,1.60378937,,,,"83.5",2023,"7",822989,680777,605170,807712,668904,686797,668885,621439,670242,"53.46",,0,"0",1,0,0,,44,4,"Slider",2,0,2,0,0,2,2,0,"Standard","Standard",173,"-0.008","-0.165",,,,"0.165",,2,2,0.84,0.84,30,25,31,26,3,2,6,1,5,1,"3.05","-0.49","0.49","30.4",,,,,
"SI","2026-04-25","92","-1.36","6.21","Elder, Bryce",666969,693821,,"ball",,,,,14,,"R","R","R","ATL","PHI","B",,,2,2,2026,"-1.11","0.21",0.8950114828277638,1.9977761222326942,,607208,547180,2,5,"Top",,,,,,,8.050538319339944,-133.61953432793473,-5.023889057580859,-15.115691447892365,29.801474441162277,-28.672508111332675,3.216494423,1.623277559,,,,"91.4",1954,"6.1",824933,686948,621566,645277,663586,643289,573262,642201,660670,"54.38",,,,,,,,39,5,"Sinker",2,3,3,2,3,2,3,2,"Standard","Standard",212,"-0.012","0.079",,,,"-0.079",,-1,1,0.375,0.625,27,33,27,33,3,2,5,1,5,1,"2.5","1.11","1.11","47.8",,,,,
"FF","2026-04-25","96.8","2.47","5.61","Weathers, Ryan",543877,677960,,"ball",,,,,12,,"R","R","L","HOU","NYY","B",,,1,0,2026,"1.25","0.89",0.5691507502453113,3.2921521532477067,,,,2,5,"Bot",,,,,,,-7.779521130072705,-140.76521929525444,-2.4429315367655957,18.398148784868365,34.04941520140666,-20.05819090926531,3.036581365,1.532480315,,,,"95.2",2371,"5.5",824203,669224,700250,665862,641857,676609,641355,663757,592450,"54.97",,,,,,,,38,2,"4-Seam Fastball",1,2,1,2,2,1,1,2,"Strategic","Standard",128,"0.003","0.065",,,,"-0.065",,-1,-1,0.359,0.359,26,35,27,36,2,1,6,1,7,1,"1.56","1.25","-1.25","36.3",,,,,
"FF","2026-04-25","94.7","-1.52","5.5","Rea, Colin",606192,607067,,"called_strike",,,,,6,,"R","R","R","LAD","CHC","S",,,0,0,2026,"-0.82","1.05",0.78167578190809,2.1353235073463,,,,2,3,"Bot",,,,,,,7.884269191807516,-137.7592501908939,-5.358310297798393,-12.141837504007267,28.399671002249104,-17.794177167981545,3.199819554,1.614862205,,,,"96",2134,"6.9",823960,665804,683737,663538,608324,621020,664023,691718,673548,"53.63",,,,,,,,26,1,"4-Seam Fastball",2,2,2,2,2,2,2,2,"Standard","Standard",213,"-0.002","-0.043",,,,"0.043",,0,0,0.512,0.512,35,33,36,34,2,1,5,1,6,1,"1.48","0.82","0.82","26.0",,,,,
"SI","2026-04-25","92.8","-1.92","5.54","Irvin, Jake",677592,663623,"strikeout","called_strike",,,,,6,"Keibert Ruiz challenged (pitch result), call on the field was overturned: Everson Pereira called out on strikes.","R","R","R","CWS","WSH","S",2,,2,2,2026,"-1.24","0.69",0.7991986223180971,2.1850033320241034,,,,1,4,"Bot",,,,,,,9.910757089108483,-134.86531320220467,-4.300333792982826,-17.15466026473234,24.348181674835548,-22.953596336429754,3.145406824,1.587401575,,,,"96.1",2247,"7.9",824613,660688,665953,678554,691781,683083,695578,696285,686894,"52.65",,0,"0",1,0,0,,32,5,"Sinker",0,2,0,2,2,0,0,2,"Standard","Standard",227,"-0.017","-0.228",,,,"0.228",,-2,-2,0.279,0.279,29,25,29,25,2,1,5,1,6,1,"1.92","1.24","1.24","30.7",,,,,
"SI","2026-04-25","93.4","1.66","5.98","Schultz, Noah",691781,702273,"walk","ball",,,,,14,"Edgar Quero challenged (pitch result), call on the field was confirmed: Brady House walks.","R","R","L","CWS","WSH","B",,,3,1,2026,"1.31","0.61",0.2876785119380125,1.578873164086816,,,,0,4,"Top",,,,,,,-6.425945063307438,-135.78219405827684,-6.681629190322761,17.593506851112668,31.044255300100204,-23.251043529585516,3.370956365,1.701230315,,,,"93.2",2427,"6.3",824613,700337,808959,805367,678246,695657,803011,671976,677592,"54.16",,0.704857,"0.7",1,0,0,,25,5,"Sinker",0,0,0,0,0,0,0,0,"Standard","Standard",134,"-0.026","0.262",,,,"-0.262",,0,0,0.482,0.518,22,23,23,23,2,1,6,1,6,1,"2.01","1.31","-1.31","21.7",,,,,
"FF","2026-04-25","94.7","-1.95","5","Wheeler, Zack",621566,554430,"walk","ball",,,,,11,"Rafael Marchán challenged (pitch result), call on the field was confirmed: Matt Olson walks. Drake Baldwin to 2nd.","R","L","R","ATL","PHI","B",,,3,2,2026,"-0.93","1.26",-0.5629881288735541,3.807960839159876,,,686948,0,4,"Bot",,,,,,,5.796313409868595,-137.755656939171,-0.14487268088458183,-13.160412460368615,31.032918762442808,-16.273928247320416,3.37183399,1.701673228,,,,"96.3",2492,"7.3",824933,665561,547180,681082,664761,607208,669016,702222,666969,"53.22",,0.704857,"0.7",1,0,0,,28,7,"4-Seam Fastball",0,2,0,2,2,0,0,2,"Standard","Standard",229,"0.063","0.34",,,,"-0.34",,-2,-2,0.37,0.37,36,32,36,32,2,1,,1,6,1,"1.28","0.93","-0.93","22.3",,,,,
"SL","2026-04-25","88.5","1.46","5.67","Gore, MacKenzie",701762,669022,,"ball",,,,,13,,"R","L","L","TEX","ATH","B",,,2,2,2026,"-0.08","0.11",-0.8580570081016444,2.167168615199615,,,669127,0,3,"Top",,,,,,,-5.456324272180326,-128.89819253316264,-2.5939484040915084,0.08790458461715833,23.67512572392437,-30.598055937823357,3.413082349,1.722490158,,,,"89.7",2192,"6.7",822910,643376,669394,677649,673962,608369,664059,694497,607043,"53.76",,,,,,,,17,6,"Slider",0,1,1,0,1,0,1,0,"Infield shade","Standard",300,"-0.013","0.113",,,,"-0.113",,-1,1,0.358,0.642,27,23,27,23,2,1,6,1,6,1,"2.76","-0.08","-0.08","50.1",,,,,
"SL","2026-04-25","85.5","-1.51","6.26","Sasaki, Roki",663538,808963,,"ball",,,,,14,,"R","R","R","LAD","CHC","B",,,1,0,2026,"-0.08","-0.38",0.27563427005074304,1.3945258512240284,,665804,,1,3,"Top",,,,,,,4.378429785435269,-124.57546383791511,-4.249912899124296,-1.6289702801294101,23.56921049780405,-35.56126345063666,3.185777559,1.607775591,,,,"87",2090,"7",823960,687221,518692,690976,571970,808975,606192,681624,663656,"53.46",,,,,,,,19,2,"Slider",0,1,1,0,1,0,1,0,"Standard","Standard",44,"-0.004","0.046",,,,"-0.046",,-1,1,0.367,0.633,24,29,25,29,2,1,6,1,7,1,"3.48","0.08","0.08","51.4",,,,,
"FF","2026-04-25","92.9","-2.01","5.74","Irvin, Jake",808959,663623,"strikeout","called_strike",,,,,3,"Keibert Ruiz challenged (pitch result), call on the field was overturned: Munetaka Murakami called out on strikes.","R","L","R","CWS","WSH","S",2,,0,2,2026,"-0.84","1.3",0.7959281944075066,3.0490808893673824,,,,1,3,"Bot",,,,,,,9.111859189385397,-135.08002715024654,-3.927280599813514,-12.139439018235226,26.876168341121993,-15.473202090580415,3.296358268,1.663582677,,,,"94.7",2327,"7.2",824613,660688,665953,678554,691781,683083,695578,696285,686894,"53.3",,0,"0",1,0,0,,23,3,"4-Seam Fastball",0,0,0,0,0,0,0,0,"Infield shade","Standard",225,"-0.011","-0.163",,,,"0.163",,0,0,0.523,0.523,29,26,29,26,2,1,5,1,6,1,"1.32","0.84","-0.84","31.6",,,,,
"ST","2026-04-25","81.6","-1.98","5.45","O'Brien, Riley",641598,676617,,"ball",,,,,11,,"R","R","R","STL","SEA","B",,,2,1,2026,"1.63","-0.28",-0.9121130971798959,3.1161065180291256,,,641487,1,9,"Top",,,,,,,-0.8512654347055755,-118.7654122622235,2.2112529418363387,15.438242234215238,26.351883891828873,-35.5624996725217,3.248966535,1.639665354,,,,"81.9",2355,"6.8",823070,650968,676475,802139,669357,691026,701675,687363,691023,"53.67",,,,,,,,85,4,"Sweeper",9,9,9,9,9,9,9,9,"Standard","Standard",68,"-0.025","0.109",,,,"-0.109",,0,0,0.492,0.508,31,35,31,35,1,4,4,3,4,1,"3.75","-1.63","-1.63","27.2",,,,,
"ST","2026-04-25","82.3","-2.2","5.43","Keller, Mitch",686217,656605,,"ball",,,,,14,,"R","L","R","MIL","PIT","B",,,1,0,2026,"1.37","0.25",0.3809866789603502,1.4060423687492718,,,,2,2,"Bot",,,,,,,3.0910368205703613,-119.78272303101967,-2.84289897639195,12.46479319829466,24.903652211519248,-29.404798642833622,3.062910105,1.545767717,,,,"82.7",2600,"6.7",823799,680779,687462,664040,693304,804606,663968,665833,668804,"53.76",,,,,,,,13,2,"Sweeper",0,0,0,0,0,0,0,0,"Infield shade","Standard",58,"0.003","0.065",,,,"-0.065",,0,0,0.512,0.512,30,26,30,26,1,0,6,1,6,1,"3.13","-1.37","1.37","30.7",,,,,
"KC","2026-04-25","85","-3.13","5.37","Varland, Louis",677587,686973,,"ball",,,,,11,,"R","L","R","TOR","CLE","B",,,0,0,2026,"0.61","-0.48",-0.5509599216356371,3.3620681029070147,671655,682177,682877,2,9,"Top",,,,,,,4.789156597132812,-123.68593253489074,2.83668141613078,5.225872465154894,25.538859748771056,-37.931931218091684,3.068175853,1.548425197,,,,"85.9",2508,"7",822826,623168,665489,676391,672960,665926,676914,662139,664702,"53.55",,,,,,,,74,1,"Knuckle Curve",5,3,3,5,3,5,3,5,"Infield shade","Standard",46,"-0.009","0.032",,,,"-0.032",,2,-2,0.852,0.14800000000000002,28,25,29,25,1,3,4,1,1,1,"3.65","-0.61","0.61","41.1",,,,,
"SL","2026-04-25","90.1","0.65","6.14","McClanahan, Shane",668904,663556,,"called_strike",,,,,1,,"R","R","L","TB","MIN","S",,,1,1,2026,"-0.19","0.34",-0.5463004171453185,3.231131726887909,,807712,,2,2,"Top",,,,,,,-2.544236007023817,-131.23088324095497,-1.8528399838501732,-1.7282663143275068,26.262838272176957,-28.00785206572054,3.205085302,1.617519685,,,,"91.2",2404,"6.8",822989,663743,666018,680700,691406,810938,802415,656775,641584,"53.74",,,,,,,,11,3,"Slider",0,0,0,0,0,0,0,0,"Infield shade","Standard",219,"0.008","-0.056",,,,"0.056",,0,0,0.519,0.481,29,27,29,27,1,0,6,1,6,1,"2.45","-0.19","0.19","40.1",,,,,
"SL","2026-04-25","85.6","-0.87","7","Wells, Tyler",702332,669330,,"called_strike",,,,,8,,"R","R","R","BAL","BOS","S",,,1,0,2026,"0.55","0.24",0.1866060943026967,1.5239101327763556,,655316,,2,3,"Top",,,,,,,1.3351266903803607,-124.66693063755999,-6.94664424803146,5.508044956918669,22.23260000421826,-28.591215860579492,2.947063648,1.48730315,,,,"85.9",2491,"6.2",824851,668939,624413,669236,691723,683002,677942,665750,641933,"54.3",,,,,,,,22,2,"Slider",0,3,3,0,3,0,3,0,"Standard","Standard",150,"0.002","-0.044",,,,"0.044",,-3,3,0.214,0.786,31,26,32,26,1,1,3,1,5,1,"2.84","-0.55","-0.55","51.7",,,,,
"CH","2026-04-25","85.8","2.61","5.62","Weathers, Ryan",673237,677960,,"called_strike",,,,,3,,"R","R","L","HOU","NYY","S",,,1,0,2026,"1.4","0.18",0.7643280753227786,2.8654369060879863,,,,0,2,"Bot",,,,,,,-7.124280969571187,-124.69925965606886,-0.34398522799677966,16.116911469347887,27.99372881710706,-30.442340823384406,3.161204068,1.595374016,,,,"84.6",2042,"5.9",824203,669224,700250,665862,641857,676609,641355,663757,592450,"54.64",,,,,,,,14,2,"Changeup",1,0,1,0,0,1,1,0,"Strategic","Standard",114,"-0.004","-0.05",,,,"0.05",,1,1,0.659,0.659,26,27,27,28,1,0,6,1,7,3,"2.95","1.4","-1.4","32.3",,,,,
"SI","2026-04-25","94.7","-1.16","6.09","Phillips, Tyler",671218,663969,,"ball",,,,,14,,"R","R","R","SF","MIA","B",,,0,0,2026,"-1.29","0.72",0.8946603513435507,1.5864704721896314,,,,0,8,"Bot",,,,,,,8.23377156546678,-137.5467263878717,-7.451560575243641,-18.219875962908592,29.74052633626029,-21.610001571929978,3.18402231,1.606889764,,,,"94.9",2119,"6.4",823229,682663,681393,669364,691594,672640,669065,805300,681715,"54.08",,,,,,,,67,1,"Sinker",4,1,4,1,1,4,4,1,"Infield shade","Standard",223,"0.001","0.041",,,,"-0.041",,3,3,0.972,0.972,28,26,29,27,1,3,4,1,2,1,"1.83","1.29","1.29","31.1",,,,,
"ST","2026-04-25","80.7","-3.14","4.17","Schreiber, John",666176,670167,,"ball",,,,,13,,"R","R","R","KC","LAA","B",,,0,1,2026,"1.62","0.48",-0.8527428316901045,1.8968886232762143,,,545361,2,8,"Top",,,,,,,1.8848006858340414,-117.56345802370485,0.88078958697239,14.546287625715436,23.537986115121967,-28.16806075231706,3.305134514,1.668011811,,,,"80.6",2731,"6.3",824121,695600,686469,686681,679845,677951,686555,664728,695506,"54.19",,,,,,,,68,2,"Sweeper",8,1,1,8,1,8,1,8,"Infield shade","Standard",72,"0","0.027",,,,"-0.027",,7,-7,0.998,0.0020000000000000018,32,27,32,27,1,3,5,1,3,1,"3.03","-1.62","-1.62","-3.6",,,,,
"SL","2026-04-25","86.9","-2.12","5.78","Keller, Mitch",672012,656605,"strikeout","called_strike",,,,,8,"Henry Davis challenged (pitch result), call on the field was overturned: Tyler Black called out on strikes.","R","L","R","MIL","PIT","S",2,,0,2,2026,"0.48","-0.17",0.05443891628855885,1.6056946735038116,,,,0,2,"Bot",,,,,,,4.172350260042088,-126.50689266557917,-3.273408717703231,4.337977132242135,24.493853926277033,-33.566743246438364,3.226148294,1.628149606,,,,"87.7",2542,"6.7",823799,680779,687462,664040,693304,804606,663968,665833,668804,"53.83",,0,"0",1,0,0,,11,3,"Slider",0,0,0,0,0,0,0,0,"Infield shade","Standard",97,"-0.014","-0.165",,,,"0.165",,0,0,0.542,0.542,30,25,30,26,1,0,6,1,6,3,"3.17","-0.48","0.48","35.8",,,,,
"SL","2026-04-25","84.8","1.9","6.02","Parker, Mitchell",808959,680730,,"called_strike",,,,,1,,"R","L","L","CWS","WSH","S",,,0,1,2026,"-0.87","0.17",-0.5151804178937995,3.1583435400610966,,656537,682668,2,7,"Bot",,,,,,,-3.8485048266422632,-123.54167201734477,-0.5094026614506989,-8.1153535404966,25.352796157058194,-30.504398232498804,3.296358268,1.663582677,,,,"85.8",2260,"7",824613,660688,671277,678554,691781,683083,695578,696285,686894,"53.55",,,,,,,,59,2,"Slider",0,2,0,2,2,0,0,2,"Standard","Standard",308,"-0.019","-0.057",,,,"0.057",,-2,-2,0.203,0.203,26,26,27,26,1,3,3,1,5,1,"3","-0.87","-0.87","52.0",,,,,
"SL","2026-04-25","84.4","0.5","6.48","Ashby, Aaron",656811,676879,"strikeout","called_strike",,,,,7,"William Contreras challenged (pitch result), call on the field was overturned: Ryan O'Hearn called out on strikes.","R","L","L","MIL","PIT","S",2,,1,2,2026,"-0.95","-0.51",-0.6575712394533655,2.045519153339442,,,,0,8,"Top",,,,,,,-0.7332794861695926,-122.87389998797626,-2.6244896647135754,-9.419973403475634,25.329003867225826,-37.015092277298024,3.28933727,1.66003937,,,,"83.1",2443,"5.5",823799,661388,641343,668930,650859,687401,675659,669003,686217,"55.01",,0,"0",1,0,0,,60,4,"Slider",3,3,3,3,3,3,3,3,"Standard","Standard",331,"0.032","-0.189",,,,"0.189",,0,0,0.514,0.486,28,32,28,33,1,3,2,1,1,1,"3.72","-0.95","-0.95","47.3",,,,,
"FF","2026-04-25","94.1","-2.65","5.63","Smith, Burch",663647,572143,,"called_strike",,,,,9,,"R","R","R","CIN","DET","S",,,0,1,2026,"-0.5","1.34",0.4724303743803966,1.6451926868908857,,,668715,2,3,"Bot",,,,,,,9.22646693883612,-136.64470826237394,-7.4549860983206315,-8.38984392383855,30.73988994850216,-13.819158753318263,3.166469816,1.598031496,,,,"94.8",2419,"6.9",824527,693307,679529,595879,690993,805808,682985,663837,672761,"53.62",,,,,,,,32,2,"4-Seam Fastball",6,1,6,1,1,6,6,1,"Standard","Standard",201,"-0.001","-0.055",,,,"0.055",,5,5,0.925,0.925,36,29,36,29,1,1,2,1,3,1,"1.25","0.5","0.5","40.0",,,,,
"FF","2026-04-25","89.5","-2.04","5.45","Velasquez, Vince",669743,592826,,"called_strike",,,,,9,,"R","R","R","LAD","CHC","S",,,0,0,2026,"-0.06","1.29",0.3943930055976532,1.5841495999342794,,669289,,2,7,"Bot",,,,,,,6.099138966822987,-130.13465175128528,-6.1063602914701836,-1.9003389778729267,26.78209140588496,-16.46184068114587,3.160326444,1.594931102,,,,"90.2",2404,"6.7",823960,665804,683737,807713,670032,621020,624424,691718,673548,"53.79",,,,,,,,72,1,"4-Seam Fastball",12,4,12,4,4,12,12,4,"Standard","Standard",194,"0","-0.04",,,,"0.04",,8,8,0.998,0.998,34,31,34,32,1,0,,4,,2,"1.56","0.06","0.06","40.4",,,,,
"FF","2026-04-25","99.6","-1.89","5.24","Misiorowski, Jacob",668804,694819,,"called_strike",,,,,7,,"R","L","R","MIL","PIT","S",,,0,1,2026,"-1.04","1.23",-0.6452943702700187,1.8914458176305047,,,,2,1,"Top",,,,,,,6.018324061909631,-144.76440189406222,-6.62268867672007,-16.045425892543594,36.65583505451469,-13.521255738846808,3.284071522,1.65738189,,,,"101.6",2509,"7.6",823799,661388,641343,668930,666152,687401,675659,669003,686217,"52.89",,,,,,,,3,2,"4-Seam Fastball",0,0,0,0,0,0,0,0,"Infield shade","Standard",227,"0.002","-0.057",,,,"0.057",,0,0,0.54,0.45999999999999996,24,31,24,31,1,0,6,1,6,1,"1.09","1.04","-1.04","30.0",,,,,
"CU","2026-04-25","85.9","-3.15","5.77","Ramírez, Yohan",641343,670990,,"called_strike",,,,,1,,"R","L","R","MIL","PIT","S",,,0,0,2026,"1.54","0.04",-0.7296167817642987,3.1384544581419695,,668930,,1,10,"Bot",,,,,,,2.4963004012002172,-124.95221921319688,0.2602338427859674,15.323498882150552,29.012235249753324,-32.112202935095915,3.217372047,1.623720472,,,,"86.3",2365,"6.9",823799,680779,687462,693304,694377,804606,663968,665833,668804,"53.58",,,,,,,,81,1,"Curveball",3,6,3,6,6,3,3,6,"Infield shade","Standard",46,"-0.005","-0.038",,,,"0.038",,-3,-3,0.052,0.052,31,30,31,31,1,4,2,1,4,1,"3.09","-1.54","1.54","37.7",,,,,
"KC","2026-04-25","86.7","-2.54","5.53","Varland, Louis",656555,686973,,"called_strike",,,,,2,,"R","R","R","TOR","CLE","S",,,1,1,2026,"0.72","-0.96",-0.11810549252373892,3.402699979261767,,,,1,9,"Top",,,,,,,4.23642445171955,-126.1262564208298,3.298719321235719,6.793672450080834,25.884018210952377,-43.265813917681335,3.334096129,1.682627953,,,,"87",2579,"6.5",822826,623168,665489,676391,672960,665926,676914,662139,664702,"53.97",,,,,,,,69,3,"Knuckle Curve",5,2,2,5,2,5,2,5,"Infield shade","Standard",46,"0.002","-0.064",,,,"0.064",,3,-3,0.986,0.014000000000000012,28,33,29,33,1,3,4,1,1,1,"3.99","-0.72","-0.72","42.9",,,,,
"FF","2026-04-25","94.9","-2.12","5.93","Acton, Garrett",666018,670183,"strikeout","called_strike",,,,,8,"Ryan Jeffers challenged (pitch result), call on the field was overturned: Jonathan Aranda called out on strikes.","R","L","R","TB","MIN","S",2,,1,2,2026,"-0.52","1.81",0.2087387630130727,1.4923240130744189,,,,0,8,"Bot",,,,,,,7.166659046273202,-137.67896076766425,-9.725798215648584,-8.282625796336097,32.360863977729196,-7.127377672741904,3.189288058,1.609547244,,,,"94.2",2659,"6.2",822989,680777,605170,807712,668904,686797,668885,621439,670242,"54.3",,0,"0",1,0,0,,62,4,"4-Seam Fastball",5,0,5,0,0,5,5,0,"Infield shade","Standard",208,"-0.001","-0.189",,,,"0.189",,5,5,0.995,0.995,28,28,28,28,1,3,6,1,,1,"0.75","0.52","-0.52","42.8",,,,,
"SI","2026-04-25","95.3","-3.63","4.99","Walker, Ryan",689414,676254,,"ball",,,,,11,,"R","L","R","SF","MIA","B",,,0,0,2026,"-1.42","-0.02",-1.036107432732008,3.1815922840386737,,683357,,0,9,"Top",,,,,,,9.929490588725598,-138.48163608040167,1.094333340696136,-20.53260381834893,30.40400890364757,-32.90827579813569,3.085728346,1.557283465,,,,"95",2254,"6.2",823229,672275,646240,650333,669477,642715,671218,687551,808982,"54.34",,,,,,,,74,1,"Sinker",6,1,1,6,1,6,1,6,"Standard","Standard",236,"-0.002","0.032",,,,"-0.032",,5,-5,0.983,0.017000000000000015,30,27,31,27,1,0,3,1,5,1,"2.53","1.42","-1.42","15.5",,,,,
"CU","2026-04-25","79.1","-2.28","6.24","Burrows, Mike",700250,681347,,"called_strike",,,,,1,,"R","L","R","HOU","NYY","S",,,0,0,2026,"1.03","-0.69",-0.6797671263286819,2.878228773579037,,,,1,1,"Top",,,,,,,1.4584533860421685,-115.13775758120795,1.0982900446538582,8.760622096200647,25.244357319008376,-38.7328718288954,3.280561024,1.655610236,,,,"78",2921,"5.9",824203,543877,572233,514888,670623,621043,670541,694728,701358,"54.57",,,,,,,,2,1,"Curveball",0,0,0,0,0,0,0,0,"Infield shade","Standard",42,"0.002","-0.039",,,,"0.039",,0,0,0.522,0.478,26,27,27,27,1,0,6,1,6,1,"4.39","-1.03","1.03","44.5",,,,,
"FF","2026-04-25","95.4","-0.5","5.67","Bigge, Hunter",668885,685801,,"called_strike",,,,,1,,"R","R","R","TB","MIN","S",,,1,0,2026,"-0.2","1.62",-0.3229538498088575,2.90056106235615,,,,0,8,"Top",,,,,,,0.9333938530333686,-138.91491187065617,-5.218607854834498,-2.83152143820265,31.926834088170825,-10.23152073657177,3.12960958,1.579429134,,,,"96.3",2303,"6.8",822989,663743,666018,680700,691406,810938,802415,656775,676356,"53.69",,,,,,,,59,2,"4-Seam Fastball",5,0,0,5,0,5,0,5,"Standard","Standard",201,"0.001","-0.05",,,,"0.05",,5,-5,0.981,0.019000000000000017,28,27,28,27,1,3,4,1,8,3,"0.88","0.2","0.2","62.3",,,,,
"SI","2026-04-25","93.2","-1.84","6.02","Assad, Javier",571970,665871,,"ball",,,,,11,,"R","L","R","LAD","CHC","B",,,1,0,2026,"-1.25","1.16",-0.4753856472290443,3.3152757240681225,,660271,518692,1,4,"Bot",,,,,,,6.275540304287297,-135.62366925538515,-3.6005854078405153,-16.787879751779627,29.483253976027065,-17.24443260467616,3.127854331,1.578543307,,,,"93.7",2176,"6.6",823960,665804,683737,663538,608324,621020,664023,691718,673548,"53.93",,,,,,,,37,2,"Sinker",4,3,4,3,3,4,4,3,"Infield shade","Standard",200,"0.011","0.071",,,,"-0.071",,1,1,0.726,0.726,28,35,29,36,1,2,2,1,10,2,"1.46","1.25","-1.25","52.8",,,,,
"SI","2026-04-24","98.1","-1.83","6.04","Alcantara, Sandy",687551,645261,,"ball",,,,,14,,"R","L","R","SF","MIA","B",,,1,2,2026,"-1.44","0.85",0.9170323018895321,1.7029748650691612,,808982,671218,2,6,"Bot",,,,,,,10.598764235492213,-142.32939678493847,-7.901116528349809,-21.98306378261164,33.29699915606821,-18.85789774066455,3.059399606,1.543996063,,,,"97.1",2470,"5.9",823232,689414,681393,669364,688363,672640,669065,805300,683357,"54.55",,,,,,,,58,4,"Sinker",3,9,3,9,9,3,3,9,"Standard","Standard",231,"0.002","0.012",,,,"-0.012",,-6,-6,0.026,0.026,30,25,31,26,3,2,6,1,5,1,"1.53","1.44","-1.44","34.1",,,,,
"FF","2026-04-24","95","-1","5.55","Sheehan, Emmet",664023,686218,"strikeout","called_strike",,,,,1,"Will Smith challenged (pitch result), call on the field was overturned: Ian Happ called out on strikes.","R","L","R","LAD","CHC","S",2,,2,2,2026,"-0.55","1.75",-0.6786367552923028,2.6959822438322765,621020,,683737,2,6,"Top",,,,,,,2.114614851255104,-138.29445860319828,-5.665333718243665,-7.530281578514673,30.644267736375795,-8.604713901212607,3.136630577,1.582972441,,,,"95.8",2465,"6.7",823962,669257,518692,690976,571970,808975,606192,681624,663656,"53.79",,0,"0",1,0,0,,44,7,"4-Seam Fastball",4,0,0,4,0,4,0,4,"Standard","Standard",211,"0.028","-0.216",,,,"0.216",,4,-4,0.923,0.07699999999999996,26,31,27,32,3,2,6,1,7,1,"0.77","0.55","-0.55","35.6",,,,,
"ST","2026-04-24","86.5","-2.71","5.73","Williams, Gavin",672960,668909,"walk","ball",,,,,14,"Bo Naylor challenged (pitch result), call on the field was confirmed: Kazuma Okamoto walks. Lenyn Sosa to 2nd.","R","R","R","TOR","CLE","B",,,3,2,2026,"0.91","0.2",0.5060618965380067,1.36628589051616,,,672820,2,6,"Bot",,,,,,,5.734583045171125,-125.76201388171754,-4.325659393017576,8.313981884721542,27.26965819127546,-29.36361948595141,3.255987533,1.643208661,,,,"87",2210,"6.8",822827,666310,700932,682177,608070,677587,671655,682657,800050,"53.7",,0.704857,"0.7",1,0,0,,56,7,"Sweeper",4,8,4,8,8,4,4,8,"Strategic","Standard",59,"0.016","0.24",,,,"-0.24",,-4,-4,0.078,0.078,26,30,27,30,3,2,6,2,5,1,"2.87","-0.91","-0.91","25.1",,,,,
"FF","2026-04-24","96.6","-1.34","6.07","Bradley, Taj",810938,671737,,"ball",,,,,12,,"R","R","R","TB","MIN","B",,,2,0,2026,"-0.27","1.67",0.8311373536718669,2.830913462912883,,,650490,2,6,"Bot",,,,,,,6.391654743654623,-140.3854944119365,-6.714286324633847,-5.126123404409432,33.43962772615474,-8.80904568375455,3.229658793,1.62992126,,,,"97.1",2229,"6.7",822992,605170,665019,656484,668904,686797,663616,668885,670242,"53.76",,,,,,,,49,3,"4-Seam Fastball",4,1,4,1,1,4,4,1,"Standard","Standard",207,"0.002","0.083",,,,"-0.083",,3,3,0.904,0.904,25,25,25,26,3,2,6,2,5,1,"0.79","0.27","0.27","57.6",,,,,
"SL","2026-04-24","85","-2.59","5.75","Holmes, Grant",607208,656550,"walk","ball",,,,,14,"Drake Baldwin challenged (pitch result), call on the field was confirmed: Trea Turner walks.","R","R","R","ATL","PHI","B",,,3,2,2026,"0.19","-0.26",0.26985203333692215,1.354214329515865,702222,596117,,2,4,"Top",,,,,,,6.194672166658705,-123.71859264328643,-3.2123317678547076,0.7801919745734105,23.95918617900841,-34.40686758099232,3.244578412,1.637450787,,,,"84.8",2752,"6.1",824932,686948,621566,645277,663586,643289,573262,642201,660670,"54.45",,0.704857,"0.7",1,0,0,,33,6,"Slider",2,2,2,2,2,2,2,2,"Standard","Standard",38,"-0.016","0.131",,,,"-0.131",,0,0,0.487,0.513,30,33,30,33,3,2,5,1,7,1,"3.4","-0.19","-0.19","41.4",,,,,
"FF","2026-04-24","95","-1.51","5.92","Woodruff, Brandon",656811,605540,,"called_strike",,,,,7,,"R","L","R","MIL","PIT","S",,,1,0,2026,"-0.36","1.54",-0.7364610274616261,1.6099222595868312,,664040,668804,1,4,"Top",,,,,,,2.825364088132751,-138.1711517058769,-8.948882419189156,-5.189742282469151,30.434117703526717,-10.618019292834262,3.28933727,1.66003937,,,,"95.6",2418,"6.6",823800,661388,641343,668930,650859,666152,663604,669003,686217,"53.88",,,,,,,,23,2,"4-Seam Fastball",0,1,1,0,1,0,1,0,"Standard","Standard",208,"0.008","-0.045",,,,"0.045",,-1,1,0.331,0.669,33,32,33,33,2,1,6,1,6,1,"0.98","0.36","-0.36","41.4",,,,,
"FS","2026-04-24","92.7","-3.03","5.74","Skenes, Paul",661388,694973,,"called_strike",,,,,7,,"R","R","R","MIL","PIT","S",,,0,0,2026,"-0.75","-0.01",-0.7613925673148535,1.5925795831739924,,,,1,4,"Bot",,,,,,,7.455210825175659,-134.79809546461976,-4.612005577044126,-10.729819596829055,27.552157150730256,-31.503783064104024,3.133120079,1.581200787,,,,"93.8",1579,"6.8",823800,680779,687462,664040,693304,804606,668804,665833,656811,"53.69",,,,,,,,26,1,"Split-Finger",0,2,0,2,2,0,0,2,"Standard","Standard",245,"-0.003","-0.039",,,,"0.039",,-2,-2,0.282,0.282,24,28,24,29,2,1,6,1,6,1,"2.65","0.75","0.75","25.7",,,,,
"ST","2026-04-24","83.3","-1.17","5.31","McCullers Jr., Lance",592450,621121,"walk","ball",,,,,14,"Yainer Diaz challenged (pitch result), call on the field was confirmed: Aaron Judge walks.","R","R","R","HOU","NYY","B",,,3,2,2026,"1.37","0.43",0.6791926189163235,1.5507258712637864,,,,2,2,"Top",,,,,,,1.4358210982018809,-121.40626076682514,-2.8310118345691375,13.315829389971308,23.443001454014897,-27.625365686765715,3.522785433,1.777854331,,,,"83.1",2727,"6",824204,673237,572233,514888,670623,621043,687957,694728,701358,"54.48",,0.704857,"0.7",1,0,0,,14,6,"Sweeper",0,4,4,0,4,0,4,0,"Standard","Standard",81,"-0.005","0.259",,,,"-0.259",,-4,4,0.175,0.825,32,34,33,34,2,1,6,1,6,1,"2.85","-1.37","-1.37","33.7",,,,,
"FF","2026-04-24","88.9","3.04","5.29","Manaea, Sean",696100,640455,"strikeout","called_strike",,,,,9,"Francisco Alvarez challenged (pitch result), call on the field was overturned: Hunter Goodman called out on strikes.","R","R","L","NYM","COL","S",2,,0,2,2026,"0.9","1.17",0.5948746903195338,1.6277918057928338,,,686668,1,8,"Top",,,,,,,-7.931126718585425,-129.06640663243857,-5.195992741892615,11.761873038503975,28.37024999309823,-18.205242435583752,3.178756562,1.604232283,,,,"89.8",1935,"7.1",823638,682626,668901,543760,666182,677595,701807,621438,683146,"53.43",,0,"0",1,0,0,,64,3,"4-Seam Fastball",1,4,4,1,4,1,4,1,"Standard","Standard",126,"0.005","-0.168",,,,"0.168",,-3,3,0.075,0.925,34,26,34,27,2,4,7,2,5,2,"1.74","0.9","-0.9","22.2",,,,,
"ST","2026-04-24","83","-1.35","5.47","Watson, Ryan",687637,670245,,"ball",,,,,13,,"R","L","R","BAL","BOS","B",,,0,0,2026,"1.09","0.23",-0.13329664066663338,1.5772091271461441,,,,0,8,"Bot",,,,,,,0.5707522785478496,-120.8641359725735,-2.637788310567941,10.508010196009554,26.132072939723685,-29.572672180965494,3.417470472,1.724704724,,,,"83.6",1918,"6.9",824854,665966,575929,691785,702332,596115,680776,678882,677800,"53.58",,,,,,,,73,1,"Sweeper",10,3,10,3,3,10,10,3,"Strategic","Standard",109,"0","0.041",,,,"-0.041",,7,7,0.999,0.999,28,24,29,25,1,4,1,2,4,2,"3.1","-1.09","1.09","31.2",,,,,
"SI","2026-04-24","98.5","-2","5.92","Alcantara, Sandy",687551,645261,,"called_strike",,,,,9,,"R","L","R","SF","MIA","S",,,0,0,2026,"-1.26","0.7",0.5744940397851444,1.4296017836060064,,,808982,2,2,"Bot",,,,,,,9.83983642710823,-142.87762014883822,-8.109492536488215,-19.515251724034737,32.940716836772715,-20.84178214196728,3.059399606,1.543996063,,,,"98.3",2284,"6.3",823232,689414,681393,669364,688363,672640,669065,805300,683357,"54.15",,,,,,,,18,1,"Sinker",0,4,0,4,4,0,0,4,"Standard","Standard",232,"-0.003","-0.042",,,,"0.042",,-4,-4,0.159,0.159,30,25,31,26,1,0,6,1,5,1,"1.66","1.26","-1.26","33.0",,,,,
"FC","2026-04-24","84.7","3.38","5.23","Yarbrough, Ryan",694728,642232,,"ball",,,,,12,,"R","R","L","HOU","NYY","B",,,1,0,2026,"0","0.93",0.4325125182900504,3.388886028565351,,,,0,9,"Bot",,,,,,,-6.790145261181524,-123.23956471799913,0.3425470857630257,1.4004100730683793,25.285222195595125,-23.040207461990846,3.130487205,1.579872047,,,,"84.6",2179,"6.3",824204,641555,700250,665862,641857,676609,642708,663757,641355,"54.21",,,,,,,,81,2,"Cutter",4,12,4,12,12,4,4,12,"Strategic","Standard",143,"0","0.077",,,,"-0.077",,-8,-8,0.001,0.001,34,24,35,24,1,3,8,2,2,1,"2.26","0","0","15.3",,,,,
"FF","2026-04-24","96.9","-1.52","5.78","Kirby, George",602104,669923,,"called_strike",,,,,6,,"R","R","R","STL","SEA","S",,,0,0,2026,"-0.76","0.88",0.7915213057628651,2.356262308164209,,,,0,3,"Bot",,,,,,,7.880560298137956,-140.8352238156623,-5.45608795266459,-11.873371043782901,31.09962707791039,-19.41504784997936,3.098015092,1.563484252,,,,"97.3",2410,"6.5",823069,663728,647304,702284,660844,641487,668227,677594,670042,"53.96",,,,,,,,20,1,"4-Seam Fastball",0,1,0,1,1,0,0,1,"Standard","Standard",218,"-0.004","-0.039",,,,"0.039",,-1,-1,0.437,0.437,28,32,28,32,1,0,6,2,5,2,"1.55","0.76","0.76","34.2",,,,,
"SL","2026-04-24","84.8","1.87","5.83","Rolison, Ryan",660271,669020,"strikeout","called_strike",,,,,7,"Carson Kelly challenged (pitch result), call on the field was overturned: Shohei Ohtani called out on strikes.","R","L","L","LAD","CHC","S",2,,2,2,2026,"-0.43","-0.37",-0.6952013580140195,1.6956430235042679,,,690976,2,7,"Bot",,,,,,,-5.042329515032763,-123.47110688605216,-2.3814988434448097,-3.4993013382409943,23.562340784826848,-35.66780535870099,3.369201116,1.700344488,,,,"85.1",2594,"6.3",823962,608348,683737,663538,608324,621020,664023,691718,673548,"54.16",,0,"0",1,0,0,,58,5,"Slider",4,3,4,3,3,4,4,3,"Infield shade","Standard",305,"-0.017","-0.216",,,,"0.216",,1,1,0.762,0.762,28,31,29,32,1,3,10,1,4,1,"3.52","-0.43","-0.43","50.9",,,,,
"SI","2026-04-24","94.4","-1.83","6.43","Mikolas, Miles",805367,571945,"strikeout","called_strike",,,,,8,"Drew Millas challenged (pitch result), call on the field was overturned: Chase Meidroth called out on strikes.","R","R","R","CWS","WSH","S",2,,1,2,2026,"-1.32","0.58",-0.23295456990344032,1.4766985107965993,,,,0,4,"Bot",,,,,,,7.0904360157342206,-137.13643598584352,-8.221175294616806,-18.186876071052687,31.914928788632853,-23.106132533327845,3.068175853,1.548425197,,,,"94.3",2028,"6.4",824611,686452,671277,683083,678391,682928,695734,696285,695578,"54.08",,0,"0",1,0,0,,27,4,"Sinker",0,1,0,1,1,0,0,1,"Standard","Strategic",223,"-0.021","-0.189",,,,"0.189",,-1,-1,0.419,0.419,37,24,38,25,1,1,5,1,6,1,"1.99","1.32","1.32","38.7",,,,,
"FC","2026-04-24","90","-1.38","5.44","McCullers Jr., Lance",700250,621121,,"called_strike",,,,,1,,"R","L","R","HOU","NYY","S",,,1,1,2026,"0.34","0.47",-0.5495522592044797,3.380745517594321,663757,592450,641355,0,1,"Top",,,,,,,1.3083456070266402,-131.138431839981,-0.012240301347541394,3.6209513185490647,27.9437309414464,-26.91078301363583,3.280561024,1.655610236,,,,"89.6",2496,"6",824204,673237,572233,514888,670623,621043,687957,694728,701358,"54.5",,,,,,,,4,3,"Cutter",0,0,0,0,0,0,0,0,"Infield shade","Standard",179,"0.015","-0.076",,,,"0.076",,0,0,0.343,0.657,32,27,33,27,1,0,6,1,6,1,"2.33","-0.34","0.34","30.7",,,,,
"FF","2026-04-24","96.2","-2.35","5.93","Cornelio, Riley",805367,683000,,"ball",,,,,13,,"R","R","R","CWS","WSH","B",,,0,0,2026,"-0.71","1.49",-1.1088872004164472,2.217705149761554,,671976,,1,7,"Bot",,,,,,,4.908425970556696,-139.9204575755199,-7.504994659269445,-10.440572796468835,32.00416005178156,-11.147100202886945,3.068175853,1.548425197,,,,"96.8",2391,"6.7",824611,686452,671277,683083,678391,682928,695734,696285,695578,"53.83",,,,,,,,59,1,"4-Seam Fastball",4,3,4,3,3,4,4,3,"Standard","Standard",216,"0.001","0.028",,,,"-0.028",,1,1,0.807,0.807,26,24,26,25,1,3,,1,,1,"0.98","0.71","0.71","40.4",,,,,
"SL","2026-04-24","87.5","2.21","5.67","Kikuchi, Yusei",657041,579328,,"called_strike",,,,,3,,"R","R","L","KC","LAA","S",,,2,0,2026,"-0.36","0.38",0.4844202613273047,3.1155885968125863,,,,0,2,"Bot",,,,,,,-3.3721657470512025,-127.45232554666556,-0.6540533273633667,-3.2069538141214298,26.353699232975867,-28.069122832893196,3.146284449,1.587844488,,,,"88.1",2262,"6.6",824124,681351,694384,687093,672724,687263,669326,545361,666176,"53.88",,,,,,,,10,3,"Slider",0,0,0,0,0,0,0,0,"Standard","Standard",188,"-0.007","-0.072",,,,"0.072",,0,0,0.562,0.562,35,30,35,31,1,0,6,2,5,2,"2.59","-0.36","0.36","47.5",,,,,
"FC","2026-04-24","91.2","3.75","5.77","Fluharty, Mason",682177,689254,,"called_strike",,,,,1,,"R","L","L","TOR","CLE","S",,,3,1,2026,"-0.09","1.03",-0.7100749397272823,2.9939913636914723,,,,2,8,"Top",,,,,,,-10.91118090101097,-132.48714732941755,-3.1953428525917795,1.0591856316161603,26.470432828215653,-19.460390912442914,3.19718668,1.613533465,,,,"91.8",2547,"6.6",822827,623168,665489,676391,672960,665926,676914,662139,660821,"53.89",,,,,,,,67,5,"Cutter",6,8,8,6,8,6,8,6,"Standard","Standard",160,"0.002","-0.086",,,,"0.086",,-2,2,0.157,0.843,24,29,25,29,1,4,3,2,1,2,"1.7","-0.09","-0.09","31.5",,,,,
"FS","2026-04-24","81","-2.2","6.27","Cruz, Fernando",694728,518585,,"called_strike",,,,,1,,"R","R","R","HOU","NYY","S",,,0,1,2026,"-0.63","0.13",-0.4055548525150856,3.1806730704155637,,,,1,7,"Bot",,,,,,,5.234509716153086,-117.83836926221694,-0.25284499009940065,-6.874765027958751,24.00070026631799,-31.161408344845764,3.130487205,1.579872047,,,,"81.6",556,"6.9",824204,641555,700250,665862,641857,676609,641355,663757,592450,"53.63",,,,,,,,66,2,"Split-Finger",3,12,3,12,12,3,3,12,"Strategic","Standard",230,"0","-0.052",,,,"0.052",,-9,-9,0.002,0.002,36,24,36,24,1,2,8,2,1,1,"3.37","0.63","0.63","48.6",,,,,
"CH","2026-04-24","90.3","-1.9","5.77","Rasmussen, Drew",663616,656876,,"ball",,,,,14,,"R","L","R","TB","MIN","B",,,1,2,2026,"-0.58","1.24",0.281432078388027,1.5125632268538105,,,,1,1,"Top",,,,,,,6.645980359201287,-131.21050129453835,-7.060706233785937,-8.145438991053227,29.620176018867568,-16.53427223446451,3.323564633,1.677312992,,,,"90.5",1043,"6.7",822992,663743,666018,810938,691406,670764,802415,656775,676356,"53.84",,,,,,,,2,4,"Changeup",0,0,0,0,0,0,0,0,,,250,"-0.003","0.048",,,,"-0.048",,0,0,0.527,0.473,30,29,31,29,1,0,6,1,5,2,"1.58","0.58","-0.58",,,,,,
"SI","2026-04-24","94.2","-1.03","6.5","Jansen, Kenley",668715,445276,,"called_strike",,,,,3,,"R","R","R","CIN","DET","S",,,0,1,2026,"-0.58","1.6",0.7342011721419209,3.201137127597587,,,,2,9,"Bot",,,,,,,5.9020171073400185,-136.9667202168594,-6.343190997812774,-8.561367402426926,29.575621767860515,-10.850142618667416,3.096259843,1.562598425,,,,"95.6",2365,"7.1",824529,693307,679529,595879,690993,805808,682985,663837,681481,"53.42",,,,,,,,84,2,"Sinker",7,8,7,8,8,7,7,8,"Standard","Standard",184,"0","-0.057",,,,"0.057",,-1,-1,0.047,0.047,38,28,39,29,1,4,2,2,5,1,"0.97","0.58","0.58","69.8",,,,,
"CH","2026-04-24","78.5","3.04","5.52","Yarbrough, Ryan",572233,642232,,"called_strike",,,,,7,,"R","R","L","HOU","NYY","S",,,2,1,2026,"1.68","0.02",-0.806922982538308,1.8681719075098524,,,669288,0,8,"Bot",,,,,,,-11.351909161631667,-113.6411086544391,-0.6688309204511789,16.766233301164903,24.370254500996825,-32.15883760645564,3.178756562,1.604232283,,,,"77.8",2173,"6.5",824204,641555,700250,665862,641857,676609,642708,663757,641355,"54.02",,,,,,,,74,4,"Changeup",4,12,4,12,12,4,4,12,"Strategic","Standard",92,"-0.001","-0.078",,,,"0.078",,-8,-8,0.006,0.006,34,35,35,35,1,3,8,2,2,1,"3.77","1.68","-1.68","20.9",,,,,
"SL","2026-04-24","84.5","-2.25","6.01","Cornelio, Riley",682668,683000,,"ball",,,,,12,,"R","R","R","CWS","WSH","B",,,0,0,2026,"0.2","0.07",0.6043524744432991,3.140579431986832,,,803011,0,7,"Bot",,,,,,,6.18250890316997,-122.99057922999042,-0.2616135469547157,0.8156879180890516,24.925304671530355,-31.587552329082715,3.008497375,1.518307087,,,,"85",2386,"6.6",824611,686452,671277,683083,678391,682928,695734,696285,695578,"53.86",,,,,,,,56,1,"Slider",2,3,2,3,3,2,2,3,"Strategic","Standard",111,"0.011","0.04",,,,"-0.04",,-1,-1,0.441,0.441,26,24,26,24,1,2,,2,,2,"3.12","-0.2","-0.2","47.3",,,,,
"FC","2026-04-24","91.4","3.75","5.82","Fluharty, Mason",666310,689254,"strikeout","called_strike",,,,,4,"Tyler Heineman challenged (pitch result), call on the field was overturned: Bo Naylor called out on strikes.","R","L","L","TOR","CLE","S",2,,2,2,2026,"-0.35","0.93",-0.6910746699139729,2.3559442186739687,,,,0,8,"Top",,,,,,,-10.332152002767769,-132.7074699583524,-4.682728340756055,-1.8759737061869683,28.660984055331088,-20.341025470353966,3.089238845,1.559055118,,,,"91.9",2564,"6.7",822827,623168,665489,676391,672960,665926,676914,662139,660821,"53.78",,0,"0",1,0,0,,65,5,"Cutter",6,8,8,6,8,6,8,6,"Infield shade","Standard",168,"0.01","-0.232",,,,"0.232",,-2,2,0.14,0.86,24,26,25,26,1,3,3,2,1,1,"1.81","-0.35","-0.35","33.7",,,,,
"FF","2026-04-24","96.3","-1.67","5.97","Erceg, Lucas",624428,668674,,"ball",,,,,14,,"R","L","R","KC","LAA","B",,,0,0,2026,"-0.83","1.21",0.8699058753659927,2.2857702371904667,,,,0,9,"Top",,,,,,,8.591705040180681,-139.88125215114647,-6.7787840258003405,-12.835415355212321,31.207594182189517,-14.923888554679571,3.111179462,1.570127953,,,,"96.5",2116,"6.5",824124,553869,521692,686681,679845,677951,686555,664728,657041,"54.02",,,,,,,,72,1,"4-Seam Fastball",6,3,3,6,3,6,3,6,"Standard","Standard",221,"-0.004","0.041",,,,"-0.041",,3,-3,0.966,0.03400000000000003,31,34,31,35,1,0,3,3,2,1,"1.26","0.83","-0.83","44.8",,,,,
"SI","2026-04-23","96.7","-1.32","5.83","Cabrera, Edward",664761,665795,,"called_strike",,,,,9,,"R","R","R","CHC","PHI","S",,,1,0,2026,"-1.4","0.51",0.5388981906861785,2.072215210285643,,,681082,1,7,"Top",,,,,,,8.159253695332833,-140.57020264427143,-5.412723470188966,-20.372843061604517,31.98680450103759,-24.40440223492917,3.406938976,1.719389764,,,,"97",2188,"6.5",824689,608348,683737,663538,608324,621020,664023,807713,673548,"53.98",,,,,,,,59,2,"Sinker",6,3,3,6,3,6,3,6,"Standard","Standard",228,"0.007","-0.056",,,,"0.056",,3,-3,0.885,0.11499999999999999,28,29,28,30,3,2,6,1,5,1,"1.94","1.4","1.4","30.8",,,,,
"ST","2026-04-23","81.6","-1.48","5.07","Waldron, Matt",681198,663362,"walk","ball",,,,,13,"Freddy Fermin challenged (pitch result), call on the field was confirmed: TJ Rumfield walks.","R","L","R","COL","SD","B",,,3,2,2026,"1.4","0.09",-0.24536230267410986,1.517011817063712,666397,,,1,4,"Bot",,,,,,,0.007878267563697028,-118.88278201697806,-1.396992856237985,13.296731219793298,22.03849844054624,-31.30441367185496,3.422736221,1.727362205,,,,"82.1",2249,"6.5",824368,666023,664034,630105,592518,593428,657656,701538,665487,"53.98",,0.704857,"0.7",1,0,0,,41,9,"Sweeper",5,3,5,3,3,5,5,3,"Strategic","Standard",95,"0.008","0.173",,,,"-0.173",,2,2,0.824,0.824,29,26,30,26,3,2,6,1,6,1,"3.32","-1.4","1.4","23.6",,,,,
"KC","2026-04-23","85.2","-1.84","6.14","Cavalli, Cade",686948,676917,,"called_strike",,,,,1,,"R","L","R","WSH","ATL","S",,,2,1,2026,"0.51","-0.99",-0.535419343208791,2.924697517503341,,,660670,0,5,"Top",,,,,,,1.980644350240764,-124.10123805668594,1.016466926276494,4.8127549826324545,26.31564532975,-42.84269009881274,3.205962927,1.617962598,,,,"85",2192,"6.3",822745,660688,671277,683083,678391,682928,695734,696285,695578,"54.24",,,,,,,,37,4,"Knuckle Curve",2,2,2,2,2,2,2,2,"Standard","Standard",35,"0.014","-0.078",,,,"0.078",,0,0,0.445,0.5549999999999999,27,25,28,25,3,2,5,1,6,1,"4.14","-0.51","0.51","39.9",,,,,
"CU","2026-04-23","81.3","-2.3","5.77","Martin, Davis",677950,663436,,"ball",,,,,14,,"R","L","R","AZ","CWS","B",,,2,0,2026,"1.17","-0.33",0.06236128401232233,1.3837034453922246,,,,1,5,"Bot",,,,,,,2.929675371250959,-118.33241529047145,-2.276525346019605,10.296064352369811,24.79396690006755,-34.977399206746256,3.072563976,1.550639764,,,,"80.7",2794,"6.1",825096,624512,808959,805367,678246,695657,803011,671976,677592,"54.43",,,,,,,,39,3,"Curveball",1,1,1,1,1,1,1,1,"Standard","Standard",69,"0.009","0.143",,,,"-0.143",,0,0,0.547,0.547,29,26,29,26,2,1,6,2,5,2,"3.8","-1.17","1.17","32.1",,,,,
"FC","2026-04-23","90.8","-1.99","5.69","Agnos, Zach",593428,688642,,"ball",,,,,14,,"R","R","R","COL","SD","B",,,2,0,2026,"-0.18","0.88",0.856395876184341,1.531131110701432,,,,2,5,"Top",,,,,,,7.405132942419445,-132.26363265832978,-6.350059777093214,-3.1893508954586425,19.077689128141603,-20.808859030638324,3.284949147,1.657824803,,,,"91.9",2262,"6.2",824368,664954,681198,671289,691720,678662,666160,664983,687859,"54.29",,,,,,,,46,3,"Cutter",6,3,3,6,3,6,3,6,"Standard","Standard",220,"-0.003","0.121",,,,"-0.121",,3,-3,0.871,0.129,25,33,26,34,2,2,6,1,3,2,"1.81","0.18","0.18","37.0",,,,,
"FF","2026-04-23","97.2","-1.97","5.24","Ritchie, JR",695578,702275,"strikeout","called_strike",,,,,9,"Drake Baldwin challenged (pitch result), call on the field was overturned: James Wood called out on strikes.","R","L","R","WSH","ATL","S",2,,3,2,2026,"-1","1.28",0.5621312853515983,1.8337206419026213,,,,2,5,"Bot",,,,,,,9.072364160299868,-141.11423816849245,-6.391329739088065,-15.396511014199469,31.79796358351562,-13.722201424482712,3.488558071,1.760580709,,,,"97.7",2493,"6.7",822745,686948,621566,645277,663586,643289,573262,671739,660670,"53.84",,0,"0",1,0,0,,42,6,"4-Seam Fastball",2,2,2,2,2,2,2,2,"Strategic","Standard",224,"-0.017","-0.328",,,,"0.328",,0,0,0.517,0.517,23,23,23,24,3,2,,1,6,1,"1.14","1","-1","19.8",,,,,
"FC","2026-04-23","86.2","-1.2","5.55","Waldron, Matt",664983,663362,,"called_strike",,,,,1,,"R","L","R","COL","SD","S",,,0,0,2026,"0.34","1.08",-0.5269479208600478,3.1520315869331155,,,,2,3,"Bot",,,,,,,0.8885036142479206,-125.71120526602648,-1.682618150026447,3.5421074220587343,19.45004829115455,-20.458926044079472,3.228781168,1.629478347,,,,"87.6",2136,"6.5",824368,666023,664034,630105,592518,593428,657656,701538,665487,"53.96",,,,,,,,33,1,"Cutter",5,2,5,2,2,5,5,2,"Strategic","Standard",194,"-0.001","-0.043",,,,"0.043",,3,3,0.819,0.819,29,28,30,29,2,1,6,1,6,1,"1.92","-0.34","0.34","32.9",,,,,
"FF","2026-04-23","97.2","-0.96","5.92","Chandler, Bubba",694497,696149,,"called_strike",,,,,9,,"R","L","R","TEX","PIT","S",,,3,0,2026,"-0.69","1.55",0.5242543880376302,1.8021943621194705,,,673962,2,3,"Bot",,,,,,,5.535558659144716,-141.2134016252517,-8.864817568594745,-10.556362967662515,32.29809869654899,-9.609567781228739,3.315666011,1.673326772,,,,"97.2",2386,"6.4",822912,663698,687462,664040,693304,804606,668804,665833,656811,"54.11",,,,,,,,27,4,"4-Seam Fastball",0,0,0,0,0,0,0,0,"Infield shade","Standard",207,"-0.005","-0.048",,,,"0.048",,0,0,0.54,0.54,23,23,24,24,2,1,6,1,6,1,"0.87","0.69","-0.69","54.0",,,,,
"SL","2026-04-23","91.9","-1.62","5.77","deGrom, Jacob",665833,594798,,"called_strike",,,,,7,,"R","L","R","TEX","PIT","S",,,0,1,2026,"0.44","0.32",-0.46640695701757884,1.7516571533402083,,,663698,0,3,"Top",,,,,,,1.9322651323255156,-133.85034419085272,-4.856309848236639,4.915945585120199,27.088117602670717,-27.555937145110832,3.515764436,1.774311024,,,,"92.7",2716,"6.5",822912,643376,669394,669701,673962,608369,696030,694497,607043,"53.95",,,,,,,,21,2,"Slider",0,0,0,0,0,0,0,0,"Infield shade","Standard",157,"0.009","-0.053",,,,"0.053",,0,0,0.465,0.5349999999999999,38,27,38,28,2,1,6,1,5,1,"2.36","-0.44","0.44","38.2",,,,,
"ST","2026-04-23","86.4","-2.6","5.37","Sproat, Brandon",650402,687075,,"called_strike",,,,,9,,"R","R","R","DET","MIL","S",,,0,1,2026,"0.5","0.71",0.6462227355219765,1.696195540322077,,,,1,3,"Bot",,,,,,,6.598993861978469,-125.71179511314463,-3.8425558908277626,4.122465426917454,23.198323379776525,-24.01969701664756,3.12960958,1.579429134,,,,"86.8",2466,"6.3",824288,596142,650859,668930,666152,687401,663604,663368,682641,"54.18",,,,,,,,20,2,"Sweeper",2,0,2,0,0,2,2,0,"Standard","Standard",71,"-0.003","-0.052",,,,"0.052",,2,2,0.747,0.747,25,29,26,30,2,1,7,1,6,1,"2.32","-0.5","-0.5","33.7",,,,,
"FF","2026-04-23","98","-1.74","5.79","Mejia, Juan",666023,675848,,"ball",,,,,11,,"R","R","R","COL","SD","B",,,2,1,2026,"-0.2","0.65",-0.6855064065308242,3.2285894603827474,,,,2,8,"Top",,,,,,,3.264830514085639,-142.84941326915566,-2.912213780981112,-3.411706703958063,26.63210795891521,-22.70980628096518,3.105036089,1.567027559,,,,"98.6",2309,"6.1",824368,664954,681198,671289,691720,678662,666160,686668,687859,"54.39",,,,,,,,70,4,"4-Seam Fastball",8,4,4,8,4,8,4,8,"Standard","Standard",210,"-0.001","0.117",,,,"-0.117",,4,-4,0.984,0.016000000000000014,25,31,26,31,1,3,2,2,3,2,"1.67","0.2","0.2","37.0",,,,,
"CU","2026-04-23","81.8","-2.02","5.51","Ritchie, JR",677588,702275,,"called_strike",,,,,7,,"R","L","R","WSH","ATL","S",,,0,1,2026,"0.83","-1",-0.5790250421382145,1.637259654569406,,,,0,4,"Bot",,,,,,,1.5993484056420948,-119.0485692466444,0.08572072791754604,7.488910583372669,24.688868488542134,-41.85403675034331,3.140141076,1.584744095,,,,"82",2415,"6.6",822745,686948,621566,645277,663586,643289,573262,671739,660670,"53.93",,,,,,,,31,2,"Curveball",1,2,1,2,2,1,1,2,"Standard","Standard",50,"-0.007","-0.055",,,,"0.055",,-1,-1,0.423,0.423,23,25,23,25,2,1,,1,6,1,"4.43","-0.83","0.83","24.8",,,,,
"CH","2026-04-23","85.9","2.1","6.05","Sánchez, Cristopher",621020,650911,,"called_strike",,,,,4,,"R","R","L","CHC","PHI","S",,,0,0,2026,"1.36","-0.09",-0.6674747432443742,2.274497668080231,608348,,683737,0,2,"Bot",,,,,,,-9.341999749718099,-124.76554191520414,-2.3036959546596725,15.991655370632511,23.586495981390236,-32.88114341410442,3.218249672,1.624163386,,,,"86.9",1928,"6.9",824689,596117,547180,681082,664761,607208,694025,702222,669016,"53.61",,,,,,,,14,1,"Changeup",0,1,0,1,1,0,0,1,"Standard","Standard",108,"-0.009","-0.054",,,,"0.054",,-1,-1,0.577,0.577,29,32,30,32,1,0,5,1,7,1,"3.18","1.36","-1.36","33.6",,,,,
"FC","2026-04-23","94","-1.76","6.17","Schlittler, Cam",677800,693645,,"ball",,,,,12,,"R","L","R","BOS","NYY","B",,,0,2,2026,"0.72","0.71",0.020701039201141636,3.5268463261974827,,,,1,2,"Bot",,,,,,,2.9551227677340495,-136.92554551166702,-2.5653386844527026,8.462629176346525,29.83757471093077,-22.913994432922316,3.117322835,1.573228347,,,,"94.9",2512,"6.7",824770,669224,700250,665862,642708,676609,545341,663757,592450,"53.76",,,,,,,,11,3,"Cutter",0,0,0,0,0,0,0,0,"Strategic","Standard",152,"0.002","0.017",,,,"-0.017",,0,0,0.521,0.521,25,27,25,27,1,0,6,1,5,1,"1.86","-0.72","0.72","41.2",,,,,
"FF","2026-04-23","96.6","2.49","5.25","Scott, Tanner",642715,656945,,"called_strike",,,,,7,,"R","R","L","SF","LAD","S",,,1,1,2026,"0.41","1.4",-0.7204763487041842,1.754389008303006,,,,2,9,"Bot",,,,,,,-9.359743565826422,-140.31866415744318,-6.709908949360783,7.603763402620883,32.727291951583005,-12.340434278835467,3.22351542,1.626820866,,,,"96.1",2548,"6.2",823233,687221,518692,690976,571970,808975,606192,681624,663656,"54.3",,,,,,,,65,3,"4-Seam Fastball",0,3,0,3,3,0,0,3,"Standard","Standard",144,"0","-0.062",,,,"0.062",,-3,-3,0.005,0.005,31,30,32,31,1,3,2,1,1,1,"1.06","0.41","-0.41","35.3",,,,,
"FF","2026-04-23","92.7","-1.26","5.5","Feltner, Ryan",701538,663372,,"called_strike",,,,,9,,"R","L","R","COL","SD","S",,,0,0,2026,"-0.11","0.78",0.5506238502315377,1.5959832438070078,,,,2,1,"Top",,,,,,,4.853814776229555,-135.08342759238383,-5.927145981195897,-2.0671434305688563,20.11487670908973,-21.596912641195395,3.320054134,1.675541339,,,,"94.7",2420,"6.7",824368,664954,681198,650489,691720,678662,666160,664983,687859,"53.83",,,,,,,,3,1,"4-Seam Fastball",0,0,0,0,0,0,0,0,"Standard","Standard",200,"0.002","-0.043",,,,"0.043",,0,0,0.538,0.46199999999999997,29,23,30,23,1,0,5,1,,2,"1.79","0.11","-0.11","42.7",,,,,
"FF","2026-04-23","98.6","-1.97","5.38","Domínguez, Seranthony",678489,622554,,"ball",,,,,13,,"R","L","R","AZ","CWS","B",,,0,1,2026,"-0.69","1.35",-0.3726531090137558,1.3483755710966752,,,,2,9,"Bot",,,,,,,5.899256891202311,-143.15834450950277,-8.396673405319879,-10.861507300991311,36.05582384219764,-11.840178636396788,2.958472769,1.493061024,,,,"98.1",2362,"6.4",825096,700337,808959,805367,678246,695657,803011,671976,656537,"54.14",,,,,,,,73,2,"4-Seam Fastball",1,4,1,4,4,1,1,4,"Standard","Standard",224,"0","0.027",,,,"-0.027",,-3,-3,0.005,0.005,31,25,32,25,1,3,4,1,1,2,"1.02","0.69","-0.69","25.2",,,,,
"SL","2026-04-23","85.3","-1.72","5.95","Agnos, Zach",592518,688642,,"called_strike",,,,,3,,"R","R","R","COL","SD","S",,,0,0,2026,"0.18","-0.19",0.785756270997273,3.1293416447761775,657656,665487,,1,3,"Top",,,,,,,5.446233930927477,-124.50123949789845,-0.010903749015591213,1.2460325338329765,16.186197754542846,-34.32862357242167,3.313910761,1.672440945,,,,"86.4",2070,"6.1",824368,664954,681198,650489,691720,678662,666160,664983,687859,"54.42",,,,,,,,28,1,"Slider",5,2,2,5,2,5,2,5,"Standard","Standard",48,"0.011","-0.051",,,,"0.051",,3,-3,0.711,0.28900000000000003,25,33,26,34,1,1,6,1,3,2,"3.22","-0.18","-0.18","41.0",,,,,
"FF","2026-04-23","94.5","-1.87","5.44","Ritchie, JR",682928,702275,,"called_strike",,,,,9,,"R","L","R","WSH","ATL","S",,,0,0,2026,"-0.85","1.25",0.7291181311803321,1.7646386119050126,,,,2,1,"Bot",,,,,,,8.646065107877506,-137.32504043199827,-6.570464882362333,-12.51456994318246,27.443113373762557,-15.028132428165918,3.222637795,1.626377953,,,,"95.3",2394,"6.6",822745,686948,621566,645277,663586,643289,573262,671739,660670,"53.88",,,,,,,,8,1,"4-Seam Fastball",1,0,1,0,0,1,1,0,"Strategic","Standard",220,"-0.001","-0.043",,,,"0.043",,1,1,0.612,0.612,23,25,23,26,1,0,,1,6,1,"1.29","0.85","-0.85","23.2",,,,,
"FF","2026-04-23","94.1","1.39","6.54","Lee, Dylan",695578,669276,"strikeout","called_strike",,,,,9,"Drake Baldwin challenged (pitch result), call on the field was overturned: James Wood called out on strikes.","R","L","L","WSH","ATL","S",2,,3,2,2026,"0.62","1.71",0.30386981728890505,1.8139290148135605,,,,1,8,"Bot",,,,,,,-4.177236946624542,-136.7406552459794,-10.209314312685308,8.629408305430973,27.102904178351544,-8.651565411397142,3.488558071,1.760580709,,,,"94.6",2419,"6.5",822745,686948,621566,645277,663586,622761,643289,642201,660670,"54.05",,0,"0",1,0,0,,69,6,"4-Seam Fastball",2,6,2,6,6,2,2,6,"Strategic","Standard",159,"-0.012","-0.332",,,,"0.332",,-4,-4,0.031,0.031,31,23,32,24,1,3,1,1,2,1,"0.85","0.62","0.62","48.5",,,,,
"ST","2026-04-23","82.1","-2.14","5.93","Tidwell, Blade",663656,694918,"strikeout","called_strike",,,,,7,"Patrick Bailey challenged (pitch result), call on the field was overturned: Kyle Tucker called out on strikes.","R","L","R","SF","LAD","S",2,,2,2,2026,"1.2","-0.14",-0.7222465157453029,1.5943478658091506,,,,1,8,"Top",,,,,,,0.8059089805964725,-119.59894422030624,-2.760342055077974,11.379511754173391,23.417660420087962,-33.23058575363328,3.350770997,1.691043307,,,,"82.5",3078,"6.5",823233,672275,646240,650333,656305,642715,671218,687551,808982,"54",,0,"0",1,0,0,,53,6,"Sweeper",0,3,3,0,3,0,3,0,"Infield shade","Standard",54,"0.005","-0.228",,,,"0.228",,-3,3,0.079,0.921,25,29,25,29,1,3,6,1,5,1,"3.52","-1.2","1.2","39.3",,,,,
"ST","2026-04-23","82.8","-2.29","4.94","Webb, Logan",518692,657277,,"called_strike",,,,,1,,"R","L","R","SF","LAD","S",,,1,0,2026,"1.51","0.23",-0.56653362396337,3.407979446270246,,,,1,1,"Top",,,,,,,0.8688848240885445,-120.52254861920275,2.773735263471166,14.479013032387268,25.545470263859208,-30.813799165278056,3.382365486,1.706988189,,,,"82.8",2621,"6.5",823233,672275,646240,650333,656305,642715,671218,687551,808982,"54.04",,,,,,,,2,2,"Sweeper",0,0,0,0,0,0,0,0,"Infield shade","Standard",64,"0.003","-0.049",,,,"0.049",,0,0,0.52,0.48,29,36,30,37,1,0,6,1,7,1,"3.12","-1.51","1.51","20.4",,,,,
"SI","2026-04-23","98.9","-1.33","5.9","Uribe, Abner",663837,682842,,"called_strike",,,,,9,,"R","R","R","DET","MIL","S",,,0,0,2026,"-1.36","0.73",0.5514575105419903,1.7570203537890072,,,,0,9,"Bot",,,,,,,8.278930874995737,-143.59913713310908,-7.321494160711073,-20.76205337657475,33.37173290598203,-20.484879136495028,3.273540026,1.652066929,,,,"98.8",2535,"6.4",824288,596142,650859,668930,666152,687401,663604,669003,686217,"54.14",,,,,,,,69,1,"Sinker",4,4,4,4,4,4,4,4,"Standard","Standard",215,"-0.009","-0.039",,,,"0.039",,0,0,0.639,0.639,26,29,26,30,1,1,5,2,2,1,"1.61","1.36","1.36","36.0",,,,,
"FF","2026-04-22","91.8","1.4","6","Rodriguez, Eduardo",695657,593958,"strikeout","called_strike",,,,,3,"James McCann challenged (pitch result), call on the field was overturned: Colson Montgomery called out on strikes.","R","L","L","AZ","CWS","S",2,,3,2,2026,"0.48","1.5",0.7983515184375174,3.137887242639165,,808959,677592,2,5,"Top",,,,,,,-2.5387337344664673,-133.6413722244141,-4.465495862963384,6.257799063173355,30.435931622871486,-13.527978042479129,3.340239501,1.685728347,,,,"91.5",2287,"6.2",825097,543510,545121,606466,571448,672695,666971,678489,682998,"54.31",,0,"0",1,0,0,,49,6,"4-Seam Fastball",8,4,4,8,4,8,4,8,"Standard","Standard",154,"0.035","-0.282",,,,"0.282",,4,-4,0.896,0.10399999999999998,33,24,33,24,3,2,7,1,7,1,"1.22","0.48","0.48","41.3",,,,,
"SL","2026-04-22","86.7","-2.41","5.97","Lambert, Peter",682177,663567,,"called_strike",,,,,1,,"R","L","R","CLE","HOU","S",,,0,0,2026,"0.06","0.18",-0.5661889994881708,3.254816158493664,,,,2,6,"Bot",,,,,,,4.223760046678645,-126.311502669012,-0.5233189263415298,-0.19182166473420015,24.057905958072826,-30.38973662828864,3.19718668,1.613533465,,,,"86.9",2649,"6.2",824449,543877,572233,514888,670623,621043,694728,669288,701358,"54.28",,,,,,,,48,1,"Slider",0,2,0,2,2,0,0,2,"Infield shade","Standard",112,"-0.002","-0.043",,,,"0.043",,-2,-2,0.2,0.2,29,29,29,29,3,2,5,1,8,2,"2.83","-0.06","0.06","52.0",,,,,
"SI","2026-04-22","90.8","-1.64","6.03","Martinez, Nick",670770,607259,,"called_strike",,,,,3,,"R","L","R","TB","CIN","S",,,1,1,2026,"-1.29","0.8",0.7434027298501014,2.7814431116966953,,,,0,8,"Top",,,,,,,8.59079343949389,-131.84248000170865,-3.6173509162687347,-16.925203489879117,31.18684028719518,-22.299087961753376,3.043602362,1.536023622,,,,"89.3",2175,"5.8",822993,663743,666018,810938,691406,670764,802415,676356,680700,"54.74",,,,,,,,60,3,"Sinker",6,1,1,6,1,6,1,6,"Standard","Standard",208,"0.002","-0.061",,,,"0.061",,5,-5,0.982,0.018000000000000016,35,30,36,31,4,3,5,2,6,2,"2","1.29","-1.29","53.7",,,,,
"FS","2026-04-22","86.2","-2.66","5.82","Sugano, Tomoyuki",657656,608372,"strikeout","called_strike",,,,,7,"Hunter Goodman challenged (pitch result), call on the field was overturned: Ramón Laureano called out on strikes.","R","R","R","COL","SD","S",2,,3,2,2026,"-0.95","0.55",-0.6733247433547841,1.4314202145391683,,,,2,5,"Top",,,,,,,6.5740867999811305,-125.57950976082577,-5.275644994635363,-11.173366583144837,17.999331237398934,-25.557374227840086,3.064665354,1.546653543,,,,"86.9",1624,"6.1",824367,696100,681198,666397,691720,650489,666160,664983,687859,"54.44",,0,"0",1,0,0,,44,6,"Split-Finger",5,1,1,5,1,5,1,5,"Standard","Standard",213,"0.007","-0.328",,,,"0.328",,4,-4,0.924,0.07599999999999996,36,31,37,32,3,2,5,1,7,1,"2.44","0.95","0.95","40.3",,,,,
"FF","2026-04-22","97.1","-1.26","5.67","Leiter, Jack",542303,683004,,"called_strike",,,,,8,,"R","R","R","TEX","PIT","S",,,0,0,2026,"-0.97","1.55",-0.09134693895597823,1.5359301872622528,,668804,,2,5,"Top",,,,,,,5.383354652111087,-141.0565234327901,-8.874437712914924,-14.22645406040732,35.274847650938874,-9.605051411693744,3.255987533,1.643208661,,,,"97.2",2512,"6.7",822913,543309,669394,669701,673962,608369,677649,694497,607043,"53.83",,,,,,,,37,1,"4-Seam Fastball",2,4,4,2,4,2,4,2,"Infield shade","Standard",213,"0.004","-0.04",,,,"0.04",,-2,2,0.261,0.739,26,35,26,36,3,2,6,1,5,1,"0.89","0.97","0.97","43.9",,,,,
"FF","2026-04-22","91.2","1.44","6.09","Lauer, Eric",694384,641778,"strikeout","called_strike",,,,,7,"Tyler Heineman challenged (pitch result), call on the field was overturned: Nolan Schanuel called out on strikes.","R","L","L","LAA","TOR","S",2,,2,2,2026,"0.71","0.97",-0.710662866308672,1.6621877695556042,,,672724,2,5,"Bot",,,,,,,-6.811772231844629,-132.47172070869857,-7.020898854503421,9.789149581285486,28.25066816436532,-19.471374461185583,3.290214895,1.660482283,,,,"90.4",2468,"5.9",824044,623168,672820,676391,672960,665926,664770,662139,660821,"54.6",,0,"0",1,0,0,,44,5,"4-Seam Fastball",3,0,3,0,0,3,3,0,"Standard","Standard",104,"-0.008","-0.216",,,,"0.216",,3,3,0.871,0.871,31,24,31,24,3,2,5,1,7,2,"1.78","0.71","0.71","35.7",,,,,
"CH","2026-04-22","82.5","1.62","5.59","Fried, Max",655316,608331,,"called_strike",,,,,8,,"R","R","L","BOS","NYY","S",,,2,0,2026,"1.36","0.34",-0.036441284152143094,1.5436383544349463,,,,2,6,"Bot",,,,,,,-6.444426849674435,-119.80505094125621,-3.011882152508763,14.365085049495963,26.714146657433158,-28.53097164470569,3.148039698,1.588730315,,,,"82.3",1534,"6.6",824774,669224,502671,665862,641857,676609,641355,663757,592450,"53.91",,,,,,,,48,3,"Changeup",0,4,0,4,4,0,0,4,"Strategic","Standard",130,"-0.002","-0.066",,,,"0.066",,-4,-4,0.069,0.069,32,29,32,29,3,2,6,1,5,3,"3.07","1.36","-1.36","38.7",,,,,
"CU","2026-04-22","81.7","-0.91","5.89","Gilbert, Logan",701762,669302,,"ball",,,,,14,,"R","L","R","SEA","ATH","B",,,0,0,2026,"1.35","-0.22",0.7453477069906325,1.5047867747640207,,,,0,4,"Top",,,,,,,1.0387165768281,-118.87348681209154,-2.469205486296938,12.24185018025063,29.381089700690424,-33.83856496481139,3.413082349,1.722490158,,,,"82.3",2388,"7.4",823147,663728,647304,702284,660844,641487,668227,677594,686527,"53.14",,,,,,,,35,1,"Curveball",2,3,3,2,3,2,3,2,"Infield shade","Standard",36,"-0.004","0.041",,,,"-0.041",,-1,1,0.377,0.623,29,23,29,23,3,2,5,1,6,2,"3.71","-1.35","1.35","43.3",,,,,
"ST","2026-04-22","84.1","-2","5.59","Ohtani, Shohei",687551,660271,,"called_strike",,,,,1,,"R","L","R","SF","LAD","S",,,3,1,2026,"0.89","0.69",-0.6364040654629955,2.9624240776597865,,,671218,1,5,"Bot",,,,,,,1.3298174532875526,-122.55616121515556,-0.9108500791740799,8.632855438843388,24.885335170932965,-25.291626386567145,3.059399606,1.543996063,,,,"84.3",2728,"6.4",823231,669257,518692,500743,571970,808975,606192,681624,663656,"54.12",,,,,,,,37,5,"Sweeper",0,0,0,0,0,0,0,0,"Infield shade","Standard",75,"-0.012","-0.085",,,,"0.085",,0,0,0.588,0.588,31,25,32,26,2,1,7,1,6,1,"2.53","-0.89","0.89","33.9",,,,,
"CU","2026-04-22","75.7","-2.04","6.52","Wacha, Michael",691723,608379,,"ball",,,,,11,,"R","R","R","KC","BAL","B",,,1,0,2026,"1.07","-0.67",-0.936799941779526,3.166887073786363,,681297,,0,5,"Top",,,,,,,0.324686089414535,-110.09799147715299,1.6917812664271754,8.549502779348082,22.49620365979778,-38.189867874566495,3.413959974,1.722933071,,,,"75.8",2199,"6.7",824123,695600,686469,686681,672580,677951,657041,664728,695506,"53.75",,,,,,,,36,2,"Curveball",3,2,2,3,2,3,2,3,"Standard","Standard",30,"-0.01","0.075",,,,"-0.075",,1,-1,0.548,0.45199999999999996,34,24,35,25,2,1,5,1,7,2,"4.71","-1.07","-1.07","54.3",,,,,
"FF","2026-04-22","97.1","-2.64","5.6","Soriano, José",665489,667755,,"called_strike",,,,,9,,"R","R","R","LAA","TOR","S",,,0,1,2026,"-0.93","1.16",0.36330269794762393,1.5930798630062049,,,676391,2,3,"Top",,,,,,,10.165943195457515,-140.85849794482763,-7.673782802623664,-14.695420861155593,31.919685967274706,-15.130388981032086,3.208595801,1.619291339,,,,"97.7",2462,"6.8",824044,681351,694384,687093,672724,687263,666176,669326,624585,"53.69",,,,,,,,19,2,"4-Seam Fastball",0,0,0,0,0,0,0,0,"Standard","Standard",285,"0.006","-0.055",,,,"0.055",,0,0,0.534,0.46599999999999997,27,27,28,27,2,1,5,1,6,2,"1.27","0.93","0.93","29.6",,,,,
"SI","2026-04-22","95.4","1.96","5.65","Kay, Anthony",672695,641743,,"ball",,,,,14,,"R","R","L","AZ","CWS","B",,,0,0,2026,"1.52","0.57",0.4163760271015535,1.4662414163042166,,,682998,2,2,"Bot",,,,,,,-7.423823090145159,-138.51308079079283,-6.262206742787608,21.239498265579698,36.17233914348075,-23.55046365320891,3.31742126,1.674212598,,,,"94.1",2227,"6.1",825097,700337,808959,805367,678246,695657,695020,682668,656537,"54.44",,,,,,,,22,1,"Sinker",4,2,4,2,2,4,4,2,"Standard","Standard",130,"0.002","0.035",,,,"-0.035",,2,2,0.728,0.728,31,26,31,27,2,1,6,1,5,1,"1.99","1.52","-1.52","33.8",,,,,
"FC","2026-04-22","88.7","-0.83","6.26","Civale, Aaron",641487,650644,,"called_strike",,,,,3,,"R","L","R","SEA","ATH","S",,,1,0,2026,"0.67","0.95",0.6329525148900185,3.1917263067520514,,,,2,2,"Bot",,,,,,,2.093066920170957,-129.26198300741845,-3.2798954775105402,7.127573981774251,25.700489299058386,-21.05709315476811,3.219127297,1.624606299,,,,"88.3",2701,"5.8",823147,642851,701762,643446,691777,805779,691016,671732,666126,"54.66",,,,,,,,22,2,"Cutter",1,2,1,2,2,1,1,2,"Standard","Standard",171,"-0.002","-0.054",,,,"0.054",,-1,-1,0.401,0.401,31,31,31,31,2,1,5,1,6,2,"1.93","-0.67","0.67","41.0",,,,,
"SI","2026-04-22","91.4","-1.7","6.02","Martinez, Nick",663993,607259,,"called_strike",,,,,6,,"R","L","R","TB","CIN","S",,,1,1,2026,"-1.36","0.91",0.756290028538211,2.745007440287098,,,,0,5,"Top",,,,,,,9.018378586915933,-132.7988325979182,-4.099419338391177,-18.04905463090589,29.515203597679683,-20.691324762891465,3.366568242,1.699015748,,,,"90.6",2197,"6",822993,663743,666018,810938,691406,670764,802415,676356,668723,"54.54",,,,,,,,33,3,"Sinker",4,0,0,4,0,4,0,4,"Infield shade","Standard",208,"0.004","-0.061",,,,"0.061",,4,-4,0.897,0.10299999999999998,35,30,36,31,2,1,5,4,6,2,"1.83","1.36","-1.36","51.4",,,,,
"SL","2026-04-22","85.1","-0.87","5.66","Junk, Janson",665877,676083,,"called_strike",,,,,7,,"R","R","R","MIA","STL","S",,,2,1,2026,"0.35","0.08",-0.7614309292481265,1.6123685871851374,,,,0,5,"Top",,,,,,,-0.470813791323148,-124.09377585202486,-3.204999782819413,3.7752769575085727,23.087606535417425,-30.896315630476025,3.137508202,1.583415354,,,,"85.6",2406,"6.3",823878,682663,689414,677870,691594,672640,681715,805300,683357,"54.17",,,,,,,,34,4,"Slider",3,0,0,3,0,3,0,3,"Standard","Standard",119,"0.007","-0.073",,,,"0.073",,3,-3,0.832,0.16800000000000004,30,27,30,27,2,1,5,2,6,2,"3.03","-0.35","-0.35","51.8",,,,,
"FC","2026-04-22","88.6","1.51","5.67","Rodriguez, Eduardo",805367,593958,,"ball",,,,,14,,"R","R","L","AZ","CWS","B",,,2,2,2026,"0.01","0.65",0.9226315247730056,2.169704579150909,,,,2,2,"Top",,,,,,,-1.4425290943726028,-129.08274314190442,-3.7004511351250065,0.3501118276804202,26.17491199542123,-24.36303469566964,3.068175853,1.548425197,,,,"89.1",2241,"6.5",825097,543510,545121,606466,571448,672695,666971,678489,682998,"54.02",,,,,,,,14,5,"Cutter",0,2,2,0,2,0,2,0,"Standard","Standard",157,"-0.002","0.104",,,,"-0.104",,-2,2,0.334,0.6659999999999999,33,24,33,25,2,1,7,1,7,1,"2.24","0.01","-0.01","35.1",,,,,
"FF","2026-04-22","93.3","-1.76","5.35","Mahle, Tyler",669257,641816,,"ball",,,,,14,,"R","R","R","SF","LAD","B",,,0,0,2026,"-1.09","1.58",0.9135836979665333,1.9096440795552378,,,,2,3,"Top",,,,,,,9.318944682636934,-135.3067539695527,-6.365865021200611,-15.600153005744335,33.179740540823566,-11.55883250308032,3.137508202,1.583415354,,,,"93.5",2337,"6.9",823231,672275,646240,650333,656305,642715,671218,687551,808982,"53.6",,,,,,,,20,1,"4-Seam Fastball",0,0,0,0,0,0,0,0,"Infield shade","Standard",216,"-0.001","0.037",,,,"-0.037",,0,0,0.543,0.45699999999999996,31,31,32,31,2,1,7,1,6,2,"1.08","1.09","1.09","42.0",,,,,
"FF","2026-04-22","93.5","1.22","5.88","Rodriguez, Eduardo",805367,593958,,"called_strike",,,,,3,,"R","R","L","AZ","CWS","S",,,1,0,2026,"0.51","1.62",0.6769269484829091,2.946692713783303,,,,2,2,"Top",,,,,,,-2.5174442721108856,-136.04753855652848,-5.2479126176893995,6.867508967162768,31.008080914169685,-11.087021812765267,3.068175853,1.548425197,,,,"93.6",2380,"6.4",825097,543510,545121,606466,571448,672695,666971,678489,682998,"54.08",,,,,,,,14,2,"4-Seam Fastball",0,2,2,0,2,0,2,0,"Standard","Standard",150,"0.001","-0.054",,,,"0.054",,-2,2,0.332,0.6679999999999999,33,24,33,25,2,1,7,1,7,1,"0.99","0.51","-0.51","43.7",,,,,
"FC","2026-04-22","91.2","-0.95","6.05","Gilbert, Logan",671732,669302,,"called_strike",,,,,4,,"R","L","R","SEA","ATH","S",,,0,0,2026,"0.48","0.94",-0.7964955760590401,2.4947864150329573,,,691777,0,2,"Top",,,,,,,-0.6643922086674091,-132.83854080642197,-5.038219401335853,5.803261969844884,25.93312075386751,-20.182552610171694,3.34375,1.6875,,,,"93.4",2294,"7.3",823147,663728,647304,702284,660844,641487,668227,677594,686527,"53.17",,,,,,,,16,1,"Cutter",1,2,2,1,2,1,2,1,"Standard","Standard",179,"0.005","-0.043",,,,"0.043",,-1,1,0.363,0.637,29,25,29,26,1,0,5,1,6,2,"1.78","-0.48","0.48","43.7",,,,,
"KC","2026-04-22","87.6","-1.55","6.45","Brown, Ben",656941,676962,,"called_strike",,,,,1,,"R","L","R","CHC","PHI","S",,,0,0,2026,"0.19","-0.15",-0.8124231950925626,2.8182095488826273,,,702222,1,7,"Top",,,,,,,1.3673705458264638,-127.55975095878925,-2.112813914778803,1.7794242185417788,26.273566299206284,-33.636600096734995,3.180511811,1.60511811,,,,"87.9",2325,"6.4",824688,665804,683737,663538,608324,621020,664023,691718,673548,"54.08",,,,,,,,57,1,"Knuckle Curve",6,2,2,6,2,6,2,6,"Infield shade","Standard",70,"0.003","-0.04",,,,"0.04",,4,-4,0.939,0.061000000000000054,26,33,27,33,1,3,4,1,5,1,"3.12","-0.19","0.19","43.9",,,,,
"CH","2026-04-22","80.9","-1.81","6.3","Bibee, Tanner",701358,676440,"strikeout","called_strike",,,,,9,"Bo Naylor challenged (pitch result), call on the field was overturned: Cam Smith called out on strikes.","R","R","R","CLE","HOU","S",2,,2,2,2026,"-0.77","1.17",0.639435453121748,1.705491536123942,,,,0,2,"Top",,,,,,,6.9370672216384275,-117.46867648720423,-5.6122117385370505,-8.465601747686252,22.704549553240916,-20.494625726203857,3.348138123,1.689714567,,,,"81.3",1927,"6.8",824449,666310,700932,682877,682177,677587,671655,680757,800050,"53.74",,0,"0",1,0,0,,11,5,"Changeup",0,2,2,0,2,0,2,0,"Standard","Standard",202,"0.015","-0.232",,,,"0.232",,-2,2,0.305,0.6950000000000001,27,23,27,23,1,0,5,1,6,2,"2.34","0.77","0.77","65.2",,,,,
"SL","2026-04-22","87.8","-2.82","5.16","Fuentes, Didier",696285,800311,,"ball",,,,,12,,"R","R","R","WSH","ATL","B",,,0,0,2026,"0.36","0.43",0.9642747539196661,2.575437134227169,,,,2,1,"Bot",,,,,,,8.371462714519032,-127.69742821680373,-0.8399010906631917,2.2200407515635114,26.1811612528153,-27.524487858622354,3.187532808,1.608661417,,,,"88.8",2422,"6.9",822748,641680,621566,645277,663586,643289,573262,671739,660670,"53.56",,,,,,,,10,1,"Slider",3,1,3,1,1,3,3,1,"Standard","Standard",163,"0.001","0.037",,,,"-0.037",,2,2,0.705,0.705,21,26,21,27,1,0,24,1,6,1,"2.53","-0.36","-0.36","23.2",,,,,
"FF","2026-04-22","94.2","-2.16","5.19","De Los Santos, Enyel",677587,660853,,"ball",,,,,11,,"R","L","R","CLE","HOU","B",,,2,2,2026,"-0.97","1.04",-1.066469904583888,2.6152800504525278,,682177,666310,2,9,"Bot",,,,,,,5.0316876987992885,-137.12121625455262,-3.117478747655489,-13.39800335643262,32.30642352474688,-18.62635974479957,3.068175853,1.548425197,,,,"94.5",2181,"6.6",824449,543877,572233,514888,670623,621043,694728,669288,701358,"53.93",,,,,,,,71,5,"4-Seam Fastball",0,2,0,2,2,0,0,2,"Infield shade","Standard",230,"0.015","0.079",,,,"-0.079",,-2,-2,0.094,0.094,30,25,31,25,1,3,1,1,4,2,"1.54","0.97","-0.97","19.3",,,,,
"CH","2026-04-22","91.1","-1.51","6.3","Brown, Ben",681082,676962,,"called_strike",,,,,9,,"R","L","R","CHC","PHI","S",,,1,1,2026,"-1.16","0.27",0.49523603926178295,1.6511345337651342,,,666969,2,6,"Top",,,,,,,7.561527542176313,-132.33318350520162,-6.109729108461189,-15.267235554899347,29.71445442468415,-27.81549002586038,3.225270669,1.627706693,,,,"91.4",1357,"6.7",824688,665804,683737,663538,608324,621020,664023,691718,673548,"53.8",,,,,,,,51,3,"Changeup",6,2,2,6,2,6,2,6,"Standard","Standard",232,"0.003","-0.073",,,,"0.073",,4,-4,0.938,0.062000000000000055,26,28,27,29,1,0,4,2,5,1,"2.5","1.16","-1.16","40.2",,,,,
"ST","2026-04-22","78.6","4.27","4.21","Milner, Hoby",665561,571948,"strikeout","called_strike",,,,,9,"Miguel Amaya challenged (pitch result), call on the field was overturned: Rafael Marchán called out on strikes.","R","R","L","CHC","PHI","S",2,,1,2,2026,"-1.28","0.17",0.764167630506269,1.7696186613350533,,,664761,2,9,"Top",,,,,,,-5.104298143200609,-114.31319864811003,1.5132692146773858,-10.115411075356187,23.295522968082967,-31.227443195839385,3.055889108,1.542224409,,,,"78.8",1922,"6.7",824688,665804,683737,663538,608324,621020,664023,691718,673548,"53.82",,0,"0",1,0,0,,74,5,"Sweeper",7,2,2,7,2,7,2,7,"Standard","Standard",298,"0.001","-0.183",,,,"0.183",,5,-5,0.999,0.0010000000000000009,35,27,35,27,1,3,2,2,1,3,"3.55","-1.28","1.28","-3.4",,,,,
"SL","2026-04-22","84.6","2.07","6.47","Rivera, Eduardo",502671,700842,"strikeout","called_strike",,,,,3,"Connor Wong challenged (pitch result), call on the field was overturned: Paul Goldschmidt called out on strikes.","R","R","L","BOS","NYY","S",2,,1,2,2026,"-0.2","-0.27",0.4678790625121144,3.3751126081455443,,,,2,7,"Top",,,,,,,-3.3054267564759456,-123.23490739334386,-0.1054658242261286,-1.3605285125056106,25.1572115536936,-35.15399685269675,3.30250164,1.666683071,,,,"85.2",2349,"6.7",824774,657136,575929,643396,702332,596115,680776,678882,677800,"53.81",,0,"0",1,0,0,,51,4,"Slider",0,4,4,0,4,0,4,0,"Standard","Standard",274,"0.002","-0.182",,,,"0.182",,-4,4,0.069,0.931,23,38,23,39,1,3,,3,,4,"3.46","-0.2","0.2","51.5",,,,,
"ST","2026-04-22","83.1","-2.08","5.14","Festa, Matt",621043,670036,,"ball",,,,,11,,"R","R","R","CLE","HOU","B",,,1,2,2026,"1.5","-0.21",-0.8418619368970535,2.867771123241698,,,543877,2,7,"Top",,,,,,,-0.2038718269181603,-121.0341451449817,1.910475540284244,14.675655116465391,25.540939825252973,-34.8321501192624,3.336729003,1.683956693,,,,"83.3",2750,"6.6",824449,666310,700932,682877,682177,677587,671655,680757,800050,"53.95",,,,,,,,52,4,"Sweeper",0,2,2,0,2,0,2,0,"Standard","Standard",61,"-0.002","0.033",,,,"-0.033",,-2,2,0.209,0.791,33,31,33,32,1,3,2,1,3,2,"3.52","-1.5","-1.5","33.9",,,,,
"ST","2026-04-22","86.2","-1.05","5.55","Nunez, Anthony",679845,689296,,"ball",,,,,11,,"R","R","R","KC","BAL","B",,,0,0,2026,"1.03","0.49",-0.26620005687461634,3.401057877604029,,,,2,9,"Bot",,,,,,,-0.29032501046745673,-125.35898020788194,0.4134717034410603,10.774808272514589,30.198863312837663,-27.463048035381096,3.18226706,1.606003937,,,,"85.7",2977,"6.4",824123,694212,624413,669236,691723,683002,681297,665750,687637,"54.07",,,,,,,,77,1,"Sweeper",6,8,6,8,8,6,6,8,"Standard","Standard",56,"0.003","0.037",,,,"-0.037",,-2,-2,0.015,0.015,24,27,25,28,1,1,2,2,4,2,"2.63","-1.03","-1.03","33.0",,,,,
"FF","2026-04-22","92.9","-2","5.17","Mahle, Tyler",663656,641816,"strikeout","called_strike",,,,,7,"Patrick Bailey challenged (pitch result), call on the field was overturned: Kyle Tucker called out on strikes.","R","L","R","SF","LAD","S",2,,2,2,2026,"-1.21","1.44",-0.5022452062166907,1.7606892846284699,,,,1,1,"Top",,,,,,,6.538365925150275,-134.93979935674852,-5.9048247083958,-16.196882250486567,33.1779667011843,-13.512772317021577,3.350770997,1.691043307,,,,"93.3",2293,"6.9",823231,672275,646240,650333,656305,642715,671218,687551,808982,"53.57",,0,"0",1,0,0,,2,7,"4-Seam Fastball",0,0,0,0,0,0,0,0,"Infield shade","Standard",221,"0.014","-0.228",,,,"0.228",,0,0,0.524,0.476,31,29,32,29,1,0,7,1,6,1,"1.24","1.21","-1.21","33.3",,,,,
"CU","2026-04-22","81.6","0.23","6.75","Fisher, Braydon",660162,680755,,"ball",,,,,14,,"R","L","R","LAA","TOR","B",,,0,1,2026,"0.32","-1.01",0.9795996333394321,2.321581834021486,545361,,666176,2,7,"Bot",,,,,,,1.033657553784252,-118.7472717023886,-1.0241926492049793,2.72272308431199,27.1805971184876,-41.591692311614814,3.217372047,1.623720472,,,,"79.9",2557,"5.5",824044,623168,672820,676391,672960,665926,664770,662139,660821,"54.96",,,,,,,,62,2,"Curveball",3,3,3,3,3,3,3,3,"Standard","Standard",20,"0.009","0.007",,,,"-0.007",,0,0,0.575,0.575,25,31,26,31,1,0,2,1,2,2,"4.49","-0.32","0.32","49.8",,,,,
"ST","2026-04-22","78.6","2","5.53","Rogers, Taylor",683146,573124,,"called_strike",,,,,8,,"R","L","L","NYM","MIN","S",,,1,0,2026,"-1.24","-0.12",-0.031613051799152414,1.6334898084177478,,,,2,8,"Bot",,,,,,,-1.9931290967208952,-114.35805857112786,-1.0500469683046145,-10.31504305652577,24.210906721041702,-33.278817639673505,3.327952756,1.679527559,,,,"77.4",2702,"5.8",823641,680777,605170,807712,668904,686797,668885,621439,670242,"54.72",,,,,,,,64,2,"Sweeper",2,2,2,2,2,2,2,2,"Infield shade","Standard",287,"-0.003","-0.054",,,,"0.054",,0,0,0.528,0.528,35,26,36,27,1,1,3,1,3,1,"3.86","-1.24","-1.24","27.7",,,,,
"SL","2026-04-22","81.5","-0.21","7.03","Fairbanks, Pete",701675,664126,,"called_strike",,,,,4,,"R","L","R","MIA","STL","S",,,2,1,2026,"0.61","-0.77",-0.756128971670485,2.1074710823706004,,,669357,2,9,"Top",,,,,,,-2.394726091291115,-118.55579045413556,-2.6121074104448043,6.219293373358731,25.161742905509943,-39.10144247061494,3.112934711,1.57101378,,,,"80.9",2472,"6.1",823878,682663,689414,691594,688363,672640,681715,805300,683357,"54.37",,,,,,,,71,4,"Slider",4,1,1,4,1,4,1,4,"Standard","Standard",42,"0.004","-0.093",,,,"0.093",,3,-3,0.986,0.014000000000000012,32,25,33,26,1,3,2,1,5,2,"4.24","-0.61","0.61","58.8",,,,,
"SL","2026-04-22","88","-2.22","5.63","Zeferjahn, Ryan",672820,666171,,"called_strike",,,,,9,,"R","R","R","LAA","TOR","S",,,0,0,2026,"0.7","-0.24",0.7819642114385311,1.6104864623253312,,,,2,6,"Top",,,,,,,5.722601480715511,-128.06988126978032,-2.9020155768944598,6.525767593989081,26.866612279782977,-34.44057242157199,3.153305446,1.591387795,,,,"88.4",2549,"6.6",824044,681351,694384,687093,672724,687263,666176,669326,624585,"53.94",,,,,,,,47,1,"Slider",3,0,0,3,0,3,0,3,"Standard","Standard",82,"0.001","-0.043",,,,"0.043",,3,-3,0.902,0.09799999999999998,28,26,28,26,1,2,4,1,2,2,"3.19","-0.7","-0.7","36.8",,,,,
"FF","2026-04-22","97.7","-2.61","6.01","Kilian, Caleb",663656,668873,,"ball",,,,,13,,"R","L","R","SF","LAD","B",,,0,0,2026,"-0.37","1.45",-0.6247626717986702,1.408407908810712,,,500743,1,8,"Top",,,,,,,6.165389731576323,-141.81852904151313,-10.013404809489199,-6.469037722904191,34.22988803630631,-10.429776163472717,3.350770997,1.691043307,,,,"97.9",2454,"6.6",823231,672275,646240,650333,656305,642715,671218,687551,808982,"53.86",,,,,,,,58,1,"4-Seam Fastball",3,0,0,3,0,3,0,3,"Infield shade","Standard",204,"-0.005","0.035",,,,"-0.035",,3,-3,0.925,0.07499999999999996,29,29,29,29,1,3,4,1,2,1,"0.96","0.37","-0.37","46.2",,,,,
"SI","2026-04-22","96.9","2.9","5.89","Ferrer, José A.",691777,678606,,"called_strike",,,,,8,,"R","R","L","SEA","ATH","S",,,0,0,2026,"1.66","0.33",-0.16579142411830317,1.5236675666828479,,805779,,2,5,"Top",,,,,,,-11.820375734340868,-140.44044881709397,-6.537100050151726,24.689764870329192,32.15193527248318,-26.43938002674058,3.227903543,1.629035433,,,,"95.9",2148,"6",823147,663728,647304,702284,660844,641487,668227,677594,686527,"54.51",,,,,,,,44,1,"Sinker",2,3,3,2,3,2,3,2,"Standard","Standard",115,"0.006","-0.04",,,,"0.04",,-1,1,0.378,0.622,26,23,26,24,1,2,2,1,3,2,"2.12","1.66","-1.66","31.7",,,,,
"SL","2026-04-22","87.6","2.59","5.98","Dreyer, Jack",687551,676263,,"called_strike",,,,,8,,"R","L","L","SF","LAD","S",,,1,0,2026,"0.03","0.36",-0.20744927628173518,1.782048515069349,,808982,671218,0,7,"Bot",,,,,,,-6.744427385284059,-127.35490980599847,-4.551692633817629,1.649745735002524,25.99541180640995,-27.47139938718972,3.059399606,1.543996063,,,,"88.1",2406,"6.6",823231,669257,518692,500743,571970,808975,606192,681624,663656,"53.86",,,,,,,,52,2,"Slider",0,0,0,0,0,0,0,0,"Strategic","Standard",144,"-0.014","-0.07",,,,"0.07",,0,0,0.733,0.733,27,25,27,26,1,2,3,1,3,1,"2.61","0.03","0.03","54.9",,,,,
"SL","2026-04-22","85.9","-1.49","5.62","Winn, Cole",693304,668390,,"ball",,,,,13,,"R","R","R","TEX","PIT","B",,,2,2,2026,"0.29","-0.67",-0.968125721283037,2.197544052034162,,,,0,9,"Top",,,,,,,0.6251270171132595,-125.14459561104364,-0.274404180039582,2.9526471860855237,24.659772830152388,-39.43097328213903,3.05062336,1.539566929,,,,"86.8",2679,"6.8",822913,543309,669394,677649,673962,608369,457705,694497,607043,"53.73",,,,,,,,64,6,"Slider",4,4,4,4,4,4,4,4,"Standard","Standard",60,"-0.021","0.112",,,,"-0.112",,0,0,0.509,0.491,26,27,27,27,1,3,1,1,3,1,"3.75","-0.29","-0.29","46.8",,,,,
"SL","2026-04-22","86.8","-0.74","6.59","Kinley, Tyler",686894,641755,,"ball",,,,,14,,"R","R","R","WSH","ATL","B",,,1,1,2026,"0.16","0.06",0.5698424825793517,1.5780271484586619,,,,1,8,"Bot",,,,,,,2.7375780510994265,-126.41584843601927,-5.617914122117208,1.1389901953818038,24.642837182379424,-30.683945063639985,3.38324311,1.707431102,,,,"85.8",2339,"5.5",822748,641680,621566,645277,663586,643289,573262,671739,660670,"55.02",,,,,,,,69,3,"Slider",6,8,6,8,8,6,6,8,"Standard","Standard",166,"0.008","0.055",,,,"-0.055",,-2,-2,0.121,0.121,35,27,35,27,1,1,2,3,3,1,"2.95","-0.16","-0.16","44.6",,,,,
"FC","2026-04-22","86.4","-1.64","6.57","Walker, Taijuan",621020,592836,,"ball",,,,,14,,"R","R","R","CHC","PHI","B",,,2,0,2026,"0.15","0.94",0.9557349380337027,1.7887846798241331,,,,0,2,"Bot",,,,,,,5.726854706345829,-125.60163800750878,-6.789019830636503,0.4120136998177307,24.993460621303065,-21.00182571886143,3.218249672,1.624163386,,,,"85.4",2441,"5.7",824688,665561,694025,624641,664761,607208,656941,702222,666969,"54.82",,,,,,,,15,3,"Cutter",1,2,1,2,2,1,1,2,"Standard","Standard",184,"0.013","0.152",,,,"-0.152",,-1,-1,0.455,0.455,33,32,34,32,1,0,5,1,,1,"2.11","-0.15","-0.15","42.2",,,,,
"FF","2026-04-22","96.5","-1.01","6.61","Petersen, Michael",686780,656848,,"called_strike",,,,,8,,"R","R","R","MIA","STL","S",,,0,0,2026,"-0.48","1.73",0.0606977670303801,1.5365546140785475,,,,0,8,"Top",,,,,,,3.922363952406875,-139.95122383253633,-11.478730080559526,-7.320047235868911,37.86458752937762,-6.8759336796172486,3.174368438,1.602017717,,,,"95.3",2347,"6.2",823878,682663,689414,691594,688363,672640,681715,805300,683357,"54.27",,,,,,,,58,1,"4-Seam Fastball",4,0,0,4,0,4,0,4,"Standard","Standard",203,"0.002","-0.039",,,,"0.039",,4,-4,0.964,0.03600000000000003,32,27,32,28,1,2,3,1,5,3,"0.77","0.48","0.48","52.7",,,,,
"CU","2026-04-21","76","-1.53","5.47","Roupp, Landen",808975,694738,"walk","ball",,,,,11,"Patrick Bailey challenged (pitch result), call on the field was confirmed: Hyeseong Kim walks. Teoscar Hernández scores. Max Muncy to 3rd. Dalton Rushing to 2nd.","R","L","R","SF","LAD","B",,,3,2,2026,"2.07","-0.4",-1.0208158522276733,2.8133350753700106,606192,571970,687221,1,4,"Top",,,,,,,-2.6811008520623094,-110.47094755894337,2.5258008700761287,17.261591398495867,23.326481467461473,-36.20684132872405,3.124343832,1.576771654,,,,"74.5",3017,"5.6",823236,672275,646240,650333,656305,642715,671218,687551,808982,"54.86",,0.704857,"0.7",1,0,0,,30,8,"Curveball",3,0,0,3,1,3,1,3,"Standard","Standard",56,"-0.084","0.334",,,,"-0.334",,3,-3,0.687,0.31299999999999994,27,27,28,27,2,1,5,2,5,1,"4.42","-2.07","2.07","26.2",,,,,
"FF","2026-04-21","91.8","1.96","5.63","Bubic, Kris",668939,663460,,"called_strike",,,,,9,,"R","R","L","KC","BAL","S",,,0,1,2026,"0.31","1.58",0.4298883021190298,1.6106666961681952,,621493,,2,5,"Top",,,,,,,-4.552102732877163,-133.46045132698023,-7.657543983160729,4.631786986145445,27.910317903660584,-11.874148392487898,3.253354659,1.641879921,,,,"93",2539,"7",824127,521692,686469,686681,672580,677951,686555,664728,695506,"53.52",,,,,,,,38,2,"4-Seam Fastball",1,3,3,1,3,1,3,1,"Standard","Standard",162,"0.007","-0.056",,,,"0.056",,-2,2,0.265,0.735,28,28,29,28,3,2,5,11,7,3,"1.13","0.31","-0.31","41.3",,,,,
"FS","2026-04-21","84.7","-1.49","6.37","Woods Richardson, Simeon",701807,680573,,"ball",,,,,11,,"R","L","R","NYM","MIN","B",,,2,2,2026,"-0.99","0.31",-0.4365190260923304,3.4282240512819566,,683146,668901,2,4,"Bot",,,,,,,4.506666343818221,-123.28183757938775,-0.9568942576960264,-11.02924695671201,24.109055133599558,-29.033198136705078,3.259498032,1.644980315,,,,"85.8",917,"7",823640,680777,665019,807712,668904,686797,663616,621439,670242,"53.55",,,,,,,,30,5,"Split-Finger",3,0,3,0,0,3,3,0,"Standard","Standard",216,"0.005","0.079",,,,"-0.079",,3,3,0.854,0.854,25,23,26,23,2,1,6,2,5,2,"2.86","0.99","-0.99","44.5",,,,,
"SI","2026-04-21","92.1","1.92","5.82","Matz, Steven",663886,571927,"walk","ball",,,,,13,"Hunter Feduccia challenged (pitch result), call on the field was confirmed: Tyler Stephenson walks. Sal Stewart to 3rd. Spencer Steer to 2nd.","R","R","L","TB","CIN","B",,,3,1,2026,"1.27","1.13",-0.6288185680915244,1.4510700883721863,,701398,668715,2,3,"Top",,,,,,,-9.208696023651244,-133.54906736151992,-7.4534651754739905,17.22590862943568,30.97938710738877,-17.101781969406147,3.359547244,1.695472441,,,,"91.9",2153,"6.5",822995,676439,666018,680700,691406,670764,802415,656775,641584,"53.96",,0.704857,"0.7",1,0,0,,25,5,"Sinker",0,4,4,0,4,0,4,0,"Standard","Standard",125,"-0.007","0.085",,,,"-0.085",,-4,4,0.139,0.861,35,29,35,30,2,1,5,1,6,3,"1.59","1.27","-1.27","34.5",,,,,
"ST","2026-04-21","84.4","-2.6","5.11","May, Dustin",681393,669160,,"called_strike",,,,,1,,"R","R","R","MIA","STL","S",,,1,1,2026,"1.44","-0.4",-0.7479868271927661,3.0689230047925986,,,688363,0,5,"Bot",,,,,,,1.327385530138252,-122.816801919597,2.70316983337435,14.130124335516966,28.47309180195634,-37.001604632246575,3.112934711,1.57101378,,,,"83.7",3070,"6.2",823880,686780,676475,802139,669357,691026,701675,687363,691023,"54.3",,,,,,,,43,3,"Sweeper",1,5,1,5,5,1,1,5,"Standard","Standard",61,"-0.008","-0.07",,,,"0.07",,-4,-4,0.155,0.155,28,26,29,26,2,1,6,1,6,3,"3.64","-1.44","-1.44","27.8",,,,,
"FF","2026-04-21","93.5","-2.62","5.66","Weiss, Ryan",700932,680802,,"ball",,,,,13,,"R","L","R","CLE","HOU","B",,,1,1,2026,"-0.76","1.3",-0.907277017186221,2.206036277957457,,,,0,3,"Bot",,,,,,,6.095967767296041,-135.99377475368007,-5.852849955667883,-10.836922558150686,30.692704262143597,-14.983295726276772,3.187532808,1.608661417,,,,"93.6",2442,"6.5",824448,673237,572233,514888,670623,621043,687957,694728,701358,"54.05",,,,,,,,23,3,"4-Seam Fastball",2,0,2,0,0,2,2,0,"Infield shade","Standard",217,"0.003","0.055",,,,"-0.055",,2,2,0.763,0.763,29,25,30,26,2,1,5,1,7,1,"1.32","0.76","-0.76","36.2",,,,,
"SI","2026-04-21","95.9","-1.54","6.35","Kochanowicz, Jack",672960,686799,,"called_strike",,,,,1,,"R","R","R","LAA","TOR","S",,,0,0,2026,"-1.04","0.21",-0.6087823117691681,3.338496804114173,,650391,662139,2,4,"Top",,,,,,,4.811272676205942,-139.6972700054136,-2.6855118298357814,-14.727719453974403,29.006320349444376,-29.057593386661043,3.255987533,1.643208661,,,,"96.2",2121,"6.3",824045,681351,694384,687093,672724,687263,669326,545361,666176,"54.25",,,,,,,,25,1,"Sinker",0,0,0,0,0,0,0,0,"Standard","Standard",225,"0.008","-0.047",,,,"0.047",,0,0,0.507,0.493,25,30,26,30,2,1,6,1,6,1,"2.25","1.04","1.04",,,,,,
"SI","2026-04-21","91.9","1.9","5.42","Bubic, Kris",683002,663460,,"called_strike",,,,,7,,"R","L","L","KC","BAL","S",,,0,1,2026,"1.03","0.56",-0.5486269053701036,1.6075537782496605,,,621493,2,2,"Top",,,,,,,-8.519851696240156,-133.44647037967997,-4.783606689611551,14.229217931010698,32.76551903321783,-24.55976041806358,3.328830381,1.679970472,,,,"92.8",2068,"7.3",824127,521692,686469,686681,672580,677951,686555,664728,695506,"53.25",,,,,,,,14,2,"Sinker",0,3,3,0,3,0,3,0,"Infield shade","Standard",143,"0.004","-0.055",,,,"0.055",,-3,3,0.241,0.759,28,25,29,25,2,1,5,1,7,1,"2.18","1.03","1.03","34.5",,,,,
"FF","2026-04-21","96.8","-2.33","5.82","Wilcox, Cole",691777,677961,,"ball",,,,,14,,"R","R","R","SEA","ATH","B",,,2,2,2026,"-1.23","1.06",0.8342503310426284,2.1154914063425534,669127,691016,805779,2,9,"Top",,,,,,,11.189648485690887,-140.26797612678763,-6.473021698194873,-18.97372377876461,35.493062425379314,-16.800443390730173,3.227903543,1.629035433,,,,"96.3",2199,"6.5",823148,641598,647304,702284,660844,641487,668227,677594,670042,"54.02",,,,,,,,78,6,"4-Seam Fastball",2,5,5,2,5,2,5,2,"Standard","Standard",232,"-0.005","0.064",,,,"-0.064",,-3,3,0.034,0.966,26,23,27,24,2,4,3,1,6,1,"1.42","1.23","1.23","30.7",,,,,
"CU","2026-04-21","82.4","-0.85","5.71","Nicolas, Kyle",676356,693312,,"ball",,,,,11,,"R","R","R","TB","CIN","B",,,0,1,2026,"0.46","-1.02",-0.8579667976951741,3.2851302960457693,691406,666018,810938,2,9,"Bot",,,,,,,-0.9198428035394095,-119.81503641347811,3.3115980127421536,4.571057124677006,25.320777996394096,-42.84596331821792,3.133120079,1.581200787,,,,"82.6",2650,"6.7",822995,663886,701398,680574,663647,682829,668715,667472,666181,"53.8",,,,,,,,90,2,"Curveball",4,12,4,12,12,4,4,12,"Standard","Standard",45,"0","0.031",,,,"-0.031",,-8,-8,0.001,0.001,27,27,27,28,1,3,2,2,3,1,"4.41","-0.46","-0.46","48.3",,,,,
"FC","2026-04-21","89.5","-1.54","5.38","Gómez, Yoendrys",666181,672782,"walk","ball",,,,,14,"Hunter Feduccia challenged (pitch result), call on the field was confirmed: Will Benson walks.","R","L","R","TB","CIN","B",,,3,2,2026,"0.11","0.47",0.2973202774988612,1.410840889188934,,,,2,8,"Top",,,,,,,4.2697933024353,-130.2624001506676,-4.6114789707469654,0.3932865030222637,27.114737655356286,-26.04549712815814,3.391141732,1.711417323,,,,"90.4",2337,"6.8",822995,676439,666018,680700,691406,670764,802415,676356,668723,"53.67",,0.704857,"0.7",1,0,0,,73,7,"Cutter",2,11,11,2,11,2,11,2,"Infield shade","Standard",189,"0","0.259",,,,"-0.259",,-9,9,0.001,0.999,26,28,27,28,2,0,3,2,8,1,"2.37","-0.11","0.11","31.4",,,,,
"SV","2026-04-21","82.3","2.84","4.99","Harrison, Kyle",682985,690986,,"ball",,,,,13,,"R","L","L","DET","MIL","B",,,0,1,2026,"-0.79","-0.83",-0.4230393105612831,1.473330160823688,,,,1,2,"Bot",,,,,,,-5.800687498474537,-119.71268253442797,0.48270956874703574,-6.26034649254592,25.48623208394383,-40.412947132658715,3.303379265,1.667125984,,,,"82.5",2076,"6.7",824290,661388,641343,668930,650859,666152,663368,669003,686217,"53.82",,,,,,,,17,2,"Slurve",0,3,0,3,3,0,0,3,"Standard","Standard",327,"0.001","0.029",,,,"-0.029",,-3,-3,0.228,0.228,24,25,25,26,1,0,10,1,5,1,"4.22","-0.79","-0.79","31.5",,,,,
"CU","2026-04-21","77","3.21","4.46","Bernardino, Brennan",630105,657514,"strikeout","called_strike",,,,,3,"Hunter Goodman challenged (pitch result), call on the field was overturned: Jake Cronenworth called out on strikes.","R","L","L","COL","SD","S",2,,2,2,2026,"-1.1","0.31",0.5500229046775755,3.213533923643296,609280,666023,,2,9,"Top",,,,,,,-3.490013434152117,-112.10900765179065,3.799006945922655,-8.676550332006215,19.71963430331491,-30.426541792810674,3.171735564,1.600688976,,,,"75.8",2773,"5.3",824369,696100,666397,650489,691720,678662,687597,666160,687859,"55.19",,0,"0",1,0,0,,63,5,"Curveball",0,1,1,0,1,0,1,0,"Standard","Standard",296,"0.037","-0.219",,,,"0.219",,-1,1,0.167,0.833,34,32,34,32,1,3,3,2,2,1,"3.52","-1.1","-1.1","6.0",,,,,
"SI","2026-04-21","101.1","-1.64","5.57","O'Brien, Riley",669364,676617,,"ball",,,,,14,,"R","L","R","MIA","STL","B",,,1,2,2026,"-1.52","0.64",0.9388679213806459,1.7166487390918337,,,672640,2,9,"Bot",,,,,,,10.910673335207623,-146.62412741743717,-6.7599908079819135,-24.545176639367565,37.4224026454574,-21.355401764943913,3.055011483,1.541781496,,,,"102",2326,"7.1",823880,686780,676475,802139,669357,691026,701675,687363,691023,"53.36",,,,,,,,78,5,"Sinker",3,5,3,5,5,3,3,5,"Strategic","Standard",229,"0","0.033",,,,"-0.033",,-2,-2,0.046,0.046,31,26,31,27,1,4,2,1,4,1,"1.62","1.52","-1.52","30.6",,,,,
"FS","2026-04-21","89","-3","5.45","Hoffman, Jeff",660162,656546,,"called_strike",,,,,7,,"R","L","R","LAA","TOR","S",,,0,0,2026,"-1.5","0.73",-0.7815713258166663,1.6988070927370391,545361,666176,624585,1,9,"Bot",,,,,,,8.620266879448758,-129.20143625646548,-4.464493108584938,-18.582809189403406,27.962777211879054,-23.276581330751625,3.217372047,1.623720472,,,,"89.4",2810,"6.7",824045,678218,665489,676391,672960,665926,676914,662139,664702,"53.76",,,,,,,,69,1,"Split-Finger",1,4,1,4,4,1,1,4,"Standard","Standard",222,"-0.017","-0.05",,,,"0.05",,-3,-3,0.213,0.213,33,31,33,31,1,0,1,1,5,1,"2.17","1.5","-1.5","26.9",,,,,
"ST","2026-04-21","86.3","-2.55","5.65","Smith, Cade",514888,671922,,"ball",,,,,14,,"R","R","R","CLE","HOU","B",,,1,2,2026,"1.18","0.23",0.8192190773281005,1.2674017294894515,,670541,,2,9,"Top",,,,,,,5.540811305903904,-125.57521474527327,-4.41849295258689,11.170654930799797,27.752771584506892,-29.01614988889577,2.926000656,1.476673228,,,,"87.1",2064,"7",824448,666310,700932,682177,608070,677587,682657,680757,671655,"53.47",,,,,,,,81,6,"Sweeper",8,5,5,8,5,8,5,8,"Standard","Strategic",73,"-0.002","0.012",,,,"-0.012",,3,-3,0.991,0.009000000000000008,27,36,27,36,1,4,3,1,3,1,"2.86","-1.18","-1.18","38.2",,,,,
"CU","2026-04-21","87.2","1.49","5.52","Pérez, Cionel",643289,672335,,"ball",,,,,13,,"R","R","L","WSH","ATL","B",,,0,0,2026,"-0.26","-0.62",-0.8488543774349421,1.7987016544235188,,621566,,2,8,"Top",,,,,,,-4.982529944000227,-126.98562485428809,-1.2836443085885298,-1.776072935401906,25.644916697720426,-38.813236439851565,3.17085794,1.600246063,,,,"86.6",2547,"5.8",822747,686452,671277,683083,691781,682928,695734,696285,695578,"54.66",,,,,,,,73,1,"Curveball",8,4,4,8,4,8,4,8,"Standard","Standard",331,"-0.001","0.019",,,,"-0.019",,4,-4,0.977,0.02300000000000002,30,31,30,32,1,3,3,2,2,1,"3.61","-0.26","0.26","37.4",,,,,
"SI","2026-04-21","99.2","-1.55","5.6","O'Brien, Riley",669364,676617,,"called_strike",,,,,1,,"R","L","R","MIA","STL","S",,,0,1,2026,"-1.45","0.61",-0.4691547477146214,3.0903588814255714,,,672640,2,9,"Bot",,,,,,,6.455562592781366,-144.14418954305137,-2.619503418543224,-21.764843657822357,39.02427480685278,-23.33902733172716,3.055011483,1.541781496,,,,"99.3",2374,"6.8",823880,686780,676475,802139,669357,691026,701675,687363,691023,"53.67",,,,,,,,78,2,"Sinker",3,5,3,5,5,3,3,5,"Standard","Standard",226,"0","-0.055",,,,"0.055",,-2,-2,0.046,0.046,31,26,31,27,1,4,2,1,4,1,"1.75","1.45","-1.45","38.4",,,,,
"SI","2026-04-21","95.8","-3.6","5.06","Walker, Ryan",690976,676254,,"ball",,,,,11,,"R","L","R","SF","LAD","B",,,2,2,2026,"-1.5","0.51",-0.9402035976529122,3.2473030178439855,,,,2,9,"Top",,,,,,,10.39668308867297,-139.1678263865292,-0.14478480685675776,-21.913568371036575,32.48601711515042,-25.714196035519723,3.184899934,1.607332677,,,,"95.7",2369,"6.4",823236,672275,646240,650333,656305,642715,671218,687551,666464,"54.11",,,,,,,,68,6,"Sinker",3,1,1,3,1,3,1,3,"Infield shade","Standard",239,"-0.006","0.104",,,,"-0.104",,2,-2,0.99,0.010000000000000009,30,24,31,25,1,3,3,2,1,2,"1.99","1.5","-1.5","15.1",,,,,
"SI","2026-04-21","93.1","-2.35","5.89","Paddack, Chris",676475,663978,,"called_strike",,,,,4,,"R","L","R","MIA","STL","S",,,1,1,2026,"-1.21","1.41",-0.750424811340658,2.703496838411286,,802139,,1,1,"Top",,,,,,,6.829732539205568,-135.33196005803057,-5.317142050658977,-16.39966412198611,32.72521711977391,-13.91164780226265,3.215616798,1.622834646,,,,"93.5",2063,"6.8",823880,689414,681393,669364,688363,672640,669065,805300,683357,"53.69",,,,,,,,3,3,"Sinker",0,0,0,0,0,0,0,0,"Standard","Standard",217,"0.008","-0.061",,,,"0.061",,0,0,0.483,0.517,30,27,30,28,1,0,6,1,6,3,"1.25","1.21","-1.21","42.7",,,,,
"FF","2026-04-21","96.9","-0.02","6.22","Helsley, Ryan",677951,664854,"walk","ball",,,,,12,"Adley Rutschman challenged (pitch result), call on the field was confirmed: Bobby Witt Jr. walks. Maikel Garcia to 2nd.","R","R","R","KC","BAL","B",,,3,1,2026,"-0.09","1.44",0.563221258118162,3.470435811768375,,,672580,0,9,"Bot",,,,,,,1.7393426365383355,-141.0899327502158,-4.994244298115319,-1.5339160514680297,31.22336899350279,-12.064187518818915,3.238435039,1.634350394,,,,"97.5",2550,"6.5",824127,668939,694212,669236,642215,683002,621493,665750,681297,"53.98",,0.704857,"0.7",1,0,0,,75,5,"4-Seam Fastball",5,5,5,5,5,5,5,5,"Standard","Standard",195,"0.061","0.26",,,,"-0.26",,0,0,0.75,0.75,31,26,32,26,1,4,1,1,7,1,"0.98","0.09","0.09","67.0",,,,,
"SI","2026-04-21","94.6","-1.93","5.77","Bazardo, Eduard",643446,660825,,"called_strike",,,,,9,,"R","L","R","SEA","ATH","S",,,0,0,2026,"-1.3","0.89",0.6461436512064835,1.9041700991778463,,805779,,0,6,"Top",,,,,,,9.46432014274141,-137.3296998964205,-6.111045915436447,-18.60907924954795,31.037120215875472,-19.63360024869578,3.213861549,1.621948819,,,,"93.5",2213,"5.8",823148,641598,647304,702284,660844,641487,668227,677594,608701,"54.69",,,,,,,,48,1,"Sinker",2,3,3,2,3,2,3,2,"Standard","Standard",207,"0.007","-0.043",,,,"0.043",,-1,1,0.273,0.727,30,34,31,34,1,2,3,1,3,1,"1.67","1.3","-1.3","40.9",,,,,
"FF","2026-04-21","96.6","-2.44","5.78","Wilcox, Cole",671732,677961,,"called_strike",,,,,9,,"R","L","R","SEA","ATH","S",,,0,0,2026,"-1.06","0.72",0.47056868595170465,1.812478210171892,,,691777,2,8,"Top",,,,,,,10.116997967257339,-140.30716743873458,-6.460522870702122,-16.21817757782691,29.852856516096587,-21.362729513302792,3.34375,1.6875,,,,"96.9",1922,"6.4",823148,641598,647304,702284,660844,641487,668227,677594,670042,"54.09",,,,,,,,67,1,"4-Seam Fastball",2,4,4,2,4,2,4,2,"Standard","Standard",239,"0.002","-0.042",,,,"0.042",,-2,2,0.153,0.847,26,25,27,26,1,3,3,1,6,1,"1.72","1.06","-1.06","25.5",,,,,
"CH","2026-04-21","86.2","-2.15","5.61","De Los Santos, Enyel",682657,660853,,"called_strike",,,,,1,,"R","L","R","CLE","HOU","S",,,0,0,2026,"-1.52","0.66",-0.3993841518592005,3.282449654652808,,,682177,0,8,"Bot",,,,,,,7.217593676438147,-125.25307186355275,-0.41170084599991397,-17.466657549086413,27.39447254466242,-25.366006601010486,3.177878937,1.60378937,,,,"85.6",1930,"6.2",824448,673237,572233,514888,670623,621043,694728,669288,701358,"54.33",,,,,,,,69,1,"Changeup",2,4,2,4,4,2,2,4,"Infield shade","Standard",234,"-0.011","-0.043",,,,"0.043",,-2,-2,0.249,0.249,30,24,31,24,1,3,2,2,1,1,"2.43","1.52","-1.52","26.3",,,,,
"SI","2026-04-21","97.5","0.28","6.44","Ashby, Aaron",701678,676879,"walk","ball",,,,,11,"William Contreras challenged (pitch result), call on the field was confirmed: Hao-Yu Lee walks.","R","R","L","DET","MIL","B",,,3,2,2026,"1.2","0.63",-0.45736833574109226,3.2912349580218114,,,,0,7,"Bot",,,,,,,-4.6854315757274545,-141.97220074271735,-4.177554914734562,17.275995419959422,32.88808930293793,-22.835670645414755,3.087483596,1.558169291,,,,"96",2050,"5.4",824290,661388,641343,668930,650859,666152,663368,669003,686217,"55.11",,0.704857,"0.7",1,0,0,,56,7,"Sinker",1,5,1,5,5,1,1,5,"Standard","Standard",148,"0.029","0.356",,,,"-0.356",,-4,-4,0.076,0.076,28,23,28,23,1,2,5,1,2,3,"1.76","1.2","-1.2","56.6",,,,,
"CH","2026-04-21","81.9","2.71","6.1","Griffin, Foster",660670,656492,,"ball",,,,,12,,"R","R","L","WSH","ATL","B",,,2,2,2026,"1.15","0.66",0.8368302962178327,2.928554838764608,,,,0,1,"Top",,,,,,,-6.390875241092914,-119.22681840468502,-1.730867739137351,12.211094501327462,21.306966207763757,-25.731553918000493,3.200697179,1.615305118,,,,"81.7",1766,"5.9",822747,686452,671277,683083,678391,682928,695734,696285,695578,"54.55",,,,,,,,1,6,"Changeup",0,0,0,0,0,0,0,0,"Standard","Standard",135,"-0.008","0.112",,,,"-0.112",,0,0,0.503,0.497,30,28,31,29,1,0,5,1,5,1,"2.72","1.15","-1.15","46.2",,,,,
"FF","2026-04-21","95.4","0.69","5.56","Messick, Parker",621043,800048,"strikeout","called_strike",,,,,7,"Austin Hedges challenged (pitch result), call on the field was overturned: Carlos Correa called out on strikes.","R","R","L","CLE","HOU","S",2,,2,2,2026,"0.39","1.56",-0.6652179058139951,1.9959550337350427,,,,0,1,"Top",,,,,,,-4.441127162975378,-138.61955886249137,-7.040494145209194,6.111306331341598,34.21849182264519,-10.730228843274933,3.336729003,1.683956693,,,,"95.3",2188,"6.6",824448,595978,700932,682177,608070,677587,682657,680757,671655,"53.92",,0,"0",1,0,0,,1,6,"4-Seam Fastball",0,0,0,0,0,0,0,0,"Strategic","Standard",156,"0.019","-0.232",,,,"0.232",,0,0,0.503,0.497,25,31,26,32,1,0,5,1,6,1,"0.98","0.39","-0.39","44.1",,,,,
"FF","2026-04-21","94.7","-1.37","5.8","Sims, Lucas",699912,608371,,"called_strike",,,,,7,,"R","R","R","AZ","CWS","S",,,0,0,2026,"-0.53","1.63",-0.5009076404005102,1.7252586583106657,,,666971,0,7,"Bot",,,,,,,3.4125355357133373,-137.58900878458797,-8.29410670790127,-7.504638933438698,32.5547402165388,-9.884111302505508,3.351648622,1.691486221,,,,"93.7",2436,"5.9",825099,624512,808959,805367,678246,695657,803011,671976,677592,"54.58",,,,,,,,61,1,"4-Seam Fastball",2,8,2,8,8,2,2,8,"Standard","Standard",199,"-0.002","-0.043",,,,"0.043",,-6,-6,0.033,0.033,32,22,32,23,1,2,3,2,1,1,"0.94","0.53","0.53","47.2",,,,,
"SI","2026-04-21","91.4","2.84","5.03","Bernardino, Brennan",592206,657514,,"called_strike",,,,,7,,"R","R","L","COL","SD","S",,,0,0,2026,"1.05","0.5",-0.42803180491246917,1.8914312842811538,,,,1,9,"Top",,,,,,,-10.266603306951342,-132.8752895518156,-2.972810264680454,14.410860557703346,24.265622554167283,-25.814564739950136,3.329708005,1.680413386,,,,"90.8",2145,"5.6",824369,696100,666397,650489,691720,678662,687597,666160,687859,"54.85",,,,,,,,60,1,"Sinker",0,1,1,0,1,0,1,0,"Infield shade","Standard",132,"0.002","-0.039",,,,"0.039",,-1,1,0.181,0.819,34,34,34,34,1,0,3,4,2,1,"2.2","1.05","-1.05","18.2",,,,,
"FF","2026-04-21","95.7","2.24","6.07","Martin, Riley",624641,702303,"strikeout","called_strike",,,,,9,"Carson Kelly challenged (pitch result), call on the field was overturned: Edmundo Sosa called out on strikes.","R","R","L","CHC","PHI","S",2,,1,2,2026,"0.64","1.38",0.5031717464547583,1.570986416457853,,,,0,8,"Top",,,,,,,-5.932214261990762,-138.97126946991418,-9.02962996907005,9.679749085888707,32.130636517444614,-12.483594794025626,3.186655184,1.608218504,,,,"94.6",2349,"5.8",824690,608348,683737,663538,664068,621020,664023,691718,673548,"54.66",,0,"0",1,0,0,,68,4,"4-Seam Fastball",6,1,1,6,1,6,1,6,"Standard","Standard",153,"0.006","-0.189",,,,"0.189",,5,-5,0.984,0.016000000000000014,28,30,28,30,1,2,2,3,2,1,"1.13","0.64","-0.64","51.3",,,,,
"SL","2026-04-21","89.8","2.94","5.18","Scott, Tanner",656305,656945,,"called_strike",,,,,1,,"R","R","L","SF","LAD","S",,,0,0,2026,"-0.52","0.11",-0.4510656190882474,3.136062634449411,,,,1,8,"Bot",,,,,,,-7.161775211222806,-130.65072941149373,0.8768763092765821,-4.34878078092118,28.27914252169659,-31.352283993467662,3.250721785,1.640551181,,,,"89.7",2560,"6.3",823236,669257,518692,690976,571970,500743,606192,669743,663656,"54.2",,,,,,,,63,1,"Slider",3,1,3,1,1,3,3,1,"Standard","Standard",246,"-0.001","-0.039",,,,"0.039",,2,2,0.932,0.932,31,33,32,33,1,3,6,2,2,1,"2.73","-0.52","0.52","31.1",,,,,
"SI","2026-04-21","94.7","-1.86","5.8","Bazardo, Eduard",691016,660825,,"called_strike",,,,,3,,"R","L","R","SEA","ATH","S",,,1,1,2026,"-1.22","0.81",0.8098779406167718,3.116684064809064,,,,0,6,"Top",,,,,,,9.505881470366498,-137.56917865348828,-2.8906772520117934,-17.63039613153124,32.53076669984504,-21.48751312164918,3.285826772,1.658267717,,,,"93.2",1959,"5.7",823148,641598,647304,702284,660844,641487,668227,677594,608701,"54.83",,,,,,,,46,3,"Sinker",2,2,2,2,2,2,2,2,"Standard","Standard",219,"0.008","-0.061",,,,"0.061",,0,0,0.502,0.498,30,24,31,25,1,2,3,1,3,1,"1.76","1.22","-1.22","40.0",,,,,
"CH","2026-04-21","89","-1.73","5.93","Erceg, Lucas",694212,668674,,"called_strike",,,,,8,,"R","L","R","KC","BAL","S",,,1,0,2026,"-1.74","0.63",0.035918771898230784,1.7139642075049788,,,,0,9,"Top",,,,,,,8.03385043565916,-129.3173858711716,-5.4087915116504535,-21.185431956874382,27.739616072268362,-24.156592971624864,3.393774606,1.712746063,,,,"89.3",1880,"6.6",824127,521692,686469,686681,672580,677951,686555,664728,695506,"53.9",,,,,,,,71,2,"Changeup",5,5,5,5,5,5,5,5,"Infield shade","Standard",237,"0.011","-0.05",,,,"0.05",,0,0,0.492,0.508,31,21,31,22,1,0,1,1,3,1,"2.26","1.74","-1.74","42.1",,,,,
"SL","2026-04-21","80.4","1.99","5.53","King, John",701675,667463,,"called_strike",,,,,3,,"R","L","L","MIA","STL","S",,,0,0,2026,"-0.88","0",0.483691942203923,2.984037751048758,669357,691026,,2,5,"Top",,,,,,,-1.5780600043684956,-117.10142208596572,1.2292599079858872,-7.76827896615674,23.364534533887085,-32.65611900975592,3.112934711,1.57101378,,,,"79.3",2749,"5.6",823880,689414,681393,669364,688363,672640,669065,805300,683357,"54.91",,,,,,,,41,1,"Slider",1,5,5,1,5,1,5,1,"Standard","Standard",319,"0.003","-0.036",,,,"0.036",,-4,4,0.101,0.899,31,25,32,26,1,2,3,2,3,1,"3.54","-0.88","-0.88","26.9",,,,,
"FF","2026-04-21","88.9","-2.33","5.28","Barlow, Scott",641598,605130,,"called_strike",,,,,7,,"R","R","R","SEA","ATH","S",,,0,0,2026,"-0.46","0.93",-0.8266508806790736,2.1139698016150366,,,,1,6,"Bot",,,,,,,4.651133429041473,-129.44489294297182,-3.518312673017076,-6.165756902982602,26.791989730962097,-21.155421105006297,3.248966535,1.639665354,,,,"89.5",2331,"6.6",823148,669127,701762,643446,691777,805779,691016,680869,671732,"53.89",,,,,,,,52,1,"4-Seam Fastball",2,3,2,3,3,2,2,3,"Infield shade","Standard",223,"-0.004","-0.039",,,,"0.039",,-1,-1,0.356,0.356,33,35,34,35,1,2,2,2,4,1,"1.95","0.46","0.46","25.5",,,,,
"FC","2026-04-20","85.4","-2.62","4.51","Arrighetti, Spencer",656555,681293,"strikeout","called_strike",,,,,3,"Yainer Diaz challenged (pitch result), call on the field was overturned: Rhys Hoskins called out on strikes.","R","R","R","CLE","HOU","S",2,,2,2,2026,"0.58","0.68",0.5938762790931398,3.2963119565995505,,,,1,5,"Bot",,,,,,,6.417550551949272,-124.16917810858182,2.347168039589023,4.512862500862898,27.4681640421318,-25.98939040821415,3.334096129,1.682627953,,,,"86.8",2361,"7.5",824450,673237,572233,514888,670623,621043,687957,694728,701358,"53.02",,0,"0",1,0,0,,50,5,"Cutter",2,7,2,7,7,2,2,7,"Standard","Standard",167,"-0.008","-0.228",,,,"0.228",,-5,-5,0.06,0.06,26,33,26,33,3,2,5,1,6,2,"2.48","-0.58","-0.58","13.6",,,,,
"ST","2026-04-20","87","-1.38","5.67","Meyer, Max",691023,676974,"walk","ball",,,,,13,"Agustín Ramírez challenged (pitch result), call on the field was confirmed: Jordan Walker walks.","R","R","R","MIA","STL","B",,,3,1,2026,"0.37","-0.95",-0.8826917943353487,1.822909886443155,,,,0,6,"Top",,,,,,,0.39678454803630286,-126.64041443811539,-0.7414154372155408,3.866574401144942,30.26910204697027,-42.38918580117999,3.461351706,1.746850394,,,,"85.6",2565,"5.8",823879,682663,681393,669364,688363,672640,669065,805300,683357,"54.72",,0.704857,"0.7",1,0,0,,40,5,"Sweeper",2,1,1,2,1,2,1,2,"Infield shade","Standard",19,"-0.036","0.262",,,,"-0.262",,1,-1,0.636,0.364,27,24,27,24,3,2,6,1,6,1,"4.01","-0.37","-0.37","37.5",,,,,
"SL","2026-04-20","89.3","-0.94","5.94","Meyer, Max",691026,676974,,"called_strike",,,,,3,,"R","R","R","MIA","STL","S",,,0,0,2026,"0.05","-0.11",0.7008190452812474,2.9412793951433573,691023,,669357,1,4,"Top",,,,,,,3.8693797539842008,-129.9454898248394,-0.9214471847584762,-0.3302870683776548,28.32262243910751,-33.388395910467274,3.081340223,1.555068898,,,,"88.8",2605,"6.1",823879,682663,681393,669364,688363,672640,669065,805300,683357,"54.42",,,,,,,,24,1,"Slider",0,0,0,0,0,0,0,0,"Strategic","Standard",46,"0.012","-0.041",,,,"0.041",,0,0,0.419,0.581,27,24,27,24,2,1,6,1,6,1,"2.97","-0.05","-0.05","48.6",,,,,
"FF","2026-04-20","92.6","-1.75","5.07","Nola, Aaron",664023,605400,"strikeout","called_strike",,,,,8,"Rafael Marchán challenged (pitch result), call on the field was overturned: Ian Happ called out on strikes.","R","L","R","CHC","PHI","S",2,,3,2,2026,"-1.12","1.16",0.018853803426924554,1.4626870635657494,683737,608324,,0,3,"Bot",,,,,,,7.0164728416083335,-134.40547847756102,-5.7109416735533856,-15.171142440399676,33.807088198812366,-17.00851185358257,3.136630577,1.582972441,,,,"92.8",2362,"6.9",824692,665561,547180,681082,664761,607208,669016,702222,666969,"53.57",,0,"0",1,0,0,,26,6,"4-Seam Fastball",4,0,4,0,0,4,4,0,"Strategic","Standard",226,"-0.017","-0.343",,,,"0.343",,4,4,0.941,0.941,33,31,33,32,2,1,6,1,6,1,"1.54","1.12","-1.12","20.3",,,,,
"SL","2026-04-20","85.7","-2.86","6.09","Gordon, Tanner",669257,685299,,"called_strike",,,,,9,,"R","R","R","COL","LAD","S",,,1,0,2026,"0.18","0.52",0.7353499937024259,1.5217921193934871,,660271,,1,8,"Top",,,,,,,8.025583442555254,-124.73687394149887,-5.499153308879568,0.6359800650093801,19.04698652791193,-25.918153103313813,3.137508202,1.583415354,,,,"86.6",2092,"6.3",824370,664954,681198,650489,691720,678662,687597,686668,687859,"54.2",,,,,,,,68,2,"Slider",1,8,8,1,8,1,8,1,"Standard","Standard",211,"0","-0.042",,,,"0.042",,-7,7,0.004,0.996,28,31,29,31,2,4,5,1,8,1,"2.52","-0.18","-0.18","41.2",,,,,
"ST","2026-04-20","79.2","-2.17","5.35","Lugo, Seth",683002,607625,,"called_strike",,,,,1,,"R","L","R","KC","BAL","S",,,0,1,2026,"1.41","0.08",-0.6743389324128282,2.914052011926352,,,,2,3,"Top",,,,,,,0.5280520676827681,-115.31067136195503,1.439476711499429,12.538017997484577,21.19924303603374,-31.950050315349955,3.328830381,1.679970472,,,,"77.9",2898,"5.3",824125,695600,686469,686681,672580,677951,686555,664728,695506,"55.18",,,,,,,,21,2,"Sweeper",1,0,0,1,0,1,0,1,"Infield shade","Standard",66,"0.003","-0.057",,,,"0.057",,1,-1,0.659,0.34099999999999997,36,25,37,25,2,1,5,1,6,1,"3.55","-1.41","1.41","20.9",,,,,
"FF","2026-04-20","97.4","-1.92","6.03","Cease, Dylan",624428,656302,,"called_strike",,,,,9,,"R","L","R","LAA","TOR","S",,,0,0,2026,"-0.15","1.7",0.6157841994675257,2.040740897809863,,,666139,2,2,"Bot",,,,,,,7.067111288742839,-141.3466742891684,-8.877145014560533,-3.7012274630696638,35.038799231933055,-7.45757635319734,3.111179462,1.570127953,,,,"97.2",2522,"6.6",824046,623168,665489,672820,672960,676391,676914,662139,664702,"53.95",,,,,,,,18,1,"4-Seam Fastball",1,0,1,0,0,1,1,0,"Standard","Standard",194,"-0.003","-0.042",,,,"0.042",,1,1,0.632,0.632,30,34,31,35,1,0,5,1,7,1,"0.73","0.15","-0.15","50.0",,,,,
"SI","2026-04-20","93.8","-1.98","5.69","Murray, Jayden",656555,681151,,"called_strike",,,,,2,,"R","R","R","CLE","HOU","S",,,0,1,2026,"-0.96","0.83",0.20984715067466198,3.4268580865744616,,,,2,9,"Bot",,,,,,,7.743502534215448,-136.39685889604831,-1.7525684642503447,-13.763829112552623,32.88885404993097,-21.69490241378813,3.334096129,1.682627953,,,,"93.5",2212,"6.3",824450,673237,572233,514888,670623,621043,687957,694728,701358,"54.16",,,,,,,,84,2,"Sinker",2,9,2,9,9,2,2,9,"Standard","Standard",212,"0","-0.057",,,,"0.057",,-7,-7,0.001,0.001,29,33,29,33,1,4,8,1,4,2,"1.79","0.96","0.96","30.6",,,,,
"CH","2026-04-20","90","-1.77","5.79","Erceg, Lucas",694212,668674,,"ball",,,,,13,,"R","L","R","KC","BAL","B",,,0,2,2026,"-1.46","0.63",-0.9433249049186807,1.6528661283495867,,687637,624413,2,9,"Top",,,,,,,5.184100075045613,-130.94711896474223,-5.406745968857646,-17.922399770949866,28.95898146257937,-23.96711984254372,3.393774606,1.712746063,,,,"90",1743,"6.4",824125,695600,686469,679845,672580,677951,686555,664728,695506,"54.08",,,,,,,,70,3,"Changeup",1,0,0,1,0,1,0,1,"Standard","Standard",236,"-0.014","0.012",,,,"-0.012",,1,-1,0.912,0.08799999999999997,31,21,31,22,1,3,4,2,1,1,"2.2","1.46","-1.46","39.2",,,,,
"FF","2026-04-20","93.8","-1.88","5.43","Martin, Trevor",553993,694680,"strikeout","called_strike",,,,,1,"Nick Fortes challenged (pitch result), call on the field was overturned: Eugenio Suárez called out on strikes.","R","R","R","TB","CIN","S",2,,3,2,2026,"-0.58","1.56",-0.8041634860880514,2.7835162765053445,,,,2,7,"Top",,,,,,,4.083665316793687,-136.52719481586982,-4.441045827435974,-8.139608149857288,32.198141936519015,-11.969577899621942,3.17085794,1.600246063,,,,"94.3",2253,"6.8",822994,663743,666018,680700,691406,670764,802415,656775,641584,"53.74",,0,"0",1,0,0,,56,6,"4-Seam Fastball",1,6,6,1,6,1,6,1,"Standard","Standard",222,"0.002","-0.328",,,,"0.328",,-5,5,0.037,0.963,25,34,26,35,1,3,,1,4,1,"1.05","0.58","0.58","26.2",,,,,
"FF","2026-04-20","94.4","1.82","5.97","Detmers, Reid",662139,672282,,"called_strike",,,,,3,,"R","L","L","LAA","TOR","S",,,0,0,2026,"0.72","1.56",0.5630256286963862,3.0168050729565565,,,,0,2,"Top",,,,,,,-4.8848607858321325,-137.25428105646094,-5.276511322881863,10.20344606996937,34.29489429473894,-11.55837342045624,3.036581365,1.532480315,,,,"94.2",2140,"6.5",824046,681351,694384,624428,660162,687263,666139,545361,666176,"53.97",,,,,,,,12,1,"4-Seam Fastball",1,0,0,1,0,1,0,1,"Standard","Standard",142,"0.004","-0.039",,,,"0.039",,1,-1,0.603,0.397,26,29,27,30,1,0,6,3,6,1,"1.03","0.72","0.72","39.1",,,,,
"SI","2026-04-20","93.2","-1.49","5.56","Rea, Colin",664761,607067,,"called_strike",,,,,7,,"R","R","R","CHC","PHI","S",,,0,0,2026,"-1.08","0.91",-0.2948195612212876,1.6617132801621457,,,666969,1,2,"Top",,,,,,,5.483096864437747,-135.38873137757759,-5.940607244055831,-14.54045533619441,35.06762550373322,-19.885505077263133,3.406938976,1.719389764,,,,"93",2054,"6.7",824692,665804,683737,663538,608324,621020,664023,691718,624424,"53.81",,,,,,,,9,1,"Sinker",0,0,0,0,0,0,0,0,"Standard","Standard",211,"0.005","-0.04",,,,"0.04",,0,0,0.497,0.503,35,29,36,30,1,0,6,1,5,1,"1.77","1.08","1.08","30.6",,,,,
"CH","2026-04-20","88.2","-1.34","5.72","Martin, Corbin",656941,656686,,"ball",,,,,11,,"R","L","R","CHC","PHI","B",,,0,0,2026,"-0.87","0.71",-0.9075482725741261,2.4477018333118528,,702222,,2,9,"Top",,,,,,,2.848880063175537,-128.43468539931365,-3.118784577332571,-10.156849752158573,28.89810264795511,-23.856102495435323,3.180511811,1.60511811,,,,"87.7",2170,"6.1",824692,665804,683737,663538,608324,621020,664023,691718,807713,"54.39",,,,,,,,74,1,"Changeup",5,1,1,5,1,5,1,5,"Infield shade","Standard",223,"-0.001","0.019",,,,"-0.019",,4,-4,0.996,0.0040000000000000036,30,33,31,33,1,4,1,1,2,1,"2.23","0.87","-0.87","40.0",,,,,
"FF","2026-04-20","90.3","1.73","5.13","Strahm, Matt",665750,621381,,"called_strike",,,,,4,,"R","R","L","KC","BAL","S",,,1,1,2026,"0.84","1.49",-0.8278469217069141,2.592717502686747,,,,1,8,"Top",,,,,,,-8.053652576557859,-131.22781345339286,-3.345102820238498,11.435563326981196,29.47252324829061,-14.509082239986466,3.286704396,1.65871063,,,,"89.6",2613,"6.1",824125,695600,686469,679845,672580,677951,686555,664728,695506,"54.44",,,,,,,,61,3,"4-Seam Fastball",1,0,0,1,0,1,0,1,"Standard","Standard",135,"0.01","-0.064",,,,"0.064",,1,-1,0.801,0.19899999999999995,34,27,35,28,1,2,6,1,1,1,"1.33","0.84","-0.84","29.2",,,,,
"FC","2026-04-20","89.3","-3","5.48","Shugart, Chase",663538,663767,,"ball",,,,,14,,"R","R","R","CHC","PHI","B",,,0,0,2026,"0.2","0.65",0.41397583357287826,1.3600306085089235,,,,0,7,"Bot",,,,,,,7.830166340227368,-129.75596622476576,-5.262844513818247,0.7176766528523093,26.32882529576196,-23.916953010897778,3.185777559,1.607775591,,,,"89.1",2306,"6.2",824692,665561,547180,681082,664761,607208,669016,702222,666969,"54.34",,,,,,,,57,1,"Cutter",5,1,5,1,1,5,5,1,"Standard","Standard",188,"0","0.041",,,,"-0.041",,4,4,0.971,0.971,29,29,30,29,1,3,1,1,3,1,"2.21","-0.2","-0.2","40.9",,,,,
"SI","2026-04-20","94.7","-2.61","5.57","Shugart, Chase",621020,663767,,"called_strike",,,,,6,,"R","R","R","CHC","PHI","S",,,0,0,2026,"-1.23","1.08",0.5689088693068498,2.193939632079843,,,,2,6,"Bot",,,,,,,10.95361405055809,-137.44505526312417,-5.331709740064727,-18.061056385523823,31.82686458624473,-17.382070140700385,3.218249672,1.624163386,,,,"94.3",2118,"6.3",824692,665561,547180,681082,664761,607208,669016,702222,666969,"54.21",,,,,,,,52,1,"Sinker",5,1,5,1,1,5,5,1,"Standard","Standard",219,"0","-0.043",,,,"0.043",,4,4,0.943,0.943,29,32,30,32,1,2,1,1,3,1,"1.48","1.23","1.23","41.7",,,,,
"SL","2026-04-20","85.6","-1.53","5.96","Erceg, Lucas",683002,668674,"walk","ball",,,,,11,"Carter Jensen challenged (pitch result), call on the field was confirmed: Gunnar Henderson walks.","R","L","R","KC","BAL","B",,,3,2,2026,"-0.15","-0.29",-0.8674627450067753,3.2067679401846023,,,,0,9,"Top",,,,,,,1.8507757131541775,-124.7702590906678,0.5085318323337424,-1.9020084607990755,23.725140533803152,-35.485016813432864,3.328830381,1.679970472,,,,"86.2",1869,"6.4",824125,695600,686469,679845,672580,677951,686555,664728,695506,"54.06",,0.704857,"0.7",1,0,0,,66,7,"Slider",1,0,0,1,0,1,0,1,"Infield shade","Standard",16,"-0.099","0.356",,,,"-0.356",,1,-1,0.817,0.18300000000000005,31,25,31,25,1,3,4,1,1,1,"3.37","0.15","-0.15","45.0",,,,,
"ST","2026-04-20","84.1","-1.94","5.78","Cease, Dylan",545361,656302,,"called_strike",,,,,7,,"R","R","R","LAA","TOR","S",,,0,1,2026,"0.85","-0.94",-0.3962399336267972,2.0338423219071866,,,,1,1,"Bot",,,,,,,1.8253218456127582,-122.34171587577602,-0.08638755024340283,8.016934148514636,27.479182419542973,-41.71481590820802,3.243700787,1.637007874,,,,"83.7",2796,"6.3",824046,623168,665489,672820,672960,676391,676914,662139,664702,"54.16",,,,,,,,8,2,"Sweeper",0,0,0,0,0,0,0,0,"Infield shade","Standard",37,"-0.004","-0.052",,,,"0.052",,0,0,0.524,0.524,30,34,31,35,1,0,5,1,7,1,"4.2","-0.85","-0.85","41.1",,,,,
"SI","2026-04-20","92","3.6","5.92","Hurter, Brant",677800,676428,,"ball",,,,,11,,"R","L","L","BOS","DET","B",,,1,2,2026,"1.36","0.13",-0.8664585584133984,2.64332073676181,,665966,701350,1,4,"Bot",,,,,,,-13.976121967480577,-133.1581185270697,-2.4420427434851666,19.224146436540295,29.592679598819807,-30.326426064866975,3.117322835,1.573228347,,,,"90.7",2064,"5.8",824776,668670,690993,650402,701678,805808,682985,663837,681481,"54.65",,,,,,,,39,5,"Sinker",2,2,2,2,2,2,2,2,"Standard","Standard",119,"0.008","0.043",,,,"-0.043",,0,0,0.591,0.591,27,27,28,27,1,2,3,1,3,1,"2.6","1.36","1.36","23.4",,,,,
"SL","2026-04-20","82.9","2.13","5.54","Wrobleski, Justin",686668,680736,,"called_strike",,,,,2,,"R","R","L","COL","LAD","S",,,0,0,2026,"-0.32","0.1",-0.22074651055897235,3.311150499949112,,687597,,0,1,"Bot",,,,,,,-4.576497053684853,-120.77888436287745,1.2782860179784372,-2.302704125390882,22.237984892561624,-31.660563758246436,3.349893373,1.690600394,,,,"81.6",2179,"5.2",824370,669257,687221,669289,571970,500743,606192,681624,669743,"55.29",,,,,,,,6,1,"Slider",0,0,0,0,0,0,0,0,"Infield shade","Standard",252,"-0.006","-0.043",,,,"0.043",,0,0,0.607,0.607,25,28,26,28,1,0,7,1,6,1,"3.2","-0.32","0.32","33.7",,,,,
"FC","2026-04-20","91.7","-1.37","5.8","Faucher, Calvin",602104,676534,,"called_strike",,,,,4,,"R","R","R","MIA","STL","S",,,0,0,2026,"0.17","0.42",-0.5921381486717932,2.1229405977243268,691023,,691026,1,6,"Top",,,,,,,1.549327231484926,-133.5318241427074,-4.13216080403763,1.6943147175739668,27.947191804990677,-26.503274092353898,3.098015092,1.563484252,,,,"91.3",2608,"5.9",823879,682663,681393,669364,688363,672640,669065,805300,683357,"54.59",,,,,,,,43,1,"Cutter",2,1,1,2,1,2,1,2,"Strategic","Standard",204,"0.016","-0.041",,,,"0.041",,1,-1,0.551,0.44899999999999995,30,32,31,32,1,2,1,1,6,2,"2.28","-0.17","-0.17","43.1",,,,,
"CH","2026-04-19","87.4","-3.18","5.22","King, Michael",687263,650633,,"called_strike",,,,,2,,"R","R","R","LAA","SD","S",,,0,1,2026,"-1.49","0.58",-0.2024404319950488,2.804085535257782,,,518595,2,5,"Bot",,,,,,,10.149894711370445,-126.91830039078393,-0.6574673578757764,-18.227575627369834,26.984781710728086,-26.028334800319087,3.169980315,1.59980315,,,,"86.8",1917,"6.1",824047,669134,657757,665487,592518,593428,657656,701538,669369,"54.42",,,,,,,,39,2,"Changeup",0,1,0,1,1,0,0,1,"Standard","Standard",246,"-0.009","-0.055",,,,"0.055",,-1,-1,0.37,0.37,31,25,31,25,3,2,5,1,7,1,"2.43","1.49","1.49","22.4",,,,,
"FF","2026-04-19","87.8","-1.09","5.9","Ober, Bailey",663886,641927,,"ball",,,,,12,,"R","R","R","MIN","CIN","B",,,0,2,2026,"-0.19","1.27",0.846833890984471,3.421565102603842,,,668715,0,7,"Top",,,,,,,5.093738940409513,-127.87971776013869,-2.479161309922008,-3.0660073390183693,23.537215961705563,-17.811632499855076,3.359547244,1.695472441,,,,"89.4",2301,"7",823718,605170,665019,807712,656484,686797,663616,621439,681546,"53.53",,,,,,,,52,4,"4-Seam Fastball",3,1,1,3,1,3,1,3,"Infield shade","Standard",200,"-0.006","0.017",,,,"-0.017",,2,-2,0.776,0.22399999999999998,30,29,31,30,3,2,6,1,6,1,"1.65","0.19","0.19","31.1",,,,,
"CH","2026-04-19","87.9","1.74","5.75","Schultz, Noah",680869,702273,,"ball",,,,,13,,"R","R","L","ATH","CWS","B",,,1,1,2026,"1.54","0.33",-0.2732077698290769,1.3048043740366086,,,,2,5,"Bot",,,,,,,-8.013746821857492,-127.64225792536014,-5.029301832810951,18.468386968834814,28.084804024963738,-27.64623085084574,3.291970144,1.66136811,,,,"87.2",2161,"6.1",825018,700337,808959,805367,678246,695657,695020,682668,656537,"54.38",,,,,,,,43,3,"Changeup",1,7,1,7,7,1,1,7,"Standard","Standard",115,"0","0.053",,,,"-0.053",,-6,-6,0.03,0.03,22,26,23,27,2,1,5,1,6,1,"2.65","1.54","-1.54","21.3",,,,,
"FF","2026-04-19","94.7","2.03","5.73","Schultz, Noah",672016,702273,,"called_strike",,,,,8,,"R","R","L","ATH","CWS","S",,,1,1,2026,"0.93","0.95",-0.08544331352758328,1.6105013669318047,,,,1,5,"Bot",,,,,,,-7.540070778948676,-137.69641456345735,-7.012455340344334,13.52159051243573,29.510649951921277,-18.645219698870026,3.363057743,1.697244095,,,,"94.5",2486,"6.1",825018,700337,808959,805367,678246,695657,695020,682668,656537,"54.36",,,,,,,,42,3,"4-Seam Fastball",1,7,1,7,7,1,1,7,"Standard","Standard",128,"-0.002","-0.064",,,,"0.064",,-6,-6,0.036,0.036,22,26,23,26,2,1,5,1,6,,"1.58","0.93","-0.93","18.8",,,,,
"FF","2026-04-19","96.3","0.58","6.17","McClanahan, Shane",665833,663556,,"called_strike",,,,,8,,"R","L","L","PIT","TB","S",,,0,1,2026,"0.65","1.26",-0.22985906933841527,1.8819810367556276,,542303,,0,4,"Bot",,,,,,,-3.6405290412607614,-140.0215100553764,-8.529638998968359,9.373807427085794,31.207735475991385,-13.843329392243966,3.515764436,1.774311024,,,,"96.9",2211,"6.6",823393,676439,666018,680700,691406,670764,802415,656775,676356,"53.85",,,,,,,,26,2,"4-Seam Fastball",1,0,1,0,0,1,1,0,"Standard","Standard",140,"-0.009","-0.071",,,,"0.071",,1,1,0.737,0.737,29,27,29,28,2,1,5,1,6,2,"1.2","0.65","0.65","39.2",,,,,
"SL","2026-04-19","89.8","-2.42","5.99","Burrows, Mike",691023,681347,,"called_strike",,,,,9,,"R","R","R","HOU","STL","S",,,0,1,2026,"-0.04","0.75",0.4662389649478011,1.662757348858902,,,,0,5,"Top",,,,,,,7.124441566101724,-130.48289242062972,-6.052272444923297,-1.99463315525987,28.8523908253515,-22.527280019684717,3.461351706,1.746850394,,,,"89.5",2526,"6.3",824205,673237,572233,514888,670623,621043,694376,666211,701358,"54.21",,,,,,,,28,2,"Slider",1,0,0,1,0,1,0,1,"Infield shade","Standard",194,"0.008","-0.055",,,,"0.055",,1,-1,0.643,0.357,26,24,27,24,2,1,6,1,6,1,"2.1","0.04","0.04","37.5",,,,,
"SI","2026-04-19","94","-2.01","6.68","Painter, Andrew",643289,691725,"strikeout","called_strike",,,,,8,"Rafael Marchán challenged (pitch result), call on the field was overturned: Mauricio Dubón called out on strikes.","R","R","R","PHI","ATL","S",2,,3,2,2026,"-1.12","1.3",0.08733370877535607,1.5372437474946985,,663586,642086,2,2,"Top",,,,,,,7.915664224699137,-136.37962129721382,-10.299820208622902,-15.660793726676294,29.17364571893055,-13.865483282861325,3.17085794,1.600246063,,,,"94.4",1945,"6.6",823475,665561,547180,681082,664761,607208,669016,702222,666969,"53.86",,0,"0",1,0,0,,14,10,"Sinker",2,0,0,2,0,2,0,2,"Standard","Standard",193,"0.049","-0.282",,,,"0.282",,2,-2,0.698,0.30200000000000005,23,31,23,32,1,0,7,1,5,2,"1.29","1.12","1.12","54.9",,,,,
"SI","2026-04-19","97.1","1.75","5.79","Schultz, Noah",672016,702273,,"called_strike",,,,,9,,"R","R","L","ATH","CWS","S",,,0,0,2026,"1.59","0.7",0.7117019910401841,1.8325214973301238,,,,2,2,"Bot",,,,,,,-6.421875467248477,-141.13779417307887,-6.4404059482832885,22.744013689506506,31.56280680315948,-21.512606316890164,3.363057743,1.697244095,,,,"96.9",2467,"6.2",825018,700337,808959,805367,678246,695657,695020,682668,656537,"54.32",,,,,,,,20,1,"Sinker",1,4,1,4,4,1,1,4,"Standard","Standard",133,"-0.001","-0.043",,,,"0.043",,-3,-3,0.215,0.215,22,26,23,26,1,0,5,1,6,,"1.72","1.59","-1.59","20.2",,,,,
"FF","2026-04-19","94.3","1.25","6.36","Ragans, Cole",676609,666142,,"ball",,,,,13,,"R","R","L","NYY","KC","B",,,2,1,2026,"1.15","1.42",-0.014127147716298527,1.2793508175564332,,663757,642708,2,1,"Bot",,,,,,,-5.793367372237495,-136.79838707980204,-10.319905319743654,15.682572982108352,31.404567653698344,-12.227157467742982,3.083095472,1.555954724,,,,"93.5",2596,"6.1",823556,553869,686469,686681,672580,677951,686555,657041,516782,"54.41",,,,,,,,12,4,"4-Seam Fastball",3,0,3,0,0,3,3,0,"Standard","Standard",142,"0.004","0.109",,,,"-0.109",,3,3,0.804,0.804,28,29,29,30,1,0,5,1,6,2,"1.17","1.15","-1.15","46.9",,,,,
"CH","2026-04-19","83.1","-1.73","5.72","Lorenzen, Michael",808975,547179,,"called_strike",,,,,1,,"R","L","R","COL","LAD","S",,,1,0,2026,"-1.12","0.58",-0.7196418566931642,3.058999483613566,,,,1,3,"Top",,,,,,,4.487793393535892,-121.08365230831711,-0.6594528468798655,-11.879206688294735,21.348202775114306,-26.547704675717426,3.124343832,1.576771654,,,,"82.9",2059,"5.9",824371,696100,681198,666397,691720,650489,666160,664983,687859,"54.63",,,,,,,,15,2,"Changeup",0,0,0,0,0,0,0,0,"Standard","Standard",235,"0.004","-0.049",,,,"0.049",,0,0,0.522,0.478,34,27,34,27,1,0,5,1,5,2,"2.69","1.12","-1.12","45.5",,,,,
"FF","2026-04-19","97.7","-1.84","5.55","Chivilli, Angel",686555,683409,,"ball",,,,,11,,"R","L","R","NYY","KC","B",,,0,0,2026,"-1.61","0.97",-0.6965514140055482,3.202613856106264,,,516782,2,9,"Top",,,,,,,6.829916349389879,-141.99452274408054,-2.857689628625131,-23.381479841809956,35.764255146862716,-18.66357743256231,3.012885499,1.520521654,,,,"97.4",2315,"6.4",823556,669224,502671,642708,641857,676609,641355,663757,592450,"54.1",,,,,,,,75,1,"4-Seam Fastball",7,0,0,7,0,7,0,7,"Infield shade","Standard",238,"0","0.035",,,,"-0.035",,7,-7,0.999,0.0010000000000000009,23,28,24,29,1,3,3,1,,1,"1.44","1.61","-1.61","28.8",,,,,
"FF","2026-04-19","93.4","-2.51","5.64","Pfaadt, Brandon",678218,694297,,"called_strike",,,,,6,,"R","L","R","AZ","TOR","S",,,0,1,2026,"-0.39","1.36",0.8197316107030558,2.341805473786079,,,,0,5,"Top",,,,,,,9.406864031167906,-135.68730649312135,-5.607159485278033,-6.8955114809390095,30.21484016653463,-14.27129289309401,3.219127297,1.624606299,,,,"94",2567,"6.8",825100,543510,545121,606466,571448,699912,666971,677950,678489,"53.71",,,,,,,,43,2,"4-Seam Fastball",1,10,10,1,10,1,10,1,"Infield shade","Standard",218,"0","-0.055",,,,"0.055",,-9,9,0.007,0.993,27,25,28,26,1,2,8,4,6,2,"1.26","0.39","-0.39","35.6",,,,,
"ST","2026-04-19","84.6","-2.44","5.56","Teng, Kai-Wei",671056,678906,,"ball",,,,,11,,"R","R","R","HOU","STL","B",,,0,0,2026,"1.57","0.11",-0.530290473779673,3.4129141997919414,,,687363,2,7,"Top",,,,,,,1.2095547570987388,-123.20937993371457,1.3362528614728613,15.591029108341678,26.809348991297146,-31.56614033826522,3.173490814,1.601574803,,,,"84.3",2718,"6.3",824205,673237,572233,514888,670623,621043,694376,666211,701358,"54.25",,,,,,,,52,1,"Sweeper",1,4,4,1,4,1,4,1,"Standard","Standard",57,"-0.001","0.035",,,,"-0.035",,-3,3,0.118,0.882,27,26,28,26,1,3,3,1,2,1,"3.09","-1.57","-1.57","23.9",,,,,
"FF","2026-04-19","90.9","2.06","6.2","Springs, Jeffrey",682668,605488,,"ball",,,,,11,,"R","R","L","ATH","CWS","B",,,1,2,2026,"0.71","1.47",-0.6192283381329264,3.171496153534669,,,,1,2,"Top",,,,,,,-8.181936937534747,-132.04361593541833,-4.672434175641461,10.060854344910108,28.052372460103506,-14.10990770313448,3.008497375,1.518307087,,,,"91.1",2123,"6.5",825018,669127,701762,628451,687231,805779,691016,672016,680869,"54.03",,,,,,,,13,4,"4-Seam Fastball",0,2,2,0,2,0,2,0,"Standard","Standard",149,"-0.002","0.048",,,,"-0.048",,-2,2,0.324,0.6759999999999999,33,24,34,24,1,0,5,1,6,3,"1.29","0.71","-0.71","46.7",,,,,
"FF","2026-04-19","93.3","-0.73","5.84","Hoffmann, Andrew",678218,694851,"strikeout","called_strike",,,,,7,"James McCann challenged (pitch result), call on the field was overturned: Brandon Valenzuela called out on strikes.","R","L","R","AZ","TOR","S",2,,2,2,2026,"-0.18","1.37",-0.6856899800107497,1.8425262109273257,,,,1,3,"Top",,,,,,,0.538150870251831,-135.7686908098699,-7.406464029802409,-2.3685586999171213,31.453611753266706,-13.767739547895701,3.219127297,1.624606299,,,,"93.9",2218,"6.8",825100,543510,545121,606466,571448,699912,666971,677950,682998,"53.71",,0,"0",1,0,0,,27,5,"4-Seam Fastball",1,9,9,1,9,1,9,1,"Infield shade","Standard",212,"0.001","-0.228",,,,"0.228",,-8,8,0.026,0.974,26,25,26,26,1,1,6,4,6,2,"1.26","0.18","-0.18","52.2",,,,,
"CH","2026-04-19","91.6","-0.49","5.84","Rodriguez, Bradgley",666176,699134,"strikeout","called_strike",,,,,9,"Freddy Fermin challenged (pitch result), call on the field was overturned: Jo Adell called out on strikes.","R","R","R","LAA","SD","S",2,,2,2,2026,"-1.38","0.57",0.40239807865431,1.6046818104346767,,,,2,8,"Bot",,,,,,,5.280066855193482,-133.1854085465711,-5.825783915749254,-17.534864685435018,30.616957255280163,-24.26928035066476,3.305134514,1.668011811,,,,"91.7",1844,"6.5",824047,666023,657757,630105,592518,593428,657656,701538,665487,"53.97",,0,"0",1,0,0,,65,5,"Changeup",1,2,1,2,2,1,1,2,"Standard","Standard",231,"-0.027","-0.224",,,,"0.224",,-1,-1,0.192,0.192,22,27,23,27,1,3,2,1,7,1,"2.16","1.38","1.38","44.9",,,,,
"FF","2026-04-19","91.8","0.33","6.07","Cantillo, Joey",691723,676282,,"called_strike",,,,,7,,"R","R","L","CLE","BAL","S",,,2,1,2026,"0.35","1.4",-0.6006017894534619,1.6551373208170879,,642215,,1,2,"Top",,,,,,,-3.1445030687622015,-133.46542216570225,-8.223835277983714,4.860429934781334,29.895375097549756,-13.827035516339274,3.413959974,1.722933071,,,,"92.9",1799,"7.1",824452,595978,656555,682877,682177,677587,682657,680757,681807,"53.45",,,,,,,,10,4,"4-Seam Fastball",0,0,0,0,0,0,0,0,"Standard","Standard",158,"0.008","-0.065",,,,"0.065",,0,0,0.478,0.522,26,24,27,25,1,0,5,1,6,2,"1.32","0.35","-0.35","56.7",,,,,
"ST","2026-04-19","83.6","2.01","5.72","Schultz, Noah",691777,702273,"strikeout","called_strike",,,,,7,"Edgar Quero challenged (pitch result), call on the field was overturned: Max Muncy called out on strikes.","R","R","L","ATH","CWS","S",2,,3,2,2026,"-1.14","0.2",-0.6730527819659735,1.582378928263739,,,,0,2,"Bot",,,,,,,-3.826326745851355,-121.71190231695506,-3.2145071675050523,-10.431531711076918,25.810624984901004,-29.776943131906837,3.227903543,1.629035433,,,,"83.4",2830,"6.3",825018,700337,808959,805367,678246,695657,695020,682668,656537,"54.18",,0,"0",1,0,0,,17,6,"Sweeper",0,4,0,4,4,0,0,4,"Strategic","Standard",282,"-0.024","-0.345",,,,"0.345",,-4,-4,0.186,0.186,22,23,23,24,1,0,5,1,6,1,"3.08","-1.14","1.14","23.1",,,,,
"SL","2026-04-19","91.8","-0.23","6.39","Ashcraft, Graham",686797,668933,"strikeout","called_strike",,,,,2,"P.J. Higgins challenged (pitch result), call on the field was overturned: Brooks Lee called out on strikes.","R","L","R","MIN","CIN","S",2,,2,2,2026,"0.58","-0.05",-0.07179967855436231,3.2484415807633793,605170,,680777,2,10,"Bot",,,,,,,-0.8779343429735196,-133.7136360252944,-1.7444823430936784,7.10614966060034,31.24162422156348,-32.61963510978972,3.208595801,1.619291339,,,,"90.4",2925,"5.6",823718,664731,668715,680574,701398,682829,666181,667472,677956,"54.94",,0,"0",1,0,0,,90,7,"Slider",4,7,4,7,7,4,4,7,"Infield shade","Standard",62,"-0.045","-0.216",,,,"0.216",,-3,-3,0.045,0.045,28,25,28,25,1,4,2,1,5,2,"2.77","-0.58","0.58","51.8",,,,,
"FF","2026-04-19","96.5","2.44","6.07","Crochet, Garrett",693307,676979,,"ball",,,,,11,,"R","R","L","BOS","DET","B",,,2,2,2026,"0.6","1.33",-0.8343167180965865,3.1261210573128038,,663837,,2,1,"Top",,,,,,,-10.097498364893802,-140.13308639550684,-5.146750925110218,10.278997138093558,32.681784271151514,-13.710021607779636,3.271784777,1.651181102,,,,"97.3",2364,"6.9",824777,665966,655316,643396,702332,596115,701350,678882,677800,"53.57",,,,,,,,4,5,"4-Seam Fastball",0,0,0,0,0,0,0,0,"Standard","Standard",138,"-0.007","0.057",,,,"-0.057",,0,0,0.521,0.479,27,27,27,28,1,0,6,1,6,1,"1.14","0.6","-0.6","34.1",,,,,
"FF","2026-04-19","96.8","-1.65","5.14","Woo, Bryan",673962,693433,"strikeout","called_strike",,,,,3,"Mitch Garver challenged (pitch result), call on the field was overturned: Josh Jung called out on strikes.","R","R","R","SEA","TEX","S",2,,1,2,2026,"-0.87","1.13",0.44024264577182104,3.365897177012015,,,,2,2,"Top",,,,,,,7.5270698226044574,-140.80785474176471,-1.65983370306488,-13.297306169941393,30.94232543818946,-16.980984587441466,3.26300853,1.646751969,,,,"96.9",2241,"6.3",823150,641598,656582,702284,660844,641487,668227,677594,608701,"54.23",,0,"0",1,0,0,,10,4,"4-Seam Fastball",1,0,0,1,0,1,0,1,"Standard","Standard",228,"0.008","-0.182",,,,"0.182",,1,-1,0.648,0.352,26,28,26,28,1,0,5,1,6,2,"1.3","0.87","0.87","25.9",,,,,
"CH","2026-04-19","88.9","-2.38","5.93","Burrows, Mike",691023,681347,"strikeout","called_strike",,,,,7,"Yainer Diaz challenged (pitch result), call on the field was overturned: Jordan Walker called out on strikes.","R","R","R","HOU","STL","S",2,,0,2,2026,"-1.47","0.58",-0.3740438894269922,1.9279185832341734,,,,0,2,"Top",,,,,,,7.981784125565903,-129.17239458987532,-4.732070978111726,-18.149925052773398,28.262560323905863,-24.863064376132716,3.461351706,1.746850394,,,,"88.7",1564,"6.4",824205,673237,572233,514888,670623,621043,694376,666211,701358,"54.11",,0,"0",1,0,0,,7,3,"Changeup",0,0,0,0,0,0,0,0,"Standard","Standard",233,"0.014","-0.165",,,,"0.165",,0,0,0.509,0.491,26,24,27,24,1,0,6,1,6,1,"2.33","1.47","1.47","35.8",,,,,
"FF","2026-04-19","91.5","-2.39","6.09","Gausman, Kevin",545121,592332,,"ball",,,,,13,,"R","L","R","AZ","TOR","B",,,0,0,2026,"-0.87","1.28",-0.1563618916080436,1.4650816767573667,,,680728,0,2,"Bot",,,,,,,7.50733609038401,-132.84957708263815,-8.40845249881947,-11.87159159574028,26.86806577980654,-15.347461757567274,3.161204068,1.595374016,,,,"92.2",2106,"6.7",825100,678218,665489,676391,672960,665926,660821,664702,664770,"53.82",,,,,,,,21,1,"4-Seam Fastball",0,8,0,8,8,0,0,8,"Standard","Standard",216,"0.002","0.04",,,,"-0.04",,-8,-8,0.046,0.046,35,34,35,35,1,0,5,1,6,2,"1.44","0.87","-0.87","41.5",,,,,
"SI","2026-04-19","92","2.47","5.37","Alexander, Tyler",641487,641302,"strikeout","called_strike",,,,,1,"Danny Jansen challenged (pitch result), call on the field was overturned: J.P. Crawford called out on strikes.","R","L","L","SEA","TEX","S",2,,1,2,2026,"1.14","0.66",-0.5950486334086009,2.846691745277508,,,,1,6,"Bot",,,,,,,-10.189224397217812,-133.71183014305302,-1.8336528488305572,15.849613250335079,27.853627904068606,-24.07278068960495,3.219127297,1.624606299,,,,"92.1",2089,"6.3",823150,643376,669394,669701,673962,608369,694671,694497,607043,"54.15",,0,"0",1,0,0,,44,5,"Sinker",5,0,5,0,0,5,5,0,"Infield shade","Standard",129,"-0.001","-0.18",,,,"0.18",,5,5,0.97,0.97,31,31,32,31,1,2,2,1,3,1,"2.03","1.14","1.14","30.0",,,,,
"FF","2026-04-19","100.9","-1.49","6.49","Miller, Mason",681351,695243,,"ball",,,,,12,,"R","R","R","LAA","SD","B",,,0,0,2026,"-0.62","1.42",0.014233803291135438,3.7218707856572517,,,,2,9,"Bot",,,,,,,5.665295864972817,-146.74600776324732,-5.613362871757958,-10.287892720532064,36.54184912820893,-10.588917172256668,3.29109252,1.660925197,,,,"101.5",2540,"6.8",824047,666023,664034,630105,592518,593428,657656,701538,665487,"53.73",,,,,,,,71,1,"4-Seam Fastball",1,2,1,2,2,1,1,2,"Standard","Strategic",201,"0.005","0.037",,,,"-0.037",,-1,-1,0.047,0.047,27,26,28,26,1,0,1,1,4,1,"0.83","0.62","0.62","44.1",,,,,
"CU","2026-04-19","84.3","-1.33","5.65","Klein, Will",650489,694361,,"called_strike",,,,,1,,"R","L","R","COL","LAD","S",,,2,1,2026,"0.82","-0.9",-0.6463214186010282,3.2249981486823422,,687859,,0,6,"Bot",,,,,,,-0.08331783399290016,-122.79547957067689,2.712599738760944,8.320764729329792,22.5540254599899,-42.01296014356849,3.203330053,1.616633858,,,,"85.1",2374,"6.6",824371,669257,669899,690976,571970,808975,669743,681624,663656,"53.9",,,,,,,,53,4,"Curveball",3,4,3,4,4,3,3,4,"Standard","Standard",27,"-0.016","-0.081",,,,"0.081",,-1,-1,0.509,0.509,26,29,27,29,1,2,1,4,6,1,"4.08","-0.82","0.82","48.9",,,,,
"FF","2026-04-19","94.3","-2.21","5.35","Williams, Devin",673548,642207,,"called_strike",,,,,3,,"R","R","R","CHC","NYM","S",,,0,1,2026,"-0.8","1.27",0.4242576847408325,3.298120188041411,,,664068,0,9,"Bot",,,,,,,8.742078576510924,-137.03254917308743,-2.2959988158680438,-12.097576219240224,33.100187595169096,-15.991920778524168,3.177878937,1.60378937,,,,"95.7",2380,"7.4",824691,620443,668901,543760,666182,596019,502054,673357,621438,"53.11",,,,,,,,65,2,"4-Seam Fastball",0,1,0,1,1,0,0,1,"Standard","Standard",225,"-0.031","-0.053",,,,"0.053",,-1,-1,0.32,0.32,31,31,32,32,1,3,4,1,2,1,"1.32","0.8","0.8","25.8",,,,,
"FF","2026-04-19","96.4","-1.77","5.77","Finnegan, Kyle",678882,640448,"strikeout","called_strike",,,,,6,"Dillon Dingler challenged (pitch result), call on the field was overturned: Ceddanne Rafaela called out on strikes.","R","R","R","BOS","DET","S",2,,2,2,2026,"-0.59","1.84",0.7723637438647702,2.0478353380707155,,,,0,7,"Bot",,,,,,,8.069866080219777,-139.8964067024851,-8.28861055021418,-9.72785861893282,36.68689339874436,-6.249490060547574,3.110301837,1.569685039,,,,"96.2",2266,"6.7",824777,693307,679529,650402,701678,595879,682985,663837,672761,"53.79",,0,"0",1,0,0,,56,5,"4-Seam Fastball",1,5,1,5,5,1,1,5,"Standard","Standard",203,"-0.015","-0.232",,,,"0.232",,-4,-4,0.068,0.068,34,25,35,26,1,2,2,1,3,1,"0.65","0.59","0.59","52.1",,,,,
"SI","2026-04-19","96.4","-1.88","5.1","Woo, Bryan",608369,693433,,"called_strike",,,,,6,,"R","L","R","SEA","TEX","S",,,2,0,2026,"-1.47","0.61",0.7416995949743079,2.7065003520696664,,,607043,0,1,"Top",,,,,,,10.303629194267318,-140.15015815302166,-2.0540460647288574,-21.63991345653028,29.11216231274385,-23.83609552079678,3.37183399,1.701673228,,,,"97",2290,"6.5",823150,641598,656582,702284,660844,641487,668227,677594,608701,"53.98",,,,,,,,2,3,"Sinker",0,0,0,0,0,0,0,0,"Infield shade","Standard",222,"0.011","-0.066",,,,"0.066",,0,0,0.448,0.552,26,32,26,32,1,0,5,1,6,2,"1.83","1.47","-1.47","25.5",,,,,
"FF","2026-04-19","91.6","0.54","6.11","Cantillo, Joey",683002,676282,,"called_strike",,,,,1,,"R","L","L","CLE","BAL","S",,,0,0,2026,"0.29","1.45",-0.6877476497404608,3.4281195666900928,,,621493,0,1,"Top",,,,,,,-3.7565478978423683,-133.2973664152808,-3.9625640777230084,4.255721050933494,29.145289662047958,-14.197037597154907,3.328830381,1.679970472,,,,"92.8",1830,"7",824452,595978,656555,682877,682177,677587,682657,680757,681807,"53.47",,,,,,,,2,1,"4-Seam Fastball",0,0,0,0,0,0,0,0,"Standard","Standard",156,"0.005","-0.043",,,,"0.043",,0,0,0.464,0.536,26,25,27,25,1,0,5,1,6,1,"1.27","0.29","0.29","53.8",,,,,
"SI","2026-04-19","90.7","1.38","6.47","Alvarez, Andrew",646240,674841,,"ball",,,,,11,,"R","L","L","WSH","SF","B",,,0,0,2026,"0.75","0.57",-0.11383031091633,3.338336070164491,,,,2,5,"Top",,,,,,,-5.32686380639288,-132.226373619686,-3.071008562118516,9.905564244929387,23.28247872643828,-25.045056448701317,3.217372047,1.623720472,,,,"91.4",1944,"6.2",822750,660688,678554,683083,691781,682928,695578,696285,686894,"54.28",,,,,,,,38,1,"Sinker",0,0,0,0,0,0,0,0,"Infield shade","Standard",176,"-0.002","0.037",,,,"-0.037",,0,0,0.552,0.44799999999999995,27,29,27,30,1,2,,1,,2,"2.15","0.75","0.75","47.8",,,,,
"ST","2026-04-19","79.6","-2.67","5.07","Barlow, Scott",678246,605130,,"ball",,,,,13,,"R","R","R","ATH","CWS","B",,,0,0,2026,"0.81","1.02",-0.09889448588787897,1.3483277304300154,,,,0,9,"Top",,,,,,,4.012523636041841,-115.87881504129724,-3.121920542841279,6.5367436900516065,22.412736885796257,-22.637161855046866,3.290214895,1.660482283,,,,"79.7",2396,"6.4",825018,669127,701762,680869,687231,805779,691016,671732,666126,"54.12",,,,,,,,70,1,"Sweeper",4,7,7,4,7,4,7,4,"Standard","Standard",88,"0","0.041",,,,"-0.041",,-3,3,0.034,0.966,33,26,34,27,1,4,3,1,2,2,"2.59","-0.81","-0.81","20.2",,,,,
"SI","2026-04-19","93.3","0.72","6.24","Valdez, Framber",701350,664285,,"called_strike",,,,,9,,"R","L","L","BOS","DET","S",,,0,0,2026,"1.43","0.61",0.7043227780099065,1.9906829851629615,,,,0,1,"Bot",,,,,,,-3.204308855815097,-135.6941573180285,-6.167221015537618,18.30233027355147,33.830135098043144,-23.37264180756475,3.326197507,1.678641732,,,,"92",2192,"5.8",824777,693307,679529,650402,701678,595879,682985,663837,672761,"54.66",,,,,,,,6,1,"Sinker",0,1,0,1,1,0,0,1,"Infield shade","Strategic",143,"-0.004","-0.039",,,,"0.039",,-1,-1,0.448,0.448,32,22,33,22,1,0,5,1,5,1,"2.04","1.43","1.43","48.0",,,,,
"SL","2026-04-18","81.9","-3.63","4.73","Peralta, Freddy",673548,642547,"walk","ball",,,,,14,"Francisco Alvarez challenged (pitch result), call on the field was confirmed: Seiya Suzuki walks. Ian Happ to 2nd.","R","R","R","CHC","NYM","B",,,3,2,2026,"0.41","0.42",0.8363810850918213,1.4048330858495852,,,664023,2,6,"Bot",,,,,,,9.184150404273513,-119.04982508779132,-1.575474376199114,2.14676561435895,22.33863485313708,-28.05360288666497,3.177878937,1.60378937,,,,"82.2",2504,"6.5",824694,682626,668901,543760,666182,596019,701807,673357,683146,"54.03",,0.704857,"0.7",1,0,0,,47,6,"Slider",1,1,1,1,1,1,1,1,"Strategic","Standard",79,"0.026","0.24",,,,"-0.24",,0,0,0.54,0.54,30,31,30,32,3,2,6,1,6,1,"2.98","-0.41","-0.41","26.3",,,,,
"FC","2026-04-18","93.7","-2.51","5.77","Severino, Luis",803011,622663,,"ball",,,,,14,,"R","L","R","ATH","CWS","B",,,0,0,2026,"-0.19","0.62",0.946141275174452,2.324278980622102,,677592,,0,6,"Top",,,,,,,9.280828260418202,-136.12706797132566,-4.306654398528799,-4.5359269246519505,32.00510431204739,-23.652611510148493,3.154183071,1.591830709,,,,"93.9",2357,"6.6",825020,642851,701762,643446,691777,805779,691016,671732,666126,"53.86",,,,,,,,47,1,"Cutter",3,5,5,3,5,3,5,3,"Infield shade","Standard",207,"-0.002","0.032",,,,"-0.032",,-2,2,0.174,0.8260000000000001,32,23,32,23,3,2,5,1,6,1,"2","0.19","-0.19","37.0",,,,,
"FF","2026-04-18","94.4","2.06","5.55","Kikuchi, Yusei",592518,579328,,"ball",,,,,14,,"R","R","L","LAA","SD","B",,,1,0,2026,"0.64","1.27",0.3311163167723684,1.5173840539937589,,,,2,6,"Top",,,,,,,-5.94083396952751,-137.1425194320187,-7.445983596112863,9.469948461935806,33.204743710173595,-14.647679610280418,3.313910761,1.672440945,,,,"94.9",2220,"6.9",824049,681351,694384,624428,672724,687263,666139,545361,666176,"53.6",,,,,,,,39,2,"4-Seam Fastball",0,0,0,0,0,0,0,0,"Standard","Standard",133,"-0.004","0.065",,,,"-0.065",,0,0,0.557,0.44299999999999995,35,33,35,34,3,2,5,1,6,1,"1.32","0.64","-0.64","44.9",,,,,
"FF","2026-04-18","94.4","-1.39","6.03","Bradley, Taj",682829,671737,,"ball",,,,,13,,"R","L","R","MIN","CIN","B",,,1,1,2026,"-0.4","1.68",-0.8951248018226381,2.167507271156502,,,666181,2,5,"Top",,,,,,,2.1806783242841195,-137.24835137530548,-7.902166804715475,-5.500618897184869,31.256887998236472,-9.407550474308607,3.460474081,1.74640748,,,,"94.4",2214,"6.4",823721,680777,605137,807712,656484,686797,663616,668952,668885,"54.11",,,,,,,,41,3,"4-Seam Fastball",3,2,2,3,2,3,2,3,"Infield shade","Standard",196,"-0.005","0.054",,,,"-0.054",,1,-1,0.678,0.32199999999999995,25,24,25,24,3,2,6,1,6,1,"0.89","0.4","-0.4","50.1",,,,,
"CH","2026-04-18","88.4","-1.47","5.56","Kirby, George",694497,669923,"walk","ball",,,,,13,"Cal Raleigh challenged (pitch result), call on the field was confirmed: Evan Carter walks. Joc Pederson to 3rd. Josh Jung to 2nd.","R","L","R","SEA","TEX","B",,,3,2,2026,"-1.16","0.47",-0.5162982575828414,1.39377428314386,,592626,673962,1,4,"Top",,,,,,,4.796015210088576,-128.67763491444452,-4.873082533530873,-13.839867336943364,26.571628503276617,-26.133108766500293,3.315666011,1.673326772,,,,"89.3",1657,"6.8",823151,663728,647304,702284,660844,641487,668227,677594,670042,"53.71",,0.704857,"0.7",1,0,0,,28,9,"Changeup",1,0,0,1,0,1,0,1,"Standard","Standard",244,"-0.065","0.287",,,,"-0.287",,1,-1,0.558,0.44199999999999995,28,23,28,24,2,1,5,1,6,1,"2.44","1.16","-1.16","30.8",,,,,
"ST","2026-04-18","79.3","2.8","5.36","Gordon, Colton",701675,676467,,"ball",,,,,13,,"R","L","L","HOU","STL","B",,,0,1,2026,"-0.94","0.43",-0.8346500262097964,1.8981377414352032,,,602104,0,8,"Top",,,,,,,-6.081853345874411,-115.2388026705339,-1.2900570433028047,-7.068972199381102,23.857331510536383,-28.383257776847994,3.112934711,1.57101378,,,,"79.6",2481,"6.8",824206,543877,572233,514888,694376,621043,670541,666211,701358,"53.69",,,,,,,,62,2,"Sweeper",1,6,6,1,6,1,6,1,"Standard","Standard",291,"0","0.034",,,,"-0.034",,-5,5,0.015,0.985,27,25,28,26,2,3,4,1,3,1,"3.24","-0.94","-0.94","27.1",,,,,
"CU","2026-04-18","74.6","-2.13","5.94","Eovaldi, Nathan",641487,543135,,"called_strike",,,,,2,,"R","L","R","SEA","TEX","S",,,0,0,2026,"0.68","-0.59",0.1906730395972418,3.2273743879839705,,,,0,3,"Bot",,,,,,,3.5028179117722957,-108.49076215030416,2.9066598479493777,4.752919495692721,19.216323031120435,-37.53064457289582,3.219127297,1.624606299,,,,"74.9",1743,"6.6",823151,543309,669394,677649,673962,608369,694671,694497,607043,"53.92",,,,,,,,22,1,"Curveball",1,0,1,0,0,1,1,0,"Infield shade","Standard",45,"-0.003","-0.039",,,,"0.039",,1,1,0.669,0.669,36,31,36,31,2,1,5,1,6,1,"4.69","-0.68","0.68","39.2",,,,,
"FF","2026-04-18","91","1.15","5.71","Morán, Jovani",682985,663558,,"called_strike",,,,,8,,"R","L","L","BOS","DET","S",,,2,0,2026,"0.17","1.41",-0.1777119644650285,1.5708304017522812,,,,2,7,"Top",,,,,,,-3.690435710922634,-132.31556079756243,-7.31437154867838,2.8699366368255133,31.38716496024817,-14.28079339538747,3.303379265,1.667125984,,,,"91.5",2177,"6.9",824775,657136,575929,643396,702332,655316,701350,678882,677800,"53.64",,,,,,,,54,3,"4-Seam Fastball",1,4,4,1,4,1,4,1,"Strategic","Standard",184,"0.002","-0.066",,,,"0.066",,-3,3,0.121,0.879,29,25,29,26,2,3,5,1,2,1,"1.38","0.17","0.17","54.0",,,,,
"FF","2026-04-18","92.1","3","4.96","Sale, Chris",607208,519242,,"called_strike",,,,,7,,"R","R","L","PHI","ATL","S",,,0,0,2026,"1.18","1.03",-0.609575639989921,2.1241095540613877,,,,0,3,"Bot",,,,,,,-11.6935973986964,-133.55294617958822,-3.3648693710876003,16.72887529923294,31.41940772546176,-19.37863743981098,3.244578412,1.637450787,,,,"92.1",2221,"6.7",823474,641680,621566,645277,663586,622761,643289,642201,660670,"53.82",,,,,,,,26,1,"4-Seam Fastball",1,3,1,3,3,1,1,3,"Standard","Standard",113,"-0.004","-0.039",,,,"0.039",,-2,-2,0.328,0.328,37,33,37,33,2,1,6,1,8,1,"1.7","1.18","-1.18","10.6",,,,,
"FC","2026-04-18","89.6","-2","5.87","Alcantara, Sandy",687401,645261,,"ball",,,,,14,,"R","R","R","MIA","MIL","B",,,0,1,2026,"-0.15","0.56",0.8367963725047479,1.9920333862628268,,,,0,3,"Top",,,,,,,7.234629044933386,-130.28468776046583,-4.523678672662069,-3.2709121452301,28.737742842852096,-24.96761889942807,3.136630577,1.582972441,,,,"89.4",2130,"6.3",823882,689414,681393,669364,691594,672640,681715,805300,683357,"54.15",,,,,,,,17,2,"Cutter",1,0,0,1,0,1,0,1,"Standard","Standard",205,"-0.003","0.031",,,,"-0.031",,1,-1,0.616,0.384,30,27,31,28,1,0,6,2,6,3,"2.29","0.15","0.15","32.2",,,,,
"SI","2026-04-18","97.9","-1.83","5.9","Alcantara, Sandy",663604,645261,,"called_strike",,,,,9,,"R","R","R","MIA","MIL","S",,,0,1,2026,"-1.41","0.63",0.31368206238792196,1.5486466738804239,,650859,669003,2,2,"Top",,,,,,,8.959865752370446,-142.20382823377977,-7.421050246202626,-21.15592480593287,33.47959693808019,-22.028019577032698,3.226148294,1.628149606,,,,"97.3",2208,"6.1",823882,689414,681393,669364,691594,672640,681715,805300,683357,"54.41",,,,,,,,11,2,"Sinker",0,0,0,0,0,0,0,0,"Standard","Standard",233,"0.011","-0.057",,,,"0.057",,0,0,0.513,0.487,30,29,31,29,1,0,6,2,6,1,"1.76","1.41","1.41","32.4",,,,,
"CH","2026-04-18","85.3","-2.1","4.87","Woodford, Jake",683357,663765,,"ball",,,,,13,,"R","L","R","MIA","MIL","B",,,1,0,2026,"-0.8","0.04",-0.6639650661120511,1.5096039807359038,,672640,681393,1,9,"Bot",,,,,,,5.022312715070176,-124.1924050544672,-1.4751484575604332,-9.326553201701977,25.2629574779571,-31.653906360832714,3.369201116,1.700344488,,,,"86.1",986,"6.8",823882,661388,641343,668930,650859,687401,663604,669003,686217,"53.7",,,,,,,,78,2,"Changeup",1,5,1,5,5,1,1,5,"Standard","Standard",248,"0.014","0.071",,,,"-0.071",,-4,-4,0.054,0.054,29,23,30,24,1,3,6,1,3,1,"3.09","0.8","-0.8","28.1",,,,,
"FF","2026-04-18","94.3","-1.41","5.44","Feltner, Ryan",660271,663372,,"called_strike",,,,,8,,"R","L","R","COL","LAD","S",,,1,0,2026,"-0.29","0.78",-0.16691157241816335,1.7782280514404707,,,,0,3,"Top",,,,,,,3.866569926375149,-137.47221751965884,-5.567243988797104,-4.380946134859819,21.049348902851513,-21.360164557184156,3.369201116,1.700344488,,,,"96.1",2332,"6.5",824372,696100,687859,666397,691720,678662,687597,686668,666160,"53.97",,,,,,,,19,2,"4-Seam Fastball",2,3,3,2,3,2,3,2,"Infield shade","Standard",204,"0.004","-0.05",,,,"0.05",,-1,1,0.385,0.615,29,31,30,32,2,1,7,1,5,1,"1.71","0.29","-0.29","41.0",,,,,
"CU","2026-04-18","78.8","-1.35","6.17","Taillon, Jameson",669004,592791,,"called_strike",,,,,7,,"R","L","R","CHC","NYM","S",,,0,0,2026,"0.67","-0.96",-0.71423256360209,1.603017178876316,596019,673357,,2,1,"Top",,,,,,,0.09154921941510512,-114.79077586526594,-0.9907878088621396,5.857337147399818,22.945824551668867,-40.65575784673787,3.228781168,1.629478347,,,,"79.1",2619,"6.6",824694,665804,683737,663538,608324,621020,664023,691718,673548,"53.88",,,,,,,,5,1,"Curveball",0,0,0,0,0,0,0,0,"Infield shade","Standard",33,"0.008","-0.036",,,,"0.036",,0,0,0.492,0.508,34,27,35,28,1,0,6,1,6,1,"4.65","-0.67","0.67","49.5",,,,,
"SL","2026-04-18","85.5","2.63","6.45","Banks, Tanner",660670,621383,,"ball",,,,,11,,"R","R","L","PHI","ATL","B",,,1,0,2026,"-0.42","0.28",-0.0432041322203493,3.7162958908220474,,641680,671739,2,8,"Top",,,,,,,-5.290565989835875,-124.50539524566692,-0.5828993751601809,-3.369592088441956,23.513047265201717,-29.383581758106093,3.200697179,1.615305118,,,,"84.6",2333,"5.5",823474,665561,547180,624641,664761,607208,694025,669016,666969,"54.99",,,,,,,,63,2,"Slider",1,3,3,1,3,1,3,1,"Standard","Standard",221,"-0.003","0.029",,,,"-0.029",,-2,2,0.14,0.86,34,28,35,29,1,4,1,1,3,1,"2.82","-0.42","0.42","46.5",,,,,
"CH","2026-04-18","85.4","-1.26","5.48","Hill, Jaden",606192,677955,"walk","ball",,,,,14,"Hunter Goodman challenged (pitch result), call on the field was confirmed: Teoscar Hernández walks.","R","R","R","COL","LAD","B",,,3,1,2026,"-1.03","0.18",0.9022489296353431,1.6877605050968043,660271,663656,,2,8,"Top",,,,,,,7.121218617317912,-124.26835679394232,-2.873361178050882,-11.967437288260916,21.127160372767573,-30.010193328283233,3.199819554,1.614862205,,,,"85.8",1568,"6.2",824372,696100,687859,666397,691720,678662,687597,686668,666160,"54.27",,0.704857,"0.7",1,0,0,,62,5,"Changeup",4,3,3,4,3,4,3,4,"Infield shade","Standard",257,"-0.02","0.068",,,,"-0.068",,1,-1,0.706,0.29400000000000004,26,33,27,34,1,3,2,1,4,2,"2.91","1.03","1.03","23.6",,,,,
"SL","2026-04-18","83.7","1.89","6.41","Burke, Brock",668952,656271,,"called_strike",,,,,3,,"R","R","L","MIN","CIN","S",,,0,0,2026,"-0.21","0.37",0.3314213731582132,3.189320792036569,,807712,686797,1,7,"Bot",,,,,,,-3.174137126836883,-122.02092551976038,-1.6436251684456984,-1.5560271911695474,21.11082478075386,-28.369404230657292,3.340239501,1.685728347,,,,"85.1",2189,"6.8",823721,663886,663993,701398,663647,682829,670770,667472,677956,"53.7",,,,,,,,66,1,"Slider",4,3,4,3,3,4,4,3,"Infield shade","Standard",174,"-0.005","-0.033",,,,"0.033",,1,1,0.819,0.819,29,28,30,29,1,3,2,1,2,,"2.84","-0.21","0.21","41.9",,,,,
"FF","2026-04-18","94.4","-1.13","6.34","Quantrill, Cal",641487,615698,"strikeout","called_strike",,,,,1,"Kyle Higashioka challenged (pitch result), call on the field was overturned: J.P. Crawford called out on strikes.","R","L","R","SEA","TEX","S",2,,1,2,2026,"-0.78","1.41",-0.6467117006634884,3.2168094032035697,,,686527,2,6,"Bot",,,,,,,3.023707455478327,-137.42281765603482,-5.4408796571405285,-10.546476611420031,30.54739166997595,-13.284630015346282,3.219127297,1.624606299,,,,"94.6",2160,"6.4",823151,543309,669394,677649,673962,608369,694671,694497,607043,"54.1",,0,"0",1,0,0,,55,4,"4-Seam Fastball",4,1,4,1,1,4,4,1,"Infield shade","Standard",220,"-0.006","-0.183",,,,"0.183",,3,3,0.899,0.899,31,31,31,31,1,3,2,1,6,1,"1.14","0.78","-0.78","44.5",,,,,
"SI","2026-04-18","95.4","-1.98","5.68","Rasmussen, Drew",542303,656876,,"called_strike",,,,,1,,"R","R","R","PIT","TB","S",,,0,1,2026,"-0.9","0.98",-0.2777623041077045,3.310390876498187,,,,2,1,"Bot",,,,,,,6.5055283242877175,-138.9788326906181,-2.774819755010664,-12.97973512699239,26.269611697616373,-18.96243723283436,3.255987533,1.643208661,,,,"96.7",2463,"6.6",823394,676439,666018,680700,691406,670764,802415,656775,641584,"53.86",,,,,,,,9,2,"Sinker",2,0,2,0,0,2,2,0,"Infield shade","Standard",214,"-0.002","-0.057",,,,"0.057",,2,2,0.704,0.704,30,35,31,36,1,0,6,1,6,1,"1.49","0.9","0.9","47.6",,,,,
"FC","2026-04-18","89.7","-2.13","4.78","Woodford, Jake",669364,663765,,"called_strike",,,,,7,,"R","L","R","MIA","MIL","S",,,0,1,2026,"0.06","0.63",-0.6575072230325253,1.5366967546401584,,,805300,2,8,"Bot",,,,,,,3.4832493082917493,-130.67264369391705,-3.19420564235252,-0.025235883827563924,27.633934846980793,-24.491512289346293,3.055011483,1.541781496,,,,"90.1",2213,"6.5",823882,661388,641343,668930,650859,687401,663604,669003,686217,"54",,,,,,,,69,2,"Cutter",1,5,1,5,5,1,1,5,"Standard","Standard",209,"-0.002","-0.055",,,,"0.055",,-4,-4,0.024,0.024,29,26,30,27,1,3,6,1,3,1,"2.2","-0.06","0.06","25.3",,,,,
"FF","2026-04-18","96.2","-2.19","5.31","Perkins, Jack",805367,678022,"strikeout","called_strike",,,,,9,"Austin Wynns challenged (pitch result), call on the field was overturned: Chase Meidroth called out on strikes.","R","R","R","ATH","CWS","S",2,,3,2,2026,"-0.78","1.17",0.3866597779044544,1.5447069990091116,,803011,,0,10,"Top",,,,,,,8.547841399122621,-139.83299450824796,-6.933861131302289,-12.067248637100043,27.589126995647682,-15.479690604380492,3.068175853,1.548425197,,,,"96.7",2268,"6.3",825020,642851,701762,680869,691777,805779,691016,672016,671732,"54.16",,0,"0",1,0,0,,88,7,"4-Seam Fastball",6,6,6,6,6,6,6,6,"Strategic","Standard",222,"0.117","-0.386",,,,"0.386",,0,0,0.492,0.508,26,24,27,25,1,4,2,1,3,1,"1.28","0.78","0.78","36.0",,,,,
"FF","2026-04-18","96.4","-2.33","5.84","Soriano, George",543877,666277,,"called_strike",,,,,3,,"R","R","R","HOU","STL","S",,,2,1,2026,"-0.44","1.27",0.8079731931035831,2.9695760468679397,,,701358,1,9,"Bot",,,,,,,9.20861611468531,-140.05718599754013,-4.745383048031437,-7.952496747279348,32.53390850829889,-14.513632175737246,3.036581365,1.532480315,,,,"95.9",2128,"6.1",824206,671056,676475,802139,602104,691026,701675,687363,691023,"54.36",,,,,,,,77,4,"4-Seam Fastball",2,7,2,7,7,2,2,7,"Standard","Standard",217,"-0.002","-0.075",,,,"0.075",,-5,-5,0.008,0.008,27,35,27,36,1,3,1,1,3,4,"1.19","0.44","0.44","33.6",,,,,
"FS","2026-04-18","81.6","-1.96","6.04","Kremer, Dean",800050,665152,,"ball",,,,,13,,"R","L","R","CLE","BAL","B",,,0,1,2026,"-0.68","1.18",-0.5063451123445871,1.4058949451015228,,,,1,1,"Bot",,,,,,,4.560969289684054,-118.63781210683443,-5.890672808498358,-7.3132872500214114,22.93654217307936,-20.137797049607553,3.339361877,1.685285433,,,,"81.7",1223,"6.5",824451,694212,624413,669236,691723,683002,621493,665750,687637,"54.04",,,,,,,,6,2,"Split-Finger",0,0,0,0,0,0,0,0,"Infield shade","Standard",213,"0.001","0.029",,,,"-0.029",,0,0,0.524,0.524,30,24,30,25,1,0,5,1,,2,"2.26","0.68","-0.68","50.7",,,,,
"SV","2026-04-18","83.4","-2.46","5.26","Santillan, Tony",670242,663574,,"ball",,,,,11,,"R","L","R","MIN","CIN","B",,,0,0,2026,"0.86","-0.26",-0.8440294722521363,3.426640858566351,,,,2,9,"Bot",,,,,,,1.9368967580388634,-121.31692426982818,2.918734522607857,8.006795536835659,25.19062160721888,-35.54789285600894,3.394652231,1.713188976,,,,"82.6",2198,"5.9",823721,663886,668715,680574,701398,682829,670770,667472,677956,"54.56",,,,,,,,82,1,"Slurve",4,5,4,5,5,4,4,5,"Infield shade","Standard",41,"0.005","0.037",,,,"-0.037",,-1,-1,0.047,0.047,29,28,29,29,1,0,1,1,4,3,"3.55","-0.86","0.86","20.9",,,,,
"SL","2026-04-18","87.5","-1.53","5.5","Hill, Jaden",681624,677955,"strikeout","called_strike",,,,,7,"Hunter Goodman challenged (pitch result), call on the field was overturned: Andy Pages called out on strikes.","R","R","R","COL","LAD","S",2,,1,2,2026,"0.46","-0.24",-0.4054482032056071,1.7857465961944667,,660271,663656,0,8,"Top",,,,,,,1.7084561714771564,-127.64055593082426,-2.233913060851921,4.782157680422904,21.543638768665776,-34.63164281641973,3.23667979,1.633464567,,,,"87.7",2522,"5.9",824372,696100,687859,666397,691720,678662,687597,686668,666160,"54.6",,0,"0",1,0,0,,60,4,"Slider",4,3,3,4,3,4,3,4,"Standard","Standard",108,"0.081","-0.194",,,,"0.194",,1,-1,0.568,0.43200000000000005,26,25,27,26,1,3,2,1,4,1,"3.16","-0.46","-0.46","23.3",,,,,
"ST","2026-04-18","82","3.62","5.01","Hudson, Bryan",642851,663542,,"ball",,,,,13,,"R","R","L","ATH","CWS","B",,,0,1,2026,"-0.93","-0.43",-0.03973729627710887,1.3727708056396914,,,,1,8,"Bot",,,,,,,-6.422609370803629,-119.3148662725609,-0.5732062769725476,-7.590869205160863,23.544443210577725,-36.35965326862734,3.262130906,1.646309055,,,,"83.1",2020,"7.1",825020,624512,808959,805367,678246,695657,803011,656537,677592,"53.42",,,,,,,,72,2,"Sweeper",6,6,6,6,6,6,6,6,"Standard","Standard",309,"0.003","0.029",,,,"-0.029",,0,0,0.557,0.557,29,35,29,36,1,3,3,2,1,4,"3.82","-0.93","0.93","12.5",,,,,
"FF","2026-04-18","94.4","1.87","6.23","Harris, Hogan",643217,663687,,"ball",,,,,11,,"R","L","L","ATH","CWS","B",,,1,0,2026,"0.62","1.66",-0.9284236447905133,2.6349438838700348,805367,656537,624512,2,6,"Top",,,,,,,-8.593439505673942,-137.03890225115964,-7.1795825837095295,9.763853037554442,32.44236537603696,-9.774138922390383,3.068175853,1.548425197,,,,"94.3",2410,"6.5",825020,642851,701762,643446,691777,805779,691016,671732,666126,"53.98",,,,,,,,51,2,"4-Seam Fastball",3,5,5,3,5,3,5,3,"Infield shade","Standard",153,"-0.015","0.029",,,,"-0.029",,-2,2,0.197,0.8029999999999999,29,31,30,32,1,3,3,1,2,1,"0.92","0.62","0.62","59.9",,,,,
"FS","2026-04-17","82.9","-1.12","6.11","Civale, Aaron",700337,650644,,"called_strike",,,,,1,,"R","L","R","ATH","CWS","S",,,0,0,2026,"-0.86","0.7",-0.4901630416665981,2.7155140305194783,,,,1,5,"Top",,,,,,,3.080055019264125,-120.72867517882572,-2.428448423338992,-9.025569946523346,23.904823981951232,-25.07434893518818,3.133997703,1.581643701,,,,"81.7",1643,"5.5",825019,669127,701762,643446,691777,805779,666126,672016,671732,"55.01",,,,,,,,38,1,"Split-Finger",1,3,3,1,3,1,3,1,"Infield shade","Standard",230,"0.002","-0.039",,,,"0.039",,-2,2,0.267,0.733,31,23,31,23,3,2,5,1,5,1,"2.62","0.86","-0.86","42.2",,,,,
"SI","2026-04-17","91.4","-1.56","5.35","Bassitt, Chris",680757,605135,"walk","ball",,,,,11,"Samuel Basallo challenged (pitch result), call on the field was confirmed: Steven Kwan walks.","R","L","R","CLE","BAL","B",,,3,1,2026,"-1.39","0.52",-0.21313396779284544,3.2409917633421736,,,,1,5,"Bot",,,,,,,6.413286051544546,-132.96288665874837,-0.3919098718956923,-17.855259630548627,28.802459258067028,-26.199615423108806,3.02253937,1.525393701,,,,"91.7",2050,"6.5",824454,694212,624413,669236,691723,683002,621493,665750,681297,"53.98",,0.704857,"0.7",1,0,0,,41,5,"Sinker",0,0,0,0,0,0,0,0,"Standard","Standard",232,"0.019","0.253",,,,"-0.253",,0,0,0.55,0.55,37,28,37,29,3,2,6,1,5,1,"2.22","1.39","-1.39","29.1",,,,,
"FS","2026-04-17","89.7","-2.53","5.48","Soriano, José",665487,667755,,"ball",,,,,13,,"R","R","R","LAA","SD","B",,,0,1,2026,"-1.26","0.23",-0.18975972618178316,1.5165375018679956,,,,0,6,"Top",,,,,,,8.541673502271253,-130.29710790954167,-4.108365016773615,-16.151644646989926,27.232583836502926,-28.819614452021103,3.346382874,1.68882874,,,,"90.8",1810,"7.1",824048,681351,694384,672724,660162,687263,624428,545361,666139,"53.44",,,,,,,,51,2,"Split-Finger",8,0,0,8,0,8,0,8,"Infield shade","Standard",234,"0","0.031",,,,"-0.031",,8,-8,0.992,0.008000000000000007,27,27,28,27,3,2,5,1,5,1,"2.61","1.26","1.26","29.3",,,,,
"FF","2026-04-17","94","-0.56","5.78","Junk, Janson",666152,676083,,"ball",,,,,12,,"R","L","R","MIA","MIL","B",,,1,0,2026,"-0.41","1.51",0.862342495164627,2.491953514408652,675659,,,2,4,"Top",,,,,,,4.591363993974138,-136.67214241388822,-5.942980429732325,-6.263723492236873,33.24652625733019,-12.12698166135201,3.134875328,1.582086614,,,,"93.8",2100,"6.5",823883,682663,681393,669364,688363,672640,691594,805300,683357,"54.04",,,,,,,,30,2,"4-Seam Fastball",0,3,3,0,3,0,3,0,"Standard","Standard",201,"-0.001","0.024",,,,"-0.024",,-3,3,0.191,0.8089999999999999,30,28,30,29,2,1,6,1,5,2,"1.09","0.41","-0.41","59.3",,,,,
"FC","2026-04-17","86.3","1.27","5.63","Pérez, Martín",664761,527048,"strikeout","called_strike",,,,,9,"Drake Baldwin challenged (pitch result), call on the field was overturned: Alec Bohm called out on strikes.","R","R","L","PHI","ATL","S",2,,2,2,2026,"-0.19","0.55",0.8276608843970163,1.902149089784504,,,,0,4,"Bot",,,,,,,-0.647788083083481,-125.80133084819657,-3.5963161549087097,-1.8593205717018264,24.36978944929837,-25.786912767425687,3.406938976,1.719389764,,,,"86.3",2293,"6.1",823476,686948,621566,645277,663586,643289,573262,671739,660670,"54.43",,0,"0",1,0,0,,39,6,"Cutter",0,7,0,7,7,0,0,7,"Standard","Standard",161,"-0.006","-0.232",,,,"0.232",,-7,-7,0.035,0.035,35,29,35,30,2,1,6,2,5,1,"2.49","-0.19","0.19","45.3",,,,,
"CH","2026-04-17","77.2","-1.65","6.08","Martinez, Nick",664040,607259,,"ball",,,,,11,,"R","L","R","PIT","TB","B",,,0,0,2026,"-0.99","0.3",-0.8330016894769419,3.0157414486631757,687462,680779,665833,2,4,"Bot",,,,,,,3.5299416897179143,-112.35244882807694,0.05266546123849736,-9.057400520715674,19.97688957009047,-29.838047287509266,3.088361221,1.558612205,,,,"76.7",1807,"5.9",823397,663743,666018,680700,691406,810938,802415,656775,641584,"54.62",,,,,,,,33,1,"Changeup",1,0,1,0,0,1,1,0,"Infield shade","Standard",257,"0.01","0.032",,,,"-0.032",,1,1,0.706,0.706,35,31,36,32,3,2,6,1,5,1,"3.52","0.99","-0.99","55.8",,,,,
"CH","2026-04-17","79.1","-2.18","6.66","Wacha, Michael",669224,608379,,"called_strike",,,,,1,,"R","L","R","NYY","KC","S",,,0,0,2026,"-1.05","1.32",-0.6562529008048688,3.2930321294941844,,,676609,0,5,"Bot",,,,,,,5.31142134455237,-114.78288936187273,-2.5707843588036825,-10.380043952423573,28.94813149302521,-20.42208900721138,3.254232283,1.642322835,,,,"78.1",1429,"6.6",823559,521692,686469,686681,672580,677951,657041,664728,695506,"53.89",,,,,,,,35,1,"Changeup",2,0,2,0,0,2,2,0,"Standard","Standard",241,"-0.003","-0.043",,,,"0.043",,2,2,0.834,0.834,34,26,35,27,2,1,6,2,5,2,"2.45","1.05","-1.05","51.8",,,,,
"SI","2026-04-17","93.8","-1.74","4.95","Webb, Logan",671277,657277,"walk","ball",,,,,14,"Daniel Susac challenged (pitch result), call on the field was confirmed: Luis García Jr. walks. Brady House to 2nd.","R","L","R","WSH","SF","B",,,3,2,2026,"-1.21","0.15",0.601058600470934,1.4325158840942107,,,691781,2,3,"Bot",,,,,,,8.78760807605918,-136.3994051448305,-3.543708578919992,-16.996693118896438,29.378327561907252,-29.66176688898156,3.248088911,1.639222441,,,,"94.9",1889,"6.9",822752,691740,646240,650333,656305,642715,671218,687551,808982,"53.6",,0.704857,"0.7",1,0,0,,29,8,"Sinker",1,6,1,6,6,1,1,6,"Infield shade","Standard",240,"0.013","0.24",,,,"-0.24",,-5,-5,0.094,0.094,29,26,30,26,2,1,6,1,6,1,"2.44","1.21","-1.21","21.1",,,,,
"FF","2026-04-17","99.2","-2.37","5.67","Soriano, José",592518,667755,"strikeout","called_strike",,,,,4,"Logan O'Hoppe challenged (pitch result), call on the field was overturned: Manny Machado called out on strikes.","R","R","R","LAA","SD","S",2,,3,2,2026,"-0.77","1.31",-0.7947496483641965,2.240523797777933,,,,0,4,"Top",,,,,,,6.148595600209328,-144.2424816138561,-6.900163767962261,-12.15278324498493,34.51292686103864,-12.494290925113091,3.313910761,1.672440945,,,,"100.1",,"6.9",824048,681351,694384,672724,660162,687263,624428,545361,666139,"53.62",,0,"0",1,0,0,,29,6,"4-Seam Fastball",3,0,0,3,0,3,0,3,"Standard","Standard",,"0.028","-0.345",,,,"0.345",,3,-3,0.808,0.19199999999999995,27,33,28,34,2,1,5,1,5,1,"1.02","0.77","0.77","31.6",,,,,
"FO","2026-04-17","82.5","-1.98","5.93","Senga, Kodai",664023,673540,,"ball",,,,,13,,"R","L","R","CHC","NYM","B",,,0,2,2026,"-0.72","-0.37",-0.8505417863719847,1.7040198234611683,,,,0,3,"Bot",,,,,,,3.972083367655787,-120.03745733321735,-2.089423184533679,-7.763164501032756,24.665387883475212,-35.541074286555876,3.136630577,1.582972441,,,,"82.4",1145,"6.3",824693,682626,683146,543760,666182,596019,621438,673357,701807,"54.15",,,,,,,,26,3,"Forkball",6,3,6,3,3,6,6,3,"Strategic","Standard",252,"0.001","0.024",,,,"-0.024",,3,3,0.835,0.835,33,31,33,32,2,1,6,2,9,1,"3.74","0.72","-0.72","45.0",,,,,
"FC","2026-04-17","88","1.3","6.5","Williamson, Brandon",668885,682227,,"ball",,,,,12,,"R","R","L","MIN","CIN","B",,,2,2,2026,"-0.49","0.36",0.0378465266817653,3.3107682849788556,,670242,621439,2,3,"Bot",,,,,,,-1.9868879904152688,-128.36773261018686,-2.2831214344519135,-5.138747481336985,23.100479218457693,-27.914082800235064,3.12960958,1.579429134,,,,"88.2",2633,"6",823720,663886,701398,680574,553993,682829,668715,670770,666181,"54.48",,,,,,,,21,6,"Cutter",0,0,0,0,0,0,0,0,"Standard","Standard",195,"0.012","0.079",,,,"-0.079",,0,0,0.542,0.542,28,27,28,27,2,1,6,2,5,1,"2.54","-0.49","0.49","39.7",,,,,
"CU","2026-04-17","77.9","-0.21","6.45","Civale, Aaron",682668,650644,,"called_strike",,,,,9,,"R","R","R","ATH","CWS","S",,,0,0,2026,"0.75","-1.19",0.5267558309504425,1.5689628241053706,,700337,805367,1,2,"Top",,,,,,,0.15194778190032687,-113.30596553928777,-0.9908467827564733,6.3664829420060975,24.19992713147717,-42.323214730666834,3.008497375,1.518307087,,,,"76.4",2895,"5.6",825019,669127,701762,643446,691777,805779,666126,672016,671732,"54.87",,,,,,,,12,1,"Curveball",0,1,1,0,1,0,1,0,"Standard","Standard",45,"0.006","-0.033",,,,"0.033",,-1,1,0.36,0.64,31,24,31,24,1,0,5,2,5,1,"5","-0.75","-0.75","46.5",,,,,
"SI","2026-04-17","91.3","-2.15","4.69","Legumina, Casey",694497,668984,,"called_strike",,,,,7,,"R","L","R","SEA","TEX","S",,,2,0,2026,"-1.72","0.68",-0.5855191537610582,1.6186481416865508,,694671,669394,0,9,"Top",,,,,,,7.711574128132569,-132.69089533202262,-3.08700745523998,-21.93722839335723,31.485634970379223,-23.655557139070204,3.315666011,1.673326772,,,,"91.5",2387,"6.7",823152,663728,647304,702284,660844,641487,668227,677594,608701,"53.8",,,,,,,,75,3,"Sinker",0,3,3,0,3,0,3,0,"Infield shade","Standard",234,"0.002","-0.084",,,,"0.084",,-3,3,0.019,0.981,29,23,29,24,1,4,3,1,3,1,"2.08","1.72","-1.72","17.1",,,,,
"CU","2026-04-17","77.5","-2.18","6.34","Wacha, Michael",592450,608379,,"called_strike",,,,,9,,"R","R","R","NYY","KC","S",,,0,0,2026,"1.46","-0.97",0.3151571347720712,1.728027954927021,,,,2,3,"Bot",,,,,,,2.5563562062848804,-112.84269544597852,-0.7500919404996242,11.798952637355004,23.568946589782264,-40.493854795923745,3.522785433,1.777854331,,,,"77.4",2300,"6.5",823559,521692,686469,686681,672580,677951,657041,664728,695506,"53.95",,,,,,,,20,1,"Curveball",0,0,0,0,0,0,0,0,"Strategic","Standard",40,"-0.002","-0.043",,,,"0.043",,0,0,0.512,0.512,34,34,35,34,2,1,6,1,5,1,"4.81","-1.46","-1.46","48.1",,,,,
"FF","2026-04-17","94.5","-1.97","5.84","Martin, Davis",643446,663436,,"ball",,,,,13,,"R","L","R","ATH","CWS","B",,,0,1,2026,"-0.47","1.4",-0.3057449843938447,1.4412121979342878,,,,0,4,"Bot",,,,,,,5.3364878039747685,-137.33134138450112,-8.651500050287,-7.138578697295233,30.586823153114235,-12.77792759294267,3.213861549,1.621948819,,,,"94.3",2477,"6.2",825019,700337,808959,805367,678246,695657,803011,682668,677592,"54.26",,,,,,,,33,2,"4-Seam Fastball",0,3,0,3,3,0,0,3,"Infield shade","Standard",219,"0.003","0.031",,,,"-0.031",,-3,-3,0.212,0.212,29,34,29,34,2,1,7,1,6,1,"1.16","0.47","-0.47","34.9",,,,,
"FS","2026-04-17","86.1","-2.6","6.03","Sugano, Tomoyuki",606192,608372,,"ball",,,,,13,,"R","R","R","COL","LAD","B",,,1,0,2026,"-0.52","0.23",-0.8760136319545173,2.1822987681502153,,518692,,2,1,"Top",,,,,,,5.100464118711673,-125.33615725028092,-3.178992666097388,-6.527197569144202,24.028451532912396,-29.316762389974524,3.199819554,1.614862205,,,,"86",1442,"6.1",824373,664954,681198,666397,691720,678662,664983,686668,687859,"54.44",,,,,,,,5,2,"Split-Finger",0,1,1,0,1,0,1,0,"Standard","Standard",214,"-0.002","0.028",,,,"-0.028",,-1,1,0.417,0.583,36,33,37,34,1,0,7,2,5,1,"2.83","0.52","0.52","42.7",,,,,
"SI","2026-04-17","93.2","-1.75","5.99","Martinez, Nick",687462,607259,,"called_strike",,,,,3,,"R","L","R","PIT","TB","S",,,0,0,2026,"-1.16","1.06",0.6492290037400166,3.0633030046364103,,542303,,1,2,"Bot",,,,,,,8.657812785285913,-135.3980467791992,-3.878911380416273,-16.238086234108106,30.420455585439598,-18.4726487823171,3.133120079,1.581200787,,,,"92.7",2433,"6.2",823397,663743,666018,680700,691406,810938,802415,656775,641584,"54.33",,,,,,,,13,1,"Sinker",0,0,0,0,0,0,0,0,"Standard","Standard",203,"-0.006","-0.038",,,,"0.038",,0,0,0.572,0.572,35,28,36,29,1,0,6,1,5,1,"1.58","1.16","-1.16","53.1",,,,,
"FF","2026-04-17","93.7","-3","5.5","Webb, Jacob",669004,657097,,"called_strike",,,,,1,,"R","L","R","CHC","NYM","S",,,0,1,2026,"-0.92","1.24",-0.8237428818324486,2.980987820798857,,673357,682626,0,8,"Top",,,,,,,7.619345609459786,-136.26602014038653,-3.342046620849398,-13.156533120779404,31.167316330081633,-16.24660580448667,3.228781168,1.629478347,,,,"93.6",2450,"6.4",824693,608348,683737,663538,608324,621020,664023,691718,673548,"54.12",,,,,,,,70,2,"4-Seam Fastball",10,4,4,10,4,10,4,10,"Infield shade","Standard",222,"0.004","-0.053",,,,"0.053",,6,-6,0.971,0.029000000000000026,32,27,33,28,1,3,3,2,2,1,"1.37","0.92","-0.92","31.2",,,,,
"SI","2026-04-17","93.9","-1.84","5.27","Webb, Logan",686894,657277,,"ball",,,,,14,,"R","R","R","WSH","SF","B",,,0,0,2026,"-1.04","-0.06",0.05347635929240435,1.5549907821260724,,,682928,0,2,"Bot",,,,,,,7.205710042758214,-136.6279809204702,-3.556574377522864,-14.588942597804728,29.957757137798826,-32.39151546017648,3.38324311,1.707431102,,,,"94.4",1933,"6.6",822752,691740,646240,650333,656305,642715,671218,687551,808982,"53.9",,,,,,,,19,1,"Sinker",0,6,0,6,6,0,0,6,"Standard","Standard",230,"0.003","0.04",,,,"-0.04",,-6,-6,0.105,0.105,29,27,30,27,1,0,6,1,6,1,"2.65","1.04","1.04","28.9",,,,,
"SI","2026-04-17","96.3","2.79","4.82","Zerpa, Angel",669364,672582,"walk","ball",,,,,13,"William Contreras challenged (pitch result), call on the field was confirmed: Xavier Edwards walks.","R","R","L","MIA","MIL","B",,,3,2,2026,"1.43","0.32",-0.847450737997685,1.6205895799956214,,,,1,8,"Bot",,,,,,,-12.661133310528278,-139.6087118310447,-3.2934916047522673,21.684666002317726,35.494216987740536,-27.42974090842304,3.055011483,1.541781496,,,,"94.6",2165,"5.8",823883,661388,641343,668930,650859,666152,675659,669003,686217,"54.72",,0.704857,"0.7",1,0,0,,66,7,"Sinker",3,4,3,4,4,3,3,4,"Standard","Standard",123,"0.06","0.339",,,,"-0.339",,-1,-1,0.256,0.256,26,26,27,27,1,3,1,2,6,1,"2.19","1.43","-1.43","19.9",,,,,
"FC","2026-04-17","88.6","-1.38","5.18","Crow, Coleman",689414,689441,,"called_strike",,,,,3,,"R","L","R","MIA","MIL","S",,,0,0,2026,"-0.08","1.07",0.35501313918787036,3.132096264374068,,,,0,2,"Bot",,,,,,,4.36911658063145,-128.97694969722932,-1.0160618329776954,-1.8442996077846159,29.091048499417035,-20.26420938598505,3.085728346,1.557283465,,,,"88.9",2777,"6.6",823883,661388,641343,668930,650859,666152,675659,669003,686217,"53.86",,,,,,,,12,1,"Cutter",0,0,0,0,0,0,0,0,"Standard","Standard",209,"-0.003","-0.039",,,,"0.039",,0,0,0.551,0.551,25,27,26,27,1,0,,2,,1,"1.85","0.08","-0.08","30.6",,,,,
"CU","2026-04-17","85.9","2.33","6.1","Martin, Riley",701807,702303,"strikeout","called_strike",,,,,4,"Carson Kelly challenged (pitch result), call on the field was overturned: Carson Benge called out on strikes.","R","L","L","CHC","NYM","S",2,,2,2,2026,"0.04","-0.78",-0.6751270802603142,2.4753223481025457,,668901,,1,7,"Top",,,,,,,-7.003018710910338,-124.99446370974172,-0.5097640432897939,1.824207578433683,25.89287131010278,-40.4165888048294,3.259498032,1.644980315,,,,"84.7",2517,"5.6",824693,608348,683737,663538,608324,621020,664023,691718,673548,"54.93",,0,"0",1,0,0,,58,6,"Curveball",7,3,3,7,3,7,3,7,"Standard","Standard",333,"0.02","-0.227",,,,"0.227",,4,-4,0.935,0.06499999999999995,28,23,28,23,1,3,3,2,2,1,"3.87","0.04","0.04","53.8",,,,,
"FC","2026-04-17","88.4","-1.68","6.03","Senga, Kodai",683737,673540,,"called_strike",,,,,4,,"R","L","R","CHC","NYM","S",,,3,1,2026,"0.06","0.38",-0.6603681773244954,2.30652860270804,,,,1,1,"Bot",,,,,,,2.3376236090398668,-128.78839586548145,-3.6227342953126893,0.1711586476361566,25.61708688672009,-27.41966755616579,3.166469816,1.598031496,,,,"88.7",2432,"6.3",824693,682626,683146,543760,666182,596019,621438,673357,701807,"54.19",,,,,,,,6,5,"Cutter",0,0,0,0,0,0,0,0,"Infield shade","Standard",194,"-0.006","-0.087",,,,"0.087",,0,0,0.536,0.536,33,28,33,29,1,0,6,2,9,1,"2.52","-0.06","0.06","50.0",,,,,
"FF","2026-04-17","93.4","-2.18","5.63","Santana, Dennis",641584,642701,,"ball",,,,,11,,"R","L","R","PIT","TB","B",,,0,0,2026,"-0.91","1.23",-0.1066752243666732,3.3286998215642862,,650490,,1,9,"Top",,,,,,,7.240973962485808,-135.82524031315901,-2.6987083794770905,-12.88195762680955,30.85599591309119,-16.63509239526589,3.169980315,1.59980315,,,,"92.4",2452,"5.8",823397,680779,656811,664040,693304,804606,695257,665833,668804,"54.68",,,,,,,,71,1,"4-Seam Fastball",5,1,1,5,1,5,1,5,"Standard","Standard",220,"-0.002","0.028",,,,"-0.028",,4,-4,0.983,0.017000000000000015,30,31,30,31,1,3,1,1,5,1,"1.4","0.91","-0.91","32.8",,,,,
"FF","2026-04-17","97.9","0.18","6.48","Megill, Trevor",682663,656730,,"ball",,,,,14,,"R","R","R","MIA","MIL","B",,,0,1,2026,"-0.63","1.82",0.5723275365941042,1.3982781418015624,805300,,,1,10,"Bot",,,,,,,2.548214706249761,-142.04495196246398,-12.216443371101022,-9.087881212601069,35.26793169821796,-4.921683309385698,3.256865158,1.643651575,,,,"98.1",2458,"6.7",823883,661388,641343,668930,666152,687401,675659,669003,686217,"53.77",,,,,,,,86,2,"4-Seam Fastball",4,7,4,7,7,4,4,7,"Standard","Standard",202,"0.004","0.025",,,,"-0.025",,-3,-3,0.049,0.049,32,24,33,25,1,4,1,2,4,1,"0.59","0.63","0.63","54.1",,,,,
"CH","2026-04-17","88.9","0.65","5.74","Peralta, Wandy",694384,593974,"strikeout","called_strike",,,,,9,"Luis Campusano challenged (pitch result), call on the field was overturned: Nolan Schanuel called out on strikes.","R","L","L","LAA","SD","S",2,,1,2,2026,"1.32","0.27",0.6815313605458635,1.6634531751000505,681351,687263,545361,1,5,"Bot",,,,,,,-2.709677325093771,-129.43180979803958,-4.2278711987472,15.385752371628708,28.587832511882848,-28.398216002917447,3.290214895,1.660482283,,,,"87.8",2202,"5.7",824048,669134,664034,630105,592518,593428,657757,701538,665487,"54.79",,0,"0",1,0,0,,49,4,"Changeup",8,0,8,0,0,8,8,0,"Standard","Standard",124,"-0.001","-0.223",,,,"0.223",,8,8,0.995,0.995,34,24,35,24,1,3,2,1,5,1,"2.62","1.32","1.32","38.6",,,,,
"SL","2026-04-17","88","2.6","5.32","Lovelady, Richard",656305,663992,,"called_strike",,,,,3,,"R","R","L","WSH","SF","S",,,0,0,2026,"-0.17","0.33",0.7801110327612073,2.983919482245767,,,650333,0,9,"Top",,,,,,,-4.057784868919111,-128.2776677557873,-0.12234477958546208,-1.0733163783658795,24.361594215227417,-28.724014698636203,3.250721785,1.640551181,,,,"89.7",2453,"7",822752,660688,678554,683083,691781,682928,695734,696285,695578,"53.46",,,,,,,,74,1,"Slider",5,9,9,5,9,5,9,5,"Standard","Standard",171,"0","-0.043",,,,"0.043",,-4,4,0.013,0.987,30,33,31,33,1,4,7,1,1,1,"2.59","-0.17","0.17","19.4",,,,,
"FF","2026-04-17","98.8","-0.63","6.11","Rodriguez, Bradgley",687263,699134,,"called_strike",,,,,7,,"R","R","R","LAA","SD","S",,,1,1,2026,"-0.7","1.35",-0.500197141211198,1.6420746118007932,,,,0,7,"Bot",,,,,,,1.9941058994547647,-143.61632785790474,-9.578320386991031,-10.103899411528573,35.75345949941687,-11.404642127500695,3.169980315,1.59980315,,,,"97.8",2124,"6",824048,669134,664034,630105,592518,593428,657757,701538,665487,"54.52",,,,,,,,64,3,"4-Seam Fastball",8,0,8,0,0,8,8,0,"Standard","Standard",269,"0","-0.061",,,,"0.061",,8,8,0.998,0.998,22,25,23,25,1,4,1,1,2,1,"1","0.7","0.7","42.5",,,,,
"SL","2026-04-17","85.9","-0.86","5.71","Morgan, Eli",665862,669212,,"called_strike",,,,,9,,"R","L","R","NYY","KC","S",,,1,1,2026,"0.02","0.54",0.6461218725761866,1.577594795927431,,,,0,7,"Bot",,,,,,,3.4687213593390718,-125.16796842126597,-4.53095321384797,-0.32036723944897993,21.11997610406695,-25.868265823169274,3.15593832,1.592716535,,,,"86.7",2478,"6.3",823559,521692,686469,663697,672580,677951,516782,657041,695506,"54.16",,,,,,,,52,3,"Slider",2,1,2,1,1,2,2,1,"Standard","Standard",190,"-0.005","-0.061",,,,"0.061",,1,1,0.788,0.788,30,28,30,28,1,2,2,1,2,1,"2.5","-0.02","0.02","44.5",,,,,
"FC","2026-04-17","90.3","2.26","5.91","Funderburk, Kody",663886,681892,,"called_strike",,,,,2,,"R","R","L","MIN","CIN","S",,,0,0,2026,"-0.13","0.92",0.25276872741770373,3.421498776078878,,,,1,8,"Top",,,,,,,-4.6975884828709855,-131.53493627491034,-2.1395239827290125,-0.6335998166662409,25.587231552654476,-21.166438704735658,3.359547244,1.695472441,,,,"91.6",2219,"6.8",823720,605170,605137,807712,656484,686797,668885,621439,670242,"53.7",,,,,,,,57,1,"Cutter",1,2,2,1,2,1,2,1,"Standard","Standard",149,"0.003","-0.039",,,,"0.039",,-1,1,0.278,0.722,29,29,30,30,1,2,2,2,1,1,"1.85","-0.13","0.13","34.6",,,,,
"FF","2026-04-17","91.8","2.44","5.7","Hart, Kyle",666176,606996,,"ball",,,,,14,,"R","R","L","LAA","SD","B",,,0,1,2026,"1.09","1.08",0.5743510850388107,1.4505413214142004,,,,0,8,"Bot",,,,,,,-7.063209269692877,-133.33590046466432,-7.002336617204757,14.57041343606386,30.38866835032,-17.89403088941918,3.305134514,1.668011811,,,,"91.5",2261,"6.4",824048,669134,664034,630105,592518,593428,657757,701538,665487,"54.14",,,,,,,,70,2,"4-Seam Fastball",8,0,8,0,0,8,8,0,"Standard","Standard",129,"0","0.031",,,,"-0.031",,8,8,0.999,0.999,33,27,34,27,1,4,5,1,2,1,"1.64","1.09","-1.09","40.1",,,,,
"FF","2026-04-17","97.6","0.45","6.25","Chapman, Aroldis",595879,547973,,"ball",,,,,13,,"R","R","L","BOS","DET","B",,,0,0,2026,"-0.02","1.58",-0.7390426922571813,1.4693638610585613,,,,0,9,"Top",,,,,,,-3.137983061261199,-141.76322178073917,-10.921919145481153,0.43211961099436186,34.39271941004282,-8.48163500663526,3.175246063,1.60246063,,,,"98.8",2494,"7.2",824778,657136,575929,691785,702332,596115,680776,678882,677800,"53.3",,,,,,,,55,1,"4-Seam Fastball",0,0,0,0,0,0,0,0,"Standard","Standard",173,"-0.008","0.041",,,,"-0.041",,0,0,0.5,0.5,38,33,38,34,1,2,3,1,3,1,"0.83","-0.02","0.02","59.4",,,,,
"SI","2026-04-17","89.4","3.63","4.87","Bruihl, Justin",694388,677865,,"called_strike",,,,,9,,"R","L","L","HOU","STL","S",,,0,0,2026,"1.35","-0.03",0.7116908135847182,2.0626537946582695,,,,0,6,"Bot",,,,,,,-10.06813933948811,-129.7006887545142,-0.5442788266091968,17.38872793373807,29.581818547218077,-32.672237049815365,3.321809383,1.676427165,,,,"89.7",2127,"6.8",824207,686780,676475,802139,669357,691026,701675,687363,691023,"53.66",,,,,,,,51,1,"Sinker",3,4,3,4,4,3,3,4,"Standard","Standard",113,"-0.006","-0.039",,,,"0.039",,-1,-1,0.396,0.396,29,27,29,27,1,2,2,1,2,,"2.92","1.35","1.35","28.1",,,,,
"SL","2026-04-16","89.9","-1.39","6.37","Burns, Chase",672275,695505,"strikeout","called_strike",,,,,8,"P.J. Higgins challenged (pitch result), call on the field was overturned: Patrick Bailey called out on strikes.","R","L","R","CIN","SF","S",2,,2,2,2026,"0.25","-0.03",0.24582353725814343,1.5647582335217405,,,,2,6,"Top",,,,,,,3.478794417275764,-130.93327376043592,-5.665736441571667,2.210115101210741,25.776735573847358,-31.60452074621721,3.22351542,1.626820866,,,,"90.5",2803,"6.4",824530,664731,701398,680574,663647,682829,668715,670770,677956,"54.05",,0,"0",1,0,0,,35,5,"Slider",0,0,0,0,0,0,0,0,"Standard","Standard",134,"0.014","-0.224",,,,"0.224",,0,0,0.562,0.43799999999999994,23,27,23,27,2,1,6,2,5,2,"2.83","-0.25","0.25","54.0",,,,,
"FC","2026-04-16","87.6","2.64","5.64","Griffin, Foster",665833,656492,,"ball",,,,,11,,"R","L","L","PIT","WSH","B",,,0,1,2026,"-0.58","0.46",-0.27086300712965267,3.6830594231588787,,695257,663968,2,5,"Bot",,,,,,,-5.725344106555424,-127.65198109857133,0.5494203452107562,-5.332536510141652,23.815673800350034,-27.44743316486395,3.515764436,1.774311024,,,,"88.1",2269,"6.3",823396,686452,671277,683083,691781,682928,695734,696285,695578,"54.18",,,,,,,,43,2,"Cutter",0,4,0,4,4,0,0,4,"Strategic","Strategic",214,"0.003","0.018",,,,"-0.018",,-4,-4,0.113,0.113,30,27,31,28,3,2,5,1,5,1,"2.48","-0.58","-0.58","46.2",,,,,
"SI","2026-04-16","91.1","2.8","5.39","Griffin, Foster",665833,656492,,"called_strike",,,,,8,,"R","L","L","PIT","WSH","S",,,0,0,2026,"1.13","0.87",-0.24148819911401098,1.6703157422173776,,695257,663968,2,5,"Bot",,,,,,,-9.994789704060215,-132.282035662706,-5.150403893195665,15.275293217809049,25.64363411059385,-21.02297093722151,3.515764436,1.774311024,,,,"91.5",1981,"6.4",823396,686452,671277,683083,691781,682928,695734,696285,695578,"54.08",,,,,,,,43,1,"Sinker",0,4,0,4,4,0,0,4,"Strategic","Strategic",144,"-0.005","-0.047",,,,"0.047",,-4,-4,0.118,0.118,30,27,31,28,3,2,5,1,5,1,"1.87","1.13","1.13","40.8",,,,,
"FC","2026-04-16","91.8","-2.55","5.64","Sproat, Brandon",672960,687075,,"called_strike",,,,,9,,"R","R","R","MIL","TOR","S",,,2,0,2026,"0.12","0.52",0.7995747827022234,2.024896534777,,,,1,7,"Top",,,,,,,8.110712038490696,-133.50333194100958,-4.253727795944851,-0.19921676393238683,26.615892768677064,-25.297078971973257,3.255987533,1.643208661,,,,"92.1",1945,"6.3",823801,661388,641343,668930,666152,687401,675659,663604,682641,"54.18",,,,,,,,48,3,"Cutter",1,1,1,1,1,1,1,1,"Standard","Standard",189,"0.009","-0.066",,,,"0.066",,0,0,0.526,0.474,25,30,26,30,3,2,5,1,7,1,"2.18","-0.12","-0.12","36.0",,,,,
"CH","2026-04-16","88.5","-2.45","6.04","Weiss, Ryan",681198,680802,,"called_strike",,,,,1,,"R","L","R","HOU","COL","S",,,0,0,2026,"-0.66","0.27",-0.7280212044428477,3.074767498494077,686668,,,2,3,"Top",,,,,,,5.564474377360792,-128.66527085273952,-1.4454125280893457,-8.620356319203315,30.43718818948402,-29.121453321114004,3.422736221,1.727362205,,,,"88.1",1299,"6.4",824208,673237,572233,514888,670623,621043,694388,666211,701358,"54.09",,,,,,,,22,1,"Changeup",2,1,1,2,1,2,1,2,"Infield shade","Standard",233,"0.006","-0.044",,,,"0.044",,1,-1,0.626,0.374,29,26,30,26,2,1,6,1,5,1,"2.68","0.66","-0.66","39.6",,,,,
"FF","2026-04-16","96.9","1.86","6.01","Kay, Anthony",650490,641743,,"called_strike",,,,,9,,"R","R","L","CWS","TB","S",,,2,1,2026,"0.66","1.13",0.3704060409603217,1.7281804350423327,663743,691406,656775,2,3,"Top",,,,,,,-5.428723460387316,-140.86198641717533,-8.23780876986075,9.95399156502358,30.90724543194394,-15.45202902576934,3.227903543,1.629035433,,,,"96.6",2342,"6.1",824614,700337,808959,805367,678246,695020,803011,656537,677592,"54.42",,,,,,,,21,4,"4-Seam Fastball",0,0,0,0,0,0,0,0,"Strategic","Standard",140,"0.023","-0.051",,,,"0.051",,0,0,0.461,0.5389999999999999,31,34,31,35,1,1,7,1,6,1,"1.3","0.66","-0.66","38.9",,,,,
"FF","2026-04-16","96.8","1.97","5.81","Kay, Anthony",650490,641743,,"called_strike",,,,,7,,"R","R","L","CWS","TB","S",,,2,0,2026,"0.71","1.19",-0.4081037491834292,1.7493362508977943,663743,691406,656775,2,3,"Top",,,,,,,-7.850343563891858,-140.60184248431537,-7.754362753635587,11.214405523362176,31.460487295601695,-14.811166923422496,3.227903543,1.629035433,,,,"96.2",2361,"6",824614,700337,808959,805367,678246,695020,803011,656537,677592,"54.48",,,,,,,,21,3,"4-Seam Fastball",0,0,0,0,0,0,0,0,"Strategic","Standard",133,"0.021","-0.03",,,,"0.03",,0,0,0.44,0.56,31,34,31,35,1,1,7,1,6,1,"1.25","0.71","-0.71","36.5",,,,,
"SL","2026-04-16","83.7","1.59","6.33","Miller, Erik",701398,669062,,"called_strike",,,,,9,,"R","R","L","CIN","SF","S",,,0,0,2026,"-0.86","-0.41",0.5723426473392416,1.6388705655418057,,,680574,2,9,"Bot",,,,,,,-0.5792448336618314,-121.83926327355158,-3.2687899978840678,-8.376098534507118,26.84732948249787,-35.755674111164964,3.239312664,1.634793307,,,,"83.7",2728,"6.5",824530,672275,646240,650333,656305,642715,671218,687551,808982,"53.96",,,,,,,,65,1,"Slider",0,3,0,3,3,0,0,3,"Strategic","Standard",313,"0.001","-0.042",,,,"0.042",,-3,-3,0.015,0.015,28,22,28,23,1,3,4,1,2,1,"3.7","-0.86","0.86","36.3",,,,,
"FF","2026-04-16","95.2","2.44","6.17","Newcomb, Sean",802415,656794,,"ball",,,,,12,,"R","L","L","CWS","TB","B",,,0,1,2026,"0.53","1.27",0.9967001547575411,3.3424836386756884,,,,2,8,"Top",,,,,,,-4.881377969089351,-138.48802787941287,-4.422197865458003,7.87742947710243,31.409041078356037,-15.013455247798596,3.177878937,1.60378937,,,,"94.2",2329,"5.7",824614,700337,808959,805367,678246,695657,803011,671976,677592,"54.77",,,,,,,,66,2,"4-Seam Fastball",2,2,2,2,2,2,2,2,"Strategic","Standard",139,"-0.003","0.027",,,,"-0.027",,0,0,0.586,0.41400000000000003,33,25,33,26,1,4,4,1,2,1,"1.25","0.53","0.53","31.2",,,,,
"SI","2026-04-16","88","3.15","5.91","Suter, Brent",700250,608718,"strikeout","called_strike",,,,,7,"Travis d'Arnaud challenged (pitch result), call on the field was overturned: Ben Rice called out on strikes.","R","L","L","NYY","LAA","S",2,,0,2,2026,"1.17","1.21",-0.2980442272733368,1.7684106032520641,,,,0,2,"Bot",,,,,,,-11.024979114331055,-127.65479839589446,-6.4405108074584865,14.948024207610379,23.813326575778373,-17.728346599374003,3.280561024,1.655610236,,,,"90.6",2210,"7.9",823560,518595,694384,687093,672724,687263,666139,669326,666176,"52.65",,0,"0",1,0,0,,13,4,"Sinker",1,2,1,2,2,1,1,2,"Infield shade","Standard",159,"-0.015","-0.165",,,,"0.165",,-1,-1,0.433,0.433,36,27,37,27,1,0,5,1,3,1,"1.73","1.17","1.17","50.6",,,,,
"FF","2026-04-16","97.1","-0.83","5.63","Jax, Griffin",643217,643377,,"ball",,,,,13,,"R","L","R","CWS","TB","B",,,0,0,2026,"-1","1.42",-0.8573884017910417,2.0781802857405527,677592,700337,695657,1,6,"Bot",,,,,,,2.263029981933907,-141.36729265693805,-7.131305070358353,-13.91409199491815,29.823764692351535,-11.756565499710645,3.068175853,1.548425197,,,,"98",2562,"6.6",824614,663743,666018,680700,691406,670764,802415,656775,641584,"53.91",,,,,,,,53,1,"4-Seam Fastball",2,1,2,1,1,2,2,1,"Strategic","Standard",217,"0.007","0.038",,,,"-0.038",,1,1,0.826,0.826,31,31,32,32,1,2,5,1,1,1,"0.98","1","-1","41.4",,,,,
"FS","2026-04-16","86.7","-2.04","5.94","Silseth, Chase",641555,681217,,"called_strike",,,,,7,,"R","L","R","NYY","LAA","S",,,1,1,2026,"-0.63","-0.16",-0.4735254103574408,1.549361888299945,,,676609,2,9,"Bot",,,,,,,4.961143798466136,-126.204574594685,-3.664992267493865,-7.771736494986409,27.019486267003693,-33.35132934739594,3.29109252,1.660925197,,,,"85.7",1051,"5.8",823560,518595,694384,687093,672724,687263,624428,666139,666176,"54.74",,,,,,,,81,3,"Split-Finger",4,11,4,11,11,4,4,11,"Standard","Standard",246,"0","-0.073",,,,"0.073",,-7,-7,0.001,0.001,26,31,26,31,1,3,2,4,1,2,"3.21","0.63","-0.63","37.0",,,,,
"FC","2026-04-16","89.6","-3","5.39","Sterner, Justin",677649,686993,,"ball",,,,,14,,"R","R","R","ATH","TEX","B",,,2,1,2026,"0.22","0.49",0.8853269607541282,2.225340447087086,543309,592626,669701,1,9,"Top",,,,,,,9.034278325441203,-130.40434418494877,-2.7973726967818044,1.063530517634031,21.991792740431958,-26.22566966901402,3.126099081,1.57765748,,,,"90.8",2677,"6.6",825023,642851,701762,680869,687231,805779,691016,672016,671732,"53.91",,,,,,,,85,4,"Cutter",6,7,7,6,7,6,7,6,"Strategic","Standard",174,"-0.017","0.064",,,,"-0.064",,-1,1,0.095,0.905,29,27,30,27,1,4,2,1,1,2,"2.31","-0.22","-0.22","41.9",,,,,
"SI","2026-04-16","98.4","-2.62","5.45","Sproat, Brandon",665489,687075,,"called_strike",,,,,7,,"R","R","R","MIL","TOR","S",,,2,1,2026,"-1.38","0.46",-0.3077989592308936,1.6197838695101903,,,,2,1,"Top",,,,,,,9.46938731863536,-142.9433685808245,-5.830110443999878,-21.06404166126447,30.864708175528015,-24.668521021802636,3.208595801,1.619291339,,,,"98.8",2040,"6.5",823801,661388,650859,668930,666152,687401,675659,663604,682641,"54.03",,,,,,,,3,4,"Sinker",0,0,0,0,0,0,0,0,"Standard","Standard",231,"0.003","-0.073",,,,"0.073",,0,0,0.537,0.46299999999999997,25,27,26,27,1,0,5,1,7,1,"1.89","1.38","1.38","33.3",,,,,
"FF","2026-04-16","92.6","-2.83","5.38","Sterner, Justin",677649,686993,,"called_strike",,,,,8,,"R","R","R","ATH","TEX","S",,,2,0,2026,"-0.56","1.24",0.028831731077785916,1.5829989146381371,543309,592626,669701,1,9,"Top",,,,,,,8.47814379850737,-134.5507122306492,-6.486138532290999,-8.527735226597697,25.5023611881141,-15.88275975625477,3.126099081,1.57765748,,,,"93.4",2325,"6.6",825023,642851,701762,680869,687231,805779,691016,672016,671732,"53.95",,,,,,,,85,3,"4-Seam Fastball",6,7,7,6,7,6,7,6,"Strategic","Standard",214,"0.011","-0.013",,,,"0.013",,-1,1,0.084,0.916,29,27,30,27,1,4,2,1,1,2,"1.4","0.56","0.56","36.1",,,,,
"SI","2026-04-16","90.8","2.04","5.4","Bubic, Kris",805808,663460,,"ball",,,,,13,,"R","L","L","DET","KC","B",,,2,1,2026,"1.1","0.49",-0.9565261417136797,2.277224066278851,,,650402,0,1,"Bot",,,,,,,-9.93424522610345,-131.81610409582862,-2.745402185951324,15.029858336444828,28.82670519820806,-26.048913406977217,3.085728346,1.557283465,,,,"91.8",2024,"7.1",824289,695600,686469,663697,672580,677951,686681,664728,695506,"53.39",,,,,,,,5,4,"Sinker",0,0,0,0,0,0,0,0,"Infield shade","Standard",140,"0.016","0.116",,,,"-0.116",,0,0,0.588,0.588,28,21,29,22,1,0,6,1,5,1,"2.29","1.1","1.1","38.4",,,,,
"FF","2026-04-16","94.5","-2.29","5.68","Wilcox, Cole",665487,677961,,"called_strike",,,,,7,,"R","R","R","SD","SEA","S",,,2,0,2026,"-1.51","0.88",-0.6031473393036191,1.6528817200080155,,,,0,7,"Bot",,,,,,,7.824245334050356,-137.22945174799338,-6.509778929585021,-20.907598695712604,34.555918408779426,-19.68034529673404,3.346382874,1.68882874,,,,"94.5",2189,"6.7",823313,663728,647304,702284,680977,641487,668227,677594,656582,"53.77",,,,,,,,57,3,"4-Seam Fastball",4,2,4,2,2,4,4,2,"Standard","Standard",236,"-0.002","-0.072",,,,"0.072",,2,2,0.891,0.891,26,27,27,27,1,3,3,1,2,1,"1.71","1.51","1.51","27.5",,,,,
"CH","2026-04-16","91.4","-0.48","5.96","Rodriguez, Bradgley",668227,699134,"walk","ball",,,,,14,"Luis Campusano challenged (pitch result), call on the field was confirmed: Randy Arozarena walks. Josh Naylor to 2nd.","R","R","R","SD","SEA","B",,,3,2,2026,"-1.6","1.03",0.3740653255167201,1.3400188221401843,663728,,647304,1,6,"Top",,,,,,,5.653483082295865,-132.76150425247752,-7.72430010463672,-20.076327709269147,30.951737091643462,-18.445313493676508,3.127854331,1.578543307,,,,"91.4",1933,"6.6",823313,669134,657757,630105,592518,593428,657656,701538,665487,"53.88",,0.704857,"0.7",1,0,0,,47,6,"Changeup",4,2,2,4,2,4,2,4,"Standard","Standard",228,"-0.051","0.255",,,,"-0.255",,2,-2,0.678,0.32199999999999995,22,31,23,31,1,2,4,1,1,1,"1.73","1.6","1.6","44.5",,,,,
"CU","2026-04-16","80.9","-1.01","5.79","Sims, Lucas",676439,608371,,"ball",,,,,14,,"R","L","R","CWS","TB","B",,,1,0,2026,"1.1","-0.71",0.8963029446637374,1.6825229923522764,650490,666018,680700,2,9,"Top",,,,,,,2.046172376020515,-117.77701745681242,-0.8773855622932956,9.815781498119293,23.882634779948457,-38.7784014120507,3.262130906,1.646309055,,,,"80.1",3101,"5.8",824614,700337,808959,805367,678246,695657,803011,671976,677592,"54.65",,,,,,,,77,2,"Curveball",3,3,3,3,3,3,3,3,"Standard","Standard",50,"-0.062","0.029",,,,"-0.029",,0,0,0.43,0.5700000000000001,32,29,32,29,1,0,2,1,2,2,"4.21","-1.1","1.1","44.0",,,,,
"SL","2026-04-16","86.7","-1.1","5.7","Sims, Lucas",641584,608371,"strikeout","called_strike",,,,,8,"Edgar Quero challenged (pitch result), call on the field was overturned: Jake Fraley called out on strikes.","R","L","R","CWS","TB","S",2,,3,2,2026,"0.63","0.43",0.0016059305135632806,1.489177129732087,650490,666018,680700,1,9,"Top",,,,,,,1.2940076196165262,-126.30562345175017,-4.576823244462466,6.5404694988002205,23.203982072847744,-26.925999792238905,3.169980315,1.59980315,,,,"86.6",2859,"6",824614,700337,808959,805367,678246,695657,803011,671976,677592,"54.53",,0,"0",1,0,0,,76,7,"Slider",3,3,3,3,3,3,3,3,"Strategic","Standard",95,"0.206","-0.342",,,,"0.342",,0,0,0.255,0.745,32,31,32,31,1,2,2,1,2,1,"2.57","-0.63","0.63","36.8",,,,,
"SI","2026-04-16","95.9","0.49","6.57","Ashby, Aaron",676391,676879,,"ball",,,,,14,,"R","R","L","MIL","TOR","B",,,1,0,2026,"1.4","0.73",0.8688073650171755,2.0946776902109927,,,665926,2,7,"Top",,,,,,,-2.1971450684048284,-139.50356648905844,-7.515836932433145,18.726488017384874,32.92114931378984,-21.08359037246402,3.191043307,1.610433071,,,,"94.2",2002,"5.4",823801,661388,641343,668930,666152,687401,675659,663604,682641,"55.07",,,,,,,,50,2,"Sinker",1,1,1,1,1,1,1,1,"Standard","Standard",143,"-0.007","0.048",,,,"-0.048",,0,0,0.543,0.45699999999999996,28,30,28,30,1,2,1,1,5,1,"1.76","1.4","-1.4","45.3",,,,,
"SI","2026-04-16","99.5","2.52","5.97","Morejon, Adrian",641487,670970,,"ball",,,,,14,,"R","L","L","SD","SEA","B",,,0,1,2026,"1.31","0.92",0.9293594381595907,2.081796157728264,663728,647304,668227,2,6,"Top",,,,,,,-7.411509352115144,-144.44989737901955,-7.110647923687589,20.08497013535418,38.64658746132857,-17.75342847082083,3.219127297,1.624606299,,,,"98.6",2418,"6.2",823313,669134,657757,630105,592518,593428,657656,701538,665487,"54.27",,,,,,,,49,2,"Sinker",4,2,2,4,2,4,2,4,"Standard","Standard",149,"-0.011","0.031",,,,"-0.031",,2,-2,0.753,0.247,27,31,27,31,1,2,2,2,2,1,"1.42","1.31","1.31","45.4",,,,,
"SL","2026-04-16","86.2","2.01","6.31","Miller, Erik",667472,669062,,"called_strike",,,,,9,,"R","R","L","CIN","SF","S",,,1,1,2026,"-0.33","-0.12",0.405286595409337,1.7105767311684144,,,,0,9,"Bot",,,,,,,-3.111081619945566,-125.4144324544038,-4.185892423070255,-2.7819929873346796,26.484768669459065,-32.72957386433188,3.213861549,1.621948819,,,,"86.6",2593,"6.7",824530,672275,646240,650333,656305,642715,671218,687551,808982,"53.83",,,,,,,,62,3,"Slider",0,3,0,3,3,0,0,3,"Standard","Standard",49,"-0.007","-0.061",,,,"0.061",,-3,-3,0.042,0.042,28,30,28,30,1,0,4,2,2,1,"3.2","-0.33","0.33","36.1",,,,,
"FF","2026-04-16","94.9","1.91","6.04","Latz, Jacob",701762,656641,,"ball",,,,,13,,"R","L","L","ATH","TEX","B",,,2,0,2026,"0.72","1.48",-0.07020469380356475,1.318762770261571,642851,680869,669127,2,8,"Bot",,,,,,,-6.738182940562555,-137.7983806402588,-9.785534590924598,10.635548282416897,29.575851770179337,-11.301393623899706,3.413082349,1.722490158,,,,"95",2298,"6.4",825023,543309,669394,669701,673962,677649,694671,694497,607043,"54.11",,,,,,,,77,3,"4-Seam Fastball",3,5,3,5,5,3,3,5,"Infield shade","Standard",152,"0.041","0.129",,,,"-0.129",,-2,-2,0.274,0.274,30,23,30,23,1,4,1,1,1,1,"1.05","0.72","0.72","50.8",,,,,
"CU","2026-04-16","79.3","3.33","5.24","Mantiply, Joe",687401,573009,,"called_strike",,,,,6,,"R","R","L","MIL","TOR","S",,,0,0,2026,"-0.05","-0.52",0.7910742332511449,2.50230827146639,669003,,666152,1,7,"Bot",,,,,,,-5.384367554644716,-115.22035551317836,2.080288416386493,0.6640163045731186,23.70186623829487,-37.48251607760977,3.136630577,1.582972441,,,,"78.9",2160,"6.4",823801,623168,672960,672820,676391,665926,676914,662139,660821,"54.14",,,,,,,,54,1,"Curveball",1,1,1,1,1,1,1,1,"Strategic","Standard",328,"-0.018","-0.041",,,,"0.041",,0,0,0.706,0.706,35,27,35,28,1,2,4,1,1,2,"4.19","-0.05","0.05","14.4",,,,,
"FF","2026-04-15","97.6","2.11","5.96","Luzardo, Jesús",683737,666200,,"ball",,,,,13,,"R","L","L","PHI","CHC","B",,,1,1,2026,"1.12","1.1",-0.8384050840897639,2.078823069040003,,,,0,6,"Top",,,,,,,-10.312640478036446,-141.57884224957192,-7.158072367764484,17.423731262607795,33.30994254811881,-15.893100001534433,3.166469816,1.598031496,,,,"96.3",2256,"5.8",823477,592663,547180,624641,664761,607208,805249,669016,666969,"54.71",,,,,,,,41,3,"4-Seam Fastball",1,5,5,1,5,1,5,1,"Standard","Standard",131,"-0.001","0.055",,,,"-0.055",,-4,4,0.082,0.918,28,28,29,29,3,2,5,1,6,2,"1.32","1.12","1.12","38.0",,,,,
"SL","2026-04-15","86.3","-1.45","6.27","Woods Richardson, Simeon",655316,680573,,"called_strike",,,,,9,,"R","R","R","MIN","BOS","S",,,0,0,2026,"0.41","0.51",0.8074246409838463,1.6341508469137547,,,680776,1,5,"Top",,,,,,,4.478196933919026,-125.56762320216622,-5.632094192814742,3.3861914638940407,26.232623242363307,-25.782571155997488,3.148039698,1.588730315,,,,"86.9",2201,"6.7",823722,680777,605137,807712,668952,686797,668885,621439,670242,"53.78",,,,,,,,40,1,"Slider",1,5,5,1,5,1,5,1,"Infield shade","Standard",158,"0.002","-0.04",,,,"0.04",,-4,4,0.103,0.897,25,29,26,29,3,2,5,1,6,3,"2.56","-0.41","-0.41","39.4",,,,,
"FS","2026-04-15","86.4","-1.39","5.34","Mlodzinski, Carmen",671277,669387,,"ball",,,,,13,,"R","L","R","PIT","WSH","B",,,0,2,2026,"-0.27","0.13",-0.8549608001543453,1.4750854565556648,,,,2,7,"Top",,,,,,,1.8114810362832814,-125.90949766786336,-3.112291499550407,-3.2037874087100993,23.91206462931453,-30.356895376331522,3.248088911,1.639222441,,,,"86.9",1897,"6.4",823399,680779,687462,664040,694377,693304,668804,665833,656811,"54.1",,,,,,,,53,3,"Split-Finger",2,0,0,2,0,2,0,2,"Standard","Standard",251,"-0.002","0.022",,,,"-0.022",,2,-2,0.879,0.121,27,26,27,26,3,2,5,1,6,1,"2.89","0.27","-0.27","35.3",,,,,
"FC","2026-04-15","89","-2.24","5.16","Irvin, Jake",656811,663623,,"ball",,,,,13,,"R","L","R","PIT","WSH","B",,,0,0,2026,"0.33","0.56",-0.3402494624212666,1.5071651149921292,,,668804,2,5,"Bot",,,,,,,3.9707555885247996,-129.61860161764506,-3.9952116763735717,2.9533271350395824,25.353915716539277,-25.28669382829194,3.28933727,1.66003937,,,,"90.9",2547,"7.3",823399,660688,678554,678391,691781,682928,695734,686894,695578,"53.24",,,,,,,,42,1,"Cutter",2,0,2,0,0,2,2,0,"Infield shade","Strategic",193,"0.001","0.035",,,,"-0.035",,2,2,0.794,0.794,29,32,29,33,3,2,5,1,5,1,"2.3","-0.33","0.33","30.2",,,,,
"CU","2026-04-15","76.5","-2.49","5.09","Arrighetti, Spencer",666160,681293,"strikeout","called_strike",,,,,1,"Yainer Diaz challenged (pitch result), call on the field was overturned: Mickey Moniak called out on strikes.","R","L","R","HOU","COL","S",2,,0,2,2026,"1.63","-0.33",-0.7556990344410777,3.1290902817860147,671289,664983,666397,2,4,"Top",,,,,,,0.6098634784833916,-111.30124892557541,3.8694986932599913,13.293970477794684,22.733171002034805,-35.953985682723015,3.254232283,1.642322835,,,,"77.3",2747,"7.2",824209,673237,572233,670623,621043,669397,694728,694388,701358,"53.3",,0,"0",1,0,0,,35,3,"Curveball",3,1,1,3,1,3,1,3,"Infield shade","Standard",61,"0.055","-0.171",,,,"0.171",,2,-2,0.731,0.269,26,28,26,28,3,2,,1,5,1,"4.27","-1.63","1.63","21.2",,,,,
"SL","2026-04-15","87.2","-1.09","5.98","Scholtens, Jesse",643217,669947,,"ball",,,,,14,,"R","L","R","CWS","TB","B",,,0,0,2026,"0.58","0.54",0.1954698825004752,1.3593039871763528,,671976,682668,2,7,"Bot",,,,,,,1.8696925323337228,-127.07238178263223,-5.993846328798389,5.99465044507099,21.940479746280705,-25.373612835271544,3.068175853,1.548425197,,,,"88.6",2506,"6.7",824615,676439,666018,680700,691406,670764,802415,656775,676356,"53.78",,,,,,,,62,1,"Slider",0,8,0,8,8,0,0,8,"Standard","Standard",175,"0","0.024",,,,"-0.024",,-8,-8,0.005,0.005,32,31,32,32,3,3,7,1,5,1,"2.41","-0.58","0.58","39.1",,,,,
"CU","2026-04-15","76.9","-2.6","4.82","Arrighetti, Spencer",666397,681293,,"called_strike",,,,,7,,"R","L","R","HOU","COL","S",,,2,1,2026,"1.32","-0.29",-0.8112833249762086,1.6109535173699836,671289,664983,,2,4,"Top",,,,,,,1.3081143447443613,-111.86251075162936,1.046867913229398,10.737737649778522,22.82244915984912,-35.0068670191848,3.234924541,1.63257874,,,,"77.5",2672,"7",824209,673237,572233,670623,621043,669397,694728,694388,701358,"53.45",,,,,,,,34,4,"Curveball",3,1,1,3,1,3,1,3,"Standard","Standard",66,"0.012","-0.064",,,,"0.064",,2,-2,0.716,0.28400000000000003,26,27,26,27,3,2,,3,5,1,"4.18","-1.32","1.32","18.8",,,,,
"FC","2026-04-15","89.7","-1.73","6.04","Vásquez, Randy",702284,681190,,"called_strike",,,,,1,,"R","L","R","SD","SEA","S",,,1,0,2026,"0.33","0.64",-0.392972743655469,3.175819172180489,,668227,,2,4,"Top",,,,,,,2.5235161288971795,-130.72788727027321,-2.278156701046399,3.2941459749529933,27.444440098732514,-24.57680700201217,3.133120079,1.581200787,,,,"89.3",2779,"6",823314,669134,664034,630105,592518,593428,657656,701538,592206,"54.54",,,,,,,,26,2,"Cutter",0,2,2,0,2,0,2,0,"Infield shade","Standard",149,"0.002","-0.044",,,,"0.044",,-2,2,0.282,0.718,27,22,28,23,2,1,6,1,6,1,"2.18","-0.33","0.33","35.5",,,,,
"FF","2026-04-15","99.4","-1.45","6.2","Cease, Dylan",596142,656302,"walk","ball",,,,,14,"Brandon Valenzuela challenged (pitch result), call on the field was confirmed: Gary Sánchez walks.","R","R","R","MIL","TOR","B",,,3,2,2026,"-0.22","1.59",0.06863055130014184,1.4545254962178675,,,,1,4,"Bot",,,,,,,4.65579247792738,-144.41570686155072,-11.186655703474946,-4.213967403280328,33.02789022383819,-7.470791534593889,3.311277887,1.671112205,,,,"99.9",2575,"6.6",823803,678218,665489,672820,676391,665926,660821,662139,664770,"53.88",,0.704857,"0.7",1,0,0,,27,6,"4-Seam Fastball",0,1,0,1,1,0,0,1,"Standard","Standard",191,"0.029","0.339",,,,"-0.339",,-1,-1,0.403,0.403,30,33,31,34,2,1,7,1,5,1,"0.72","0.22","0.22","52.8",,,,,
"FF","2026-04-15","96.3","-3","5.8","Gil, Luis",666139,661563,,"ball",,,,,12,,"R","L","R","NYY","LAA","B",,,2,2,2026,"-0.27","1.18",0.6812124213574893,3.5558667397274553,,672724,,2,4,"Top",,,,,,,10.388808045771437,-139.88011829452805,-2.89964194514289,-6.0365206533952405,33.365362093595664,-16.262605279366973,3.355159121,1.693257874,,,,"97.2",2264,"7",823561,669224,700250,665862,641857,676609,641355,663757,592450,"53.5",,,,,,,,31,6,"4-Seam Fastball",3,1,1,3,1,3,1,3,"Standard","Standard",200,"-0.007","0.057",,,,"-0.057",,2,-2,0.755,0.245,28,28,28,28,2,1,5,2,6,1,"1.3","0.27","-0.27","36.0",,,,,
"FF","2026-04-15","99.2","-2.17","5.48","May, Dustin",682877,669160,"strikeout","called_strike",,,,,3,"Pedro Pagés challenged (pitch result), call on the field was overturned: Juan Brito called out on strikes.","R","L","R","STL","CLE","S",2,,1,2,2026,"-0.98","1.16",0.7686967259373607,2.9445864034656544,671655,,,2,4,"Top",,,,,,,10.365865685117868,-144.11509511445308,-4.096202149620731,-16.16546110919081,34.7208303707065,-15.188934503162423,3.220882546,1.625492126,,,,"100",2386,"6.9",823071,686780,676475,802139,669357,691026,701675,687363,691023,"53.59",,0,"0",1,0,0,,31,4,"4-Seam Fastball",1,1,1,1,1,1,1,1,"Standard","Standard",224,"0.033","-0.192",,,,"0.192",,0,0,0.527,0.473,28,24,29,25,2,1,5,1,6,1,"1.17","0.98","-0.98","34.2",,,,,
"FF","2026-04-15","92.7","-1.95","5.31","Mahle, Tyler",663886,641816,,"called_strike",,,,,3,,"R","R","R","CIN","SF","S",,,1,1,2026,"-0.93","1.46",0.6842603333785122,3.0469867815625493,,,,1,3,"Bot",,,,,,,8.813545576403719,-134.6846767992232,-3.0413929188232287,-13.263008007163092,31.06990049968075,-13.931771793452333,3.359547244,1.695472441,,,,"93.5",2384,"7",824532,691740,646240,650333,656305,642715,686823,687551,808982,"53.52",,,,,,,,29,3,"4-Seam Fastball",7,2,7,2,2,7,7,2,"Infield shade","Standard",216,"-0.001","-0.064",,,,"0.064",,5,5,0.927,0.927,31,29,32,30,2,1,7,1,7,2,"1.21","0.93","0.93","42.7",,,,,
"FS","2026-04-15","83.3","1.92","5.66","Imanaga, Shota",547180,684007,,"called_strike",,,,,2,,"R","L","L","PHI","CHC","S",,,0,1,2026,"0.58","0.93",-0.260578742626258,3.3354328952291166,,,,0,4,"Bot",,,,,,,-6.089472707887618,-121.16080379726557,-0.5455661180022483,6.910742701278919,23.717109879832893,-23.139078794979127,3.26476378,1.647637795,,,,"83.3",1002,"6.3",823477,665804,683737,663538,608324,621020,664023,691718,807713,"54.2",,,,,,,,28,2,"Split-Finger",1,3,1,3,3,1,1,3,"Infield shade","Standard",131,"-0.008","-0.055",,,,"0.055",,-2,-2,0.307,0.307,32,33,33,34,2,1,5,1,6,2,"2.36","0.58","0.58","40.6",,,,,
"CU","2026-04-15","79.1","-1.74","6.14","Ohtani, Shohei",596019,660271,,"ball",,,,,14,,"R","L","R","LAD","NYM","B",,,2,2,2026,"0.98","-1.25",0.8889087553092045,2.05672123936896,,669004,,2,3,"Top",,,,,,,3.7962558294180537,-115.0739345031638,0.6292138777836411,7.735719193683429,24.888478275612638,-43.54262898699052,3.107668963,1.568356299,,,,"78.6",2728,"6.4",823963,669257,518692,690976,571970,808975,606192,681624,663656,"54.15",,,,,,,,19,8,"Curveball",2,0,0,2,0,2,0,2,"Infield shade","Standard",34,"-0.007","0.057",,,,"-0.057",,2,-2,0.736,0.264,31,32,32,33,2,1,7,1,7,2,"4.95","-0.98","0.98","46.2",,,,,
"SL","2026-04-15","84.4","-1.95","6.22","Rocker, Kumar",701762,677958,,"ball",,,,,14,,"R","L","R","ATH","TEX","B",,,2,2,2026,"0.39","-0.06",0.17336494093306526,1.554743103215067,,672016,,2,2,"Bot",,,,,,,4.115632320834572,-122.81393493706538,-4.149151850324362,3.175716336538519,24.359055492854665,-32.17369538181013,3.413082349,1.722490158,,,,"85.2",2140,"6.8",825021,643376,592626,669701,673962,608369,677649,694497,607043,"53.69",,,,,,,,18,5,"Slider",2,0,2,0,0,2,2,0,"Infield shade","Standard",8,"0.005","0.057",,,,"-0.057",,2,2,0.732,0.732,26,23,27,23,2,1,5,1,6,1,"3.26","-0.39","0.39","46.8",,,,,
"SI","2026-04-15","94.1","-1.06","6.54","Holmes, Clay",690976,605280,,"ball",,,,,14,,"R","L","R","LAD","NYM","B",,,0,2,2026,"-1.49","0.01",0.5730366891518011,1.4548128753413003,,,,2,2,"Bot",,,,,,,7.477946520642763,-136.6368054891322,-7.138578555214237,-20.33908727746796,31.26688799864888,-30.590224948874848,3.184899934,1.607332677,,,,"93.2",2117,"6",823963,682626,683146,543760,666182,596019,502054,673357,701807,"54.53",,,,,,,,15,3,"Sinker",2,0,2,0,0,2,2,0,"Strategic","Standard",236,"0.001","0.022",,,,"-0.022",,2,2,0.717,0.717,33,24,33,25,1,0,5,1,7,2,"2.58","1.49","-1.49","43.0",,,,,
"SI","2026-04-15","93.9","-1.36","6.55","Holmes, Clay",571970,605280,,"called_strike",,,,,2,,"R","L","R","LAD","NYM","S",,,1,0,2026,"-1.25","0.09",0.037278898154516016,2.939978486386084,,,,0,2,"Bot",,,,,,,6.29534545714712,-136.61680680097186,-3.6146336889958373,-17.05953604206332,28.07736796853141,-30.456601199702273,3.127854331,1.578543307,,,,"93.1",2122,"5.7",823963,682626,683146,543760,666182,596019,502054,673357,701807,"54.83",,,,,,,,11,2,"Sinker",0,0,0,0,0,0,0,0,"Strategic","Standard",237,"-0.005","-0.05",,,,"0.05",,0,0,0.555,0.555,33,35,33,36,1,0,5,1,7,2,"2.48","1.25","-1.25","37.1",,,,,
"FF","2026-04-15","93.6","3.03","5.76","Nardi, Andrew",645277,677053,,"ball",,,,,12,,"R","R","L","ATL","MIA","B",,,0,0,2026,"0.61","1.32",1.006293169415427,2.8701569456778433,,663586,,1,7,"Bot",,,,,,,-6.590109477540881,-136.19407925732315,-4.523162002180998,9.090290005487992,29.54696289663653,-14.971948821854648,2.984801509,1.506348425,,,,"94.4",2231,"6.7",824936,689414,691277,669364,688363,672640,681715,805300,596103,"53.76",,,,,,,,60,1,"4-Seam Fastball",6,0,6,0,0,6,6,0,"Standard","Standard",145,"0","0.028",,,,"-0.028",,6,6,0.994,0.994,27,29,28,29,1,3,2,1,4,2,"1.28","0.61","-0.61","40.1",,,,,
"FF","2026-04-15","97.1","-1.19","5.48","Hurt, Kyle",543760,669165,,"ball",,,,,14,,"R","R","R","LAD","NYM","B",,,1,0,2026,"-0.69","1.55",0.8462875484396978,2.084983143627765,,666182,682626,2,9,"Top",,,,,,,7.004048961014386,-141.10050581650282,-6.976071721451015,-10.763437520338417,31.27132344636003,-10.064388488058148,3.212106299,1.621062992,,,,"97.5",2048,"6.6",823963,669257,518692,690976,571970,808975,606192,681624,663656,"53.94",,,,,,,,73,2,"4-Seam Fastball",8,1,1,8,1,8,1,8,"Standard","Standard",215,"0","0.029",,,,"-0.029",,7,-7,0.999,0.0010000000000000009,28,35,28,36,1,3,,1,4,2,"0.87","0.69","0.69","42.1",,,,,
"FF","2026-04-15","96.1","-1.56","5.97","Romano, Jordan",669224,605447,"walk","ball",,,,,14,"Logan O'Hoppe challenged (pitch result), call on the field was confirmed: Austin Wells walks.","R","L","R","NYY","LAA","B",,,3,2,2026,"-0.02","1.55",0.8244772453184587,1.4816464426389913,,665862,,1,9,"Bot",,,,,,,6.412456264337382,-139.54601952842734,-9.782957984907377,-1.8200617006957895,33.75654417257302,-9.816790949371487,3.254232283,1.642322835,,,,"97.9",2380,"7.6",823561,681351,694384,624428,672724,687263,669326,545361,666176,"52.9",,0.704857,"0.7",1,0,0,,69,6,"4-Seam Fastball",3,4,3,4,4,3,3,4,"Standard","Standard",198,"0.045","0.212",,,,"-0.212",,-1,-1,0.298,0.298,33,26,33,27,1,3,2,1,2,2,"0.94","0.02","-0.02","56.1",,,,,
"SI","2026-04-15","90.9","-1.88","5.31","Lugo, Seth",690993,607625,,"called_strike",,,,,7,,"R","L","R","DET","KC","S",,,3,1,2026,"-1.46","0.65",-0.7452246401607037,1.765621559738264,,,650402,1,1,"Bot",,,,,,,5.929611196285325,-132.26528098235988,-4.149613675333142,-18.38120532548496,28.403127298920985,-23.85925028253073,3.27792815,1.654281496,,,,"90.2",2269,"5.9",824291,521692,686469,686681,672580,677951,657041,664728,695506,"54.65",,,,,,,,6,5,"Sinker",0,0,0,0,0,0,0,0,"Infield shade","Standard",228,"-0.009","-0.085",,,,"0.085",,0,0,0.565,0.565,36,24,37,25,1,0,6,1,5,1,"2.11","1.46","-1.46","26.6",,,,,
"FF","2026-04-15","101.1","-0.25","6.11","Helsley, Ryan",682998,664854,"strikeout","called_strike",,,,,7,"Sam Huff challenged (pitch result), call on the field was overturned: Corbin Carroll called out on strikes.","R","L","R","BAL","AZ","S",2,,2,2,2026,"0.06","1.35",-0.6951258739090128,1.6164526753407662,,,,2,9,"Top",,,,,,,-1.3793216586441284,-147.0373203949622,-10.302676726749695,1.1552758624152224,32.00345895328809,-10.4852450400643,3.10328084,1.566141732,,,,"101.9",2391,"6.6",824855,669087,624413,669236,691723,683002,681297,677942,665750,"53.93",,0,"0",1,0,0,,74,6,"4-Seam Fastball",5,5,5,5,5,5,5,5,"Infield shade","Standard",192,"0.029","-0.224",,,,"0.224",,0,0,0.61,0.39,31,25,32,26,1,4,2,1,2,2,"0.87","-0.06","0.06","57.4",,,,,
"FF","2026-04-15","96","-1.25","6.12","Johnson, Pierce",666464,572955,,"called_strike",,,,,4,,"R","R","R","CIN","SF","S",,,0,0,2026,"-0.73","1.14",-0.7263245836708947,2.6030598024672758,808982,,,2,9,"Top",,,,,,,3.0260756737550123,-139.75904110567163,-6.061143990341918,-10.274362080224671,32.461602901698015,-16.03777527360915,3.400795604,1.71628937,,,,"95.2",2227,"5.9",824532,663886,701398,680574,663647,682829,670770,667472,677956,"54.62",,,,,,,,75,1,"4-Seam Fastball",8,3,3,8,3,8,3,8,"Standard","Standard",218,"0","-0.044",,,,"0.044",,5,-5,0.998,0.0020000000000000018,35,28,35,29,1,1,4,3,3,4,"1.33","0.73","0.73","39.2",,,,,
"FF","2026-04-15","94.8","-2.23","6.38","Burke, Sean",691406,680732,"strikeout","called_strike",,,,,8,"Reese McGuire challenged (pitch result), call on the field was overturned: Junior Caminero called out on strikes.","R","R","R","CWS","TB","S",2,,1,2,2026,"0.18","1.54",0.2605157448574708,1.7561632619544019,,,,1,1,"Top",,,,,,,6.070498623584899,-137.7719317483814,-9.818528185138453,1.1591057256978032,27.564831311236954,-10.590973882920458,3.243700787,1.637007874,,,,"96.3",2612,"7",824615,624512,678246,803011,695020,695657,643217,682668,671976,"53.49",,0,"0",1,0,0,,2,4,"4-Seam Fastball",0,0,0,0,0,0,0,0,"Standard","Standard",195,"0.011","-0.18",,,,"0.18",,0,0,0.527,0.473,26,22,27,23,1,0,7,1,6,1,"0.98","-0.18","-0.18","44.9",,,,,
"SL","2026-04-15","81","-2.55","5.85","Cruz, Fernando",687263,518585,,"called_strike",,,,,4,,"R","R","R","NYY","LAA","S",,,0,1,2026,"1.12","0.09",-0.6351036856437481,2.5571771589504984,,,,2,7,"Top",,,,,,,2.048605267275642,-117.90612911004673,-0.6013426418702286,9.916861935754639,25.451457000038012,-31.442381193909778,3.169980315,1.59980315,,,,"81.3",2679,"6.8",823561,669224,700250,665862,641857,676609,641355,663757,592450,"53.69",,,,,,,,52,2,"Slider",3,4,4,3,4,3,4,3,"Strategic","Standard",60,"0.003","-0.057",,,,"0.057",,-1,1,0.353,0.647,36,25,36,25,1,3,2,1,1,1,"3.42","-1.12","-1.12","43.3",,,,,
"CH","2026-04-15","85.4","2.65","5.56","Hall, DL",672820,669084,,"called_strike",,,,,1,,"R","R","L","MIL","TOR","S",,,1,0,2026,"1.32","0.63",-0.8264872495155315,3.006702096601588,,672960,665926,2,7,"Top",,,,,,,-10.88085391320605,-123.92745413316518,-0.7794775368471222,15.772383564596854,25.20827376245077,-25.720043391122623,3.153305446,1.591387795,,,,"86.1",2078,"6.9",823803,596142,641343,668930,666152,687401,663604,669003,686217,"53.55",,,,,,,,48,2,"Changeup",0,1,1,0,1,0,1,0,"Standard","Standard",110,"0.005","-0.052",,,,"0.052",,-1,1,0.312,0.688,27,26,28,26,1,2,1,1,2,1,"2.51","1.32","-1.32","43.0",,,,,
"CH","2026-04-15","90.4","-1.78","6.03","Suarez, Robert",688363,663158,,"ball",,,,,13,,"R","L","R","ATL","MIA","B",,,0,1,2026,"-1.31","0.59",-0.856160527621866,1.9003950694437752,,596103,681715,1,8,"Top",,,,,,,5.16881061173712,-131.57042378948478,-5.465411161996417,-16.302803357011683,26.68755912772948,-24.38103194521664,3.254232283,1.642322835,,,,"91.5",1973,"6.8",824936,686948,621566,645277,663586,643289,573262,671739,660670,"53.67",,,,,,,,68,2,"Changeup",6,3,3,6,3,6,3,6,"Standard","Standard",229,"-0.006","0.018",,,,"-0.018",,3,-3,0.882,0.118,35,25,35,26,1,3,1,1,3,2,"2.19","1.31","-1.31","39.8",,,,,
"FF","2026-04-15","95","-2.29","5.34","Williams, Devin",606192,642207,,"called_strike",,,,,3,,"R","R","R","LAD","NYM","S",,,1,1,2026,"-1.2","1.33",0.6419270555316969,2.9411461157882717,,,,0,8,"Bot",,,,,,,10.497957529331241,-137.89411066718296,-3.483238893420603,-17.674082545563294,31.926930308922536,-14.583168822042829,3.199819554,1.614862205,,,,"96.4",2351,"7.3",823963,682626,683146,543760,666182,596019,502054,673357,701807,"53.21",,,,,,,,60,3,"4-Seam Fastball",3,1,3,1,1,3,3,1,"Standard","Standard",232,"-0.002","-0.061",,,,"0.061",,2,2,0.938,0.938,31,33,32,34,1,3,8,1,4,2,"1.21","1.2","1.2","24.9",,,,,
"FF","2026-04-15","83.8","-3.36","3.79","Jacob, Alek",660844,689690,,"called_strike",,,,,2,,"R","L","R","SD","SEA","S",,,1,0,2026,"-1.41","1.29",0.25411464267159767,3.0777196828438695,,,,0,8,"Top",,,,,,,11.284956858663179,-121.44745603007169,2.460170917690045,-16.31124388611842,25.961011589898973,-20.27247771658305,3.006742126,1.51742126,,,,"84.8",2451,"7.4",823314,669134,664034,630105,592518,593428,657656,701538,592206,"53.12",,,,,,,,62,2,"4-Seam Fastball",2,6,6,2,6,2,6,2,"Strategic","Standard",242,"0.001","-0.05",,,,"0.05",,-4,4,0.035,0.965,28,28,28,29,1,3,,4,,2,"2","1.41","-1.41","0.4",,,,,
"FS","2026-04-15","84.2","-1.55","5.83","Orze, Eric",680776,679358,,"ball",,,,,13,,"R","L","R","MIN","BOS","B",,,0,0,2026,"-1.34","-0.04",-0.62584162200333,1.4300332119232007,,,,0,9,"Top",,,,,,,4.904896140697775,-122.38980902125587,-3.4395430392618547,-14.459548578179318,26.870727392410355,-32.0822131362623,3.229658793,1.62992126,,,,"85",1586,"7.1",823722,680777,656484,665019,668952,686797,668885,681546,670242,"53.37",,,,,,,,72,1,"Split-Finger",1,9,9,1,9,1,9,1,"Standard","Standard",243,"0","0.041",,,,"-0.041",,-8,8,0.001,0.999,28,29,29,30,1,4,2,1,3,2,"3.3","1.34","-1.34","43.2",,,,,
"FF","2026-04-15","94.8","-2.17","5.6","Santana, Dennis",691781,642701,,"ball",,,,,13,,"R","R","R","PIT","WSH","B",,,0,0,2026,"-1.14","1.22",-0.9333020346126788,2.182779699729763,,,,0,9,"Top",,,,,,,5.748181621086958,-137.81250778965287,-5.7207003783013395,-15.858778379924257,34.49356324625108,-15.525469747145321,3.370956365,1.701230315,,,,"93.8",2552,"6",823399,680779,687462,664040,694377,804606,695257,665833,668804,"54.48",,,,,,,,64,1,"4-Seam Fastball",2,0,0,2,0,2,0,2,"Standard","Standard",225,"-0.008","0.041",,,,"-0.041",,2,-2,0.924,0.07599999999999996,30,23,30,23,1,3,4,1,1,1,"1.35","1.14","1.14","29.7",,,,,
"CH","2026-04-14","87.7","-3.83","5.38","McLean, Nolan",518692,690997,,"called_strike",,,,,6,,"R","L","R","LAD","NYM","S",,,0,1,2026,"-1.11","-0.58",0.5240818626211428,2.832521340431413,,,,0,7,"Bot",,,,,,,12.669640046441726,-127.0478839684155,1.4181046070482766,-14.577643945619016,25.397764141004853,-39.05473385583934,3.382365486,1.706988189,,,,"87.4",1310,"6.3",823965,682626,668901,543760,666182,596019,701807,673357,683146,"54.22",,,,,,,,46,2,"Changeup",1,1,1,1,1,1,1,1,"Strategic","Standard",268,"-0.009","-0.055",,,,"0.055",,0,0,0.582,0.582,24,36,25,37,3,2,5,1,7,1,"3.57","1.11","-1.11","36.7",,,,,
"FF","2026-04-14","92","2.1","6.03","Springs, Jeffrey",694671,605488,"strikeout","called_strike",,,,,4,"Austin Wynns challenged (pitch result), call on the field was overturned: Wyatt Langford called out on strikes.","R","R","L","ATH","TEX","S",2,,1,2,2026,"1.04","1.28",-0.5995054894438352,2.450938625210629,,,,0,6,"Top",,,,,,,-9.06806521633094,-133.6215132502925,-5.832201255968297,14.453882221712508,28.71189212301478,-15.731539623618982,3.196309055,1.613090551,,,,"92.2",2218,"6.5",825022,642851,701762,643446,691777,805779,691016,672016,680869,"53.99",,0,"0",1,0,0,,43,4,"4-Seam Fastball",2,1,1,2,1,2,1,2,"Standard","Standard",143,"0.025","-0.189",,,,"0.189",,1,-1,0.671,0.32899999999999996,33,24,34,25,3,2,5,4,5,1,"1.42","1.04","-1.04","46.4",,,,,
"CH","2026-04-14","82.5","1.17","6.13","Ragans, Cole",679529,666142,,"called_strike",,,,,9,,"R","R","L","DET","KC","S",,,3,1,2026,"1.2","0.59",0.7697208251871825,2.1211077616217486,,,,0,5,"Bot",,,,,,,-3.2671699689387537,-120.11952999359966,-3.5564605523559587,12.277369930120509,22.554384621440825,-25.97573130313107,3.232291667,1.63125,,,,"82.3",1962,"6.1",824292,521692,686469,663697,672580,677951,686475,657041,516782,"54.42",,,,,,,,35,5,"Changeup",0,1,0,1,1,0,0,1,"Strategic","Standard",118,"-0.014","-0.094",,,,"0.094",,-1,-1,0.437,0.437,28,26,29,27,2,1,6,2,5,1,"2.75","1.2","-1.2","39.9",,,,,
"SI","2026-04-14","93","0.77","5.8","Valdez, Framber",663697,664285,,"ball",,,,,12,,"R","R","L","DET","KC","B",,,0,0,2026,"1.16","0.18",0.3891271906867335,3.264066396677232,,,,2,4,"Top",,,,,,,-3.519063255009758,-135.48843882784976,-0.9625526357676552,15.099765152359284,29.349181699316645,-30.013651295101884,3.138385827,1.583858268,,,,"92.2",2146,"5.7",824292,693307,679529,656716,805808,595879,682985,663837,672761,"54.76",,,,,,,,26,1,"Sinker",0,1,1,0,1,0,1,0,"Standard","Standard",127,"-0.001","0.037",,,,"-0.037",,-1,1,0.417,0.583,32,29,33,30,2,1,6,3,5,1,"2.45","1.16","-1.16","41.0",,,,,
"FC","2026-04-14","91.1","-2.09","5.39","Kelly, Merrill",694212,518876,,"ball",,,,,11,,"R","L","R","BAL","AZ","B",,,2,1,2026,"-0.12","1.04",-0.9708810662578664,2.9945413214100256,,621493,624413,1,3,"Bot",,,,,,,3.006341508584417,-132.6519709280637,-2.1625178288471605,-2.120547642911873,30.2748025612502,-19.704414261323095,3.393774606,1.712746063,,,,"90.1",2395,"5.8",824853,543510,663609,545121,571448,672695,694374,678489,682998,"54.69",,,,,,,,25,4,"Cutter",1,0,1,0,0,1,1,0,"Standard","Standard",221,"0.016","0.108",,,,"-0.108",,1,1,0.709,0.709,37,21,38,22,2,1,,1,7,2,"1.72","0.12","-0.12","23.1",,,,,
"ST","2026-04-14","81.5","-2.29","5.46","Keller, Mitch",683083,656605,,"called_strike",,,,,1,,"R","L","R","PIT","WSH","S",,,1,0,2026,"1.49","0.31",-0.4848827559565496,3.1381484077455455,,,678391,1,2,"Top",,,,,,,1.0899632879532704,-118.74009697361952,0.9538797002238293,13.903725305337895,23.037057687023516,-29.660812442476956,3.045357612,1.536909449,,,,"81.9",2650,"6.5",823398,663698,687462,664040,693304,804606,668804,665833,656811,"53.99",,,,,,,,13,2,"Sweeper",1,3,3,1,3,1,3,1,"Standard","Standard",69,"0.004","-0.056",,,,"0.056",,-2,2,0.298,0.702,30,25,30,26,1,0,6,1,5,1,"3.12","-1.49","1.49","28.2",,,,,
"CH","2026-04-14","85.2","4.2","4.9","Eisert, Brandon",670764,685126,,"ball",,,,,14,,"R","R","L","CWS","TB","B",,,0,1,2026,"1.2","-0.01",0.030735327229313825,1.372492914349487,,676356,,2,7,"Top",,,,,,,-12.307244307932665,-123.62151023952076,-1.765326342787974,14.617270495971947,22.510962224529067,-32.164774354914336,3.055889108,1.542224409,,,,"86.7",1268,"7.2",824616,700337,808959,805367,678246,682668,643217,677592,687957,"53.27",,,,,,,,64,2,"Changeup",3,8,8,3,8,3,8,3,"Standard","Standard",135,"-0.001","0.015",,,,"-0.015",,-5,5,0.035,0.965,28,29,28,30,1,3,2,2,,1,"3.15","1.2","-1.2","28.1",,,,,
"ST","2026-04-14","85.6","-2.41","5.5","Teng, Kai-Wei",691720,678906,"walk","ball",,,,,14,"Christian Vázquez challenged (pitch result), call on the field was confirmed: Kyle Karros walks. Ezequiel Tovar to 2nd.","R","R","R","HOU","COL","B",,,3,2,2026,"1.51","0.12",0.9196559372942366,2.019696905605464,,,678662,1,8,"Top",,,,,,,4.673559811179422,-124.60448935708095,-1.8941750604432768,14.545739787589094,28.333061536208863,-30.741414048747583,3.431512467,1.731791339,,,,"85.7",2769,"6.6",824210,543877,572233,514888,670623,621043,694388,666211,701358,"53.89",,0.704857,"0.7",1,0,0,,70,6,"Sweeper",7,5,5,7,5,7,5,7,"Standard","Standard",56,"-0.062","0.266",,,,"-0.266",,2,-2,0.842,0.15800000000000003,27,23,28,24,1,3,3,2,2,1,"3.02","-1.51","-1.51","25.2",,,,,
"FF","2026-04-14","95.3","1.89","5.7","Rogers, Trevor",543510,669432,,"ball",,,,,13,,"R","R","L","BAL","AZ","B",,,1,0,2026,"1.13","1.1",-0.07226938011479445,1.461614530625228,,,663609,2,2,"Top",,,,,,,-7.68954688993686,-138.33008444454993,-7.721531704416652,16.220784182536818,32.14500165700731,-16.509582580203816,3.280561024,1.655610236,,,,"95.4",2397,"6.6",824853,694212,624413,669236,677942,683002,621493,665750,681297,"53.94",,,,,,,,11,2,"4-Seam Fastball",0,0,0,0,0,0,0,0,"Standard","Standard",122,"-0.005","0.048",,,,"-0.048",,0,0,0.526,0.474,28,36,29,36,1,0,7,2,5,3,"1.43","1.13","-1.13","20.6",,,,,
"CH","2026-04-14","87","0.73","6.23","McClanahan, Shane",695020,663556,,"called_strike",,,,,8,,"R","R","L","CWS","TB","S",,,0,0,2026,"1.49","0.56",0.04480860918224483,1.5454976327661276,,,,1,2,"Bot",,,,,,,-4.76843005725345,-126.62178866812296,-6.122139462717705,17.069723811697468,20.9896086801107,-25.223100995805392,3.275295276,1.652952756,,,,"88.4",1628,"6.7",824616,663743,666018,810938,691406,670764,802415,676356,668723,"53.78",,,,,,,,17,1,"Changeup",0,3,0,3,3,0,0,3,"Infield shade","Standard",119,"-0.002","-0.039",,,,"0.039",,-3,-3,0.23,0.23,29,26,29,27,1,0,8,2,5,1,"2.41","1.49","-1.49","38.5",,,,,
"FF","2026-04-14","87.3","4.11","4.73","Eisert, Brandon",676356,685126,,"called_strike",,,,,7,,"R","R","L","CWS","TB","S",,,3,0,2026,"0.98","1.41",-0.7031888535549988,1.5361338719689184,810938,,,1,7,"Top",,,,,,,-13.671546352812873,-126.35713719386679,-4.245422302330011,13.425447116697757,27.50780659894944,-16.339440179932307,3.133120079,1.581200787,,,,"88.2",2064,"7.3",824616,700337,808959,805367,678246,682668,643217,677592,687957,"53.19",,,,,,,,62,4,"4-Seam Fastball",3,7,7,3,7,3,7,3,"Strategic","Standard",135,"0","-0.067",,,,"0.067",,-4,4,0.044,0.956,28,27,28,28,1,3,2,3,,1,"1.63","0.98","-0.98","27.5",,,,,
"FS","2026-04-14","83.4","-2.74","5.79","Gausman, Kevin",596142,592332,,"ball",,,,,13,,"R","R","R","MIL","TOR","B",,,1,2,2026,"-1.11","0.66",-0.9560949786795458,1.8226354486861776,,,661388,2,1,"Bot",,,,,,,6.317331869930552,-121.34018263460567,-3.8310458289051317,-12.197778202092126,22.387144254329822,-25.099744061701372,3.311277887,1.671112205,,,,"84.3",1637,"6.8",823802,678218,665489,676391,672960,665926,660821,662139,664770,"53.74",,,,,,,,7,4,"Split-Finger",0,0,0,0,0,0,0,0,"Strategic","Standard",227,"0.004","0.033",,,,"-0.033",,0,0,0.515,0.515,35,33,35,34,1,0,7,2,5,1,"2.6","1.11","1.11","36.4",,,,,
"SI","2026-04-14","94.7","-2.02","5.97","Blackburn, Paul",687263,621112,"strikeout","called_strike",,,,,7,"Austin Wells challenged (pitch result), call on the field was overturned: Zach Neto called out on strikes.","R","R","R","NYY","LAA","S",2,,0,2,2026,"-1.02","0.94",-0.575911903553074,1.5226586308145207,681351,660162,672724,1,6,"Top",,,,,,,6.0162612487844465,-137.6624495297107,-7.79894368859468,-14.341161529169907,30.281804332023786,-18.66043960681943,3.169980315,1.59980315,,,,"94.4",2154,"6.1",823562,669224,502671,642708,641857,676609,545341,663757,592450,"54.37",,0,"0",1,0,0,,45,3,"Sinker",0,6,6,0,6,0,6,0,"Strategic","Standard",211,"0.005","-0.197",,,,"0.197",,-6,6,0.02,0.98,32,25,33,25,1,3,1,1,4,1,"1.6","1.02","1.02","44.3",,,,,
"CH","2026-04-14","89.3","-1.81","4.86","Woo, Bryan",657757,693433,"strikeout","called_strike",,,,,8,"Cal Raleigh challenged (pitch result), call on the field was overturned: Gavin Sheets called out on strikes.","R","L","R","SD","SEA","S",2,,0,2,2026,"-1.63","0.48",0.062180198065046044,1.6249635500423456,,,593428,0,2,"Bot",,,,,,,8.057895230134648,-129.77480086876272,-2.6856745250658953,-20.10836916008427,29.894981131348576,-26.396508093607235,3.350770997,1.691043307,,,,"89.2",1813,"6.5",823315,663728,647304,702284,680977,641487,668227,677594,670042,"53.96",,0,"0",1,0,0,,15,4,"Changeup",0,1,0,1,1,0,0,1,"Infield shade","Standard",243,"-0.023","-0.148",,,,"0.148",,-1,-1,0.469,0.469,26,30,26,30,1,0,6,3,5,1,"2.41","1.63","-1.63","16.5",,,,,
"FF","2026-04-14","99.5","0.24","6.38","Chapman, Aroldis",621439,547973,,"ball",,,,,13,,"R","R","L","MIN","BOS","B",,,2,2,2026,"0.06","1.47",-0.6435121808858499,1.516826476124065,,,665019,2,8,"Bot",,,,,,,-2.5715049948428086,-144.466484516954,-11.301498930603199,1.4504993171240919,34.33607261765321,-9.15937026374902,3.257742782,1.644094488,,,,"100.9",2505,"7.2",823723,665966,655316,643396,702332,596115,701350,680776,677800,"53.29",,,,,,,,68,5,"4-Seam Fastball",6,0,6,0,0,6,6,0,"Standard","Standard",166,"0","0.079",,,,"-0.079",,6,6,0.998,0.998,38,32,38,33,1,4,7,1,3,1,"0.85","0.06","-0.06","56.1",,,,,
"FC","2026-04-14","91.3","1.86","5.9","Schultz, Noah",668723,702273,,"ball",,,,,12,,"R","R","L","CWS","TB","B",,,1,0,2026,"-0.13","0.92",0.603777044001805,3.479282457877278,,666018,691406,1,1,"Top",,,,,,,-2.8444229071810345,-133.10245122584294,-2.1636032523440294,-1.037428843868847,22.892452211558933,-20.88155283633033,3.275295276,1.652952756,,,,"92.4",2840,"6.4",824616,700337,808959,805367,678246,682668,695020,656537,677592,"54.08",,,,,,,,4,2,"Cutter",0,0,0,0,0,0,0,0,"Standard","Standard",179,"-0.012","0.071",,,,"-0.071",,0,0,0.454,0.546,22,27,23,27,1,0,,3,5,1,"1.76","-0.13","0.13","26.1",,,,,
"FF","2026-04-14","95.6","-1.55","4.81","Ramírez, Yohan",678391,670990,,"ball",,,,,14,,"R","L","R","PIT","WSH","B",,,1,1,2026,"-1.06","1.18",1.0552151161080294,2.178891769180642,,,,0,6,"Top",,,,,,,9.346691420980633,-138.94824212372023,-3.8873875841415213,-15.856070935106525,30.975412393132157,-16.138156077104103,3.060277231,1.544438976,,,,"96.8",2424,"7",823398,663698,687462,664040,693304,804606,668804,665833,656811,"53.46",,,,,,,,45,3,"4-Seam Fastball",4,5,5,4,5,4,5,4,"Standard","Standard",235,"-0.005","0.055",,,,"-0.055",,-1,1,0.341,0.659,31,25,31,25,1,2,3,1,2,1,"1.32","1.06","-1.06","18.0",,,,,
"ST","2026-04-14","85.9","-1.6","5.49","Svanson, Matt",800050,694335,"strikeout","called_strike",,,,,1,"Iván Herrera challenged (pitch result), call on the field was overturned: Chase DeLauter called out on strikes.","R","L","R","STL","CLE","S",2,,3,2,2026,"0.94","0.26",-0.5592690543910751,3.3742658921273803,,,,2,9,"Top",,,,,,,0.5118964283899976,-125.16214908461828,0.8544604446615983,9.802244326716657,23.96617277336775,-29.818629691768667,3.339361877,1.685285433,,,,"86.6",2203,"6.6",823072,671056,676475,802139,602104,691026,695336,701675,691023,"53.95",,0,"0",1,0,0,,68,8,"Sweeper",4,5,5,4,5,4,5,4,"Infield shade","Standard",102,"0.011","-0.328",,,,"0.328",,-1,1,0.193,0.8069999999999999,27,24,27,25,1,4,3,2,4,1,"2.81","-0.94","0.94","28.7",,,,,
"FF","2026-04-14","101.4","-1.78","6.3","Miller, Mason",641487,695243,,"ball",,,,,11,,"R","L","R","SD","SEA","B",,,0,1,2026,"-0.48","1.32",-0.46830449704866295,3.5794482209489815,,,,2,9,"Top",,,,,,,4.819494377881385,-147.55031818204858,-5.338745098189645,-8.14575093810749,35.93596604269213,-11.855261496206827,3.219127297,1.624606299,,,,"101.9",2645,"6.6",823315,669134,664034,630105,592518,593428,657656,701538,665487,"53.88",,,,,,,,69,2,"4-Seam Fastball",4,1,1,4,1,4,1,4,"Infield shade","Standard",208,"-0.001","0.027",,,,"-0.027",,3,-3,0.997,0.0030000000000000027,27,31,28,31,1,3,4,1,2,2,"0.9","0.48","-0.48","39.3",,,,,
"FF","2026-04-14","99.2","-2.97","5.44","Varland, Louis",596142,686973,,"ball",,,,,14,,"R","R","R","MIL","TOR","B",,,0,0,2026,"-0.68","1.23",0.6373266233082874,1.4125058464676719,,661388,668930,2,10,"Bot",,,,,,,11.469805615318847,-143.8261913186249,-8.338462874353048,-12.09211985191625,34.38374040791666,-13.26972232710602,3.311277887,1.671112205,,,,"100.1",2158,"7.1",823802,623168,665489,676391,672960,665926,676914,662139,660821,"53.43",,,,,,,,91,1,"4-Seam Fastball",7,9,7,9,9,7,7,9,"Standard","Standard",219,"0.008","0.024",,,,"-0.024",,-2,-2,0.097,0.097,28,33,29,34,1,5,2,2,2,1,"1.11","0.68","0.68","40.2",,,,,
"SL","2026-04-14","95.3","-1.92","5.06","Misiorowski, Jacob",665489,694819,,"ball",,,,,14,,"R","R","R","MIL","TOR","B",,,1,1,2026,"0.09","0.67",0.8891149981821016,2.374109010958028,,,,2,1,"Top",,,,,,,7.256740146485847,-138.6650195125945,-2.848168406858788,-0.35272835451897117,28.993858727932135,-23.138499479268585,3.208595801,1.619291339,,,,"97.9",2553,"7.6",823802,661388,641343,668930,666152,687401,682641,669003,686217,"52.9",,,,,,,,3,3,"Slider",0,0,0,0,0,0,0,0,"Standard","Standard",192,"-0.001","0.053",,,,"-0.053",,0,0,0.538,0.46199999999999997,24,27,24,27,1,0,7,2,5,1,"1.83","-0.09","-0.09","26.1",,,,,
"FF","2026-04-14","96.8","-2.27","5.51","Gómez, Yoendrys",687957,672782,,"ball",,,,,14,,"R","L","R","CWS","TB","B",,,1,1,2026,"-0.55","1.33",0.620556835602201,1.247343776858088,,,,2,8,"Bot",,,,,,,8.939507680363258,-140.50452875209496,-8.747347299979767,-9.206085515130273,30.038172260774704,-12.672474243372866,3.31742126,1.674212598,,,,"97.7",2537,"6.8",824616,663743,666018,810938,691406,670764,802415,676356,668723,"53.67",,,,,,,,75,3,"4-Seam Fastball",3,8,3,8,8,3,3,8,"Infield shade","Standard",211,"0","0.053",,,,"-0.053",,-5,-5,0.008,0.008,26,26,27,27,1,1,7,2,3,5,"1.1","0.55","-0.55","31.5",,,,,
"SL","2026-04-14","84.1","-1.52","5.74","Morillo, Juan",624413,666661,,"ball",,,,,14,,"R","R","R","BAL","AZ","B",,,2,2,2026,"0.92","-0.6",0.9020496732903807,1.6970166579737072,,,,1,8,"Bot",,,,,,,3.701712967981369,-122.4880803473221,-1.50885213371489,8.381784402735214,26.057278197464743,-38.083532542031676,3.323564633,1.677312992,,,,"84.3",2768,"6.6",824853,543510,663609,545121,571448,672695,694374,678489,682998,"53.92",,,,,,,,63,6,"Slider",2,4,2,4,4,2,2,4,"Standard","Standard",46,"0.013","0.104",,,,"-0.104",,-2,-2,0.118,0.118,27,31,27,32,1,3,4,1,1,1,"3.84","-0.92","-0.92","55.7",,,,,
"CH","2026-04-14","88.6","-1.53","5.5","Iglesias, Raisel",688363,628452,,"ball",,,,,14,,"R","L","R","ATL","MIA","B",,,0,0,2026,"-0.83","0.79",0.28609971375565635,1.4110829270002943,,,,2,9,"Top",,,,,,,6.122221226615296,-128.83261842954707,-5.321560825199508,-10.575526249619243,27.547043462613804,-22.491661298645433,3.254232283,1.642322835,,,,"88.3",1811,"6.2",824935,686948,621566,645277,663586,643289,573262,671739,660670,"54.32",,,,,,,,71,1,"Changeup",6,5,5,6,5,6,5,6,"Standard","Standard",236,"-0.004","0.037",,,,"-0.037",,1,-1,0.963,0.03700000000000003,36,25,36,26,1,3,7,1,1,1,"2.13","0.83","-0.83","36.9",,,,,
"FF","2026-04-14","93.2","-0.92","5.59","Gray, Sonny",663616,543243,"strikeout","called_strike",,,,,8,"Carlos Narváez challenged (pitch result), call on the field was overturned: Trevor Larnach called out on strikes.","R","L","R","MIN","BOS","S",2,,2,2,2026,"-0.23","1.06",0.05176126675108089,1.5835352327809322,,621439,,0,1,"Bot",,,,,,,2.998032214135206,-135.71693232258045,-6.747985788299161,-3.4643933406013097,25.533461461328738,-17.899944326535103,3.323564633,1.677312992,,,,"94.1",2392,"6.5",823723,665966,575929,643396,702332,596115,701350,680776,677800,"54.05",,0,"0",1,0,0,,6,5,"4-Seam Fastball",0,0,0,0,0,0,0,0,"Standard","Standard",206,"-0.034","-0.286",,,,"0.286",,0,0,0.601,0.601,36,29,37,29,1,0,6,2,6,3,"1.54","0.23","-0.23","46.0",,,,,
"SI","2026-04-14","95.8","-2.76","5.64","De los Santos, Yerry",687093,660787,,"called_strike",,,,,1,,"R","R","R","NYY","LAA","S",,,1,0,2026,"-1.57","0.43",-0.8086424339803533,3.1933575221306976,,,,2,7,"Top",,,,,,,8.754488983983737,-139.20499614907445,-1.6225398114476142,-22.447083252667525,31.936292407617596,-26.43646259114689,3.301624016,1.666240158,,,,"96.1",2068,"6.6",823562,669224,502671,642708,641857,676609,545341,663757,592450,"53.89",,,,,,,,52,2,"Sinker",0,6,6,0,6,0,6,0,"Strategic","Standard",239,"0","-0.054",,,,"0.054",,-6,6,0.02,0.98,28,25,29,25,1,3,,2,22,2,"2.07","1.57","1.57","23.1",,,,,
"CH","2026-04-14","88.2","1.99","5.48","Romero, JoJo",681807,668941,,"called_strike",,,,,4,,"R","R","L","STL","CLE","S",,,0,1,2026,"1.68","0.14",-0.7404982475677842,2.4000784868263247,,,682177,0,7,"Top",,,,,,,-9.882440765847923,-127.99175007192173,-1.4268892470930772,20.53478676454702,27.569105213299643,-30.503095347281107,3.242823163,1.636564961,,,,"86.3",1563,"5.3",823072,671056,676475,802139,602104,691026,695336,687363,691023,"55.17",,,,,,,,47,2,"Changeup",2,2,2,2,2,2,2,2,"Standard","Standard",112,"0.014","-0.053",,,,"0.053",,0,0,0.449,0.5509999999999999,29,30,30,31,1,0,4,1,1,5,"2.81","1.68","-1.68","32.6",,,,,
"ST","2026-04-14","83.5","-3","6.22","Treinen, Blake",673357,595014,,"ball",,,,,14,,"R","R","R","LAD","NYM","B",,,2,2,2026,"1.12","-0.13",1.0590363690590503,1.796703084691519,701807,596019,,2,8,"Top",,,,,,,6.902155576559267,-121.49814163264305,-3.2209480847291507,9.764014197970571,23.506625663624497,-33.08763938487524,3.310400263,1.670669291,,,,"82.5",2639,"5.6",823965,669257,518692,690976,571970,808975,606192,681624,663656,"54.89",,,,,,,,54,6,"Sweeper",1,1,1,1,1,1,1,1,"Standard","Standard",52,"-0.022","0.029",,,,"-0.029",,0,0,0.508,0.492,38,28,38,29,1,3,3,1,1,1,"3.4","-1.12","-1.12","32.0",,,,,
"ST","2026-04-14","80.5","-2.9","5.51","Sterner, Justin",457705,686993,,"called_strike",,,,,9,,"R","R","R","ATH","TEX","S",,,1,1,2026,"0.81","0.3",0.6795470329353764,1.691674239210886,,673962,,1,7,"Top",,,,,,,6.3067181076439125,-117.2292031604448,-2.1933550601539302,6.358381984833707,21.083375495585724,-29.189179988010675,3.12960958,1.579429134,,,,"80.9",2670,"6.4",825022,642851,701762,643446,691777,805779,691016,672016,671732,"54.06",,,,,,,,51,3,"Sweeper",2,1,1,2,1,2,1,2,"Standard","Standard",56,"0.018","-0.061",,,,"0.061",,1,-1,0.657,0.34299999999999997,29,39,30,40,1,2,3,3,2,1,"3.2","-0.81","-0.81","40.5",,,,,
"SI","2026-04-14","93.9","-2.23","5.99","Blackburn, Paul",681351,621112,,"called_strike",,,,,1,,"R","R","R","NYY","LAA","S",,,3,0,2026,"-1.35","0.65",-0.7186010163728502,2.944557716960773,,624585,687093,0,6,"Top",,,,,,,6.858919547956664,-136.56807029569902,-3.380184378882605,-18.397543815418636,31.451209223300083,-23.46424003288706,3.29109252,1.660925197,,,,"93.2",1921,"6",823562,669224,502671,642708,641857,676609,545341,663757,592450,"54.49",,,,,,,,41,4,"Sinker",0,4,4,0,4,0,4,0,"Standard","Standard",215,"0.004","-0.091",,,,"0.091",,-4,4,0.046,0.954,32,26,33,26,1,2,1,1,4,1,"1.94","1.35","1.35","40.8",,,,,
"FF","2026-04-14","93.6","1.95","6.32","Headrick, Brent",666176,687396,,"ball",,,,,12,,"R","R","L","NYY","LAA","B",,,0,0,2026,"0.34","1.39",0.24209897007747483,3.5949850334320548,,,,0,9,"Top",,,,,,,-5.15465548378603,-136.23879824968546,-4.232944950197744,5.359271023879615,31.394259347219865,-14.15472705734269,3.305134514,1.668011811,,,,"94.1",2224,"6.7",823562,669224,700250,665862,642708,676609,545341,663757,592450,"53.8",,,,,,,,67,1,"4-Seam Fastball",1,7,7,1,7,1,7,1,"Infield shade","Standard",144,"0","0.041",,,,"-0.041",,-6,6,0.003,0.997,28,27,29,27,1,4,2,1,1,1,"1.22","0.34","-0.34","39.0",,,,,
"FF","2026-04-14","91.4","-1.08","5.75","Leiter Jr., Mark",694497,643410,,"ball",,,,,13,,"R","L","R","ATH","TEX","B",,,0,0,2026,"-0.66","1.4",-0.5860308285785644,1.5157120739388337,,,,0,9,"Top",,,,,,,2.6747933819274006,-132.85474660179858,-7.553550294840737,-8.389974814505988,30.646818340705725,-14.174915653613624,3.315666011,1.673326772,,,,"91.1",1949,"6.3",825022,642851,701762,643446,691777,805779,691016,672016,671732,"54.18",,,,,,,,67,1,"4-Seam Fastball",2,1,1,2,1,2,1,2,"Standard","Standard",219,"-0.012","0.041",,,,"-0.041",,1,-1,0.835,0.16500000000000004,35,23,35,24,1,0,3,1,1,1,"1.35","0.66","-0.66","45.9",,,,,
"FF","2026-04-13","94.6","-1.22","6.33","Nelson, Ryne",694212,669194,,"called_strike",,,,,4,,"R","L","R","BAL","AZ","S",,,1,1,2026,"-0.39","1.7",-0.7870683403886332,2.752719687160734,,624413,,0,6,"Bot",,,,,,,2.01271288186252,-137.58172576847744,-7.250973152055637,-5.45015808537698,32.61669647761912,-9.19412292938243,3.393774606,1.712746063,,,,"94.4",2324,"6.3",824856,680728,545121,606466,571448,672695,678489,677950,682998,"54.17",,,,,,,,50,3,"4-Seam Fastball",1,7,1,7,7,1,1,7,"Standard","Standard",189,"-0.004","-0.08",,,,"0.08",,-6,-6,0.052,0.052,28,21,28,22,3,2,5,1,6,1,"0.86","0.39","-0.39","55.5",,,,,
"SI","2026-04-13","95.8","-2.87","5.85","Williams, Gavin",671056,668909,,"called_strike",,,,,9,,"R","R","R","STL","CLE","S",,,0,0,2026,"-1.1","0.93",0.6844017007583789,1.8701059654440364,,,,1,5,"Bot",,,,,,,11.881214897527292,-138.91823093745185,-6.838508664289017,-16.873711684149068,30.821435596884932,-18.725880749354,3.173490814,1.601574803,,,,"96.7",2070,"6.9",823073,595978,656555,682877,608070,677587,680757,682177,682657,"53.55",,,,,,,,43,1,"Sinker",1,4,1,4,4,1,1,4,"Strategic","Standard",232,"-0.003","-0.039",,,,"0.039",,-3,-3,0.165,0.165,26,26,27,26,3,2,6,1,5,1,"1.57","1.1","1.1","31.5",,,,,
"CH","2026-04-13","86","-2.88","5.71","Burrows, Mike",641487,681347,,"called_strike",,,,,9,,"R","L","R","SEA","HOU","S",,,0,1,2026,"-1.42","0.35",0.6178614205580397,1.6168615921108507,,,670042,2,5,"Bot",,,,,,,11.093956927693723,-124.73718816180124,-3.9568557868895606,-16.994167109369513,23.354390624293078,-27.85117530641397,3.219127297,1.624606299,,,,"86.2",1744,"6.4",823153,673237,572233,514888,621043,669397,670541,666211,701358,"54.06",,,,,,,,44,2,"Changeup",6,2,6,2,2,6,6,2,"Standard","Standard",235,"-0.001","-0.055",,,,"0.055",,4,4,0.923,0.923,26,31,27,31,3,2,6,1,6,1,"2.73","1.42","-1.42","38.4",,,,,
"CH","2026-04-13","82.6","-1.49","5.89","Ober, Bailey",678882,641927,,"called_strike",,,,,6,,"R","R","R","MIN","BOS","S",,,1,0,2026,"-1.55","0.79",0.750872752803398,2.3380731950373352,,,,1,5,"Top",,,,,,,8.192878758977718,-120.05423746692057,-2.9563347911359905,-16.58236073362715,22.70383121742294,-24.114707238428203,3.110301837,1.569685039,,,,"83.5",2150,"6.9",823725,680777,605170,807712,668952,686797,668885,621439,670242,"53.6",,,,,,,,45,2,"Changeup",11,3,3,11,3,11,3,11,"Infield shade","Standard",246,"0","-0.049",,,,"0.049",,8,-8,0.991,0.009000000000000008,30,25,31,26,2,1,5,1,6,2,"2.55","1.55","1.55","24.4",,,,,
"FS","2026-04-13","81.7","-1.74","6.13","Kremer, Dean",682998,665152,,"called_strike",,,,,2,,"R","L","R","BAL","AZ","S",,,1,0,2026,"-0.72","0.85",-0.11899326703088753,3.049147115999005,,678489,,1,5,"Top",,,,,,,5.015219564728524,-118.92054286754161,-1.8587303118699428,-7.7478266987476,21.092256731809595,-23.952734697674735,3.10328084,1.566141732,,,,"82",1057,"6.3",824856,694212,624413,669236,677942,683002,621493,665750,681297,"54.21",,,,,,,,35,2,"Split-Finger",1,4,4,1,4,1,4,1,"Standard","Standard",211,"0.002","-0.042",,,,"0.042",,-3,3,0.151,0.849,30,25,30,26,3,2,,1,5,1,"2.54","0.72","-0.72","45.3",,,,,
"CU","2026-04-13","75.8","2.29","5.65","Wrobleski, Justin",596019,680736,,"called_strike",,,,,2,,"R","R","L","LAD","NYM","S",,,0,0,2026,"-0.4","-0.52",-0.08527691773847401,3.0138786552980124,,,,0,7,"Top",,,,,,,-4.100901541842685,-110.4107064961273,2.565668228384015,-2.6286632342075715,17.771477518629677,-37.10159796368958,3.107668963,1.568356299,,,,"74.9",2190,"5.3",823964,669257,518692,669289,571970,500743,606192,681624,663656,"55.17",,,,,,,,47,1,"Curveball",4,0,0,4,0,4,0,4,"Infield shade","Standard",315,"0.002","-0.039",,,,"0.039",,4,-4,0.941,0.05900000000000005,25,32,26,33,3,2,7,1,7,1,"4.45","-0.4","0.4","36.0",,,,,
"SI","2026-04-13","93.7","-2.23","5.79","Holmes, Grant",681715,656550,,"called_strike",,,,,3,,"R","R","R","ATL","MIA","S",,,3,1,2026,"-1.11","0.51",0.5398516704390868,2.8903536442146134,,672640,681393,2,4,"Top",,,,,,,9.503003754858367,-136.1855973187278,-2.681314709021484,-15.873699241443253,29.666625465985618,-25.405471664594895,3.178756562,1.604232283,,,,"93.2",2335,"6.1",824937,686948,621566,645277,663586,643289,573262,671739,660670,"54.45",,,,,,,,27,5,"Sinker",0,3,3,0,3,0,3,0,"Standard","Standard",215,"0.004","-0.11",,,,"0.11",,-3,3,0.184,0.8160000000000001,30,26,30,27,2,1,5,1,6,2,"2.09","1.11","1.11","39.2",,,,,
"FF","2026-04-13","95.1","1.97","5.68","Kikuchi, Yusei",519317,579328,,"ball",,,,,14,,"R","R","L","NYY","LAA","B",,,1,0,2026,"0.54","1.52",0.306244360543092,1.517972945791937,,669224,592450,2,2,"Bot",,,,,,,-5.5992938809985935,-138.2033607235341,-8.571346092947616,8.16448432424631,32.38667184854899,-10.96801244090363,3.431512467,1.731791339,,,,,2256,,823563,681351,694384,624428,660162,687263,666139,545361,666176,"53.41",,,,,,,,20,2,"4-Seam Fastball",4,0,4,0,0,4,4,0,"Standard","Standard",147,"0.002","0.029",,,,"-0.029",,4,4,0.876,0.876,35,36,35,37,2,1,6,1,5,1,"1.02","0.54","-0.54",,,,,,
"SI","2026-04-13","93.9","-1.54","6","Assad, Javier",669016,665871,"walk","ball",,,,,14,"Miguel Amaya challenged (pitch result), call on the field was confirmed: Brandon Marsh walks.","R","L","R","PHI","CHC","B",,,3,2,2026,"-1.23","0.99",0.8375503387996912,1.850870787229614,,,,2,3,"Bot",,,,,,,8.883988904401681,-136.3659895227124,-7.009328156836634,-17.36070102532417,30.630210818797714,-18.41904971587755,3.312155512,1.671555118,,,,"94.1",1919,"6.6",823481,665804,608348,663538,608324,621020,664023,691718,807713,"53.91",,0.704857,"0.7",1,0,0,,27,8,"Sinker",4,0,4,0,0,4,4,0,"Infield shade","Standard",201,"0.004","0.259",,,,"-0.259",,4,4,0.881,0.881,28,28,29,29,2,1,6,1,6,1,"1.61","1.23","-1.23","54.4",,,,,
"SI","2026-04-13","94.9","-2.87","5.77","Burrows, Mike",641487,681347,,"called_strike",,,,,8,,"R","L","R","SEA","HOU","S",,,0,0,2026,"-1.27","0.99",-0.12934132321444913,1.5607079787437297,,,670042,2,3,"Bot",,,,,,,9.974295779977634,-137.67630415045159,-7.353967158280955,-18.389453375542082,29.429137434385332,-18.08198562680765,3.219127297,1.624606299,,,,"95",2157,"6.5",823153,673237,572233,514888,621043,669397,670541,666211,701358,"54.04",,,,,,,,26,1,"Sinker",5,0,5,0,0,5,5,0,"Standard","Standard",217,"-0.001","-0.042",,,,"0.042",,5,5,0.926,0.926,26,31,27,31,2,1,6,1,6,1,"1.55","1.27","-1.27","37.8",,,,,
"SL","2026-04-13","89.6","-1.98","5.28","Gerber, Joey",571970,680702,,"called_strike",,,,,8,,"R","L","R","LAD","NYM","S",,,2,1,2026,"0.29","1",-0.2110556879250825,1.6336817018994991,,,,0,8,"Bot",,,,,,,3.6912333963447397,-130.42967962900943,-4.980400154013114,2.558980695091124,26.097928207997946,-19.92169979771319,3.127854331,1.578543307,,,,"90",2238,"6.4",823964,682626,668901,543760,666182,596019,502054,673357,621438,"54.11",,,,,,,,59,4,"Slider",4,0,4,0,0,4,4,0,"Infield shade","Standard",194,"0","-0.073",,,,"0.073",,4,4,0.988,0.988,29,35,29,36,1,3,,1,,1,"1.83","-0.29","0.29","35.9",,,,,
"ST","2026-04-13","78.5","3.61","5.1","Sisk, Evan",671277,681895,,"ball",,,,,13,,"R","L","L","PIT","WSH","B",,,0,2,2026,"-0.94","0.17",-0.9596127077593181,1.3883938551163846,,,,2,9,"Top",,,,,,,-8.09923306421988,-114.17197741983928,-1.2984737644579192,-6.79164107015127,20.135452377191516,-30.674735607140416,3.248088911,1.639222441,,,,"79.7",2264,"7.1",823400,680779,687462,664040,693304,804606,663968,695257,694377,"53.43",,,,,,,,88,3,"Sweeper",16,5,5,16,5,16,5,16,"Standard","Standard",294,"0","0.022",,,,"-0.022",,11,-11,0.999,0.0010000000000000009,29,26,29,26,1,4,,1,3,1,"3.52","-0.94","-0.94","22.7",,,,,
"FF","2026-04-13","96.2","-1.01","5.71","Johnson, Seth",621020,686751,,"called_strike",,,,,9,,"R","R","R","PHI","CHC","S",,,3,0,2026,"-0.46","1.45",0.35873266766582423,1.5742345850562542,,,694208,0,8,"Top",,,,,,,4.635705557962288,-139.79904426832152,-8.44769612220129,-7.078508954659237,34.53474242666054,-11.371994269314467,3.218249672,1.624163386,,,,"95.9",2249,"6.4",823481,592663,664238,681082,664761,624641,805249,702222,669016,"54.08",,,,,,,,75,4,"4-Seam Fastball",13,3,3,13,3,13,3,13,"Standard","Standard",212,"0.001","-0.089",,,,"0.089",,10,-10,0.998,0.0020000000000000018,27,32,28,32,1,3,,1,6,1,"1.04","0.46","0.46","45.3",,,,,
"FF","2026-04-13","94.9","-1.74","5.9","Fernandez, Ryan",656555,681676,"strikeout","called_strike",,,,,9,"Pedro Pagés challenged (pitch result), call on the field was overturned: Rhys Hoskins called out on strikes.","R","R","R","STL","CLE","S",2,,0,2,2026,"-0.32","1.62",0.2993688705169607,1.730486223168601,,608070,,0,9,"Top",,,,,,,6.001189738307151,-137.76696417484834,-8.66618978946752,-5.463357044309489,32.84821226564104,-9.737437917579667,3.334096129,1.682627953,,,,"94.9",2258,"6.6",823073,686780,676475,802139,669357,691026,695336,665877,691023,"53.94",,0,"0",1,0,0,,76,5,"4-Seam Fastball",3,9,9,3,9,3,9,3,"Standard","Standard",200,"0","-0.224",,,,"0.224",,-6,6,0.002,0.998,28,33,28,33,1,4,,1,7,2,"0.93","0.32","0.32","63.1",,,,,
"FF","2026-04-13","95","-2.17","6.02","Acton, Garrett",701350,670183,"walk","ball",,,,,13,"Ryan Jeffers challenged (pitch result), call on the field was confirmed: Roman Anthony walks.","R","L","R","MIN","BOS","B",,,3,2,2026,"-0.63","1.67",-0.0162151395555582,1.5009113041708027,,,,0,9,"Top",,,,,,,6.9310881783856235,-137.86753641407785,-9.631817194960044,-9.551751662015782,30.45840384463447,-8.863905818352922,3.326197507,1.678641732,,,,"94.2",2537,"5.9",823725,680777,605170,807712,668952,686797,668885,681546,670242,"54.57",,0.704857,"0.7",1,0,0,,78,6,"4-Seam Fastball",13,6,6,13,6,13,6,13,"Infield shade","Standard",203,"-0.002","0.356",,,,"-0.356",,7,-7,0.999,0.0010000000000000009,28,22,28,22,1,4,4,1,6,1,"0.87","0.63","-0.63","44.1",,,,,
"FF","2026-04-13","97.4","-1.53","6.13","Medina, Luis",592626,665622,,"called_strike",,,,,9,,"R","L","R","ATH","TEX","S",,,0,1,2026,"-0.72","1.43",0.4767221764916927,1.5846809300722091,,,669394,1,9,"Top",,,,,,,6.983492937912005,-141.29058773347236,-9.674475790621054,-11.35956572795107,34.88970595111905,-10.861377855791176,3.23667979,1.633464567,,,,"96.6",2458,"6.2",825024,642851,701762,643446,687231,805779,691016,680869,671732,"54.28",,,,,,,,72,2,"4-Seam Fastball",1,8,8,1,8,1,8,1,"Standard","Standard",221,"0","-0.047",,,,"0.047",,-7,7,0.001,0.999,27,34,27,34,1,4,2,1,3,1,"1","0.72","-0.72","41.1",,,,,
"ST","2026-04-13","87.2","-1.41","5.59","Faucher, Calvin",660670,676534,,"ball",,,,,11,,"R","R","R","ATL","MIA","B",,,1,0,2026,"1.18","-0.32",-0.8666676541924552,2.987727749535856,,645277,643289,2,6,"Bot",,,,,,,-1.1549215753923832,-126.96650292221571,0.7952455349540779,12.935793632478813,27.827879021901595,-36.05359724717743,3.200697179,1.615305118,,,,"86.3",2976,"5.8",824937,689414,681393,669364,688363,672640,681715,805300,683357,"54.65",,,,,,,,60,2,"Sweeper",4,9,4,9,9,4,4,9,"Standard","Standard",59,"0.005","0.029",,,,"-0.029",,-5,-5,0.056,0.056,30,28,31,29,1,3,6,1,2,1,"3.33","-1.18","-1.18","37.9",,,,,
"FF","2026-04-13","95.1","-1.7","5.92","Graceffo, Gordon",682177,700669,,"called_strike",,,,,9,,"R","L","R","STL","CLE","S",,,3,1,2026,"-0.51","1.28",0.705814234123267,1.714027327335278,,,681807,0,8,"Top",,,,,,,7.420904140269752,-138.17806467816547,-8.042325157962829,-8.232848528689777,30.39796624320233,-14.194172422817795,3.19718668,1.613533465,,,,"95.3",2048,"6.5",823073,686780,676475,802139,669357,691026,695336,665877,691023,"54.04",,,,,,,,63,5,"4-Seam Fastball",2,6,6,2,6,2,6,2,"Standard","Standard",212,"0.002","-0.081",,,,"0.081",,-4,4,0.028,0.972,26,29,26,29,1,3,2,1,5,1,"1.25","0.51","-0.51","50.7",,,,,
"FF","2026-04-13","95.9","-1.07","5.99","Garcia, Rico",571448,670329,,"ball",,,,,14,,"R","R","R","BAL","AZ","B",,,1,1,2026,"-1.02","1.54",0.8343178619995497,1.8116228705067399,,,,2,8,"Top",,,,,,,7.245786617321385,-139.26869116226288,-8.614842421337576,-14.967836072018471,32.94244713852604,-10.385331417509445,3.277050525,1.653838583,,,,"94.8",2596,"5.9",824856,694212,624413,669236,677942,683002,621493,665750,681297,"54.62",,,,,,,,68,3,"4-Seam Fastball",8,7,7,8,7,8,7,8,"Standard","Standard",209,"-0.004","0.053",,,,"-0.053",,1,-1,0.841,0.15900000000000003,32,35,32,35,1,3,2,1,1,1,"0.96","1.02","1.02","53.9",,,,,
"FF","2026-04-13","95.6","2.01","5.77","Kikuchi, Yusei",641355,579328,,"called_strike",,,,,8,,"R","L","L","NYY","LAA","S",,,1,1,2026,"0.5","1.41",0.1796173581012761,1.8242864094855356,,,,0,1,"Bot",,,,,,,-5.9669498284725835,-138.9725631019764,-7.851840443295476,7.824133924430482,30.956312416233622,-12.382488761729126,3.344627625,1.687942913,,,,,2225,,823563,681351,694384,624428,660162,687263,666139,545361,666176,"53.58",,,,,,,,6,3,"4-Seam Fastball",2,0,2,0,0,2,2,0,"Standard","Standard",147,"-0.004","-0.061",,,,"0.061",,2,2,0.731,0.731,35,30,35,31,1,0,6,1,5,2,"1.09","0.5","0.5",,,,,,
"ST","2026-04-13","85.5","-3.48","5.04","Bird, Jake",545361,656234,,"ball",,,,,11,,"R","R","R","NYY","LAA","B",,,0,1,2026,"0.78","0.56",-0.4025825818476898,3.3914510865667076,,624428,687263,2,6,"Top",,,,,,,5.518994385272815,-124.42730547757279,1.4198640113034564,6.988288494165648,25.746156622646183,-26.894960512756604,3.243700787,1.637007874,,,,"84.8",2748,"5.9",823563,669224,700250,665862,641857,676609,641355,663757,592450,"54.58",,,,,,,,56,2,"Sweeper",7,4,4,7,4,7,4,7,"Infield shade","Standard",69,"-0.005","0.018",,,,"-0.018",,3,-3,0.873,0.127,30,34,31,35,1,3,3,1,12,1,"2.57","-0.78","-0.78","16.4",,,,,
"FF","2026-04-13","94.1","2.91","5.72","Nardi, Andrew",663586,677053,,"called_strike",,,,,1,,"R","R","L","ATL","MIA","S",,,0,0,2026,"0.79","1.57",-0.7569286622105342,2.803971259912589,,660670,686948,1,5,"Bot",,,,,,,-11.270858654858703,-136.42640298279713,-5.173237858454199,12.506225359461826,32.32338260824075,-11.612184439104661,3.273540026,1.652066929,,,,"94.6",2547,"6.9",824937,689414,681393,669364,688363,672640,681715,805300,683357,"53.57",,,,,,,,46,1,"4-Seam Fastball",3,6,3,6,6,3,3,6,"Standard","Standard",140,"-0.009","-0.033",,,,"0.033",,-3,-3,0.245,0.245,27,29,28,29,1,2,5,1,2,1,"1.04","0.79","-0.79","44.2",,,,,
"FF","2026-04-13","95.8","-2.24","5.53","Perkins, Jack",694497,678022,,"called_strike",,,,,2,,"R","L","R","ATH","TEX","S",,,0,0,2026,"-0.72","1.19",-0.11068647927291786,3.1793988066370806,,,,2,7,"Top",,,,,,,7.20327398960428,-139.36938056756165,-3.115522028934222,-11.109360156535967,32.79234356688499,-16.2528192070819,3.315666011,1.673326772,,,,"95.4",2169,"6.2",825024,669127,701762,643446,687231,805779,691016,672016,671732,"54.35",,,,,,,,52,1,"4-Seam Fastball",0,4,4,0,4,0,4,0,"Infield shade","Standard",224,"0","-0.043",,,,"0.043",,-4,4,0.068,0.9319999999999999,26,23,27,24,1,3,3,1,3,1,"1.31","0.72","-0.72","36.5",,,,,
"SL","2026-04-13","90.1","2.71","5.18","Scott, Tanner",621438,656945,,"called_strike",,,,,9,,"R","R","L","LAD","NYM","S",,,1,1,2026,"-0.64","0.16",0.8202873706379034,2.076238924441657,,,543760,0,9,"Top",,,,,,,-3.25251370673809,-131.36101279577963,-1.9613893569859722,-6.837198072134854,25.154291883529364,-30.130874850452265,3.231414042,1.630807087,,,,"90.4",2741,"6.2",823964,669257,518692,669289,571970,500743,606192,681624,663656,"54.34",,,,,,,,64,3,"Slider",4,0,0,4,0,4,0,4,"Standard","Standard",240,"0.005","-0.07",,,,"0.07",,4,-4,0.967,0.03300000000000003,31,32,32,32,1,2,2,1,2,4,"2.62","-0.64","0.64","31.9",,,,,
"CU","2026-04-13","89","-2.38","5.47","Loáisiga, Jonathan",621493,642528,,"called_strike",,,,,9,,"R","R","R","BAL","AZ","S",,,1,1,2026,"0.47","0.33",0.518464053421362,1.7388886070814227,,,,0,7,"Bot",,,,,,,6.002699933546322,-129.4538374572052,-3.5807023469641015,4.030751536884467,27.464684163099243,-27.865855271230036,3.190165682,1.609990158,,,,"88.9",2763,"6.3",824856,680728,545121,606466,571448,672695,678489,677950,682998,"54.2",,,,,,,,60,3,"Curveball",6,7,6,7,7,6,6,7,"Standard","Standard",97,"-0.012","-0.061",,,,"0.061",,-1,-1,0.362,0.362,31,32,32,33,1,3,1,1,4,1,"2.55","-0.47","-0.47","43.1",,,,,
"CH","2026-04-12","90.9","-1.79","5.85","Alcantara, Sandy",690993,645261,,"ball",,,,,14,,"R","L","R","DET","MIA","B",,,0,0,2026,"-1.52","0.51",0.3971924728181635,1.507218528802454,595879,805808,650402,2,6,"Bot",,,,,,,8.706015105888055,-132.08107878182878,-5.8458672079083405,-19.613626325511415,26.828271168381484,-25.08689653782838,3.27792815,1.654281496,,,,"90.9",1933,"6.3",824293,682663,681393,669364,691594,672640,681715,805300,596103,"54.24",,,,,,,,50,1,"Changeup",7,0,7,0,0,7,7,0,"Standard","Standard",245,"0","0.032",,,,"-0.032",,7,7,0.993,0.993,30,24,31,25,4,3,5,1,6,2,"2.24","1.52","-1.52","34.0",,,,,
"SI","2026-04-12","96.9","-2.53","5.45","Soriano, José",663993,667755,,"ball",,,,,13,,"R","L","R","CIN","LAA","B",,,2,2,2026,"-1.04","0.03",-0.7088619014450985,1.577122898517441,,,,1,7,"Bot",,,,,,,7.287146271676359,-140.88212565975923,-4.6673030718978,-15.536071708727476,30.934786002989856,-30.952806757052933,3.366568242,1.699015748,,,,"97.8",1956,"6.8",824533,681351,694384,687093,672724,687263,669326,545361,666176,"53.71",,,,,,,,60,6,"Sinker",0,8,0,8,8,0,0,8,"Strategic","Standard",241,"0","0.104",,,,"-0.104",,-8,-8,0.003,0.003,27,30,28,31,3,2,6,1,5,5,"2.4","1.04","-1.04","24.8",,,,,
"FC","2026-04-12","87","-1.4","5.97","Taillon, Jameson",687462,592791,,"called_strike",,,,,4,,"R","L","R","CHC","PIT","S",,,0,0,2026,"0.38","0.82",-0.6882828194799113,2.3529270085151457,,,,1,6,"Top",,,,,,,0.9144035722327536,-126.77420350693485,-4.063380740801513,3.8955790244651576,24.362278504643562,-22.706385012251616,3.133120079,1.581200787,,,,"88.1",2439,"6.7",824696,608348,807713,663538,608324,621020,664023,691718,673548,"53.76",,,,,,,,47,1,"Cutter",3,6,6,3,6,3,6,3,"Standard","Standard",177,"0.001","-0.039",,,,"0.039",,-3,3,0.148,0.852,34,28,35,29,3,2,6,1,6,1,"2.17","-0.38","0.38","42.0",,,,,
"FF","2026-04-12","97.6","-1.56","5.61","deGrom, Jacob",571970,594798,,"ball",,,,,13,,"R","L","R","LAD","TEX","B",,,1,0,2026,"-0.69","1.33",-0.846127704775359,2.201878422993776,,,518692,1,6,"Bot",,,,,,,3.557280393227809,-142.03804337284012,-6.674722419785645,-10.207274747546046,29.394875932746704,-12.80204670126648,3.127854331,1.578543307,,,,"98.7",2565,"6.7",823966,643376,669394,669701,673962,608369,677649,694497,607043,"53.81",,,,,,,,54,2,"4-Seam Fastball",1,3,1,3,3,1,1,3,"Infield shade","Standard",217,"0.013","0.068",,,,"-0.068",,-2,-2,0.272,0.272,38,35,38,36,3,2,6,1,5,1,"1.04","0.69","-0.69","31.5",,,,,
"FC","2026-04-12","84.3","-2.36","6.38","Bibee, Tanner",663586,676440,,"ball",,,,,14,,"R","R","R","ATL","CLE","B",,,0,2,2026,"0.72","-0.44",0.9017210555433056,1.667897309528314,,,621566,1,5,"Bot",,,,,,,6.05338204973717,-122.66146928539744,-3.4571213296803043,6.1377418410134394,23.881707836433282,-36.18713056079231,3.273540026,1.652066929,,,,"84.8",2641,"6.6",824938,681807,656555,682877,608070,677587,682657,682177,800050,"53.94",,,,,,,,44,3,"Cutter",5,0,5,0,0,5,5,0,"Standard","Standard",88,"0.001","0.01",,,,"-0.01",,5,5,0.959,0.959,27,29,27,29,3,2,6,1,5,1,"3.65","-0.72","-0.72","54.3",,,,,
"FF","2026-04-12","97.3","-1.85","5.89","Alcantara, Sandy",681481,645261,,"called_strike",,,,,7,,"R","L","R","DET","MIA","S",,,0,0,2026,"-1.04","0.96",-0.793818902434775,1.791278518021118,,,682985,1,6,"Bot",,,,,,,5.170359076564742,-141.44632737702133,-7.370526409270735,-15.144549606474241,33.65653655317238,-17.778372128493015,3.234046916,1.632135827,,,,"96.3",2111,"5.9",824293,682663,681393,669364,691594,672640,681715,805300,596103,"54.61",,,,,,,,44,1,"4-Seam Fastball",4,0,4,0,0,4,4,0,"Infield shade","Standard",241,"-0.001","-0.04",,,,"0.04",,4,4,0.951,0.951,30,28,31,29,3,2,5,1,6,3,"1.46","1.04","-1.04","31.9",,,,,
"SI","2026-04-12","94.3","-1.9","5.68","Rasmussen, Drew",663757,656876,,"ball",,,,,11,,"R","L","R","TB","NYY","B",,,0,0,2026,"-1.51","0.94",-0.6941292378676813,3.351308143773803,,,,2,6,"Top",,,,,,,6.556033415101409,-137.15518082347856,-2.2768494399627803,-20.48889997289424,33.117160896639575,-20.030081933899307,3.138385827,1.583858268,,,,,2364,,822998,676439,666018,680700,691406,670764,802415,656775,641584,"53.83",,,,,,,,42,1,"Sinker",3,0,0,3,0,3,0,3,"Standard","Standard",211,"-0.001","0.037",,,,"-0.037",,3,-3,0.902,0.09799999999999998,30,29,31,30,3,2,11,1,6,1,"1.64","1.51","-1.51",,,,,,
"FO","2026-04-12","85.3","-1.6","6.41","Sasaki, Roki",677649,808963,,"ball",,,,,11,,"R","R","R","LAD","TEX","B",,,0,2,2026,"-0.05","-0.53",-0.29714536120941587,3.2974231621574526,643376,669701,673962,2,3,"Top",,,,,,,3.18686516245939,-124.22031419674974,0.2715977878712572,-1.133835387418951,24.42256196292544,-37.95057180809626,3.126099081,1.57765748,,,,"86.9",651,"7.2",823966,687221,518692,690976,571970,808975,669743,681624,663656,"53.26",,,,,,,,25,3,"Forkball",1,2,2,1,2,1,2,1,"Standard","Standard",295,"-0.007","0.031",,,,"-0.031",,-1,1,0.394,0.606,24,27,25,27,2,1,7,1,7,1,"3.65","0.05","0.05","52.4",,,,,
"FF","2026-04-12","91.8","2.5","5.99","Abbott, Andrew",687093,671096,,"called_strike",,,,,7,,"R","R","L","CIN","LAA","S",,,0,1,2026,"0.53","1.47",-0.4444520043932271,1.5799952876345458,,,,0,3,"Top",,,,,,,-8.565731631538625,-133.1932705164031,-8.253789202613152,8.289238971731912,30.841152545708205,-13.005834200848637,3.301624016,1.666240158,,,,"91.8",2358,"6.6",824533,664731,701398,680574,553993,682829,668715,670770,682622,"53.88",,,,,,,,21,2,"4-Seam Fastball",0,5,5,0,5,0,5,0,"Standard","Standard",158,"0.002","-0.055",,,,"0.055",,-5,5,0.095,0.905,27,25,27,25,2,1,5,1,6,2,"1.27","0.53","-0.53","52.7",,,,,
"FC","2026-04-12","84.9","-1.48","5.96","Taillon, Jameson",665833,592791,"strikeout","called_strike",,,,,7,"Carson Kelly challenged (pitch result), call on the field was overturned: Oneil Cruz called out on strikes.","R","L","R","CHC","PIT","S",2,,3,2,2026,"0.32","0.83",-0.7842315529719215,1.794935706477744,542303,687462,804606,1,2,"Top",,,,,,,0.9699002452923662,-123.71257402843129,-5.007521654134179,3.137177264770524,21.295240668604407,-22.926832331939824,3.515764436,1.774311024,,,,"86.1",2581,"6.7",824696,608348,807713,663538,608324,621020,664023,691718,673548,"53.81",,0,"0",1,0,0,,13,6,"Cutter",0,1,1,0,1,0,1,0,"Infield shade","Standard",172,"0.08","-0.342",,,,"0.342",,-1,1,0.294,0.706,34,27,35,28,2,1,6,1,6,1,"2.29","-0.32","0.32","46.3",,,,,
"FC","2026-04-12","87.1","-2.09","5.92","Rasmussen, Drew",700250,656876,,"called_strike",,,,,3,,"R","L","R","TB","NYY","S",,,1,0,2026,"0.6","-0.12",0.5009608014214945,3.290870243316976,,,,0,4,"Top",,,,,,,4.910453740835669,-126.7947800932566,0.3361177389256442,5.37142442473768,26.890411483732084,-33.80256256603517,3.280561024,1.655610236,,,,,2704,,822998,676439,666018,680700,691406,670764,802415,656775,641584,"53.97",,,,,,,,26,2,"Cutter",3,0,0,3,0,3,0,3,"Infield shade","Standard",95,"0.005","-0.05",,,,"0.05",,3,-3,0.81,0.18999999999999995,30,27,31,27,2,1,11,1,6,1,"3.13","-0.6","0.6",,,,,,
"SL","2026-04-12","79.2","3.03","4.73","Sale, Chris",800050,519242,,"ball",,,,,13,,"R","L","L","ATL","CLE","B",,,2,2,2026,"-0.96","-0.5",-0.6480336542844963,1.455279352951615,,,,1,3,"Top",,,,,,,-6.106985423550292,-115.10855826867623,0.9114487754207963,-7.177403172506219,24.571021178947515,-36.983256726103235,3.339361877,1.685285433,,,,"78.9",2580,"6.5",824938,686948,621566,645277,663586,622761,573262,643289,660670,"54",,,,,,,,22,5,"Slider",3,0,0,3,0,3,0,3,"Strategic","Standard",306,"-0.006","0.104",,,,"-0.104",,3,-3,0.818,0.18200000000000005,37,24,37,25,2,1,6,1,6,2,"4.18","-0.96","-0.96","9.2",,,,,
"CH","2026-04-12","83.9","-1.6","5.92","Woodruff, Brandon",686452,605540,,"called_strike",,,,,8,,"R","L","R","MIL","WSH","S",,,1,1,2026,"-1.29","0.83",-0.1779360011675013,1.6869569036063203,,,,1,3,"Top",,,,,,,5.88077189714331,-121.95460030199561,-4.817309511022985,-14.048441662728784,24.317786734574195,-23.17105018847514,3.211228675,1.620620079,,,,"84.2",1636,"6.6",823804,661388,641343,668930,666152,687401,663604,669003,686217,"53.89",,,,,,,,15,3,"Changeup",0,0,0,0,0,0,0,0,"Standard","Strategic",225,"0.004","-0.064",,,,"0.064",,0,0,0.526,0.474,33,28,33,28,1,0,6,2,6,2,"2.42","1.29","-1.29","43.2",,,,,
"FF","2026-04-12","94.5","-1.97","5.4","Winn, Cole",687221,668390,"strikeout","called_strike",,,,,1,"Danny Jansen challenged (pitch result), call on the field was overturned: Dalton Rushing called out on strikes.","R","L","R","LAD","TEX","S",2,,3,2,2026,"-0.43","1.35",-0.7208424748942769,3.09659920356954,,,690976,2,8,"Bot",,,,,,,4.226405976645803,-137.56407901121906,-3.207990231331994,-6.364580011229754,32.229491502999444,-14.622518253003001,3.191920932,1.610875984,,,,"95.6",2381,"7",823966,643376,669394,669701,673962,608369,677649,694497,607043,"53.47",,0,"0",1,0,0,,76,6,"4-Seam Fastball",2,5,2,5,5,2,2,5,"Infield shade","Standard",206,"-0.027","-0.295",,,,"0.295",,-3,-3,0.061,0.061,26,25,27,25,1,3,4,6,3,3,"1.22","0.43","-0.43","37.7",,,,,
"FF","2026-04-12","91.6","-1.55","5.97","Woodruff, Brandon",696285,605540,,"called_strike",,,,,6,,"R","R","R","MIL","WSH","S",,,0,0,2026,"0.05","1.44",0.6425200057570307,2.4354084767611917,,,,2,2,"Top",,,,,,,5.3766796958090035,-133.32043976963035,-6.065335564317142,-0.5188455698617243,27.98224752275958,-13.85271745035963,3.187532808,1.608661417,,,,"92.2",2329,"6.6",823804,661388,641343,668930,666152,687401,663604,669003,686217,"53.89",,,,,,,,10,1,"4-Seam Fastball",0,0,0,0,0,0,0,0,"Standard","Standard",198,"0.002","-0.043",,,,"0.043",,0,0,0.54,0.45999999999999996,33,26,33,27,1,0,6,1,6,1,"1.27","-0.05","-0.05","47.7",,,,,
"FF","2026-04-12","97.2","-1.26","6.11","Bradley, Taj",660821,671737,,"called_strike",,,,,7,,"R","L","R","TOR","MIN","S",,,2,1,2026,"-0.45","1.5",-0.604929368876562,1.6629937960179353,,662139,665489,0,1,"Bot",,,,,,,2.7955803484562494,-141.25291700649694,-9.661390735460557,-6.663583695096751,30.807079738748946,-10.05181410671634,3.334973753,1.683070866,,,,"97.5",2310,"6.4",822828,605170,665019,807712,656484,686797,663616,681546,670242,"54.07",,,,,,,,7,4,"4-Seam Fastball",1,0,1,0,0,1,1,0,"Infield shade","Standard",206,"-0.012","-0.07",,,,"0.07",,1,1,0.727,0.727,25,28,25,29,1,0,5,1,6,2,"0.91","0.45","-0.45","53.4",,,,,
"ST","2026-04-12","82.4","-2.61","6.42","Painter, Andrew",699912,691725,,"ball",,,,,14,,"R","R","R","PHI","AZ","B",,,2,1,2026,"1.65","-0.02",0.6529948502668381,1.5375429885366723,,,,0,4,"Top",,,,,,,4.057427271763074,-119.8030125942908,-4.185074103137096,14.865200920116676,25.875326408175727,-31.69302657563674,3.351648622,1.691486221,,,,"82.2",2852,"6.5",823479,665561,547180,681082,664761,607208,669016,702222,666969,"54.01",,,,,,,,24,4,"Sweeper",0,1,1,0,1,0,1,0,"Standard","Standard",49,"-0.01","0.134",,,,"-0.134",,-1,1,0.373,0.627,23,22,23,23,1,1,6,1,7,1,"3.42","-1.65","-1.65","43.3",,,,,
"FF","2026-04-12","89.9","3.77","5.06","Manaea, Sean",701762,640455,"strikeout","called_strike",,,,,4,"Luis Torrens challenged (pitch result), call on the field was overturned: Nick Kurtz called out on strikes.","R","L","L","NYM","ATH","S",2,,1,2,2026,"1.25","0.9",-0.6634130745948807,2.6497361801937123,,,,0,8,"Top",,,,,,,-13.654394199625923,-130.30908295733747,-1.7897045246908276,16.94125380338929,24.28358732865287,-21.66635575193496,3.413082349,1.722490158,,,,"91.1",2067,"7",823642,620443,668901,543760,666182,596019,621438,701807,683146,"53.55",,0,"0",1,0,0,,53,5,"4-Seam Fastball",0,1,1,0,1,0,1,0,"Strategic","Standard",120,"0.016","-0.189",,,,"0.189",,-1,1,0.262,0.738,34,23,34,23,1,3,4,1,5,1,"1.92","1.25","1.25","15.1",,,,,
"CH","2026-04-12","86.2","-2.73","5.98","Gallen, Zac",681082,668678,,"ball",,,,,13,,"R","L","R","PHI","AZ","B",,,1,1,2026,"-1.12","1.04",-0.8550777239327627,2.0085997969887015,,,,1,2,"Bot",,,,,,,6.7552584724611044,-125.1693958134938,-5.0536690415440155,-13.23117195703601,27.681343551664384,-20.44944443971947,3.225270669,1.627706693,,,,"86.1",1635,"6.6",823479,543510,699912,545121,571448,672695,694374,677950,678489,"53.92",,,,,,,,14,3,"Changeup",0,1,0,1,1,0,0,1,"Standard","Standard",224,"0.004","0.055",,,,"-0.055",,-1,-1,0.417,0.417,30,28,31,29,1,0,5,1,6,1,"2.07","1.12","-1.12","38.5",,,,,
"SL","2026-04-12","86.5","-0.63","6.19","Littell, Zack",592885,641793,,"ball",,,,,14,,"R","L","R","MIL","WSH","B",,,1,1,2026,"0.26","0.62",0.9175836608948588,1.8737349137944692,,,668930,1,1,"Bot",,,,,,,3.0870434198159806,-126.01384368793431,-5.19634519222649,2.276518519185698,22.37577700937739,-24.775126076224893,3.368323491,1.699901575,,,,"86.7",2247,"6",823804,686452,671277,683083,678391,682928,695734,696285,695578,"54.46",,,,,,,,6,3,"Slider",0,0,0,0,0,0,0,0,"Standard","Standard",208,"0.005","0.063",,,,"-0.063",,0,0,0.55,0.55,30,34,31,35,1,0,6,1,5,30,"2.39","-0.26","0.26","40.4",,,,,
"FF","2026-04-12","96","1.89","6.1","Harris, Hogan",683146,663687,"strikeout","called_strike",,,,,1,"Shea Langeliers challenged (pitch result), call on the field was overturned: Brett Baty called out on strikes.","R","L","L","NYM","ATH","S",2,,3,2,2026,"0.76","1.59",-0.6515629414301783,3.4317601654210406,,,,1,7,"Bot",,,,,,,-8.412351170361624,-139.58265598249622,-4.947436740398992,11.834622696554115,31.521783663468558,-10.471599731061035,3.327952756,1.679527559,,,,"96.2",2409,"6.5",823642,669127,701762,643446,691777,687231,691016,672016,671732,"54.02",,0,"0",1,0,0,,51,6,"4-Seam Fastball",0,1,0,1,1,0,0,1,"Infield shade","Standard",149,"-0.045","-0.332",,,,"0.332",,-1,-1,0.324,0.324,29,26,30,27,1,2,3,1,2,2,"0.89","0.76","0.76","55.8",,,,,
"SI","2026-04-12","96.2","1.95","6.08","Skubal, Tarik",672640,669373,,"called_strike",,,,,7,,"R","R","L","DET","MIA","S",,,0,0,2026,"1.32","0.89",-0.7046163938713932,1.488818649193738,,,,0,2,"Top",,,,,,,-9.978447403260834,-139.47381360876605,-8.283572507435034,19.53749546162884,34.98736250327609,-18.751144838904697,3.136630577,1.582972441,,,,"95.6",2150,"6.4",824293,693307,679529,650402,656716,805808,682985,595879,681481,"54.1",,,,,,,,10,1,"Sinker",3,0,0,3,0,3,0,3,"Standard","Standard",148,"0.003","-0.039",,,,"0.039",,3,-3,0.778,0.22199999999999998,29,27,30,28,1,0,5,1,6,1,"1.62","1.32","-1.32","48.6",,,,,
"FF","2026-04-12","99.7","-1.61","5.6","Vodnik, Victor",657656,680767,"strikeout","called_strike",,,,,9,"Brett Sullivan challenged (pitch result), call on the field was overturned: Ramón Laureano called out on strikes.","R","R","R","SD","COL","S",2,,0,2,2026,"-0.68","1.62",0.5452113532697777,1.5633348690517141,,,666023,0,8,"Bot",,,,,,,7.503455866502958,-144.67948246263057,-9.339762157545369,-11.383131317891754,35.06673345101059,-7.405857284939827,3.064665354,1.546653543,,,,"100",2445,"6.7",823317,664954,681198,671289,691720,678662,666160,686668,687597,"53.81",,0,"0",1,0,0,,65,3,"4-Seam Fastball",7,2,7,2,2,7,7,2,"Standard","Standard",205,"-0.001","-0.148",,,,"0.148",,5,5,0.996,0.996,26,31,27,32,1,4,3,1,4,2,"0.7","0.68","0.68","54.9",,,,,
"FF","2026-04-12","96.3","-2.27","6.64","Painter, Andrew",672695,691725,,"called_strike",,,,,2,,"R","L","R","PHI","AZ","S",,,2,0,2026,"-0.23","1.31",-0.04584108838495243,3.2690996041514877,,,,2,3,"Top",,,,,,,6.361251561883647,-140.0832847335239,-6.195512007425855,-4.470562233187403,30.847756697165593,-13.70596079719368,3.31742126,1.674212598,,,,"96.6",2174,"6.4",823479,665561,547180,681082,664761,607208,669016,702222,666969,"54.09",,,,,,,,20,3,"4-Seam Fastball",0,1,1,0,1,0,1,0,"Standard","Standard",195,"0.003","-0.066",,,,"0.066",,-1,1,0.422,0.5780000000000001,23,26,23,27,1,1,6,1,7,1,"1.14","0.23","-0.23","56.6",,,,,
"SL","2026-04-12","90","-1.47","5.78","deGrom, Jacob",518692,594798,"strikeout","called_strike",,,,,8,"Danny Jansen challenged (pitch result), call on the field was overturned: Freddie Freeman called out on strikes.","R","L","R","LAD","TEX","S",2,,1,2,2026,"0.17","0.15",0.2321728096176629,1.6405115835071404,,,,2,1,"Bot",,,,,,,3.8306612382652103,-131.1516202043261,-4.45997892530773,1.1769696094865782,25.829212969110632,-29.718188491972573,3.382365486,1.706988189,,,,"90.6",2599,"6.4",823966,643376,669394,669701,673962,608369,677649,694497,607043,"54.1",,0,"0",1,0,0,,9,6,"Slider",1,0,1,0,0,1,1,0,"Infield shade","Standard",129,"-0.006","-0.182",,,,"0.182",,1,1,0.609,0.609,38,36,38,37,1,0,6,1,5,1,"2.64","-0.17","0.17","37.5",,,,,
"SL","2026-04-12","86.4","-0.99","5.92","Leasure, Jordan",677951,673929,,"ball",,,,,11,,"R","R","R","KC","CWS","B",,,1,1,2026,"0.54","0.21",-0.8892997681050906,2.994797058541606,,,,0,7,"Bot",,,,,,,-0.8928929096566037,-125.92587996532838,-0.9877263573762018,5.954795601304576,26.220762650863396,-29.973244057220544,3.238435039,1.634350394,,,,"86.9",2436,"6.6",824126,700337,808959,805367,678246,695657,643217,682668,687957,"53.93",,,,,,,,62,3,"Slider",5,6,5,6,6,5,5,6,"Strategic","Standard",145,"0.01","0.055",,,,"-0.055",,-1,-1,0.362,0.362,27,26,28,26,1,3,3,1,4,2,"2.84","-0.54","-0.54","51.3",,,,,
"SI","2026-04-12","96.8","2.9","4.96","Zerpa, Angel",678554,672582,,"called_strike",,,,,4,,"R","R","L","MIL","WSH","S",,,0,1,2026,"1.4","0.33",-0.7837424536493851,2.394015841678433,,677588,695578,2,7,"Top",,,,,,,-12.773012978649417,-140.38395416087604,-1.8233385823355102,21.50982084061839,32.60927134966233,-27.592708839864773,3.247211286,1.638779528,,,,"95.4",2146,"5.7",823804,661388,641343,668930,666152,687401,663604,669003,686217,"54.78",,,,,,,,54,2,"Sinker",3,3,3,3,3,3,3,3,"Standard","Standard",124,"0.019","-0.057",,,,"0.057",,0,0,0.523,0.477,26,25,27,26,1,0,2,1,2,1,"2.12","1.4","-1.4","21.9",,,,,
"FF","2026-04-12","96.4","2.93","5.39","Zerpa, Angel",695578,672582,"walk","ball",,,,,11,"William Contreras challenged (pitch result), call on the field was confirmed: James Wood walks.","R","L","L","MIL","WSH","B",,,3,2,2026,"0.84","0.74",-0.5289966600593292,3.679760102433335,,677588,,2,7,"Top",,,,,,,-10.825300820229614,-140.01558900889924,-0.5038114943181107,13.405396795680511,31.09103610895913,-22.541814461271965,3.488558071,1.760580709,,,,"95.1",1922,"5.6",823804,661388,641343,668930,666152,687401,663604,669003,686217,"54.9",,0.704857,"0.7",1,0,0,,53,6,"4-Seam Fastball",3,3,3,3,3,3,3,3,"Standard","Strategic",140,"-0.012","0.134",,,,"-0.134",,0,0,0.523,0.477,26,23,27,24,1,3,2,1,2,1,"1.72","0.84","0.84","31.0",,,,,
"SI","2026-04-12","92.8","-1.54","5.49","Junis, Jakob",669743,596001,"strikeout","called_strike",,,,,8,"Danny Jansen challenged (pitch result), call on the field was overturned: Alex Call called out on strikes.","R","R","R","LAD","TEX","S",2,,1,2,2026,"-1.09","0.55",0.21726051227199328,1.604020929532207,,,,0,9,"Bot",,,,,,,6.838975456571074,-134.85927583670986,-5.1027410167090785,-14.804462053651767,30.864846651697476,-24.529238049979696,3.160326444,1.594931102,,,,"92.4",2139,"6.3",823966,643376,669394,669701,673962,608369,677649,694497,607043,"54.25",,0,"0",1,0,0,,80,5,"Sinker",2,5,2,5,5,2,2,5,"Standard","Standard",213,"-0.017","-0.189",,,,"0.189",,-3,-3,0.035,0.035,33,31,34,32,1,3,5,6,4,6,"2.12","1.09","1.09","33.1",,,,,
"SL","2026-04-12","82.7","1.04","6.24","Gage, Matt",694212,657424,,"ball",,,,,13,,"R","L","L","BAL","SF","B",,,2,1,2026,"-0.28","0.04",-0.993224942108563,1.7895861405651226,,624413,,2,5,"Bot",,,,,,,-4.017226544301065,-120.41581625303003,-3.492822703424541,-1.9819392290760052,23.285859977402716,-31.300432312114086,3.393774606,1.712746063,,,,"82.8",2217,"6.3",824859,691740,646240,683766,656305,642715,671218,808982,666464,"54.17",,,,,,,,39,4,"Slider",4,1,4,1,1,4,4,1,"Standard","Standard",282,"0.001","0.055",,,,"-0.055",,3,3,0.878,0.878,33,21,33,22,1,2,2,1,5,1,"3.29","-0.28","-0.28","47.1",,,,,
"SL","2026-04-12","85.2","1.72","6.03","Latz, Jacob",687221,656641,,"called_strike",,,,,1,,"R","L","L","LAD","TEX","S",,,0,1,2026,"-0.69","0.24",-0.6089924347339166,3.0514178467027686,,,,0,7,"Bot",,,,,,,-3.977436014494668,-124.31393808978889,-1.1558407733953653,-6.646187494745555,19.783199871457676,-29.608133534899952,3.191920932,1.610875984,,,,"85.7",2487,"6",823966,643376,669394,669701,673962,608369,677649,694497,607043,"54.47",,,,,,,,60,2,"Slider",1,3,1,3,3,1,1,3,"Infield shade","Standard",231,"-0.01","-0.055",,,,"0.055",,-2,-2,0.215,0.215,30,25,30,25,1,2,2,6,3,3,"2.83","-0.69","-0.69","57.3",,,,,
"SI","2026-04-12","96.3","-2.04","5.98","Alcantara, Sandy",650402,645261,,"ball",,,,,11,,"R","R","R","DET","MIA","B",,,0,0,2026,"-1.56","0.9",-0.17981414010967112,3.4039967073442314,,,,1,1,"Bot",,,,,,,8.45524078722454,-139.9905106578901,-3.132127970870937,-22.406270117929953,32.67843943459741,-19.828508762948275,3.12960958,1.579429134,,,,"96.1",2398,"6.3",824293,682663,681393,669364,691594,672640,681715,805300,596103,"54.22",,,,,,,,5,1,"Sinker",0,0,0,0,0,0,0,0,"Standard","Standard",226,"0.003","0.039",,,,"-0.039",,0,0,0.526,0.526,30,29,31,30,1,0,5,2,6,2,"1.57","1.56","1.56","41.1",,,,,
"SL","2026-04-11","76.5","3.58","5","Lopez, Jacob",668901,682052,,"ball",,,,,14,,"R","R","L","NYM","ATH","B",,,1,2,2026,"-0.74","0.49",0.8660917630315217,2.3783359052035107,,,,2,5,"Bot",,,,,,,-4.325914238214008,-111.3519803845929,0.8770198469542774,-5.2642858463987645,21.673983654686772,-28.569774935921107,3.340239501,1.685728347,,,,"76.9",2418,"6.7",823644,669127,701762,643446,691777,805779,691016,672016,671732,"53.75",,,,,,,,49,4,"Slider",3,7,3,7,7,3,3,7,"Standard","Standard",276,"0.001","0.042",,,,"-0.042",,-4,-4,0.087,0.087,28,26,28,27,3,2,6,2,5,1,"3.43","-0.74","0.74","14.6",,,,,
"CH","2026-04-11","90.8","-1.12","5.73","Leiter, Jack",681624,683004,,"called_strike",,,,,2,,"R","R","R","LAD","TEX","S",,,0,1,2026,"-0.81","0.32",-0.22304971053767975,3.1094755557235523,518692,,,2,3,"Bot",,,,,,,3.991932630150373,-132.32324463821476,-1.2206491616246908,-10.37911824969587,26.371190050354315,-28.3224768686488,3.23667979,1.633464567,,,,"91.5",1702,"6.5",823967,543309,669394,669701,673962,608369,677649,694497,607043,"54",,,,,,,,27,2,"Changeup",5,1,5,1,1,5,5,1,"Standard","Standard",227,"-0.004","-0.062",,,,"0.062",,4,4,0.889,0.889,26,25,26,26,2,1,6,1,5,1,"2.42","0.81","0.81","47.5",,,,,
"SI","2026-04-11","93","-1.73","5.96","Martinez, Nick",663757,607259,,"ball",,,,,12,,"R","L","R","TB","NYY","B",,,1,2,2026,"-1.32","1.11",0.8968392306497341,2.565847083725571,,,,1,5,"Top",,,,,,,9.482722511635158,-134.93898503410585,-5.085518592069915,-18.193962318432767,31.299884071824202,-17.63841562392977,3.138385827,1.583858268,,,,"91.9",2202,"6",822996,663743,666018,810938,691406,670764,668723,656775,676356,"54.53",,,,,,,,33,4,"Sinker",1,1,1,1,1,1,1,1,"Infield shade","Standard",210,"-0.004","0.048",,,,"-0.048",,0,0,0.537,0.46299999999999997,35,29,36,30,3,2,6,1,6,1,"1.55","1.32","-1.32","53.9",,,,,
"FC","2026-04-11","87","1.02","5.68","Pérez, Martín",682877,527048,,"called_strike",,,,,7,,"R","R","L","ATL","CLE","S",,,0,1,2026,"0.11","1.08",-0.713480374681682,1.51472000686384,,,,2,4,"Top",,,,,,,-4.31634962580792,-126.56989524009745,-5.840823451211168,1.9559382523907518,23.851868454216028,-19.613422656972638,3.220882546,1.625492126,,,,"87",2293,"6.1",824939,641680,621566,645277,663586,622761,573262,643289,660670,"54.38",,,,,,,,29,2,"Cutter",0,1,1,0,1,0,1,0,"Standard","Standard",158,"0.002","-0.057",,,,"0.057",,-1,1,0.419,0.581,35,24,35,25,2,1,6,1,6,1,"1.92","0.11","-0.11","45.8",,,,,
"SI","2026-04-11","92.9","-1.94","5.46","Leahy, Kyle",691785,681517,,"called_strike",,,,,9,,"R","L","R","STL","BOS","S",,,0,0,2026,"-0.97","1.05",0.4697678043616349,1.5815147071854807,,575929,677800,2,4,"Top",,,,,,,8.401274858478862,-134.96565489621605,-6.3640005404558595,-13.654187581844603,29.602691085342137,-18.095973798048494,3.341994751,1.686614173,,,,"94.5",2223,"7.4",823074,686780,602104,802139,669357,695336,665877,687363,691023,"53.14",,,,,,,,28,1,"Sinker",0,2,2,0,2,0,2,0,"Standard","Standard",209,"0.005","-0.047",,,,"0.047",,-2,2,0.276,0.724,29,23,29,24,2,1,6,1,6,1,"1.6","0.97","-0.97","40.4",,,,,
"CH","2026-04-11","77.5","-1.61","6.21","Martinez, Nick",700250,607259,,"called_strike",,,,,7,,"R","L","R","TB","NYY","S",,,0,0,2026,"-1.03","0.07",-0.5616574845408133,1.6893136096080115,,,,2,3,"Top",,,,,,,4.088040109601482,-112.78416976857372,-2.545301675901235,-9.501676223661464,22.306275024117447,-31.287720674888895,3.280561024,1.655610236,,,,"76.9",1695,"6",822996,663743,666018,810938,691406,670764,668723,656775,676356,"54.46",,,,,,,,21,1,"Changeup",1,1,1,1,1,1,1,1,"Infield shade","Standard",257,"0.002","-0.043",,,,"0.043",,0,0,0.543,0.45699999999999996,35,27,36,27,2,1,6,1,6,1,"3.75","1.03","-1.03","57.9",,,,,
"FF","2026-04-11","90.5","1.56","6.07","Lauer, Eric",605170,641778,"strikeout","called_strike",,,,,7,"Brandon Valenzuela challenged (pitch result), call on the field was overturned: Victor Caratini called out on strikes.","R","R","L","TOR","MIN","S",2,,2,2,2026,"1","1.49",-0.6224136181522568,1.502583147221327,,680777,605137,1,3,"Top",,,,,,,-7.499701566314592,-131.43167397336745,-8.345105893003298,13.255729758524078,28.73519475733821,-13.31024667938936,3.200697179,1.615305118,,,,"89.9",2102,"6.1",822830,678218,665489,676914,676391,665926,660821,662139,664770,"54.4",,0,"0",1,0,0,,23,5,"4-Seam Fastball",2,4,4,2,4,2,4,2,"Standard","Standard",138,"0.03","-0.216",,,,"0.216",,-2,2,0.263,0.737,31,32,31,33,2,1,6,1,6,1,"1.31","1","-1","38.0",,,,,
"FF","2026-04-11","94.8","-0.38","5.74","Junk, Janson",690993,676083,"strikeout","called_strike",,,,,9,"Agustín Ramírez challenged (pitch result), call on the field was overturned: Colt Keith called out on strikes.","R","L","R","DET","MIA","S",2,,0,2,2026,"-0.43","1.65",0.8221392524455279,1.9634878894934746,,,805808,1,3,"Bot",,,,,,,4.07073206270751,-137.8023042547219,-7.699287945252522,-6.355545953787969,31.486708259849067,-9.615863098739243,3.27792815,1.654281496,,,,"94.7",2412,"6.4",824294,682663,681393,669364,688363,672640,681715,805300,683357,"54.13",,0,"0",1,0,0,,24,3,"4-Seam Fastball",2,0,2,0,0,2,2,0,"Infield shade","Strategic",202,"-0.012","-0.168",,,,"0.168",,2,2,0.758,0.758,30,24,30,25,2,1,5,1,6,1,"0.9","0.43","-0.43","53.9",,,,,
"SI","2026-04-11","96.3","-2.08","5.13","Castillo, Luis",673237,622491,"strikeout","called_strike",,,,,9,"Cal Raleigh challenged (pitch result), call on the field was overturned: Yainer Diaz called out on strikes.","R","R","R","SEA","HOU","S",2,,3,2,2026,"-1.45","0.25",0.8080127278035196,1.813375899124984,621043,694388,701358,1,2,"Top",,,,,,,10.734730048983332,-139.79345296081698,-3.531586362152766,-21.421447432290552,31.25704526758423,-28.24850791979683,3.161204068,1.595374016,,,,"94.9",2088,"5.6",823155,663728,647304,702284,660844,641487,668227,677594,670042,"54.89",,0,"0",1,0,0,,13,8,"Sinker",2,0,0,2,0,2,0,2,"Standard","Standard",233,"0.095","-0.342",,,,"0.342",,2,-2,0.574,0.42600000000000005,33,27,34,28,1,0,6,4,5,1,"2.22","1.45","1.45","21.2",,,,,
"SI","2026-04-11","90.8","1","5.51","Pérez, Martín",680757,527048,,"called_strike",,,,,3,,"R","L","L","ATL","CLE","S",,,0,0,2026,"1.47","0.63",0.7042754478773962,3.053181873845627,682877,595978,677587,2,2,"Top",,,,,,,-3.8970281805182605,-132.24082826317152,-1.4354125521076213,18.126639349712317,27.4412404901845,-24.700510628469345,3.02253937,1.525393701,,,,"90.4",2002,"5.9",824939,641680,621566,645277,663586,622761,573262,643289,660670,"54.58",,,,,,,,15,1,"Sinker",0,1,1,0,1,0,1,0,"Standard","Standard",135,"0.01","-0.035",,,,"0.035",,-1,1,0.374,0.626,35,28,35,29,2,1,6,1,6,2,"2.13","1.47","1.47","46.0",,,,,
"CH","2026-04-11","91.1","-2.46","5.41","Sproat, Brandon",695578,687075,,"called_strike",,,,,8,,"R","L","R","MIL","WSH","S",,,0,1,2026,"-1.23","0.64",0.1187266076652922,1.6885363574129701,,,660688,2,7,"Top",,,,,,,9.114824978375042,-132.34229077883208,-4.5932551353499775,-16.424995783882085,29.628835496620102,-23.785338183376258,3.488558071,1.760580709,,,,"91.3",1736,"6.6",823805,661388,641343,668930,650859,687401,663604,663368,686217,"53.91",,,,,,,,52,2,"Changeup",0,2,2,0,2,0,2,0,"Infield shade","Standard",244,"0.004","-0.055",,,,"0.055",,-2,2,0.207,0.793,25,23,26,24,1,3,7,1,5,1,"2.12","1.23","-1.23","32.1",,,,,
"SL","2026-04-11","85.2","0.96","5.53","Messick, Parker",660670,800048,,"ball",,,,,11,,"R","R","L","ATL","CLE","B",,,2,2,2026,"-0.68","0.27",-0.12655313358350595,3.5188351502796675,,,,1,3,"Bot",,,,,,,-1.1455435674137588,-124.16300937641766,1.1146350974782557,-6.850435854896491,21.793543723370124,-29.6903433017499,3.200697179,1.615305118,,,,"85.9",2460,"6.4",824939,595978,656555,682877,608070,677587,682657,680757,681807,"54.14",,,,,,,,23,6,"Slider",0,1,0,1,1,0,0,1,"Standard","Standard",239,"0.008","0.104",,,,"-0.104",,-1,-1,0.406,0.406,25,28,26,29,2,1,6,1,5,1,"2.82","-0.68","0.68","46.0",,,,,
"SI","2026-04-11","95.5","-3.11","5.06","Ramírez, Yohan",673548,670990,,"ball",,,,,11,,"R","R","R","CHC","PIT","B",,,2,0,2026,"-1.38","0.8",-0.9426962911931447,3.2166044315278297,621020,663538,664023,2,11,"Bot",,,,,,,8.919903519219588,-138.67573824924517,-0.8263723512632366,-19.836971486360166,34.664017618783305,-21.963392673430562,3.177878937,1.60378937,,,,"96.4",2446,"7.2",824697,663698,656811,664040,693304,804606,663968,665833,694377,"53.34",,,,,,,,98,3,"Sinker",3,4,3,4,4,3,3,4,"Standard","Standard",226,"0.115","0.129",,,,"-0.129",,-1,-1,0.397,0.397,31,31,31,32,2,3,4,1,3,1,"1.73","1.38","1.38","19.4",,,,,
"FC","2026-04-11","90.1","-1.45","5.85","Armstrong, Shawn",641680,542888,,"called_strike",,,,,1,,"R","L","R","ATL","CLE","S",,,0,1,2026,"0.37","0.89",-0.527664957498298,3.3838425770763507,,621566,663586,2,9,"Bot",,,,,,,1.485234314594083,-131.43093491113734,-2.0141923992109034,4.039024763681738,23.862566383991986,-21.540451042019576,3.375344488,1.703444882,,,,"91.2",2345,"6.5",824939,595978,656555,682877,608070,677587,680757,682177,682657,"54.02",,,,,,,,76,2,"Cutter",0,6,0,6,6,0,0,6,"Infield shade","Strategic",157,"0","-0.057",,,,"0.057",,-6,-6,0.002,0.002,35,31,36,31,1,3,4,3,3,7,"1.87","-0.37","0.37","42.7",,,,,
"FF","2026-04-11","93.6","-2.19","5.82","Bido, Osvaldo",682877,674370,,"called_strike",,,,,9,,"R","L","R","ATL","CLE","S",,,0,1,2026,"-0.86","1.16",0.6644421756779404,1.5880570322145813,800050,,,2,8,"Top",,,,,,,9.197645147404192,-135.96625464264326,-7.567029042607224,-12.582360554983044,28.378655624226177,-16.27526193997095,3.220882546,1.625492126,,,,"93.8",2359,"6.4",824939,641680,621566,645277,663586,643289,663897,573262,660670,"54.13",,,,,,,,61,2,"4-Seam Fastball",0,3,3,0,3,0,3,0,"Standard","Standard",227,"0.003","-0.062",,,,"0.062",,-3,3,0.076,0.924,30,24,31,25,1,3,1,1,4,1,"1.44","0.86","-0.86","31.3",,,,,
"FF","2026-04-11","95.7","-1.36","6.36","Brown, Ben",656811,676962,,"called_strike",,,,,1,,"R","L","R","CHC","PIT","S",,,2,0,2026,"-0.58","1.42",-0.7628124741167249,2.9465071649103787,,,668804,0,7,"Top",,,,,,,2.894007761898141,-139.16279982364006,-6.404097367026762,-8.172412657588023,34.34655309767506,-12.566859073223187,3.28933727,1.66003937,,,,"95.8",2227,"6.6",824697,665804,683737,663538,608324,621020,664023,691718,624424,"53.86",,,,,,,,55,3,"4-Seam Fastball",1,3,3,1,3,1,3,1,"Infield shade","Standard",212,"0.007","-0.066",,,,"0.066",,-2,2,0.152,0.848,26,32,27,33,1,3,3,1,4,1,"1.1","0.58","-0.58","38.8",,,,,
"FF","2026-04-11","95.4","-1.36","6.15","Johnson, Pierce",666176,572955,"strikeout","called_strike",,,,,6,"Tyler Stephenson challenged (pitch result), call on the field was overturned: Jo Adell called out on strikes.","R","R","R","CIN","LAA","S",2,,1,2,2026,"-0.77","1.46",0.7798896276437609,2.3764751531100465,,687263,,2,6,"Top",,,,,,,7.231773697066156,-138.56677724387987,-7.289156350541978,-11.564870062619521,33.78262681095944,-11.844031149511498,3.305134514,1.668011811,,,,"94.1",2378,"5.8",824535,663886,663993,701398,663647,682829,668715,670770,682622,"54.68",,0,"0",1,0,0,,56,5,"4-Seam Fastball",5,3,3,5,3,5,3,5,"Infield shade","Standard",223,"0.029","-0.208",,,,"0.208",,2,-2,0.816,0.18400000000000005,35,27,35,27,1,3,3,1,4,1,"1.07","0.77","0.77","42.0",,,,,
"FF","2026-04-11","94.9","-1.64","5.79","Agnos, Zach",666023,688642,,"ball",,,,,11,,"R","R","R","SD","COL","B",,,0,0,2026,"-0.61","1.57",-0.8692556378897859,2.9934769282806837,,,,1,6,"Bot",,,,,,,3.369543213331641,-137.95505729446845,-4.941429091641789,-8.529069179604944,35.53484566718858,-11.313178728186083,3.105036089,1.567027559,,,,"94",2293,"6.2",823316,664954,687859,666397,691720,678662,687597,664983,666160,"54.3",,,,,,,,50,1,"4-Seam Fastball",6,4,6,4,4,6,6,4,"Standard","Standard",214,"0.001","0.039",,,,"-0.039",,2,2,0.832,0.832,25,31,26,31,1,2,3,2,3,1,"1","0.61","0.61","40.9",,,,,
"FF","2026-04-11","98","-1.3","5.71","Phillips, Connor",681351,683175,,"called_strike",,,,,9,,"R","R","R","CIN","LAA","S",,,2,0,2026,"-0.67","1.41",0.4431652731895296,1.7214749071814204,,,694384,2,5,"Top",,,,,,,6.243322776787798,-142.41608740443945,-8.35790044759082,-10.607104264685615,34.59089632596439,-11.19273122541511,3.29109252,1.660925197,,,,"97.9",2511,"6.5",824535,663886,663993,701398,663647,682829,668715,670770,682622,"54.04",,,,,,,,48,3,"4-Seam Fastball",5,3,3,5,3,5,3,5,"Standard","Standard",223,"0.005","-0.044",,,,"0.044",,2,-2,0.776,0.22399999999999998,25,26,25,26,1,2,1,1,1,1,"0.98","0.67","0.67","40.6",,,,,
"FC","2026-04-11","90.2","-2.69","6.26","Martin, Chris",690976,455119,,"ball",,,,,11,,"R","L","R","LAD","TEX","B",,,1,0,2026,"0.14","0.6",-0.31470436650243844,3.503120039422348,,,,1,8,"Bot",,,,,,,5.554617744484397,-131.41157515538143,-2.082400317311846,0.5796193331272368,24.82666152322865,-24.99104354349314,3.184899934,1.607332677,,,,"91",2121,"6.4",823967,543309,669394,677649,673962,608369,664059,694497,607043,"54.06",,,,,,,,63,2,"Cutter",6,3,6,3,3,6,6,3,"Infield shade","Standard",192,"0.001","0.071",,,,"-0.071",,3,3,0.97,0.97,40,24,40,25,1,3,3,1,3,1,"2.17","-0.14","0.14","41.4",,,,,
"CU","2026-04-11","86.4","-0.74","6.39","Ashcraft, Braxton",608324,677952,"strikeout","called_strike",,,,,9,"Henry Davis challenged (pitch result), call on the field was overturned: Alex Bregman called out on strikes.","R","R","R","CHC","PIT","S",2,,1,2,2026,"0.42","-0.72",0.808617256620455,1.8795443323852914,,,,2,1,"Bot",,,,,,,2.760807506560301,-125.70897297429701,-2.667309694495509,3.8114973183016403,29.18432860946334,-39.39536074236927,3.126099081,1.57765748,,,,"85.7",2805,"6.2",824697,680779,687462,664040,694377,804606,668804,665833,656811,"54.32",,0,"0",1,0,0,,7,5,"Curveball",0,0,0,0,0,0,0,0,"Standard","Standard",50,"-0.007","-0.182",,,,"0.182",,0,0,0.507,0.507,26,32,27,32,1,0,6,1,5,1,"3.82","-0.42","-0.42","42.6",,,,,
"ST","2026-04-11","85.9","2.13","6.19","Wolfram, Grant",808982,664991,,"ball",,,,,11,,"R","L","L","BAL","SF","B",,,1,1,2026,"-0.51","-0.36",-0.8836320474758297,2.5031619158117926,,,,1,6,"Top",,,,,,,-5.95426704044073,-125.04522381795613,-1.544654934789516,-4.2892664884190665,23.803009654025022,-35.870389601745906,3.22351542,1.626820866,,,,"85.9",2330,"6.1",824857,694212,624413,669236,691723,683002,621493,665750,681297,"54.39",,,,,,,,46,3,"Sweeper",4,2,2,4,2,4,2,4,"Standard","Standard",318,"-0.005","0.055",,,,"-0.055",,2,-2,0.811,0.18899999999999995,29,27,30,28,1,2,3,1,3,1,"3.43","-0.51","-0.51","42.9",,,,,
"FF","2026-04-11","95.8","-1.42","5.85","Beeter, Clayton",663604,690925,,"ball",,,,,13,,"R","R","R","MIL","WSH","B",,,2,1,2026,"-0.41","1.49",-0.910863928541839,1.4702672261498964,,592885,,1,9,"Bot",,,,,,,2.247865138974795,-139.3197681858968,-9.06512201868805,-5.878502587895879,31.40588214408947,-10.873703878318901,3.226148294,1.628149606,,,,"95.2",2345,"6",823805,686452,678554,683083,691781,682928,695734,696285,686894,"54.54",,,,,,,,72,4,"4-Seam Fastball",1,3,1,3,3,1,1,3,"Standard","Standard",198,"0.026","0.071",,,,"-0.071",,-2,-2,0.133,0.133,27,29,28,29,1,3,1,1,3,1,"0.99","0.41","0.41","49.4",,,,,
"FF","2026-04-11","93.1","-3.02","4.69","Kimbrel, Craig",691777,518886,"strikeout","called_strike",,,,,9,"Francisco Alvarez challenged (pitch result), call on the field was overturned: Max Muncy called out on strikes.","R","R","R","NYM","ATH","S",2,,0,2,2026,"-1.28","1.13",0.8281760346010043,1.6621269159745315,,,643446,2,7,"Top",,,,,,,12.785306066960093,-134.86361616837644,-4.237305329956937,-18.641059370078008,34.24679410645785,-17.609563382783385,3.227903543,1.629035433,,,,"93.7",2306,"7.3",823644,682626,668901,543760,666182,596019,701807,673357,683146,"53.22",,0,"0",1,0,0,,63,3,"4-Seam Fastball",5,7,7,5,7,5,7,5,"Standard","Standard",229,"0.01","-0.174",,,,"0.174",,-2,2,0.211,0.789,38,23,38,24,1,3,,1,2,1,"1.56","1.28","1.28","22.2",,,,,
"SI","2026-04-11","90.3","3.59","4.81","Bruihl, Justin",680776,677865,,"called_strike",,,,,8,,"R","L","L","STL","BOS","S",,,0,0,2026,"1.62","-0.15",0.13812872581180535,1.9954263631670903,,,,0,8,"Top",,,,,,,-12.020442365456844,-130.83155204833045,-0.4081292800800099,21.27944645254292,30.719350846640573,-34.082790150299225,3.229658793,1.62992126,,,,"90.1",2148,"6.6",823074,650968,676475,802139,669357,602104,665877,701675,691023,"53.85",,,,,,,,57,1,"Sinker",0,2,2,0,2,0,2,0,"Infield shade","Standard",113,"0.002","-0.039",,,,"0.039",,-2,2,0.138,0.862,29,29,29,30,1,3,3,1,2,1,"3","1.62","1.62","23.2",,,,,
"FC","2026-04-11","85.1","1.88","6.12","Lauer, Eric",807712,641778,,"called_strike",,,,,2,,"R","R","L","TOR","MIN","S",,,1,0,2026,"-0.26","0.5",-0.20207560361180568,3.2501882324905775,,,,2,1,"Top",,,,,,,-4.238048129586628,-123.92020581886538,-1.2737173107093431,-1.9140635586645514,23.800496729311817,-26.985512646995915,3.213861549,1.621948819,,,,"84.5",2282,"5.8",822830,678218,665489,676914,676391,665926,660821,662139,664770,"54.71",,,,,,,,3,2,"Cutter",0,0,0,0,0,0,0,0,"Standard","Standard",162,"0.001","-0.054",,,,"0.054",,0,0,0.537,0.46299999999999997,31,23,31,24,1,0,6,1,6,1,"2.63","-0.26","0.26","34.7",,,,,
"SI","2026-04-11","94.7","-3.07","5.02","Ramírez, Yohan",665804,670990,,"called_strike",,,,,9,,"R","R","R","CHC","PIT","S",,,3,1,2026,"-1.47","0.32",0.7426680180858156,1.646781500670186,,664023,691718,1,10,"Bot",,,,,,,13.29261231338003,-137.1506679496156,-3.6090324867776378,-21.582840299007554,31.8390550710695,-27.40976703205631,3.248966535,1.639665354,,,,"95.3",2117,"7",824697,680779,656811,664040,693304,804606,663968,665833,694377,"53.48",,,,,,,,86,5,"Sinker",3,3,3,3,3,3,3,3,"Standard","Strategic",235,"-0.032","-0.075",,,,"0.075",,0,0,0.761,0.761,31,27,31,27,1,4,4,4,3,1,"2.25","1.47","1.47","15.8",,,,,
"SL","2026-04-11","85.7","-1.94","6.68","Ginkel, Kevin",547180,656464,,"called_strike",,,,,9,,"R","L","R","PHI","AZ","S",,,0,0,2026,"0.4","-0.02",0.5053335299641611,1.586050702707611,,,,1,7,"Bot",,,,,,,4.930274535890413,-124.91779708246753,-5.661589818681835,3.518848114039936,19.92534239432166,-31.629643090961288,3.26476378,1.647637795,,,,"87.4",2464,"6.8",823480,680728,699912,606466,571448,672695,694374,677950,678489,"53.71",,,,,,,,58,1,"Slider",4,2,4,2,2,4,4,2,"Infield shade","Standard",69,"-0.001","-0.039",,,,"0.039",,2,2,0.876,0.876,32,33,32,34,1,3,4,1,1,1,"3.06","-0.4","0.4","44.8",,,,,
"SI","2026-04-11","91.8","1.8","5.02","Bummer, Aaron",800050,607481,"walk","ball",,,,,13,"Jonah Heim challenged (pitch result), call on the field was confirmed: Chase DeLauter walks.","R","L","L","ATL","CLE","B",,,3,1,2026,"1.43","0.03",-0.14616328604940754,1.5233749995708328,682657,608070,,1,6,"Top",,,,,,,-8.036673686534773,-133.55900517571712,-2.9019887066491785,18.85526879686523,26.590735753717993,-31.42271281141328,3.339361877,1.685285433,,,,"92.3",1916,"6.4",824939,641680,621566,645277,663586,622761,573262,643289,660670,"54.07",,0.704857,"0.7",1,0,0,,43,5,"Sinker",0,1,1,0,1,0,1,0,"Strategic","Standard",112,"-0.005","0.061",,,,"-0.061",,-1,1,0.243,0.757,32,24,33,25,1,2,1,1,2,1,"2.66","1.43","1.43","8.4",,,,,
"CH","2026-04-11","78.5","-1.95","6.74","Wacha, Michael",808959,608379,,"called_strike",,,,,1,,"R","L","R","KC","CWS","S",,,0,1,2026,"-1.03","1.04",-0.5382045471668424,3.245779190121129,,,,1,1,"Top",,,,,,,4.98956300737562,-114.3417233539454,-2.514895527521103,-9.963122686718226,19.87568722354741,-22.781264972603953,3.296358268,1.663582677,,,,"79.3",1409,"6.6",824129,521692,686469,663697,672580,677951,686681,664728,695506,"53.86",,,,,,,,2,2,"Changeup",0,0,0,0,0,0,0,0,"Infield shade","Standard",239,"0.004","-0.052",,,,"0.052",,0,0,0.524,0.476,34,26,35,26,1,0,5,1,6,1,"2.64","1.03","-1.03","55.9",,,,,
"FC","2026-04-11","91","1.46","5.97","Fried, Max",650490,608331,,"called_strike",,,,,1,,"R","R","L","TB","NYY","S",,,0,0,2026,"-0.14","0.71",-0.662698314523228,3.265966813339915,,,,0,1,"Bot",,,,,,,-4.976821848497399,-132.4664956279053,-2.241350929490518,-0.5417872454384214,28.61739603463232,-23.520914618891606,3.227903543,1.629035433,,,,"91.3",2064,"6.5",822996,669224,700250,665862,641857,676609,641355,663757,592450,"54.01",,,,,,,,6,1,"Cutter",0,0,0,0,0,0,0,0,"Strategic","Standard",165,"-0.003","-0.039",,,,"0.039",,0,0,0.548,0.548,32,34,32,35,1,0,6,1,5,1,"2.04","-0.14","0.14","42.4",,,,,
"CU","2026-04-10","78.9","2.09","5.82","Matz, Steven",669224,571927,,"ball",,,,,12,,"R","L","L","TB","NYY","B",,,0,0,2026,"-1.12","-0.75",0.8377710813699097,2.5589306844973834,,,,1,5,"Top",,,,,,,-0.5575564991285182,-114.74636136317338,1.4868283797247412,-9.680984661746363,24.822057189653783,-39.30867002495068,3.254232283,1.642322835,,,,"78.7",2268,"6.5",822997,663743,666018,810938,691406,670764,802415,656775,676356,"53.96",,,,,,,,37,1,"Curveball",3,2,2,3,2,3,2,3,"Standard","Standard",317,"-0.004","0.039",,,,"-0.039",,1,-1,0.67,0.32999999999999996,35,26,35,27,2,1,6,1,6,1,"4.47","-1.12","-1.12","36.5",,,,,
"CU","2026-04-10","83.4","-1.33","5.53","Mlodzinski, Carmen",608324,669387,,"called_strike",,,,,1,,"R","R","R","CHC","PIT","S",,,1,0,2026,"0.22","-0.83",-0.6245624118664097,2.977060083265365,,,,0,6,"Bot",,,,,,,1.174222243406057,-121.46258835102165,2.4094704025241516,1.9222302929617618,23.753539458130568,-41.076085643326515,3.126099081,1.57765748,,,,"83.4",2412,"6.2",824695,663698,656811,693304,694377,804606,668804,665833,695257,"54.28",,,,,,,,40,2,"Curveball",0,0,0,0,0,0,0,0,"Standard","Standard",54,"-0.007","-0.05",,,,"0.05",,0,0,0.581,0.581,27,32,27,32,3,2,6,2,5,1,"4.1","-0.22","-0.22","37.9",,,,,
"CH","2026-04-10","84.4","-2.31","5.93","Paddack, Chris",805808,663978,,"called_strike",,,,,7,,"R","L","R","DET","MIA","S",,,1,0,2026,"-1.04","0.66",-0.3661892836117,1.5340857143828264,,,,0,5,"Bot",,,,,,,6.649795561101598,-122.73195618590444,-4.9910517773518785,-11.835394539251109,24.31941725773275,-24.702363798210666,3.085728346,1.557283465,,,,"85.3",1802,"6.9",824297,689414,681393,669364,688363,672640,691594,805300,683357,"53.59",,,,,,,,37,2,"Changeup",2,0,2,0,0,2,2,0,"Standard","Standard",236,"-0.003","-0.05",,,,"0.05",,2,2,0.814,0.814,30,21,30,22,3,2,5,1,5,1,"2.54","1.04","-1.04","42.4",,,,,
"CU","2026-04-10","76.7","2.14","5.89","Matz, Steven",592450,571927,"strikeout","called_strike",,,,,3,"Nick Fortes challenged (pitch result), call on the field was overturned: Aaron Judge called out on strikes.","R","R","L","TB","NYY","S",2,,2,2,2026,"-1.14","-0.72",0.6552644895319167,3.386586589459192,,,502671,0,3,"Top",,,,,,,-1.0033305187874786,-111.48380434292604,3.35505139311814,-9.18211833817491,22.51930296179199,-39.002836913470745,3.522785433,1.777854331,,,,"76.6",2106,"6.6",822997,663743,666018,810938,691406,670764,802415,656775,676356,"53.91",,0,"0",1,0,0,,22,7,"Curveball",3,2,2,3,2,3,2,3,"Infield shade","Strategic",321,"0.034","-0.201",,,,"0.201",,1,-1,0.575,0.42500000000000004,35,34,35,34,2,1,6,1,6,1,"4.64","-1.14","1.14","40.3",,,,,
"ST","2026-04-10","82.2","-1.08","6.43","Holmes, Clay",669127,605280,,"called_strike",,,,,3,,"R","R","R","NYM","ATH","S",,,0,0,2026,"1.49","-0.25",0.3987492361608127,3.2346477179265962,666126,,701762,2,3,"Top",,,,,,,0.37105849952559905,-119.68977322906268,0.06769649937722289,14.065580138513425,26.17276418078945,-34.819308270250225,3.18226706,1.606003937,,,,"81",2907,"5.7",823643,682626,676724,543760,677595,596019,701807,673357,683146,"54.78",,,,,,,,18,1,"Sweeper",0,0,0,0,0,0,0,0,"Standard","Standard",42,"0.008","-0.035",,,,"0.035",,0,0,0.5,0.5,33,28,33,29,2,1,6,2,5,1,"3.66","-1.49","-1.49","40.9",,,,,
"ST","2026-04-10","78.2","-2.85","5.11","Hancock, Emerson",543877,676106,,"called_strike",,,,,8,,"R","R","R","SEA","HOU","S",,,0,1,2026,"1.53","0.27",-0.07023008689815136,1.5331561149450676,670623,572233,621043,2,2,"Top",,,,,,,3.0437553354556415,-113.82083754087736,-1.0443429776284194,12.523901959383284,23.374882052801805,-29.885586348216304,3.036581365,1.532480315,,,,"77.5",2662,"6",823156,663728,647304,702284,660844,641487,668227,677594,670042,"54.47",,,,,,,,18,2,"Sweeper",3,0,0,3,0,3,0,3,"Standard","Standard",76,"0.018","-0.05",,,,"0.05",,3,-3,0.761,0.239,27,35,27,36,1,0,6,2,5,4,"3.49","-1.53","-1.53","11.6",,,,,
"FF","2026-04-10","92.4","-0.94","5.65","Buehler, Walker",671289,621111,,"called_strike",,,,,3,,"R","R","R","SD","COL","S",,,0,0,2026,"-0.44","1.5",0.34638983044432614,3.184540053868392,,,,0,4,"Top",,,,,,,4.252277956048765,-134.50472281676213,-3.634387868352283,-6.332422930533211,29.636618317214523,-13.333665684801307,3.150672572,1.590059055,,,,"93.1",2144,"6.7",823318,669134,657757,630105,592518,593428,657656,701538,665487,"53.78",,,,,,,,22,1,"4-Seam Fastball",0,0,0,0,0,0,0,0,"Standard","Strategic",203,"0.004","-0.039",,,,"0.039",,0,0,0.5,0.5,31,27,32,27,2,1,5,1,6,1,"1.17","0.44","0.44","46.5",,,,,
"FF","2026-04-10","96.8","-2.64","5.81","Senzatela, Antonio",657656,622608,,"ball",,,,,11,,"R","R","R","SD","COL","B",,,2,0,2026,"-0.33","1.4",-0.38554371811522087,3.257505493606689,,,,2,8,"Bot",,,,,,,6.687580630962655,-140.7707195574922,-4.287399639277542,-5.992305715213613,34.229959079146845,-12.82485104427813,3.064665354,1.546653543,,,,"96.3",2277,"6.2",823318,664954,681198,650489,691720,678662,687597,686668,671289,"54.31",,,,,,,,59,3,"4-Seam Fastball",2,2,2,2,2,2,2,2,"Standard","Standard",215,"0.007","0.121",,,,"-0.121",,0,0,0.533,0.533,31,31,31,32,1,3,3,1,4,1,"1.05","0.33","0.33","39.5",,,,,
"FF","2026-04-10","92.9","-1.99","5.28","Imai, Tatsuya",670042,837227,,"ball",,,,,13,,"R","L","R","SEA","HOU","B",,,1,0,2026,"-1.17","0.65",-0.9135383029208637,2.1669765831695713,677594,647304,668227,0,1,"Bot",,,,,,,5.253973017408425,-135.13506074692827,-3.316099539671761,-15.478513428840722,33.577038294690716,-23.693673416256278,3.340239501,1.685728347,,,,"91.2",1983,"5.6",823156,543877,572233,670623,621043,665161,670541,694388,701358,"54.89",,,,,,,,9,2,"4-Seam Fastball",2,0,2,0,0,2,2,0,"Standard","Standard",240,"0.009","0.047",,,,"-0.047",,2,2,0.844,0.844,28,31,28,32,1,0,6,2,32,1,"2.02","1.17","-1.17","23.0",,,,,
"SI","2026-04-10","93.4","-0.77","5.79","Patrick, Chad",678391,694477,,"called_strike",,,,,1,,"R","L","R","MIL","WSH","S",,,0,0,2026,"-1.42","0.83",-0.6618738146341825,3.041754494717405,,,,1,5,"Top",,,,,,,3.4108383253124313,-135.91488956996187,-2.920786983656557,-18.250507402294843,32.06394484046817,-21.539910728976658,3.060277231,1.544438976,,,,"92.3",1987,"5.8",823808,661388,641343,668930,650859,666152,663368,669003,686217,"54.7",,,,,,,,36,1,"Sinker",3,2,2,3,2,3,2,3,"Standard","Standard",219,"0.003","-0.039",,,,"0.039",,1,-1,0.67,0.32999999999999996,27,25,28,25,1,1,6,2,5,2,"1.8","1.42","-1.42","37.5",,,,,
"FF","2026-04-10","96.1","-2.65","5.86","Senzatela, Antonio",669134,622608,,"called_strike",,,,,2,,"R","R","R","SD","COL","S",,,3,0,2026,"-0.51","1.19",-0.0430134394017726,3.164671835981056,,,,0,8,"Bot",,,,,,,7.981267523325698,-139.68997927976815,-4.042945556393848,-8.560056189772334,33.26057697404055,-15.948420238044507,3.119078084,1.574114173,,,,"95.8",2484,"6.3",823318,664954,681198,650489,691720,678662,687597,686668,671289,"54.2",,,,,,,,57,4,"4-Seam Fastball",2,2,2,2,2,2,2,2,"Standard","Standard",219,"-0.012","-0.09",,,,"0.09",,0,0,0.645,0.645,31,27,31,28,1,2,3,1,4,4,"1.3","0.51","0.51","40.3",,,,,
"FF","2026-04-10","100.3","1.35","5.75","Montgomery, Mason",807713,682254,,"ball",,,,,14,,"R","R","L","CHC","PIT","B",,,0,2,2026,"0.63","1.61",1.0177268347456556,2.0217780785776496,608324,664023,608348,2,6,"Bot",,,,,,,-2.4500095055851343,-145.74270723076395,-8.592863627583046,9.552362693274624,39.93307052076329,-7.391183252811531,3.105036089,1.567027559,,,,"100.7",2353,"7",824695,663698,656811,693304,694377,804606,668804,665833,695257,"53.51",,,,,,,,45,3,"4-Seam Fastball",0,0,0,0,0,0,0,0,"Standard","Standard",160,"0.01","0.031",,,,"-0.031",,0,0,0.564,0.564,26,24,26,25,1,0,5,2,1,1,"0.69","0.63","-0.63","55.9",,,,,
"SI","2026-04-10","92.2","-1.55","6.22","Elder, Bryce",608070,693821,"walk","ball",,,,,12,"Drake Baldwin challenged (pitch result), call on the field was confirmed: José Ramírez walks.","R","L","R","ATL","CLE","B",,,3,2,2026,"-1.33","0.68",0.18970796112105526,3.3414858443686977,,,,2,1,"Top",,,,,,,7.320766833778484,-134.13316862955043,-2.803907845447963,-17.677317498253096,27.857290765477615,-23.558714498990046,3.034826116,1.531594488,,,,"92.3",2085,"6.3",824941,686948,621566,645277,663586,643289,573262,671739,660670,"54.21",,0.704857,"0.7",1,0,0,,3,7,"Sinker",0,0,0,0,0,0,0,0,"Infield shade","Standard",213,"-0.01","0.259",,,,"-0.259",,0,0,0.536,0.46399999999999997,27,33,27,34,1,0,6,2,5,1,"1.99","1.33","-1.33","48.4",,,,,
"FC","2026-04-10","91.2","-2.92","5.91","Senzatela, Antonio",609280,622608,"strikeout","called_strike",,,,,9,"Brett Sullivan challenged (pitch result), call on the field was overturned: Miguel Andujar called out on strikes.","R","R","R","SD","COL","S",2,,1,2,2026,"0.22","0.5",0.45941279120937967,1.6435397413512365,,,,2,7,"Bot",,,,,,,7.897588722070902,-132.59770473251152,-5.704220426540472,1.0323565964050638,26.51004366962038,-25.309057100911392,3.191043307,1.610433071,,,,"91.5",2313,"6.4",823318,664954,681198,650489,691720,678662,687597,686668,671289,"54.14",,0,"0",1,0,0,,49,4,"Cutter",2,0,2,0,0,2,2,0,"Standard","Standard",188,"-0.004","-0.182",,,,"0.182",,2,2,0.866,0.866,31,31,31,31,1,2,3,1,4,1,"2.23","-0.22","-0.22","36.3",,,,,
"FF","2026-04-10","96.3","-1.46","5.97","Glasnow, Tyler",608369,607192,,"called_strike",,,,,8,,"R","L","R","LAD","TEX","S",,,1,0,2026,"-0.18","1.39",-0.11735270691374874,1.610418974734652,,,,2,1,"Top",,,,,,,4.033811178608062,-140.01634622178972,-9.196946975714587,-3.1927163210394562,29.875198390033184,-12.096734419263104,3.37183399,1.701673228,,,,"99",2438,"7.7",823968,669257,518692,690976,571970,808975,606192,681624,663656,"52.81",,,,,,,,3,2,"4-Seam Fastball",0,0,0,0,0,0,0,0,"Infield shade","Standard",196,"0.001","-0.054",,,,"0.054",,0,0,0.537,0.46299999999999997,32,32,33,32,1,0,6,2,7,1,"1.07","0.18","-0.18","55.4",,,,,
"SL","2026-04-10","86.2","-1.95","4.98","Díaz, Edwin",643376,621242,"strikeout","called_strike",,,,,7,"Will Smith challenged (pitch result), call on the field was overturned: Danny Jansen called out on strikes.","R","R","R","LAD","TEX","S",2,,1,2,2026,"0.32","0.08",-0.7997914229090164,1.9179273487225488,,,,0,9,"Top",,,,,,,2.034974536036705,-125.68586512317644,-1.0897225994946256,3.092442750371763,22.499670164111244,-31.33859706650247,3.280561024,1.655610236,,,,"87.2",2217,"6.5",823968,669257,518692,669289,571970,500743,606192,681624,663656,"53.97",,0,"0",1,0,0,,72,6,"Slider",7,6,6,7,6,7,6,7,"Standard","Standard",114,"0.051","-0.189",,,,"0.189",,1,-1,0.857,0.14300000000000002,32,31,32,31,1,3,3,2,9,1,"2.95","-0.32","-0.32","21.2",,,,,
"SI","2026-04-10","96","2.76","5.1","Zerpa, Angel",686894,672582,"walk","ball",,,,,13,"William Contreras challenged (pitch result), call on the field was confirmed: Joey Wiemer walks.","R","R","L","MIL","WSH","B",,,3,2,2026,"1.43","0.35",-0.928052166133791,2.0050809429025653,,,,0,7,"Top",,,,,,,-12.733352028003049,-139.17755986459093,-3.0987119415347637,21.48229776534156,32.08486037782182,-27.143278428200745,3.38324311,1.707431102,,,,"94.5",1932,"5.7",823808,661388,641343,668930,650859,666152,663368,669003,686217,"54.8",,0.704857,"0.7",1,0,0,,51,7,"Sinker",3,2,2,3,2,3,2,3,"Standard","Standard",115,"-0.06","0.356",,,,"-0.356",,1,-1,0.681,0.31899999999999995,26,27,27,27,1,2,4,3,2,1,"2.15","1.43","-1.43","22.6",,,,,
"FF","2026-04-10","97.9","-2.64","5.5","Varland, Louis",668885,686973,,"ball",,,,,12,,"R","R","R","TOR","MIN","B",,,2,2,2026,"-0.36","1.19",0.4229638895706953,3.3328762629220243,,,,0,7,"Top",,,,,,,9.004558289504558,-142.23908345078803,-2.979741962690084,-6.930167954693831,33.196786030904235,-15.480640080685662,3.12960958,1.579429134,,,,"98",2213,"6.5",822829,678218,665489,676391,672960,665926,676914,662139,660821,"54.02",,,,,,,,59,5,"4-Seam Fastball",8,4,4,8,4,8,4,8,"Standard","Standard",211,"-0.006","0.112",,,,"-0.112",,4,-4,0.943,0.05700000000000005,28,27,29,27,1,3,2,1,2,1,"1.19","0.36","0.36","45.1",,,,,
"FF","2026-04-10","98.7","-3.07","5.37","Muñoz, Andrés",694388,662253,,"ball",,,,,13,,"R","L","R","SEA","HOU","B",,,2,0,2026,"-0.56","1.1",-0.8577421915235217,2.280459684773056,,,,2,9,"Top",,,,,,,7.293571396958726,-143.5695496934565,-5.419779824585935,-9.39812753503693,32.35049558220536,-15.817557849291797,3.321809383,1.676427165,,,,"99.3",2295,"6.6",823156,663728,647304,702284,660844,641487,668227,677594,670042,"53.9",,,,,,,,79,3,"4-Seam Fastball",9,6,6,9,6,9,6,9,"Standard","Standard",226,"-0.003","0.121",,,,"-0.121",,3,-3,0.994,0.006000000000000005,27,27,27,27,1,3,5,2,1,1,"1.23","0.56","-0.56","24.1",,,,,
"FF","2026-04-10","89.3","2.25","5.34","Allard, Kolby",621566,663465,,"ball",,,,,11,,"R","L","L","ATL","CLE","B",,,1,0,2026,"0.23","1.32",-0.9008565457410778,3.0233339625523863,,686948,,1,8,"Bot",,,,,,,-8.168280968866382,-129.8620101867807,-2.3268649888289685,4.347458216183783,27.696109140207476,-16.988902486623974,3.37183399,1.701673228,,,,"89.5",1912,"6.5",824941,681807,700932,682877,608070,677587,682657,680757,800050,"54.01",,,,,,,,75,2,"4-Seam Fastball",10,5,10,5,5,10,10,5,"Strategic","Standard",147,"0","0.046",,,,"-0.046",,5,5,0.995,0.995,28,32,29,32,1,4,4,2,2,1,"1.55","0.23","0.23","49.7",,,,,
"FF","2026-04-10","90.6","2.2","4.48","Poulin, PJ",650859,676571,,"called_strike",,,,,7,,"R","R","L","MIL","WSH","S",,,0,0,2026,"1.27","0.97",-0.6693543044781627,1.451905630621834,,,,2,8,"Bot",,,,,,,-9.841418203154609,-131.50400838349813,-3.47693258555933,16.895741687409842,29.630728573828787,-20.368900507181692,3.087483596,1.558169291,,,,"90.4",2223,"6.4",823808,686452,678554,678391,691781,682928,695734,686894,695578,"54.06",,,,,,,,64,1,"4-Seam Fastball",3,3,3,3,3,3,3,3,"Standard","Standard",121,"-0.004","-0.043",,,,"0.043",,0,0,0.526,0.526,29,29,30,29,1,3,2,2,2,1,"1.83","1.27","-1.27","21.2",,,,,
"SL","2026-04-10","83","2.75","5.33","Banda, Anthony",665489,607455,,"ball",,,,,12,,"R","R","L","TOR","MIN","B",,,2,1,2026,"-1.07","-0.21",0.3201289660477199,3.5304985761619623,,,,0,5,"Bot",,,,,,,-3.3423885899698713,-120.71160382297259,2.994700571595617,-9.683056558033682,25.194314895850543,-35.11221240045721,3.208595801,1.619291339,,,,"82.5",2351,"6.1",822829,680777,605137,807712,656484,686797,668885,621439,670242,"54.36",,,,,,,,47,4,"Slider",6,4,6,4,4,6,6,4,"Standard","Standard",310,"0.007","0.134",,,,"-0.134",,2,2,0.814,0.814,32,27,33,27,1,2,2,2,5,1,"3.55","-1.07","1.07","28.6",,,,,
"FC","2026-04-10","91.6","-2.97","5.88","Senzatela, Antonio",657757,622608,,"called_strike",,,,,3,,"R","L","R","SD","COL","S",,,0,1,2026,"0.11","0.62",0.7351656979654692,2.99041338101545,,,,1,7,"Bot",,,,,,,8.96210667662158,-133.22022200732044,-2.646321644888579,-0.4698022039555816,25.98706091006821,-24.385669225955724,3.350770997,1.691043307,,,,"91.7",2270,"6.2",823318,664954,681198,650489,691720,678662,687597,686668,671289,"54.33",,,,,,,,48,2,"Cutter",2,0,2,0,0,2,2,0,"Infield shade","Standard",202,"-0.002","-0.052",,,,"0.052",,2,2,0.875,0.875,31,30,31,30,1,2,3,1,4,1,"2.08","-0.11","0.11","34.6",,,,,
"CH","2026-04-10","84.6","-2.39","5.91","Paddack, Chris",690993,663978,,"called_strike",,,,,7,,"R","L","R","DET","MIA","S",,,0,0,2026,"-1.38","0.37",-0.5224810296199602,1.6117414700700836,,,805808,1,1,"Bot",,,,,,,7.178571472166246,-122.90933227948906,-4.1739544927475105,-15.431220278776559,25.871606702791183,-27.727079924271667,3.27792815,1.654281496,,,,"85.2",1678,"6.9",824297,689414,681393,669364,688363,672640,691594,805300,683357,"53.59",,,,,,,,7,1,"Changeup",0,0,0,0,0,0,0,0,"Infield shade","Standard",244,"-0.004","-0.04",,,,"0.04",,0,0,0.551,0.551,30,24,30,25,1,0,5,1,5,1,"2.84","1.38","-1.38","40.8",,,,,
"SL","2026-04-10","87.3","-2.15","4.94","Davitt, Duncan",664728,701474,"walk","ball",,,,,11,"Edgar Quero challenged (pitch result), call on the field was confirmed: Kyle Isbel walks.","R","L","R","KC","CWS","B",,,3,2,2026,"0.17","0.52",-0.0903616128163836,3.4594174324281375,,,,0,8,"Bot",,,,,,,4.5922533907811625,-127.0228679391244,1.686486025910459,0.8893174573742892,26.271262350921212,-27.071336505438758,3.113812336,1.571456693,,,,"88.3",2505,"6.9",824128,700337,808959,805367,678246,695657,695020,682668,656537,"53.56",,0.704857,"0.7",1,0,0,,54,6,"Slider",2,0,2,0,0,2,2,0,"Strategic","Standard",153,"0.009","0.356",,,,"-0.356",,2,2,0.939,0.939,26,29,27,29,1,2,,1,,1,"2.47","-0.17","0.17","18.6",,,,,
"ST","2026-04-10","82.7","2.24","5.52","Bubic, Kris",805367,663460,"strikeout","called_strike",,,,,3,"Salvador Perez challenged (pitch result), call on the field was overturned: Chase Meidroth called out on strikes.","R","R","L","KC","CWS","S",2,,2,2,2026,"-0.96","-0.04",0.7123573725191231,2.721011381780196,,,,0,1,"Top",,,,,,,-1.5389413653611077,-120.39956284411302,0.44139137969099895,-8.997816060226365,24.694954926787258,-32.91895161696263,3.068175853,1.548425197,,,,"82.8",2626,"6.5",824128,521692,686469,686681,672580,677951,686555,664728,695506,"54.01",,0,"0",1,0,0,,1,6,"Sweeper",0,0,0,0,0,0,0,0,"Standard","Standard",305,"0.019","-0.232",,,,"0.232",,0,0,0.503,0.497,28,24,29,25,1,0,5,1,6,1,"3.39","-0.96","0.96","33.1",,,,,
"CH","2026-04-10","91.4","-1.41","6.19","Kochanowicz, Jack",682829,686799,,"ball",,,,,13,,"R","L","R","CIN","LAA","B",,,0,0,2026,"-1.13","0.24",-0.294569287228156,1.6007511647451556,,,,2,1,"Bot",,,,,,,5.2554035318807095,-132.92514200017024,-5.948257281643451,-14.499141729394877,29.229703512571195,-28.185546306191075,3.460474081,1.74640748,,,,"91.6",2293,"6.5",824534,681351,694384,624428,660162,687263,666139,545361,666176,"54.01",,,,,,,,6,1,"Changeup",0,0,0,0,0,0,0,0,"Infield shade","Standard",234,"0.001","0.037",,,,"-0.037",,0,0,0.51,0.51,25,24,26,24,1,0,6,1,5,1,"2.49","1.13","-1.13","37.9",,,,,
"SI","2026-04-10","94.3","-1.73","5.81","Bazardo, Eduard",621043,660825,,"called_strike",,,,,6,,"R","R","R","SEA","HOU","S",,,1,1,2026,"-1.32","0.72",0.7684784361920396,2.465703654508419,,,,0,7,"Top",,,,,,,9.293902671352043,-137.02355955094143,-4.401930651437408,-18.602541409745765,28.516942400527075,-22.278896658898095,3.336729003,1.683956693,,,,"93.7",2255,"5.9",823156,663728,647304,702284,660844,641487,668227,677594,670042,"54.64",,,,,,,,56,3,"Sinker",5,3,3,5,3,5,3,5,"Standard","Standard",214,"0.008","-0.061",,,,"0.061",,2,-2,0.817,0.18300000000000005,30,31,31,32,1,2,2,4,1,1,"1.84","1.32","1.32","41.8",,,,,
"SI","2026-04-10","96.7","2.8","5.19","Zerpa, Angel",682928,672582,,"called_strike",,,,,4,,"R","L","L","MIL","WSH","S",,,0,1,2026,"1.4","0.22",-0.767007147141479,2.486978404426122,695578,695734,691781,1,6,"Top",,,,,,,-12.430680271667825,-140.2429224197544,-1.887111707403901,21.291602197042604,32.14847416482194,-29.08998325447711,3.222637795,1.626377953,,,,"95.2",1937,"5.6",823808,661388,641343,668930,650859,666152,663368,669003,686217,"54.86",,,,,,,,45,2,"Sinker",3,2,2,3,2,3,2,3,"Standard","Standard",124,"0.03","-0.064",,,,"0.064",,1,-1,0.515,0.485,26,25,27,26,1,2,4,2,2,1,"2.24","1.4","1.4","23.5",,,,,
"SI","2026-04-10","96.5","2.89","5.2","Zerpa, Angel",682928,672582,,"called_strike",,,,,7,,"R","L","L","MIL","WSH","S",,,0,0,2026,"1.36","0.16",-0.604290370581466,1.6857892297368413,695578,695734,691781,1,6,"Top",,,,,,,-12.120084209268636,-139.92247947191487,-3.832630258786316,20.60994176098666,33.003351519683314,-29.350412305957647,3.222637795,1.626377953,,,,"94.9",1995,"5.7",823808,661388,641343,668930,650859,666152,663368,669003,686217,"54.83",,,,,,,,45,1,"Sinker",3,2,2,3,2,3,2,3,"Standard","Standard",124,"0.018","-0.05",,,,"0.05",,1,-1,0.497,0.503,26,25,27,26,1,2,4,2,2,1,"2.32","1.36","1.36","21.9",,,,,
"SI","2026-04-10","95.7","-1.73","6.02","Erceg, Lucas",805367,668674,,"called_strike",,,,,1,,"R","R","R","KC","CWS","S",,,0,0,2026,"-1.06","1.35",-0.7973242029092014,3.002009317567559,,,,0,9,"Top",,,,,,,4.887563546366429,-139.19749517191187,-5.256535074531403,-14.894380616954505,32.39676575727938,-13.614515469105532,3.068175853,1.548425197,,,,"96.2",1944,"6.7",824128,521692,686469,686681,672580,677951,686555,664728,695506,"53.84",,,,,,,,57,1,"Sinker",2,0,0,2,0,2,0,2,"Standard","Standard",218,"0.006","-0.039",,,,"0.039",,2,-2,0.924,0.07599999999999996,31,24,31,25,1,3,4,1,1,1,"1.15","1.06","1.06","48.5",,,,,
"FC","2026-04-09","89.3","-1.87","5.47","Lugo, Seth",687957,607625,,"called_strike",,,,,7,,"R","L","R","KC","CWS","S",,,1,0,2026,"-0.11","1.14",-0.8032748297860801,1.9832296617850227,,,643217,1,7,"Top",,,,,,,2.792845503261407,-130.22677133686463,-4.894696515201735,-1.7051909890096946,21.975360509073244,-18.299725130040144,3.31742126,1.674212598,,,,"89.4",2348,"5.8",824130,521692,686469,663697,672580,677951,686555,664728,657041,"54.69",,,,,,,,49,2,"Cutter",0,1,1,0,1,0,1,0,"Standard","Standard",215,"0.006","-0.056",,,,"0.056",,-1,1,0.302,0.698,36,26,37,27,3,2,5,1,6,2,"1.66","0.11","-0.11","32.5",,,,,
"FF","2026-04-09","90.8","1.85","6.14","Springs, Jeffrey",519317,605488,,"ball",,,,,11,,"R","R","L","NYY","ATH","B",,,2,2,2026,"0.93","1.79",-0.7314158788330646,3.6616595076195146,,,,1,7,"Bot",,,,,,,-8.414603283645317,-131.84380303740411,-3.9168896536815803,12.775911057545615,31.097277209446023,-10.741220866994931,3.431512467,1.731791339,,,,"90.4",2213,"6.4",823565,642851,701762,687231,628451,805779,691016,672016,671732,"54.07",,,,,,,,49,5,"4-Seam Fastball",0,1,0,1,1,0,0,1,"Infield shade","Standard",153,"0.014","0.104",,,,"-0.104",,-1,-1,0.31,0.31,33,36,34,37,3,2,6,1,5,1,"1.01","0.93","-0.93","53.0",,,,,
"FF","2026-04-09","94.3","-1.87","5.56","Abel, Mick",650402,690953,,"ball",,,,,11,,"R","R","R","MIN","DET","B",,,2,2,2026,"-0.63","1.46",-0.8313385629180343,2.872020378772672,,,,1,5,"Top",,,,,,,4.128308234524338,-137.37483787574638,-4.520532077197887,-8.807264446102486,28.097904157421464,-12.819007633745349,3.12960958,1.579429134,,,,"95.8",2498,"6.9",823724,605170,605137,665019,668904,656484,681546,621439,670242,"53.58",,,,,,,,36,6,"4-Seam Fastball",1,0,0,1,0,1,0,1,"Standard","Standard",214,"-0.008","0.104",,,,"-0.104",,1,-1,0.673,0.32699999999999996,24,29,25,30,3,2,5,1,5,1,"1.08","0.63","0.63","29.0",,,,,
"FF","2026-04-09","91.6","1.72","6.04","Springs, Jeffrey",641857,605488,"strikeout","called_strike",,,,,4,"Austin Wynns challenged (pitch result), call on the field was overturned: Ryan McMahon called out on strikes.","R","L","L","NYY","ATH","S",2,,1,2,2026,"0.75","1.56",-0.661775810958977,2.6086498279687054,,,,0,6,"Bot",,,,,,,-7.61714391102895,-132.98118659856502,-5.975010846920819,10.573247383238318,30.74241791018606,-12.585107938427328,3.31742126,1.674212598,,,,"91.7",2203,"6.7",823565,642851,701762,687231,628451,805779,691016,672016,671732,"53.85",,0,"0",1,0,0,,40,4,"4-Seam Fastball",0,0,0,0,0,0,0,0,"Infield shade","Standard",149,"-0.024","-0.189",,,,"0.189",,0,0,0.566,0.566,33,31,34,32,2,1,6,1,5,2,"1.19","0.75","0.75","52.8",,,,,
"FF","2026-04-09","95.1","-1.64","6.15","Vásquez, Randy",696100,681190,,"called_strike",,,,,6,,"R","R","R","SD","COL","S",,,0,1,2026,"-0.74","1.51",0.37273622900083514,2.3953359629534967,,,666397,2,3,"Top",,,,,,,6.8354529107234026,-138.04008268212843,-7.257006078315439,-11.121520118245947,35.38844867567417,-11.460720520809405,3.178756562,1.604232283,,,,"93.8",2449,"6",823319,666023,664034,630105,592518,593428,657757,701538,665487,"54.48",,,,,,,,19,2,"4-Seam Fastball",0,1,1,0,1,0,1,0,"Standard","Standard",215,"0.006","-0.055",,,,"0.055",,-1,1,0.417,0.583,27,26,28,27,2,1,5,1,6,1,"1.06","0.74","0.74","38.1",,,,,
"FF","2026-04-09","91.2","1.05","6.2","Rodriguez, Eduardo",673357,593958,,"called_strike",,,,,9,,"R","R","L","NYM","AZ","S",,,0,1,2026,"0.67","1.52",0.46375537757640317,1.5998324438595404,,,666182,2,3,"Bot",,,,,,,-2.942300868985686,-132.59445169176024,-8.685522018761727,8.59321772205488,30.151056412671426,-12.572847063594638,3.310400263,1.670669291,,,,"90.9",2360,"6.3",823645,543510,545121,606466,699912,672695,694374,677950,678489,"54.18",,,,,,,,22,2,"4-Seam Fastball",1,0,1,0,0,1,1,0,"Standard","Standard",155,"-0.005","-0.055",,,,"0.055",,1,1,0.641,0.641,33,28,33,29,2,1,6,1,6,1,"1.24","0.67","-0.67","46.1",,,,,
"FF","2026-04-09","98.8","-1.92","5.2","Dollander, Chase",657757,801403,,"called_strike",,,,,8,,"R","L","R","SD","COL","S",,,0,0,2026,"-0.95","1.04",-0.03441111522272211,1.708678509741932,,,593428,1,4,"Bot",,,,,,,7.350618465173276,-143.58751655307202,-6.303065537686412,-14.926161316939758,35.12736573405559,-16.455805887699807,3.350770997,1.691043307,,,,"98.7",2235,"6.4",823319,696100,687859,666397,650489,678662,664983,686668,666160,"54.07",,,,,,,,31,1,"4-Seam Fastball",1,1,1,1,1,1,1,1,"Infield shade","Standard",233,"-0.005","-0.04",,,,"0.04",,0,0,0.563,0.563,24,30,25,30,2,1,5,1,3,1,"1.31","0.95","-0.95","20.7",,,,,
"FF","2026-04-09","91.8","-2.35","5.84","Lowder, Rhett",669364,695076,,"called_strike",,,,,7,,"R","L","R","MIA","CIN","S",,,3,1,2026,"-1.08","1.29",-0.3758744401846783,1.532989836744439,,,,1,3,"Bot",,,,,,,7.21974800999543,-133.23449405760792,-7.48340047024638,-14.42585599179535,31.674852926336214,-15.357985600136773,3.055011483,1.541781496,,,,"90.6",2258,"5.9",823884,664731,701398,680574,553993,682829,670770,667472,668715,"54.57",,,,,,,,25,5,"4-Seam Fastball",1,0,1,0,0,1,1,0,"Infield shade","Standard",225,"-0.006","-0.087",,,,"0.087",,1,1,0.657,0.657,24,26,24,27,2,1,5,1,6,1,"1.45","1.08","-1.08","33.5",,,,,
"ST","2026-04-09","84.9","-1.33","5.84","Phillips, Tyler",670770,663969,,"called_strike",,,,,2,,"R","L","R","MIA","CIN","S",,,0,0,2026,"1.38","0.02",-0.25102811509496936,3.116522955052121,,667472,666181,0,9,"Top",,,,,,,-0.33823976708576714,-123.5790702148683,0.20904222895851388,14.065535229827667,28.763175533837273,-32.26366739685408,3.043602362,1.536023622,,,,"84.6",2483,"6.5",823884,682663,689414,669364,688363,672640,681715,691594,683357,"54.05",,,,,,,,77,1,"Sweeper",8,1,1,8,1,8,1,8,"Standard","Standard",75,"0.001","-0.053",,,,"0.053",,7,-7,0.993,0.007000000000000006,28,30,29,31,2,4,3,1,3,1,"3.18","-1.38","1.38","29.6",,,,,
"FF","2026-04-09","91.3","-2.55","5.34","Flaherty, Jack",668904,656427,,"called_strike",,,,,9,,"R","R","R","MIN","DET","S",,,3,1,2026,"-0.41","1.47",0.8287581208373044,1.7043585476404732,,,665019,1,2,"Bot",,,,,,,9.352085437634114,-132.51026860503362,-6.277463031758022,-6.890296761985578,28.813030769560466,-13.650213626879767,3.205085302,1.617519685,,,,"91.8",2319,"6.7",823724,668670,679529,656716,690993,595879,682985,678009,681481,"53.76",,,,,,,,17,5,"4-Seam Fastball",0,0,0,0,0,0,0,0,"Standard","Standard",205,"-0.01","-0.085",,,,"0.085",,0,0,0.57,0.57,30,27,31,27,1,0,5,1,6,12,"1.28","0.41","0.41","24.4",,,,,
"SI","2026-04-09","92.1","-1.17","5.77","Meyer, Max",668715,676974,,"ball",,,,,14,,"R","R","R","MIA","CIN","B",,,1,0,2026,"-1.52","0.69",0.8925414809303802,1.5629865175392035,,,,0,2,"Top",,,,,,,8.460416153017835,-133.70277609177998,-5.98992949161644,-20.120408925647272,32.87426590235996,-22.678626427206797,3.096259843,1.562598425,,,,"90.9",2416,"6",823884,682663,689414,669364,688363,672640,665052,691594,683357,"54.47",,,,,,,,12,2,"Sinker",1,0,0,1,0,1,0,1,"Infield shade","Standard",226,"-0.008","0.077",,,,"-0.077",,1,-1,0.599,0.401,27,28,27,29,1,0,5,2,5,1,"2.04","1.52","1.52","43.1",,,,,
"FF","2026-04-09","96","-1.87","5.95","Vásquez, Randy",666160,681190,"strikeout","called_strike",,,,,8,"Freddy Fermin challenged (pitch result), call on the field was overturned: Mickey Moniak called out on strikes.","R","L","R","SD","COL","S",2,,2,2,2026,"-0.92","1.16",-0.06141155568906809,1.662543794716713,,,666397,0,1,"Top",,,,,,,6.781486290476201,-139.46589512941006,-8.114460866206477,-13.532041031382997,31.31291908159171,-15.41711390154798,3.254232283,1.642322835,,,,"95.4",2507,"6",823319,666023,664034,630105,592518,593428,657757,701538,665487,"54.47",,0,"0",1,0,0,,2,9,"4-Seam Fastball",0,0,0,0,0,0,0,0,"Infield shade","Standard",214,"0.029","-0.201",,,,"0.201",,0,0,0.469,0.531,27,28,28,28,1,0,5,1,6,1,"1.32","0.92","-0.92","31.2",,,,,
"SI","2026-04-09","97.5","2.17","5.76","Kay, Anthony",686469,641743,"strikeout","called_strike",,,,,9,"Edgar Quero challenged (pitch result), call on the field was overturned: Vinnie Pasquantino called out on strikes.","R","L","L","KC","CWS","S",2,,2,2,2026,"1.26","0.33",0.7179363501221221,2.1689396926482916,,,677951,1,1,"Bot",,,,,,,-6.700037886770569,-141.7483640331222,-4.649627819320505,18.49571185673271,32.473191194036175,-26.845883856229054,3.363057743,1.697244095,,,,"96.5",2173,"5.8",824130,700337,808959,805367,678246,695657,687957,682668,671976,"54.75",,0,"0",1,0,0,,7,9,"Sinker",0,0,0,0,0,0,0,0,"Infield shade","Standard",130,"-0.025","-0.222",,,,"0.222",,0,0,0.547,0.547,31,28,31,29,1,0,5,1,7,1,"2.07","1.26","1.26","35.3",,,,,
"FF","2026-04-09","100.1","-1.87","5.16","Dollander, Chase",657757,801403,,"called_strike",,,,,7,,"R","L","R","SD","COL","S",,,0,0,2026,"-1.22","1.16",-0.8275418165184589,2.200466603486824,,,,2,2,"Bot",,,,,,,5.796361974462243,-145.5443115204837,-5.353057356875471,-18.764373861530263,36.63156345998629,-14.61924831483007,3.350770997,1.691043307,,,,"100.1",2355,"6.5",823319,696100,687859,666397,650489,678662,664983,686668,666160,"53.99",,,,,,,,13,1,"4-Seam Fastball",0,0,0,0,0,0,0,0,"Infield shade","Standard",238,"-0.002","-0.043",,,,"0.043",,0,0,0.511,0.511,24,30,25,30,1,0,5,1,3,1,"1.13","1.22","-1.22","20.6",,,,,
"FS","2026-04-09","82.8","-1.6","5.76","Orze, Eric",693307,679358,,"called_strike",,,,,9,,"R","R","R","MIN","DET","S",,,1,1,2026,"-1.25","0.35",0.7248703086923005,1.577819929668097,,,,2,9,"Top",,,,,,,7.863456552300077,-120.26340160326765,-3.536738090233537,-13.631363626853805,23.392407500589584,-28.310608985875025,3.271784777,1.651181102,,,,"84.4",1675,"7.4",823724,605170,605137,807712,668904,686797,665019,621439,670242,"53.09",,,,,,,,72,3,"Split-Finger",3,1,1,3,1,3,1,3,"Infield shade","Standard",238,"0.003","-0.062",,,,"0.062",,2,-2,0.989,0.01100000000000001,28,27,29,28,1,0,2,1,4,1,"2.99","1.25","1.25","43.6",,,,,
"CH","2026-04-09","87.3","-1.83","5.44","Abel, Mick",682985,690953,"strikeout","called_strike",,,,,7,"Victor Caratini challenged (pitch result), call on the field was overturned: Riley Greene called out on strikes.","R","L","R","MIN","DET","S",2,,0,2,2026,"-0.58","0.18",-0.7141649674782391,2.0069762157208832,,690993,650402,0,1,"Top",,,,,,,3.907095956205427,-127.21426257992067,-2.3249377924352066,-7.096685345083818,25.00727450664482,-29.936777408284794,3.303379265,1.667125984,,,,"88.5",1793,"6.9",823724,605170,605137,665019,668904,656484,681546,621439,670242,"53.62",,0,"0",1,0,0,,3,3,"Changeup",0,0,0,0,0,0,0,0,"Infield shade","Standard",218,"0.03","-0.178",,,,"0.178",,0,0,0.43,0.5700000000000001,24,25,25,26,1,0,5,1,5,1,"2.79","0.58","-0.58","23.8",,,,,
"FF","2026-04-09","93.7","-0.3","5.76","Estrada, Jeremiah",664954,669093,,"called_strike",,,,,9,,"R","L","R","SD","COL","S",,,1,0,2026,"-0.07","1.71",0.7557762819808534,1.710156514209628,,691720,,0,11,"Top",,,,,,,2.8836844631563543,-136.2970384578154,-8.443236407451462,-1.510091574223812,29.98978103531557,-9.253264834869476,3.174368438,1.602017717,,,,"95.2",2304,"7.2",823319,669134,657757,630105,592518,593428,669369,701538,665487,"53.31",,,,,,,,80,2,"4-Seam Fastball",2,2,2,2,2,2,2,2,"Infield shade","Standard",182,"0.01","-0.049",,,,"0.049",,0,0,0.495,0.505,27,32,28,32,1,1,1,2,23,1,"0.89","0.07","-0.07","68.2",,,,,
"FF","2026-04-09","90.3","2.91","5.08","Bernardino, Brennan",630105,657514,,"called_strike",,,,,3,,"R","L","L","SD","COL","S",,,0,0,2026,"0.82","1.13",0.6796746135304911,2.9251286553954,657757,669134,,2,11,"Bot",,,,,,,-7.163394526987392,-131.32025281401113,-1.6215332094270618,11.070735823437774,30.147437212643922,-19.02276370909212,3.171735564,1.600688976,,,,"88.8",2175,"5.6",823319,664954,687859,650489,691720,678662,664983,686668,671289,"54.89",,,,,,,,89,1,"4-Seam Fastball",3,3,3,3,3,3,3,3,"Standard","Standard",121,"-0.02","-0.036",,,,"0.036",,0,0,0.634,0.634,34,32,34,32,1,5,4,1,2,1,"1.69","0.82","0.82","19.8",,,,,
"SI","2026-04-09","96.9","-1.76","5.3","Morgan, David",650489,688158,,"ball",,,,,14,,"R","L","R","SD","COL","B",,,2,1,2026,"-1.31","0.55",0.9460679463302171,2.3028358891178464,664954,,678662,2,11,"Top",,,,,,,10.111729285704243,-140.66041102954082,-3.4741354980901358,-19.769393644261974,32.981383548684065,-24.261967632805444,3.203330053,1.616633858,,,,"96.1",2104,"6.1",823319,669134,657757,630105,592518,593428,669369,701538,665487,"54.43",,,,,,,,84,4,"Sinker",2,3,3,2,3,2,3,2,"Infield shade","Standard",224,"-0.009","0.065",,,,"-0.065",,-1,1,0.361,0.639,26,29,27,29,1,4,3,2,3,1,"1.9","1.31","-1.31","31.1",,,,,
"FF","2026-04-09","95.6","-1.73","5.56","Abel, Mick",650402,690953,,"called_strike",,,,,9,,"R","R","R","MIN","DET","S",,,0,0,2026,"-0.35","1.51",0.6881640815166306,1.6014762160224636,,,690993,0,1,"Top",,,,,,,7.222916106726198,-138.89208796437813,-8.173601310328529,-6.156753931005181,29.935812547204424,-10.94007741854849,3.12960958,1.579429134,,,,"97.4",2587,"7.3",823724,605170,605137,665019,668904,656484,681546,621439,670242,"53.22",,,,,,,,2,1,"4-Seam Fastball",0,0,0,0,0,0,0,0,"Standard","Standard",210,"0.005","-0.043",,,,"0.043",,0,0,0.464,0.536,24,29,25,30,1,0,5,1,5,1,"0.98","0.35","0.35","26.6",,,,,
"CH","2026-04-08","81.9","-1.33","5.73","Lorenzen, Michael",694728,547179,,"ball",,,,,14,,"R","R","R","COL","HOU","B",,,2,1,2026,"-0.98","0.73",0.4036286729585612,1.4453481357682647,572233,,694388,2,6,"Top",,,,,,,5.735115784792376,-119.31008304115873,-4.406387603163013,-10.386565956817785,19.213365721172668,-24.569529736003155,3.130487205,1.579872047,,,,"81.9",2148,"5.9",824374,696100,681198,666397,691720,678662,666160,686668,687859,"54.63",,,,,,,,55,4,"Changeup",7,1,1,7,1,7,1,7,"Standard","Standard",238,"-0.003","0.065",,,,"-0.065",,6,-6,0.973,0.027000000000000024,34,24,34,24,3,2,5,1,3,6,"2.62","0.98","0.98","43.2",,,,,
"SI","2026-04-08","91.3","-3.15","5.3","King, Michael",665833,650633,"strikeout","called_strike",,,,,3,"Luis Campusano challenged (pitch result), call on the field was overturned: Oneil Cruz called out on strikes.","R","L","R","PIT","SD","S",2,,0,2,2026,"-1.51","0.3",0.5415375620648659,3.47934514155207,,,,2,5,"Bot",,,,,,,12.382013630431342,-132.3086355857273,0.883290971688679,-20.440937292749055,29.18966679509223,-29.10568359574003,3.515764436,1.774311024,,,,"90.4",2288,"6.1",823403,669134,657757,630105,609280,593428,657656,701538,665487,"54.43",,0,"0",1,0,0,,37,4,"Sinker",0,0,0,0,0,0,0,0,"Infield shade","Standard",237,"-0.009","-0.16",,,,"0.16",,0,0,0.509,0.509,31,27,31,28,3,2,5,1,6,2,"2.46","1.51","-1.51","26.1",,,,,
"KC","2026-04-08","80.2","-1.88","5.16","Nola, Aaron",656305,605400,"strikeout","called_strike",,,,,1,"Rafael Marchán challenged (pitch result), call on the field was overturned: Matt Chapman called out on strikes.","R","R","R","SF","PHI","S",2,,3,2,2026,"1.38","-0.85",-0.6957165378029961,2.9989699211336176,,642715,650333,1,6,"Bot",,,,,,,-0.07115776117757644,-116.6615368381951,3.854270888285747,12.562563038005527,22.969913294742895,-40.875405673669746,3.250721785,1.640551181,,,,"81.2",2704,"7.1",823234,665561,547180,681082,664761,607208,669016,702222,666969,"53.4",,0,"0",1,0,0,,46,6,"Knuckle Curve",0,0,0,0,0,0,0,0,"Standard","Standard",51,"-0.076","-0.313",,,,"0.313",,0,0,0.642,0.642,33,33,33,33,3,2,5,1,6,2,"4.41","-1.38","-1.38","22.5",,,,,
"SI","2026-04-08","94.3","1.78","5.54","Gore, MacKenzie",641487,669022,,"called_strike",,,,,7,,"R","L","L","TEX","SEA","S",,,2,1,2026,"1.23","1.13",-0.6882518122675807,1.6555834348869094,,,641598,0,5,"Top",,,,,,,-9.216682503757102,-136.8255763251007,-6.73917899558763,17.534120362787707,31.195496201822923,-16.637042620112087,3.219127297,1.624606299,,,,"95",2029,"7",822915,643376,669394,669701,677649,608369,694671,694497,607043,"53.55",,,,,,,,30,4,"Sinker",0,0,0,0,0,0,0,0,"Infield shade","Standard",150,"0.014","-0.078",,,,"0.078",,0,0,0.445,0.5549999999999999,27,31,27,31,2,1,5,1,6,2,"1.46","1.23","1.23","45.8",,,,,
"SL","2026-04-08","89.3","-1.33","5.58","Boyle, Joe",694208,671212,"walk","ball",,,,,11,"Hunter Feduccia challenged (pitch result), call on the field was confirmed: Moisés Ballesteros walks.","R","L","R","TB","CHC","B",,,3,1,2026,"0.44","-0.03",-0.6719757624560672,3.235316028115064,,608348,,0,5,"Top",,,,,,,0.6761967136893373,-130.15790219557675,0.47771187732132625,4.839275811790605,27.489436467168822,-32.826357475930486,3.040091864,1.534251969,,,,"90.1",2691,"6.7",823000,676439,666018,810938,691406,670764,802415,676356,641584,"53.8",,0.704857,"0.7",1,0,0,,33,5,"Slider",1,1,1,1,1,1,1,1,"Standard","Standard",115,"-0.022","0.17",,,,"-0.17",,0,0,0.405,0.595,26,22,27,23,2,1,5,1,,2,"2.88","-0.44","0.44","31.7",,,,,
"FC","2026-04-08","85.3","-2.13","5.81","McGreevy, Michael",683083,700241,,"called_strike",,,,,1,,"R","L","R","WSH","STL","S",,,1,0,2026,"0.03","0.37",-0.4929701398526427,3.0336006276421106,,,,2,4,"Bot",,,,,,,3.765286308275604,-124.23346897600973,-0.8532262688398615,-0.43288924008234647,23.427728009036368,-28.341925331357217,3.045357612,1.536909449,,,,"86.1",2255,"6.6",822753,671056,676475,802139,602104,691026,695336,701675,691023,"53.9",,,,,,,,35,2,"Cutter",1,2,1,2,2,1,1,2,"Standard","Standard",171,"-0.003","-0.054",,,,"0.054",,-1,-1,0.378,0.378,25,25,26,26,2,1,5,1,6,3,"2.74","-0.03","0.03","31.5",,,,,
"CU","2026-04-08","77.1","1.65","5.76","Drohan, Shane",575929,675660,,"ball",,,,,13,,"R","R","L","BOS","MIL","B",,,2,1,2026,"-0.98","-0.68",-0.8710843121880519,1.6493572164040051,678882,643396,655316,1,3,"Bot",,,,,,,-3.4520442677843466,-112.08108734671295,-0.12965426013403225,-7.421011066947488,24.034959819342895,-38.04228604388906,3.229658793,1.62992126,,,,"76.3",2601,"6.2",824779,596142,641343,666152,650859,687401,663604,669003,686217,"54.29",,,,,,,,25,4,"Curveball",0,0,0,0,0,0,0,0,"Standard","Standard",317,"0.028","0.064",,,,"-0.064",,0,0,0.673,0.673,27,34,27,34,2,1,,1,16,2,"4.58","-0.98","0.98","42.6",,,,,
"FC","2026-04-08","90.9","-1.41","6.26","Nelson, Ryne",683146,669194,,"called_strike",,,,,6,,"R","L","R","NYM","AZ","S",,,0,1,2026,"-0.1","0.93",0.8030370606469442,2.4144918982645143,,,666182,2,4,"Bot",,,,,,,5.703333882564846,-132.2618505062065,-5.5730859764950695,-2.297696499570263,27.267469950733283,-20.22042356366517,3.327952756,1.679527559,,,,"91.5",2275,"6.6",823646,672515,699912,545121,571448,672695,694374,678489,682998,"53.91",,,,,,,,33,2,"Cutter",0,5,0,5,5,0,0,5,"Standard","Standard",177,"-0.003","-0.055",,,,"0.055",,-5,-5,0.074,0.074,28,26,28,27,2,1,6,1,5,1,"1.82","0.1","-0.1","50.1",,,,,
"FF","2026-04-08","93.7","1.58","5.61","Drohan, Shane",701350,675660,,"called_strike",,,,,7,,"R","L","L","BOS","MIL","S",,,2,1,2026,"1.2","1.34",-0.3712488954748465,1.6642269253552875,,678882,643396,0,3,"Bot",,,,,,,-7.627349395139087,-135.96370923941026,-7.087039163935075,16.62232065806675,34.11477986179185,-14.203926879651473,3.326197507,1.678641732,,,,"92.7",2347,"6.2",824779,596142,641343,666152,650859,687401,663604,669003,686217,"54.31",,,,,,,,23,4,"4-Seam Fastball",0,0,0,0,0,0,0,0,"Standard","Standard",133,"-0.015","-0.07",,,,"0.07",,0,0,0.661,0.661,27,22,27,22,2,1,,1,16,3,"1.31","1.2","1.2","35.8",,,,,
"FF","2026-04-08","95.1","-1.75","5.81","Agnos, Zach",694728,688642,,"called_strike",,,,,9,,"R","R","R","COL","HOU","S",,,2,1,2026,"-0.51","1.15",0.7680024012206781,1.5453395349607055,,,,1,9,"Top",,,,,,,7.629664105556574,-138.26561049827708,-7.941552058101776,-8.093799988602695,27.221386075696422,-15.803301283147835,3.130487205,1.579872047,,,,"95.1",2317,"6",824374,696100,687859,666397,691720,678662,666160,686668,664983,"54.45",,,,,,,,80,4,"4-Seam Fastball",9,1,1,9,1,9,1,9,"Standard","Standard",213,"0","-0.07",,,,"0.07",,8,-8,0.999,0.0010000000000000009,25,24,26,24,1,3,2,1,3,6,"1.35","0.51","0.51","42.3",,,,,
"FF","2026-04-08","98","-1.65","5.67","Phillips, Connor",683357,683175,,"ball",,,,,13,,"R","L","R","MIA","CIN","B",,,0,2,2026,"-0.59","1.43",-0.31441804830670184,1.483510560847368,,,,1,7,"Bot",,,,,,,4.932231513348608,-142.36080445815537,-8.82639255997849,-9.280898427361166,36.288654742759185,-10.861262112753913,3.369201116,1.700344488,,,,"97.1",2516,"6.1",823885,663886,701398,680574,663647,682829,666181,670770,682622,"54.38",,,,,,,,64,3,"4-Seam Fastball",7,4,7,4,4,7,7,4,"Infield shade","Standard",219,"0","0.017",,,,"-0.017",,3,3,0.934,0.934,25,23,25,24,1,3,3,2,2,1,"0.97","0.59","-0.59","39.4",,,,,
"FF","2026-04-08","96","-3.44","5.39","Cruz, Steven",680757,674444,"walk","ball",,,,,11,"Carter Jensen challenged (pitch result): Steven Kwan walks. Austin Hedges to 3rd. Brayan Rocchio to 2nd.","R","L","R","CLE","KC","B",,,3,1,2026,"-0.92","1.31",-0.2622299074394119,3.310764596670301,,595978,677587,0,8,"Bot",,,,,,,10.554684192148441,-139.30560146586708,-2.6915271092061355,-14.453614097272562,34.78572273832739,-14.792473370622591,3.02253937,1.525393701,,,,"96.8",2027,"7.1",824455,695600,686469,663697,672580,677951,686555,657041,516782,"53.37",,0.704857,"0.7",1,0,0,,68,5,"4-Seam Fastball",6,2,6,2,2,6,6,2,"Standard","Standard",219,"0.002","0.221",,,,"-0.221",,4,4,0.993,0.993,27,28,27,29,1,4,3,1,31,2,"1.2","0.92","-0.92","30.7",,,,,
"FF","2026-04-08","95.9","-2.32","5.8","Severino, Luis",641555,622663,"walk","ball",,,,,12,"Shea Langeliers challenged (pitch result), call on the field was confirmed: J.C. Escarra walks. Aaron Judge scores. Cody Bellinger to 3rd. Jazz Chisholm Jr. to 2nd.","R","L","R","NYY","ATH","B",,,3,0,2026,"-0.59","1.5",0.5076805818809706,3.5865210028411485,592450,641355,665862,2,1,"Bot",,,,,,,8.763574886246813,-139.31455168402326,-3.47918988504047,-9.786581098552558,34.05228481138699,-12.070251186979428,3.29109252,1.660925197,,,,"95.8",2161,"6.5",823564,669127,701762,643446,691777,805779,691016,671732,666126,"53.97",,0.704857,"0.7",1,0,0,,11,4,"4-Seam Fastball",1,0,1,0,0,2,2,0,"Infield shade","Standard",217,"0.033","0.155",,,,"-0.155",,1,1,0.716,0.716,32,31,32,31,1,0,7,3,5,4,"1","0.59","-0.59","42.6",,,,,
"FF","2026-04-08","93.1","-1.62","5.41","Laweryson, Cody",650402,689520,"strikeout","called_strike",,,,,3,"Ryan Jeffers challenged (pitch result), call on the field was overturned: Gleyber Torres called out on strikes.","R","R","R","MIN","DET","S",2,,1,2,2026,"-1.1","1.24",0.785698887929118,3.06165720489276,,595879,679529,2,8,"Top",,,,,,,8.557925917432334,-135.23981492157196,-2.7369995589164766,-15.508779729792858,33.59636047027438,-16.673983234431155,3.12960958,1.579429134,,,,"92.5",2430,"6.4",823726,680777,605170,807712,668904,686797,681546,621439,670242,"54.13",,0,"0",1,0,0,,77,4,"4-Seam Fastball",8,6,6,8,6,8,6,8,"Standard","Standard",228,"0.051","-0.191",,,,"0.191",,2,-2,0.887,0.11299999999999999,28,29,28,30,1,4,2,1,,1,"1.43","1.1","1.1","27.8",,,,,
"FF","2026-04-08","95.6","-1.13","6.44","Nelson, Ryne",543760,669194,,"called_strike",,,,,8,,"R","R","R","NYM","AZ","S",,,0,0,2026,"0.11","1.78",-0.08819564959863566,1.6539300696069794,,,683146,2,2,"Bot",,,,,,,2.4575656656159026,-138.79550121828635,-10.792937312370228,0.8710587218916792,33.00491888126744,-6.968889936392505,3.212106299,1.621062992,,,,"95.8",2372,"6.7",823646,672515,699912,545121,571448,672695,694374,678489,682998,"53.82",,,,,,,,20,1,"4-Seam Fastball",0,5,0,5,5,0,0,5,"Standard","Standard",189,"-0.002","-0.042",,,,"0.042",,-5,-5,0.108,0.108,28,35,28,36,1,0,6,1,5,1,"0.74","-0.11","-0.11","56.8",,,,,
"FF","2026-04-08","93.9","-2.8","5.72","Brogdon, Connor",516782,641401,"strikeout","called_strike",,,,,1,"Austin Hedges challenged (pitch result), call on the field was overturned: Starling Marte called out on strikes.","R","R","R","CLE","KC","S",2,,2,2,2026,"-0.96","1.51",-0.7956180583367526,2.732923897702052,,695600,,2,7,"Top",,,,,,,7.335212381608684,-136.38984136636515,-5.119655302545751,-13.713211614076714,35.786470297994995,-12.419320040572039,3.21035105,1.620177165,,,,"93.6",2463,"6.7",824455,595978,656555,682877,608070,677587,682657,680757,800050,"53.83",,0,"0",1,0,0,,55,5,"4-Seam Fastball",5,2,2,5,2,5,2,5,"Standard","Standard",217,"0.022","-0.22",,,,"0.22",,3,-3,0.919,0.08099999999999996,31,37,31,38,1,2,3,3,3,6,"1.12","0.96","0.96","31.3",,,,,
"FF","2026-04-08","97.6","-0.69","6.63","Petersen, Michael",680574,656848,,"ball",,,,,12,,"R","R","R","MIA","CIN","B",,,0,1,2026,"-0.55","1.7",0.9749272351917999,2.6959096771516693,663886,682622,,2,9,"Top",,,,,,,5.670469346762978,-141.61818830146217,-8.65279598687984,-8.77001738817995,37.720709880965316,-7.4833384907337255,3.047112861,1.537795276,,,,"96.3",2388,"6.1",823885,689414,681393,669364,688363,691594,665052,805300,683357,"54.39",,,,,,,,77,2,"4-Seam Fastball",7,4,4,7,4,7,4,7,"Infield shade","Standard",204,"-0.004","0.002",,,,"-0.002",,3,-3,0.966,0.03400000000000003,32,26,32,27,1,4,4,1,3,1,"0.74","0.55","0.55","56.3",,,,,
"SI","2026-04-08","98.1","-2.49","6.2","Bowlan, Jonathan",683766,680742,,"called_strike",,,,,8,,"R","R","R","SF","PHI","S",,,1,1,2026,"-1.17","1.09",0.14044998501994077,1.56570546076781,,,672275,2,7,"Bot",,,,,,,9.865955104092842,-142.3370280391548,-9.431897198927416,-18.174656064299583,30.69957489883862,-15.334815780534832,3.254232283,1.642322835,,,,"99",2249,"6.8",823234,665561,547180,681082,664761,607208,805249,669016,666969,"53.66",,,,,,,,57,3,"Sinker",3,0,3,0,0,3,3,0,"Standard","Standard",211,"-0.002","-0.073",,,,"0.073",,3,3,0.934,0.934,29,28,30,28,1,2,2,,2,3,"1.28","1.17","1.17","48.3",,,,,
"FF","2026-04-08","92.6","-3.44","5.57","Warren, Will",671732,701542,,"called_strike",,,,,1,,"R","L","R","NYY","ATH","S",,,1,0,2026,"0.01","1.33",-0.6952408003195301,2.9188187176018787,,,,1,2,"Top",,,,,,,6.917479334805269,-134.59332680881852,-3.70490988306591,-1.4559892741137017,31.319849787332924,-15.428442078822144,3.34375,1.6875,,,,"92.8",2474,"6.6",823564,641555,700250,665862,642708,641857,641355,663757,592450,"53.86",,,,,,,,14,2,"4-Seam Fastball",2,0,0,2,0,2,0,2,"Infield shade","Standard",219,"0.004","-0.049",,,,"0.049",,2,-2,0.718,0.28200000000000003,27,25,27,26,1,0,5,1,5,1,"1.35","-0.01","0.01","30.6",,,,,
"FF","2026-04-08","95.5","-1.76","5.02","Woo, Bryan",694497,693433,,"called_strike",,,,,9,,"R","L","R","TEX","SEA","S",,,0,1,2026,"-1.05","1.04",0.7341850627667263,1.9833683503606094,,,,1,2,"Bot",,,,,,,8.860366994226153,-138.64764119824272,-4.425011829164265,-15.65124725987212,36.61351104860552,-18.031648368672503,3.315666011,1.673326772,,,,"94.6",2160,"6.3",822915,641598,656582,702284,680977,641487,668227,677594,608701,"54.2",,,,,,,,14,2,"4-Seam Fastball",0,0,0,0,0,0,0,0,"Standard","Standard",230,"-0.004","-0.052",,,,"0.052",,0,0,0.525,0.525,26,23,26,24,1,0,5,1,6,2,"1.51","1.05","-1.05","25.0",,,,,
"SV","2026-04-08","82.2","2.97","5.68","Newcomb, Sean",668939,656794,,"called_strike",,,,,4,,"R","R","L","CWS","BAL","S",,,0,0,2026,"-1.01","-0.13",-0.6887678850924526,2.2443414803229675,,621493,,2,7,"Top",,,,,,,-6.115252486990082,-119.7080818089894,-0.8357768236143406,-8.677093283484798,21.594602005493698,-33.507383395702554,3.253354659,1.641879921,,,,"81.4",2640,"5.6",824617,624512,808959,805367,695657,682668,643217,671976,687957,"54.91",,,,,,,,58,1,"Slurve",3,4,4,3,4,3,4,3,"Standard","Standard",309,"0.006","-0.04",,,,"0.04",,-1,1,0.324,0.6759999999999999,33,28,33,28,1,3,1,2,3,2,"3.48","-1.01","1.01","18.8",,,,,
"FF","2026-04-08","94.3","-3.11","5.27","Weissert, Greg",687401,669711,"strikeout","called_strike",,,,,9,"Carlos Narváez challenged (pitch result), call on the field was overturned: Joey Ortiz called out on strikes.","R","R","R","BOS","MIL","S",2,,3,2,2026,"-1.01","0.94",0.5284433757938594,1.6700930672795784,,650859,666152,2,7,"Top",,,,,,,11.535745215218153,-136.75070371738744,-5.438519387042559,-15.366254038803657,32.839504050948975,-19.342182396673312,3.136630577,1.582972441,,,,"93.2",2259,"6",824779,665966,575929,643396,702332,655316,701350,678882,677800,"54.46",,0,"0",1,0,0,,55,6,"4-Seam Fastball",3,0,0,3,0,3,0,3,"Standard","Strategic",229,"0.051","-0.282",,,,"0.282",,3,-3,0.89,0.10999999999999999,31,27,31,28,1,2,3,1,2,3,"1.66","1.01","1.01","22.5",,,,,
"FF","2026-04-08","94.5","-2.24","5.23","De Los Santos, Enyel",691720,660853,"walk","ball",,,,,12,"Christian Vázquez challenged (pitch result), call on the field was confirmed: Kyle Karros walks.","R","R","R","COL","HOU","B",,,3,0,2026,"-0.42","0.95",0.855070832783649,2.6266417222962195,,,,1,3,"Bot",,,,,,,8.882541193159831,-137.50312471758474,-3.120703244446097,-7.140061440560596,28.056431626036137,-19.556770574655093,3.431512467,1.731791339,,,,"94.7",2126,"6.2",824374,543877,572233,514888,670623,665161,694728,694388,701358,"54.27",,0.704857,"0.7",1,0,0,,31,4,"4-Seam Fastball",6,1,6,1,1,6,6,1,"Standard","Standard",224,"0.002","0.164",,,,"-0.164",,5,5,0.931,0.931,30,23,31,24,1,1,2,1,2,1,"1.58","0.42","0.42","20.7",,,,,
"FF","2026-04-08","94.7","-1.67","5.82","Finnegan, Kyle",621439,640448,,"called_strike",,,,,6,,"R","R","R","MIN","DET","S",,,0,1,2026,"-0.35","1.48",0.7773569013389796,2.146615232986405,,,668904,1,7,"Bot",,,,,,,7.142282427358946,-137.59522238336965,-7.104516742953857,-6.003812436958554,29.40693076419357,-11.953201873091377,3.257742782,1.644094488,,,,"95.3",2316,"6.6",823726,693307,679529,656716,805808,595879,682985,678009,663330,"53.88",,,,,,,,71,2,"4-Seam Fastball",8,6,8,6,6,8,8,6,"Infield shade","Standard",201,"-0.003","-0.047",,,,"0.047",,2,2,0.885,0.885,34,32,35,33,1,4,5,1,2,1,"1.06","0.35","0.35","54.6",,,,,
"FF","2026-04-08","86.7","4.41","4.28","Milner, Hoby",641584,571948,"strikeout","called_strike",,,,,7,"Carson Kelly challenged (pitch result), call on the field was overturned: Jake Fraley called out on strikes.","R","L","L","TB","CHC","S",2,,3,2,2026,"1.36","0.72",-0.7710694522550321,1.7713571970657425,,,,0,6,"Bot",,,,,,,-15.136600013873775,-125.35056708670585,-0.9756399000184821,17.566172152153857,27.637221597330885,-24.61583663657549,3.169980315,1.59980315,,,,"86.8",2003,"6.9",823000,608348,683737,663538,608324,621020,624424,691718,807713,"53.59",,0,"0",1,0,0,,48,7,"4-Seam Fastball",1,6,1,6,6,1,1,6,"Infield shade","Standard",129,"-0.017","-0.345",,,,"0.345",,-5,-5,0.061,0.061,35,31,35,31,1,2,1,1,3,4,"2.37","1.36","1.36","-4.7",,,,,
"FF","2026-04-08","93.3","-1.79","5.19","Laweryson, Cody",656716,689520,"strikeout","called_strike",,,,,8,"Ryan Jeffers challenged (pitch result), call on the field was overturned: Zach McKinstry called out on strikes.","R","L","R","MIN","DET","S",2,,1,2,2026,"-1.13","1.2",-0.023555858244125982,1.525617004706991,,,,0,8,"Top",,,,,,,7.046380733224885,-135.67549365437995,-6.166638248382539,-15.519510149465336,28.50982992061607,-16.16014354332069,3.169980315,1.59980315,,,,"93.7",2445,"6.5",823726,680777,605170,807712,668904,686797,681546,621439,670242,"54.01",,0,"0",1,0,0,,73,7,"4-Seam Fastball",8,6,6,8,6,8,6,8,"Infield shade","Standard",234,"0.027","-0.189",,,,"0.189",,2,-2,0.873,0.127,28,31,28,31,1,3,2,1,,1,"1.41","1.13","-1.13","26.3",,,,,
"SL","2026-04-08","87.2","2.33","5.8","Schweitzer, Tyler",687637,805326,,"called_strike",,,,,7,,"R","L","L","CWS","BAL","S",,,3,1,2026,"0.18","0.87",-0.4009242300918684,1.6584243071848268,,,663624,2,8,"Top",,,,,,,-6.89270836923419,-126.71196889185624,-5.347840500555021,3.4077809350741872,27.374689075410387,-21.868375928325356,3.417470472,1.724704724,,,,"87.5",2318,"6.7",824617,624512,808959,805367,695657,682668,656537,671976,687957,"53.82",,,,,,,,66,5,"Slider",3,4,4,3,4,3,4,3,"Infield shade","Standard",186,"0.005","-0.094",,,,"0.094",,-1,1,0.275,0.725,25,24,26,25,1,3,,1,31,2,"2.15","0.18","0.18","43.2",,,,,
"ST","2026-04-08","80.7","-1.86","5.53","Urquidy, José",593428,664353,,"called_strike",,,,,7,,"R","R","R","PIT","SD","S",,,0,0,2026,"1.01","0.41",-0.6937701039807148,1.887056140847926,,,,2,8,"Top",,,,,,,0.605438677010874,-117.42959842149489,-1.9456734388383519,9.114509480253428,24.63084578589013,-28.223683252946458,3.284949147,1.657824803,,,,"79.9",2463,"6",823403,663698,694377,664040,693304,804606,663968,665833,668804,"54.51",,,,,,,,61,1,"Sweeper",2,4,4,2,4,2,4,2,"Standard","Standard",80,"0.001","-0.043",,,,"0.043",,-2,2,0.16,0.84,31,33,31,34,1,3,3,1,4,1,"3.12","-1.01","-1.01","41.4",,,,,
"CH","2026-04-08","79.3","2.39","4.52","Poulin, PJ",691023,676571,,"ball",,,,,14,,"R","R","L","WSH","STL","B",,,2,2,2026,"1.31","0.15",0.015269449019682968,1.2514460401342853,,671056,676475,2,9,"Top",,,,,,,-7.573080692453441,-115.22080161799599,-0.35609327777475797,13.151871761115155,23.95731479807711,-30.978466134324364,3.461351706,1.746850394,,,,"78.4",1659,"6",822753,686452,671277,683083,691781,682928,695734,696285,695578,"54.48",,,,,,,,68,5,"Changeup",1,4,4,1,4,1,4,1,"Standard","Standard",92,"-0.002","0.079",,,,"-0.079",,-3,3,0.037,0.963,29,24,30,24,1,4,1,1,2,2,"3.52","1.31","-1.31","17.0",,,,,
"SI","2026-04-08","94.1","-1.6","5.68","Zeferjahn, Ryan",663586,666171,,"ball",,,,,14,,"R","R","R","LAA","ATL","B",,,1,0,2026,"-1.18","0.44",0.49684757491013687,1.495356862527699,,,645277,1,5,"Top",,,,,,,8.086139657544717,-136.74870980719083,-5.899991768052246,-16.673637785938826,31.672961028055234,-25.470154199316628,3.273540026,1.652066929,,,,"94.5",1867,"6.7",824050,681351,694384,672724,660162,687263,666139,545361,624585,"53.78",,,,,,,,41,2,"Sinker",2,5,5,2,5,2,5,2,"Standard","Standard",212,"-0.004","0.068",,,,"-0.068",,-3,3,0.161,0.839,28,29,28,29,1,2,3,1,3,2,"2.15","1.18","1.18","35.4",,,,,
"SI","2026-04-08","92.5","2.66","5.47","Hart, Kyle",804606,606996,,"called_strike",,,,,3,,"R","R","L","PIT","SD","S",,,1,0,2026,"1.48","0.4",0.6030242345104706,3.0953793914969965,694377,693304,,0,7,"Bot",,,,,,,-8.453898195617283,-134.45214363162881,-0.8994079425336234,19.826759533427712,30.12231563834259,-27.412500073365496,3.334973753,1.683070866,,,,"92.3",2124,"6.3",823403,669134,657757,630105,609280,593428,657656,701538,665487,"54.18",,,,,,,,54,2,"Sinker",0,4,0,4,4,0,0,4,"Standard","Standard",139,"-0.009","-0.059",,,,"0.059",,-4,-4,0.205,0.205,33,20,34,20,1,0,3,1,2,2,"2.28","1.48","-1.48","35.9",,,,,
"FF","2026-04-08","96.3","-1.13","6.37","Nelson, Ryne",596019,669194,,"called_strike",,,,,4,,"R","L","R","NYM","AZ","S",,,0,1,2026,"-0.15","1.77",-0.6863889321172104,2.620011640738013,,,,0,1,"Bot",,,,,,,1.514768571385078,-140.03778121757836,-8.258026997548228,-2.307506748740033,32.52250884657464,-7.1981027056938585,3.107668963,1.568356299,,,,"96.7",2211,"6.6",823646,672515,699912,545121,571448,672695,694374,678489,682998,"53.85",,,,,,,,6,2,"4-Seam Fastball",0,1,0,1,1,0,0,1,"Standard","Standard",194,"-0.006","-0.055",,,,"0.055",,-1,-1,0.444,0.444,28,32,28,33,1,0,6,1,5,1,"0.69","0.15","-0.15","54.4",,,,,
"FF","2026-04-08","92.7","3.04","5.57","Nardi, Andrew",670770,677053,,"called_strike",,,,,1,,"R","L","L","MIA","CIN","S",,,0,0,2026,"0.62","1.42",-0.6126184234942171,2.97456978793488,,,,0,7,"Top",,,,,,,-10.605189207470623,-134.47889838303922,-3.692233995767186,10.093810943814441,33.45833324829051,-14.397113225884333,3.043602362,1.536023622,,,,"92.2",2265,"6.5",823885,689414,681393,669364,688363,677870,665052,805300,683357,"54.03",,,,,,,,59,1,"4-Seam Fastball",6,4,4,6,4,6,4,6,"Standard","Standard",132,"0.005","-0.039",,,,"0.039",,2,-2,0.815,0.18500000000000005,27,30,28,31,1,3,3,1,5,1,"1.28","0.62","0.62","41.2",,,,,
"SI","2026-04-08","94.7","-1.91","5.58","Ohtani, Shohei",543807,660271,,"ball",,,,,14,,"R","R","R","TOR","LAD","B",,,0,0,2026,"-1.56","0.46",0.006316066995327496,1.3698035196773375,,,,0,1,"Bot",,,,,,,8.525416613156397,-137.61378435465582,-6.132323749505721,-21.696008894664057,30.847315839587793,-25.145347054006677,3.267396654,1.648966535,,,,"95.1",2218,"6.6",822833,669257,518692,690976,571970,500743,606192,681624,663656,"53.9",,,,,,,,5,1,"Sinker",0,0,0,0,0,0,0,0,"Strategic","Standard",223,"0.003","0.041",,,,"-0.041",,0,0,0.548,0.548,31,36,32,37,1,0,8,1,7,2,"2.09","1.56","1.56","30.7",,,,,
"FF","2026-04-08","96.9","-1.74","6.23","Tidwell, Blade",664761,694918,,"ball",,,,,14,,"R","R","R","SF","PHI","B",,,0,0,2026,"-0.68","1.24",0.6950244037676234,1.4852086635278436,,,,0,8,"Top",,,,,,,8.053669642539935,-140.67884702480293,-9.813403129385792,-10.8059091292517,31.841574567894803,-13.598754808890671,3.406938976,1.719389764,,,,"97.6",2196,"6.8",823234,672275,646240,683766,656305,642715,666931,664056,808982,"53.68",,,,,,,,58,1,"4-Seam Fastball",3,0,0,3,0,3,0,3,"Strategic","Standard",211,"-0.004","0.041",,,,"-0.041",,3,-3,0.928,0.07199999999999995,25,29,25,30,1,3,2,2,2,2,"1.2","0.68","0.68","43.9",,,,,
"FF","2026-04-07","92.5","-2.39","6.09","Gallen, Zac",683146,668678,,"ball",,,,,12,,"R","L","R","NYM","AZ","B",,,2,0,2026,"-0.39","1.74",0.9706797965167683,2.728033166194376,,,673357,2,5,"Bot",,,,,,,9.38205360455934,-134.08398937009366,-6.216829732836632,-7.331144400850357,38.649301405623575,-10.161607244731577,3.327952756,1.679527559,,,,"91.6",2267,"6.7",823648,672515,545121,606466,571448,672695,678489,677950,682998,"53.77",,,,,,,,48,3,"4-Seam Fastball",2,3,2,3,3,2,2,3,"Infield shade","Standard",205,"0.009","0.083",,,,"-0.083",,-1,-1,0.385,0.385,30,26,31,27,3,2,6,3,5,1,"1.02","0.39","-0.39","45.9",,,,,
"FS","2026-04-07","91.1","-1.59","6.06","Bradley, Taj",656716,671737,"strikeout","called_strike",,,,,1,"Ryan Jeffers challenged (pitch result), call on the field was overturned: Zach McKinstry called out on strikes.","R","L","R","MIN","DET","S",2,,2,2,2026,"-0.61","0.33",-0.7337736138967491,2.8872864965836045,,,693307,2,6,"Top",,,,,,,3.4565207676637613,-132.61835272057448,-2.571245074251762,-7.958845663716471,28.769996416165068,-27.97189698508765,3.169980315,1.59980315,,,,"91.3",1815,"6.4",823727,680777,605170,807712,668904,686797,668885,621439,670242,"54.09",,0,"0",1,0,0,,49,5,"Split-Finger",4,0,0,4,0,4,0,4,"Infield shade","Standard",214,"0.012","-0.216",,,,"0.216",,4,-4,0.939,0.061000000000000054,25,31,25,31,3,2,5,1,5,1,"2.42","0.61","-0.61","51.6",,,,,
"FF","2026-04-07","92.9","-2.05","5.98","Smith, Shane",669236,681343,,"ball",,,,,14,,"R","R","R","CWS","BAL","B",,,0,2,2026,"-0.67","1.35",0.9513091000744486,2.0847609957360502,,,694212,2,3,"Top",,,,,,,9.114048252329086,-134.8842303056298,-6.970711674350646,-10.243648323795956,30.00760747284682,-14.290000318909463,3.175246063,1.60246063,,,,"93.2",2215,"6.6",824618,700337,672820,805367,695020,695657,643217,682668,656537,"53.86",,,,,,,,21,4,"4-Seam Fastball",0,0,0,0,0,0,0,0,"Standard","Standard",217,"-0.003","0.009",,,,"-0.009",,0,0,0.54,0.45999999999999996,26,26,26,26,2,1,6,1,,3,"1.31","0.67","0.67","36.8",,,,,
"FF","2026-04-07","91.1","2.47","5.89","Freeland, Kyle",670623,607536,"strikeout","called_strike",,,,,1,"Brett Sullivan challenged (pitch result), call on the field was overturned: Isaac Paredes called out on strikes.","R","R","L","COL","HOU","S",2,,0,2,2026,"0.63","1.12",-0.728925982716853,3.216346548165048,,,670541,2,6,"Top",,,,,,,-9.37096308507349,-132.46425605093387,-3.1778683516579225,9.22828029134866,23.850559486881913,-18.360915222870787,3.180511811,1.60511811,,,,"92.2",2415,"6.7",824375,664954,681198,650489,691720,678662,687597,666160,687859,"53.83",,0,"0",1,0,0,,43,3,"4-Seam Fastball",3,1,1,3,1,3,1,3,"Standard","Standard",146,"0.018","-0.174",,,,"0.174",,2,-2,0.827,0.17300000000000004,33,27,33,27,3,2,6,6,21,1,"1.59","0.63","-0.63","32.3",,,,,
"FF","2026-04-07","92.7","2.29","5.94","Abbott, Andrew",682663,671096,,"called_strike",,,,,6,,"R","R","L","MIA","CIN","S",,,1,0,2026,"0.64","1.5",0.7561016156725814,2.7201934173366613,,,691594,2,5,"Bot",,,,,,,-5.2924969445754675,-134.76285911392898,-5.496349269029686,8.984919029333513,32.591428838843825,-12.937869913213628,3.256865158,1.643651575,,,,"92.2",2296,"6.3",823887,663886,701398,680574,663647,682829,668715,670770,682622,"54.17",,,,,,,,36,2,"4-Seam Fastball",2,0,2,0,0,2,2,0,"Standard","Standard",153,"-0.002","-0.05",,,,"0.05",,2,2,0.795,0.795,27,24,27,25,3,2,6,1,5,1,"1.18","0.64","-0.64","52.5",,,,,
"ST","2026-04-07","83.4","-2.56","5.89","Cavalli, Cade",691026,676917,"walk","ball",,,,,14,"Keibert Ruiz challenged (pitch result), call on the field was confirmed: Masyn Winn walks. Nolan Gorman to 2nd.","R","R","R","WSH","STL","B",,,3,2,2026,"1.23","-0.76",1.0340708066713948,1.6033272639421097,,,669357,0,4,"Top",,,,,,,5.699508834143831,-121.34518197920967,-1.6052566215027622,10.86882956871097,26.013735753439587,-39.47450443902173,3.081340223,1.555068898,,,,"83.4",2242,"6.5",822754,660688,678554,683083,691781,682928,695578,696285,686894,"54",,0.704857,"0.7",1,0,0,,29,7,"Sweeper",2,2,2,2,2,2,2,2,"Standard","Standard",37,"-0.054","0.34",,,,"-0.34",,0,0,0.446,0.554,27,24,28,24,2,1,6,1,6,1,"4.06","-1.23","-1.23","33.0",,,,,
"FF","2026-04-07","94.5","-2.76","5.94","Williams, Gavin",663697,668909,"walk","ball",,,,,11,"Austin Hedges challenged (pitch result), call on the field was confirmed: Jonathan India walks. Carter Jensen to 2nd.","R","R","R","CLE","KC","B",,,3,1,2026,"-1.1","1.2",-0.2749589413988147,3.3775245591428815,,,695600,2,4,"Top",,,,,,,9.026987113514094,-137.19454074544288,-3.4798995038587295,-16.005393062939095,34.73959130936768,-16.52235530983171,3.138385827,1.583858268,,,,"95.3",2254,"7.2",824457,595978,656555,682877,608070,677587,682657,680757,692216,"53.28",,0.704857,"0.7",1,0,0,,25,5,"4-Seam Fastball",0,1,1,0,1,0,1,0,"Standard","Standard",222,"-0.013","0.147",,,,"-0.147",,-1,1,0.396,0.604,26,29,27,30,2,1,6,1,6,1,"1.4","1.1","1.1","33.6",,,,,
"ST","2026-04-07","82.1","-2.04","5.44","Gómez, Yoendrys",807713,672782,,"ball",,,,,11,,"R","R","R","TB","CHC","B",,,1,2,2026,"1.4","0.46",-0.9447334820988276,2.5318093251362788,,,624424,2,9,"Top",,,,,,,-0.33208478467548935,-119.47456531512961,-0.6382176713341561,13.33670922443539,26.472015811198883,-27.946423867389647,3.105036089,1.567027559,,,,"82.2",2673,"6.7",822999,663743,666018,680700,691406,670764,802415,656775,668723,"53.81",,,,,,,,77,4,"Sweeper",2,9,9,2,9,2,9,2,"Standard","Standard",76,"0","0.033",,,,"-0.033",,-7,7,0.001,0.999,26,24,27,25,2,4,4,1,7,1,"2.97","-1.4","-1.4","31.5",,,,,
"FF","2026-04-07","90.9","-0.87","6.12","Civale, Aaron",700250,650644,,"called_strike",,,,,8,,"R","L","R","NYY","ATH","S",,,1,1,2026,"-0.57","1.61",-0.15469189531384953,1.694775911612754,,,,2,3,"Bot",,,,,,,2.982902500670434,-132.06945692682254,-8.245866849117657,-7.305888972925261,33.03074937021525,-11.729855446181597,3.280561024,1.655610236,,,,"89.3",2407,"5.8",823567,669127,701762,643446,691777,805779,691016,672016,671732,"54.72",,,,,,,,26,3,"4-Seam Fastball",1,3,1,3,3,1,1,3,"Infield shade","Standard",206,"-0.002","-0.062",,,,"0.062",,-2,-2,0.281,0.281,31,27,31,27,2,1,7,2,5,1,"1.19","0.57","-0.57","40.3",,,,,
"FF","2026-04-07","93.2","2.09","5.85","Rogers, Trevor",672820,669432,,"ball",,,,,13,,"R","R","L","CWS","BAL","B",,,1,2,2026,"1.17","1.14",-0.06777831361589359,1.3900492702396794,,805367,,2,3,"Bot",,,,,,,-8.190739626484485,-135.34175877908078,-8.04610644742018,16.228475018794374,30.224602754725595,-16.56911181473373,3.153305446,1.591387795,,,,"94",2516,"6.9",824618,694212,624413,669236,691723,677942,621493,681297,687637,"53.55",,,,,,,,26,7,"4-Seam Fastball",1,0,1,0,0,1,1,0,"Standard","Standard",135,"0.005","0.012",,,,"-0.012",,1,1,0.645,0.645,28,26,29,26,2,1,6,1,7,3,"1.5","1.17","-1.17","21.2",,,,,
"FF","2026-04-07","95.5","-1.66","5.66","López, Reynaldo",545361,625643,"strikeout","called_strike",,,,,1,"Jonah Heim challenged (pitch result), call on the field was overturned: Mike Trout called out on strikes.","R","R","R","LAA","ATL","S",2,,2,2,2026,"-0.54","1.44",-0.771817209585776,2.824393407509173,,,,1,3,"Bot",,,,,,,3.564943452027877,-139.00322134373644,-4.915635092412718,-7.852634497103918,33.518563764158216,-12.679283246566213,3.243700787,1.637007874,,,,"95.6",2121,"6.5",824051,641680,621566,645277,663586,622761,643289,642201,660670,"54",,0,"0",1,0,0,,23,5,"4-Seam Fastball",2,1,2,1,1,2,2,1,"Standard","Standard",215,"-0.013","-0.228",,,,"0.228",,1,1,0.646,0.646,32,34,32,35,2,1,5,2,7,1,"1.08","0.54","0.54","36.6",,,,,
"SI","2026-04-07","93.7","2.57","5.49","Hall, DL",677800,669084,,"ball",,,,,12,,"R","L","L","BOS","MIL","B",,,0,2,2026,"1.41","0.79",0.3597068221638413,3.3585427314731158,,,575929,1,8,"Bot",,,,,,,-8.93804537990487,-136.05518684687345,-1.3066457254743127,19.546214607617845,32.50786988801102,-22.300196686313313,3.117322835,1.573228347,,,,"94.6",2004,"7.1",824780,661388,596142,666152,650859,687401,592885,663368,686217,"53.38",,,,,,,,63,4,"Sinker",3,2,3,2,2,3,3,2,"Infield shade","Standard",146,"0.002","0.01",,,,"-0.01",,1,1,0.86,0.86,27,27,28,27,1,3,3,1,4,1,"1.83","1.41","1.41","42.7",,,,,
"SL","2026-04-07","84.2","-1.99","6.19","Mears, Nick",700932,683232,"strikeout","called_strike",,,,,7,"Carter Jensen challenged (pitch result), call on the field was overturned: Kyle Manzardo called out on strikes.","R","L","R","CLE","KC","S",2,,1,2,2026,"0.25","-0.49",-0.7650072036871356,1.5088420714254274,,,800050,2,8,"Bot",,,,,,,2.314903463012905,-122.60214501236507,-3.247987199296837,2.085306010466244,24.11616985273788,-36.72626213935817,3.187532808,1.608661417,,,,"84.6",2416,"6.5",824457,695600,695506,663697,672580,677951,686555,664728,657041,"53.97",,0,"0",1,0,0,,64,5,"Slider",1,1,1,1,1,1,1,1,"Infield shade","Standard",73,"-0.035","-0.183",,,,"0.183",,0,0,0.535,0.535,29,25,30,26,1,0,2,1,5,1,"3.7","-0.25","0.25","59.6",,,,,
"FC","2026-04-07","85.7","-1.88","5.62","Sulser, Cole",621020,642121,,"called_strike",,,,,2,,"R","R","R","TB","CHC","S",,,0,0,2026,"0.76","0.56",0.03718144667776013,3.2044300664585816,,,694208,0,6,"Top",,,,,,,2.9326246140808445,-124.77008749677036,-0.35474143861593,7.178849581568308,27.756203619342724,-26.527813532818772,3.218249672,1.624163386,,,,"85.7",2423,"6.5",822999,663743,666018,680700,691406,670764,802415,656775,641584,"53.98",,,,,,,,41,1,"Cutter",0,4,4,0,4,0,4,0,"Infield shade","Standard",161,"0.001","-0.043",,,,"0.043",,-4,4,0.072,0.928,36,32,36,32,1,2,3,1,4,1,"2.57","-0.76","-0.76","38.9",,,,,
"SL","2026-04-07","82.8","-1.63","5.77","López, Reynaldo",666176,625643,,"ball",,,,,14,,"R","R","R","LAA","ATL","B",,,0,0,2026,"0.38","0.21",0.2889873108169621,1.3629605680586718,,,,0,2,"Bot",,,,,,,3.583951879480814,-120.54652043204173,-3.7609419847136527,2.993482075770589,23.651410947657524,-29.57360542980092,3.305134514,1.668011811,,,,"83",2207,"6.4",824051,641680,621566,645277,663586,622761,643289,642201,660670,"54.06",,,,,,,,14,1,"Slider",2,1,2,1,1,2,2,1,"Standard","Standard",149,"0.003","0.041",,,,"-0.041",,1,1,0.656,0.656,32,27,32,27,1,0,5,1,7,1,"3.11","-0.38","-0.38","39.5",,,,,
"FC","2026-04-07","90.2","-2.71","5.84","Schultz, Paxton",695336,687606,,"ball",,,,,12,,"R","R","R","WSH","STL","B",,,1,0,2026,"0.25","1.2",0.9085755354326881,2.401148643567198,,669357,691026,0,6,"Top",,,,,,,8.298089253252307,-131.01431896345596,-4.858994283705519,0.8011870361878825,31.586340722160973,-17.495889146714056,3.141018701,1.585187008,,,,"89.3",2269,"6.2",822754,660688,678554,683083,691781,682928,695578,696285,686894,"54.35",,,,,,,,50,2,"Cutter",4,2,2,4,2,4,2,4,"Standard","Standard",198,"-0.022","0.076",,,,"-0.076",,2,-2,0.629,0.371,28,24,28,24,1,2,,1,3,1,"1.64","-0.25","-0.25","34.5",,,,,
"SL","2026-04-07","88.3","-1.93","4.79","Díaz, Edwin",676914,621242,"strikeout","called_strike",,,,,4,"Will Smith challenged (pitch result), call on the field was overturned: Davis Schneider called out on strikes.","R","R","R","TOR","LAD","S",2,,2,2,2026,"0.37","0.19",-0.7792989528352937,2.1008422555311386,,,676391,1,9,"Bot",,,,,,,1.999358814223213,-128.70273565640403,-0.6938519291247602,3.7381850565174797,26.727420229176957,-30.12964195083678,3.045357612,1.536909449,,,,"90",2317,"7.2",822831,669257,518692,690976,571970,808975,606192,681624,663656,"53.28",,0,"0",1,0,0,,73,6,"Slider",1,4,1,4,4,1,1,4,"Standard","Standard",119,"-0.026","-0.222",,,,"0.222",,-3,-3,0.041,0.041,32,27,32,27,1,1,2,1,3,1,"2.72","-0.37","-0.37","17.8",,,,,
"FF","2026-04-07","96.4","1.45","6.28","Skubal, Tarik",680777,669373,,"ball",,,,,13,,"R","R","L","MIN","DET","B",,,0,0,2026,"0.23","1.52",-0.1433363594108456,1.5283653160940425,,,,0,2,"Bot",,,,,,,-4.740351347742271,-140.03417847741522,-10.393868228172344,4.058994885069894,28.39597077165421,-10.044052445127296,3.284949147,1.657824803,,,,"97.4",2298,"6.7",823727,693307,679529,650402,805808,595879,682985,678009,656716,"53.81",,,,,,,,14,1,"4-Seam Fastball",0,0,0,0,0,0,0,0,"Standard","Standard",152,"0.004","0.041",,,,"-0.041",,0,0,0.551,0.551,29,29,30,29,1,0,6,2,5,1,"0.92","0.23","-0.23","53.1",,,,,
"SI","2026-04-07","91.8","-1.1","5.97","Civale, Aaron",641355,650644,"strikeout","called_strike",,,,,8,"Shea Langeliers challenged (pitch result), call on the field was overturned: Cody Bellinger called out on strikes.","R","L","R","NYY","ATH","S",2,,3,2,2026,"-1.43","0.92",0.23663605263014853,1.7124924784962334,,,592450,1,1,"Bot",,,,,,,6.438135557826508,-133.44335288795153,-6.609714325272188,-18.534195903986088,30.142547798486547,-19.90085683208395,3.344627625,1.687942913,,,,"90.8",2302,"5.8",823567,669127,701762,643446,691777,805779,691016,672016,671732,"54.68",,0,"0",1,0,0,,6,6,"Sinker",0,0,0,0,0,0,0,0,"Infield shade","Standard",219,"-0.034","-0.32",,,,"0.32",,0,0,0.556,0.556,31,30,31,31,1,0,7,2,5,1,"1.8","1.43","-1.43","39.7",,,,,
"FF","2026-04-07","94.6","-0.6","6.49","Pivetta, Nick",668804,601713,,"ball",,,,,13,,"R","L","R","PIT","SD","B",,,1,2,2026,"-0.22","1.68",-0.4210273000550543,1.5236136074996316,,,,2,1,"Bot",,,,,,,0.9804773268802014,-137.37504943358977,-10.960847034137975,-3.0146362438661405,30.42406787304895,-8.619729533034919,3.284071522,1.65738189,,,,"95.9",2246,"7.2",823402,666023,657757,630105,592518,593428,657656,701538,665487,"53.35",,,,,,,,6,4,"4-Seam Fastball",0,0,0,0,0,0,0,0,"Infield shade","Standard",190,"0.001","0.042",,,,"-0.042",,0,0,0.507,0.507,33,31,33,31,1,0,6,1,5,1,"0.87","0.22","-0.22","59.5",,,,,
"FF","2026-04-07","95.3","0.33","6.88","Liberatore, Matthew",678554,669461,"strikeout","called_strike",,,,,6,"Pedro Pagés challenged (pitch result), call on the field was overturned: Curtis Mead called out on strikes.","R","R","L","WSH","STL","S",2,,3,2,2026,"0.41","1.48",0.7573580339452943,2.403416082992028,,,695578,0,1,"Bot",,,,,,,0.1666662903219532,-138.6032103969655,-9.218852289860214,5.265422929140002,32.310323177520424,-11.273203765400533,3.247211286,1.638779528,,,,"95.2",2002,"6.3",822754,686780,676475,802139,669357,691026,695336,687363,691023,"54.17",,0,"0",1,0,0,,8,8,"4-Seam Fastball",0,2,0,2,2,0,0,2,"Standard","Standard",153,"-0.044","-0.315",,,,"0.315",,-2,-2,0.399,0.399,26,25,27,26,1,0,6,1,6,3,"1.04","0.41","-0.41","52.5",,,,,
"FF","2026-04-07","93.7","2.69","5.85","Freeland, Kyle",514888,607536,"strikeout","called_strike",,,,,3,"Brett Sullivan challenged (pitch result), call on the field was overturned: Jose Altuve called out on strikes.","R","R","L","COL","HOU","S",2,,0,2,2026,"0.33","0.95",0.7191392717849316,2.729238954246809,,,,2,1,"Top",,,,,,,-5.80978768269957,-136.5360904367545,-4.4129978377489065,5.240257418910283,24.60786301927803,-19.481297629307416,2.926000656,1.476673228,,,,"95.3",2427,"6.7",824375,664954,681198,650489,691720,678662,687597,666160,687859,"53.76",,0,"0",1,0,0,,3,4,"4-Seam Fastball",0,0,0,0,0,0,0,0,"Standard","Standard",146,"0.006","-0.16",,,,"0.16",,0,0,0.542,0.45799999999999996,33,36,33,36,1,0,6,1,21,1,"1.6","0.33","-0.33","30.3",,,,,
"SI","2026-04-07","98.8","-1.66","5.84","Alcantara, Sandy",553993,645261,"strikeout","called_strike",,,,,9,"Agustín Ramírez challenged (pitch result), call on the field was overturned: Eugenio Suárez called out on strikes.","R","R","R","MIA","CIN","S",2,,0,2,2026,"-1.66","1.31",0.7885310380971569,1.6507825209874498,,,,1,2,"Top",,,,,,,10.454211145860528,-143.10731661771965,-8.664448728214596,-25.28788448586704,37.91197613881857,-12.240034377926484,3.17085794,1.600246063,,,,"97.7",2442,"6.3",823887,682663,681393,669364,691594,672640,681715,805300,596103,"54.24",,0,"0",1,0,0,,8,3,"Sinker",0,0,0,0,0,0,0,0,"Infield shade","Standard",234,"0.01","-0.163",,,,"0.163",,0,0,0.53,0.47,30,34,31,35,1,0,6,1,5,1,"1.08","1.66","1.66","31.6",,,,,
"SI","2026-04-07","95.8","-1.82","5.64","Bender, Anthony",553993,669622,,"called_strike",,,,,3,,"R","R","R","MIA","CIN","S",,,3,1,2026,"-1.5","0.19",0.7921768984147424,2.8646979782142368,682829,,,2,9,"Top",,,,,,,10.13103848391477,-139.0190181080994,-1.8112712369362318,-21.884707816327634,36.191977466769515,-29.551202223291494,3.17085794,1.600246063,,,,"94",2420,"5.8",823887,682663,681393,669364,688363,672640,691594,805300,665052,"54.75",,,,,,,,66,5,"Sinker",2,1,1,2,1,2,1,2,"Infield shade","Standard",237,"0.008","-0.068",,,,"0.068",,1,-1,0.856,0.14400000000000002,31,34,31,35,1,3,2,1,2,1,"2.34","1.5","1.5","24.3",,,,,
"FF","2026-04-07","95.5","-1.72","6.08","Graceffo, Gordon",695578,700669,,"ball",,,,,14,,"R","L","R","WSH","STL","B",,,2,1,2026,"-1.05","1.23",0.9254409086113069,2.088616466311917,,,,2,6,"Bot",,,,,,,9.259732136140746,-138.669304914441,-7.445066138542735,-15.683668390848041,31.03266952956748,-14.759038951558571,3.488558071,1.760580709,,,,"95.3",1984,"6.3",822754,686780,676475,802139,669357,691026,695336,701675,691023,"54.18",,,,,,,,56,4,"4-Seam Fastball",4,2,4,2,2,4,4,2,"Infield shade","Strategic",219,"0.002","0.117",,,,"-0.117",,2,2,0.823,0.823,26,23,26,24,1,3,4,1,4,1,"1.28","1.05","-1.05","47.5",,,,,
"ST","2026-04-07","83.5","-2.9","6.26","Treinen, Blake",660821,595014,,"ball",,,,,11,,"R","L","R","TOR","LAD","B",,,0,1,2026,"1.19","0.09",-0.44232675510260944,3.529748920601488,,,,2,8,"Bot",,,,,,,3.163513673766097,-121.62631428322955,0.15083681377895042,11.171293378572313,23.927823976405215,-31.574850706271693,3.334973753,1.683070866,,,,"82.5",2504,"5.6",822831,669257,518692,690976,571970,808975,606192,681624,663656,"54.92",,,,,,,,64,2,"Sweeper",1,3,1,3,3,1,1,3,"Infield shade","Standard",53,"0.002","0.027",,,,"-0.027",,-2,-2,0.09,0.09,38,28,38,29,1,3,4,1,1,1,"3.18","-1.19","1.19","31.9",,,,,
"FF","2026-04-07","99.2","-1.31","6.16","Suarez, Robert",624428,663158,"walk","ball",,,,,13,"Jonah Heim challenged (pitch result), call on the field was confirmed: Adam Frazier walks.","R","L","R","LAA","ATL","B",,,3,2,2026,"-0.63","1.53",-0.5019585275521918,1.354822125743353,,,,0,7,"Bot",,,,,,,3.689328522830007,-143.98431633324358,-11.111608866643287,-9.58446646755798,36.661388115492095,-8.438622630576342,3.111179462,1.570127953,,,,"99.5",2401,"6.8",824051,641680,621566,645277,663586,643289,573262,642201,660670,"53.67",,0.704857,"0.7",1,0,0,,56,8,"4-Seam Fastball",2,4,2,4,4,2,2,4,"Strategic","Standard",203,"0.059","0.356",,,,"-0.356",,-2,-2,0.231,0.231,35,34,35,35,1,0,2,1,7,3,"0.82","0.63","-0.63","43.1",,,,,
"FF","2026-04-07","92.7","-0.67","6.67","Pivetta, Nick",664040,601713,,"called_strike",,,,,7,,"R","L","R","PIT","SD","S",,,0,1,2026,"-0.2","1.61",-0.5697503950319651,1.5782747854710597,,,,1,1,"Bot",,,,,,,0.7076326557957534,-134.59575501625494,-10.559024461850887,-2.5912265046675573,30.139065210912495,-10.483389708115567,3.088361221,1.558612205,,,,"93.3",2389,"6.9",823402,666023,657757,630105,592518,593428,657656,701538,665487,"53.65",,,,,,,,5,2,"4-Seam Fastball",0,0,0,0,0,0,0,0,"Infield shade","Standard",190,"-0.004","-0.052",,,,"0.052",,0,0,0.524,0.524,33,31,33,32,1,0,6,1,5,1,"1.06","0.2","-0.2","62.1",,,,,
"ST","2026-04-07","77.5","1.98","5.59","Rogers, Taylor",650402,573124,"strikeout","called_strike",,,,,7,"Ryan Jeffers challenged (pitch result), call on the field was overturned: Gleyber Torres called out on strikes.","R","R","L","MIN","DET","S",2,,0,2,2026,"-1.28","0.28",-0.7224988009200448,1.7410373078866663,,678009,805808,2,7,"Top",,,,,,,-3.2730736705353216,-112.77637925195435,-1.4400134820106398,-10.040268500690617,24.68481395711421,-29.722642816563337,3.12960958,1.579429134,,,,"75.9",2594,"5.6",823727,680777,605170,807712,668904,686797,668885,621439,670242,"54.9",,0,"0",1,0,0,,58,3,"Sweeper",4,1,1,4,1,4,1,4,"Standard","Standard",284,"0.027","-0.178",,,,"0.178",,3,-3,0.914,0.08599999999999997,35,29,36,30,1,3,2,1,3,1,"3.57","-1.28","1.28","28.1",,,,,
"SI","2026-04-07","94","-2.43","4.94","Topa, Justin",682985,623437,,"ball",,,,,13,,"R","L","R","MIN","DET","B",,,1,0,2026,"-1.55","0.15",-0.9215689571073986,2.307617678747892,805808,,,2,9,"Top",,,,,,,7.232754342413327,-136.56747346247235,-1.1838142901077664,-20.95471362273941,33.38175936633761,-30.226703107696867,3.303379265,1.667125984,,,,"92.2",2301,"5.5",823727,680777,605170,807712,668904,686797,668885,621439,670242,"54.98",,,,,,,,77,2,"Sinker",4,2,2,4,2,4,2,4,"Infield shade","Standard",248,"-0.008","0.024",,,,"-0.024",,2,-2,0.956,0.04400000000000004,35,25,35,26,1,4,2,1,1,1,"2.46","1.55","-1.55","11.1",,,,,
"FF","2026-04-07","95.8","-1.14","5.71","Franco, Jose",665052,683742,,"called_strike",,,,,1,,"R","L","R","MIA","CIN","S",,,1,0,2026,"-0.65","1.52",-0.75831387491619,3.0721255481797987,,,,1,7,"Bot",,,,,,,2.5243767621915723,-139.41503694168958,-4.640011025855913,-9.087649364912206,35.24156986859292,-11.57025110141314,3.234046916,1.632135827,,,,"95.8",2409,"6.6",823887,663886,701398,680574,663647,682829,668715,670770,682622,"53.91",,,,,,,,52,2,"4-Seam Fastball",2,0,2,0,0,2,2,0,"Infield shade","Standard",213,"-0.001","-0.049",,,,"0.049",,2,2,0.877,0.877,25,28,26,29,1,0,8,2,2,1,"0.99","0.65","-0.65","41.1",,,,,
"FF","2026-04-07","97.3","-2.93","5.4","Varland, Louis",669257,686973,,"called_strike",,,,,9,,"R","R","R","TOR","LAD","S",,,2,0,2026,"-0.79","1.35",0.41160394001625666,1.48194524066971,,690976,,2,7,"Top",,,,,,,10.787599366357135,-141.11149078729272,-7.937836113747858,-13.048053566020082,32.43395017790073,-12.455474371443364,3.137508202,1.583415354,,,,"98.2",2110,"7",822831,678218,665489,676391,672960,665926,660821,662139,664770,"53.51",,,,,,,,52,3,"4-Seam Fastball",1,3,3,1,3,1,3,1,"Standard","Standard",217,"0.002","-0.051",,,,"0.051",,-2,2,0.193,0.8069999999999999,28,31,29,31,1,3,4,2,1,1,"1.08","0.79","0.79","39.4",,,,,
"CH","2026-04-06","80.9","-1.93","6.6","Wacha, Michael",700932,608379,,"ball",,,,,14,,"R","L","R","CLE","KC","B",,,0,0,2026,"-1.03","0.88",0.888062090890988,2.1834506134705207,,800050,608070,1,6,"Bot",,,,,,,8.291583669964558,-117.43479936135836,-4.608166082697115,-11.24013236583669,24.697915342626533,-23.34761593484324,3.187532808,1.608661417,,,,"81.3",1470,"6.9",824456,521692,686469,663697,672580,677951,686555,664728,695506,"53.55",,,,,,,,48,1,"Changeup",1,2,1,2,2,1,1,2,"Standard","Standard",235,"0.01","0.031",,,,"-0.031",,-1,-1,0.466,0.466,34,25,35,26,3,2,9,1,5,1,"2.65","1.03","-1.03","52.7",,,,,
"CH","2026-04-06","80.5","3.37","5.2","Fleming, Josh",606192,676596,,"ball",,,,,12,,"R","R","L","TOR","LAD","B",,,1,0,2026,"1.11","-0.31",0.9135176503337699,2.4138484773467113,808975,,518692,2,4,"Top",,,,,,,-7.568415142359221,-117.03567565311111,1.30477657629666,11.632425582460252,21.785138476607028,-35.510566498166106,3.199819554,1.614862205,,,,"81.1",1401,"6.7",822832,623168,665489,676391,672960,665926,676914,662139,664702,"53.82",,,,,,,,35,2,"Changeup",1,5,5,1,5,1,5,1,"Standard","Standard",95,"-0.002","0.023",,,,"-0.023",,-4,4,0.123,0.877,30,33,30,34,2,2,,1,,1,"3.83","1.11","-1.11","25.7",,,,,
"CH","2026-04-06","86.7","-1.58","5.7","Houser, Adrian",607208,605288,,"ball",,,,,13,,"R","R","R","SF","PHI","B",,,1,2,2026,"-1.18","0.45",-0.8358494295263939,1.5269136822093317,,592663,702222,0,3,"Top",,,,,,,4.269147547616875,-126.19441560850528,-4.56844746852688,-13.514904972506088,24.2689177645239,-26.634779016145657,3.244578412,1.637450787,,,,"87.9",1579,"6.9",823237,672275,646240,650333,656305,642715,671218,664056,808982,"53.61",,,,,,,,19,6,"Changeup",0,0,0,0,0,0,0,0,"Standard","Standard",231,"-0.009","0.058",,,,"-0.058",,0,0,0.416,0.5840000000000001,33,33,33,33,2,1,5,1,6,1,"2.56","1.18","1.18","37.0",,,,,
"CU","2026-04-06","78.9","2.41","5.83","Waldichuk, Ken",669357,686610,,"called_strike",,,,,2,,"R","L","L","WSH","STL","S",,,0,0,2026,"-1.2","-0.21",-0.15590639581654808,3.2614048032669225,,,,0,8,"Top",,,,,,,-3.2359661238645443,-114.8483900911789,1.8490199116339732,-10.01565988110124,21.828091080552372,-34.60966217286555,3.217372047,1.623720472,,,,"79.2",2299,"6.5",822755,686452,678554,683083,691781,682928,695734,696285,695578,"53.97",,,,,,,,65,1,"Curveball",3,4,4,3,4,3,4,3,"Standard","Standard",303,"0.003","-0.039",,,,"0.039",,-1,1,0.255,0.745,28,26,28,26,2,3,3,1,6,1,"3.88","-1.2","-1.2","38.5",,,,,
"SI","2026-04-06","93","-2.27","5.94","Weiss, Ryan",691720,680802,,"ball",,,,,14,,"R","R","R","COL","HOU","B",,,0,0,2026,"-0.93","0.96",0.1511562195847066,1.4999910321446328,650489,686668,664983,2,5,"Bot",,,,,,,8.162469910193984,-135.17581595152475,-7.54028788088748,-13.031354601578732,26.55519606995742,-18.92986366396681,3.431512467,1.731791339,,,,"93.2",2326,"6.2",824376,673237,572233,514888,621043,665161,694388,676694,701358,"54.28",,,,,,,,47,1,"Sinker",7,3,7,3,3,7,7,3,"Infield shade","Standard",208,"0.003","0.032",,,,"-0.032",,4,4,0.936,0.936,29,23,30,24,2,2,3,1,4,1,"1.66","0.93","0.93","40.5",,,,,
"FF","2026-04-06","98.6","-0.35","6.72","Stanek, Ryne",695578,592773,,"called_strike",,,,,4,,"R","L","R","WSH","STL","S",,,1,1,2026,"-0.83","1.63",-0.5963034472973967,2.8947287523899723,,686452,686894,1,8,"Bot",,,,,,,1.3104069071617994,-143.36265254894195,-8.438435087512476,-11.708209234952712,36.85589643910662,-7.994425940918253,3.488558071,1.760580709,,,,"97.5",2393,"6",822755,671056,676475,802139,602104,691026,701675,687363,691023,"54.53",,,,,,,,75,3,"4-Seam Fastball",3,6,3,6,6,3,3,6,"Standard","Standard",210,"-0.017","-0.058",,,,"0.058",,-3,-3,0.151,0.151,34,23,35,24,1,4,1,1,4,1,"0.74","0.83","-0.83","50.0",,,,,
"FF","2026-04-06","98.4","-2.17","5.54","Klein, Will",664702,694361,,"ball",,,,,14,,"R","R","R","TOR","LAD","B",,,2,2,2026,"-0.91","1.28",0.8689086656038671,1.7240519534655263,672960,,,2,6,"Bot",,,,,,,10.434706190429047,-142.83867518300187,-7.793668546037609,-14.766781037234503,32.248477339925664,-13.00514901910955,3.073441601,1.551082677,,,,"99.9",2273,"7.2",822832,687221,518692,690976,571970,808975,606192,669743,663656,"53.29",,,,,,,,59,5,"4-Seam Fastball",1,9,1,9,9,1,1,9,"Standard","Standard",216,"0","0.063",,,,"-0.063",,-8,-8,0.007,0.007,26,31,27,32,1,2,5,2,6,4,"1.08","0.91","0.91","45.6",,,,,
"FC","2026-04-06","87.3","2.62","5.4","Alexander, Tyler",668227,641302,,"called_strike",,,,,1,,"R","R","L","TEX","SEA","S",,,2,1,2026,"0.05","0.88",-0.5866212857739579,2.9894300956001763,,,,1,7,"Top",,,,,,,-7.748454478862481,-126.97974211796087,-1.313508757563132,2.114251546543714,25.764876393833713,-22.606969436435183,3.127854331,1.578543307,,,,"87.5",2343,"6.4",822918,643376,669394,669701,673962,608369,694671,694497,607043,"54.06",,,,,,,,47,4,"Cutter",2,1,1,2,1,2,1,2,"Standard","Standard",155,"0.01","-0.07",,,,"0.07",,1,-1,0.731,0.269,31,31,32,31,1,2,2,1,5,1,"2.11","0.05","-0.05","34.5",,,,,
"SI","2026-04-06","91.1","-1.52","5.91","Woodruff, Brandon",575929,605540,,"ball",,,,,14,,"R","R","R","BOS","MIL","B",,,2,0,2026,"-1.4","1.38",0.3569993354941887,1.4661844111109017,701350,,,1,1,"Bot",,,,,,,7.747249531585107,-132.20203332835393,-8.021370288179138,-18.069702108165217,28.097580542541277,-14.443256331711819,3.229658793,1.62992126,,,,"91.4",2200,"6.6",824783,661388,641343,668930,650859,666152,663368,669003,686217,"53.87",,,,,,,,8,3,"Sinker",0,0,0,0,0,0,0,0,"Strategic","Standard",205,"0.006","0.064",,,,"-0.064",,0,0,0.6,0.6,33,34,33,34,1,0,6,1,6,1,"1.38","1.4","1.4","41.8",,,,,
"CH","2026-04-06","77.8","-1.98","6.74","Wacha, Michael",800050,608379,,"called_strike",,,,,4,,"R","L","R","CLE","KC","S",,,2,1,2026,"-1.24","0.65",-0.735651381701607,2.3338869359503653,,,680757,0,1,"Bot",,,,,,,4.986554673678195,-113.13568963733198,-3.48666775230082,-11.558774090696092,22.17406108682111,-26.11525682054931,3.339361877,1.685285433,,,,"78.3",1522,"6.8",824456,521692,686469,663697,672580,677951,686555,664728,695506,"53.69",,,,,,,,6,4,"Changeup",0,0,0,0,0,0,0,0,"Infield shade","Standard",239,"-0.01","-0.078",,,,"0.078",,0,0,0.588,0.588,34,24,35,25,1,0,9,1,5,1,"3.14","1.24","-1.24","56.7",,,,,
"FF","2026-04-06","96.2","-1.43","6.3","Keller, Brad",646240,641745,"strikeout","called_strike",,,,,9,"J.T. Realmuto challenged (pitch result), call on the field was overturned: Rafael Devers called out on strikes.","R","L","R","SF","PHI","S",2,,3,2,2026,"-0.15","1.55",0.634366973104112,1.7290350339644442,,,,0,8,"Bot",,,,,,,5.706610268001686,-139.7310859295531,-9.77405009044125,-3.2043520578794134,31.642910512597854,-9.782902276714752,3.217372047,1.623720472,,,,"95.6",2391,"6",823237,592663,547180,681082,664761,607208,669016,702222,666969,"54.47",,0,"0",1,0,0,,71,6,"4-Seam Fastball",4,6,4,6,6,4,4,6,"Standard","Standard",193,"-0.056","-0.345",,,,"0.345",,-2,-2,0.179,0.179,30,29,31,30,1,3,2,1,4,1,"0.92","0.15","-0.15","49.8",,,,,
"SI","2026-04-06","96.7","-2.59","6.34","Bowlan, Jonathan",666464,680742,,"called_strike",,,,,6,,"R","R","R","SF","PHI","S",,,1,1,2026,"-1.11","1.11",0.6078392650966473,2.264861688622955,,,,0,6,"Bot",,,,,,,11.031680479672326,-140.37087197576113,-7.7047988596871875,-17.032964735394255,29.48963269645477,-15.867507570186351,3.400795604,1.71628937,,,,"97.5",2385,"6.7",823237,592663,547180,681082,664761,607208,669016,702222,666969,"53.8",,,,,,,,51,3,"Sinker",4,2,4,2,2,4,4,2,"Standard","Standard",213,"-0.003","-0.061",,,,"0.061",,2,2,0.844,0.844,29,28,30,29,1,2,5,1,2,1,"1.32","1.11","1.11","42.8",,,,,
"SL","2026-04-06","89.1","-1.87","5.66","Bigge, Hunter",666185,685801,,"called_strike",,,,,2,,"R","L","R","TB","CHC","S",,,1,1,2026,"0.2","0.61",0.14669123418166247,2.9773729695803524,,,,1,7,"Top",,,,,,,4.478954792392703,-129.70439886931769,-1.6290119490753683,1.2620880130132421,29.849644529857127,-25.19204303075013,3.271784777,1.651181102,,,,"89.4",2294,"6.7",823002,663743,666018,810938,691406,670764,802415,656775,641584,"53.81",,,,,,,,52,3,"Slider",4,3,3,4,3,4,3,4,"Standard","Standard",129,"0.008","-0.064",,,,"0.064",,1,-1,0.738,0.262,28,27,28,28,1,0,3,1,4,,"2.28","-0.2","0.2","52.1",,,,,
"CU","2026-04-06","81.2","-1.96","5.38","Morgan, David",664040,688158,,"called_strike",,,,,4,,"R","L","R","PIT","SD","S",,,1,0,2026,"1.01","-1.14",-0.7922804110340999,2.3557038982094003,,,,0,8,"Bot",,,,,,,0.6154760591445085,-118.12725692387372,2.3064690190363297,9.24103765004517,24.375402712462844,-43.52911441276991,3.088361221,1.558612205,,,,"80.3",2516,"5.9",823401,666023,657757,630105,592518,593428,657656,701538,665487,"54.65",,,,,,,,67,2,"Curveball",0,5,0,5,5,0,0,5,"Infield shade","Standard",55,"-0.002","-0.05",,,,"0.05",,-5,-5,0.024,0.024,26,31,27,32,1,3,6,1,3,1,"4.63","-1.01","1.01","42.7",,,,,
"FC","2026-04-05","82.5","-2.11","6.14","Paddack, Chris",519317,663978,,"called_strike",,,,,9,,"R","R","R","NYY","MIA","S",,,0,0,2026,"0.04","0.07",0.3188708018530844,1.628462393749183,,,700250,2,7,"Bot",,,,,,,5.444279791747226,-120.12860590531486,-3.6926768984704585,-0.6788598376770221,22.544254927469968,-31.009049989128226,3.431512467,1.731791339,,,,"83.5",1992,"6.8",823566,689414,681393,669364,691594,672640,681715,805300,683357,"53.68",,,,,,,,60,1,"Cutter",4,3,4,3,3,4,4,3,"Infield shade","Standard",131,"-0.003","-0.042",,,,"0.042",,1,1,0.765,0.765,30,36,30,37,3,3,6,1,5,2,"3.27","-0.04","-0.04","49.6",,,,,
"CH","2026-04-05","92.4","-1.31","5.92","Cabrera, Edward",800050,665795,,"called_strike",,,,,7,,"R","L","R","CLE","CHC","S",,,0,0,2026,"-1.24","0.35",-0.6784074471681136,1.844315607717217,692216,,,1,6,"Bot",,,,,,,4.350490875312887,-134.4691219046961,-5.096018236257924,-15.958838148942936,30.721530143245168,-26.978531511162647,3.339361877,1.685285433,,,,"92.3",1750,"6.3",824459,665804,683737,663538,807713,621020,664023,691718,624424,"54.15",,,,,,,,41,1,"Changeup",0,0,0,0,0,0,0,0,"Strategic","Standard",241,"-0.014","-0.045",,,,"0.045",,0,0,0.658,0.658,28,24,28,25,3,2,6,2,6,0,"2.33","1.24","-1.24","36.2",,,,,
"SL","2026-04-05","85.9","1.2","5.93","Povich, Cade",665833,700249,,"ball",,,,,13,,"R","L","L","PIT","BAL","B",,,0,1,2026,"-0.44","0.47",-0.3150549080128648,1.5259332192692296,,,,0,8,"Bot",,,,,,,-2.631086895465144,-125.14462699055393,-4.963353268487934,-4.213265206536367,23.005128282676885,-26.48492436007222,3.515764436,1.774311024,,,,"86",2500,"6.1",823405,694212,624413,669236,677942,683002,621493,665750,641933,"54.38",,,,,,,,67,2,"Slider",8,2,8,2,2,8,8,2,"Infield shade","Standard",213,"0","0.031",,,,"-0.031",,6,6,0.998,0.998,26,27,26,28,3,4,,1,7,1,"2.59","-0.44","-0.44","43.7",,,,,
"FF","2026-04-05","93.7","-1.12","6.53","Woods Richardson, Simeon",650490,680573,"strikeout","called_strike",,,,,7,"Ryan Jeffers challenged (pitch result), call on the field was overturned: Yandy Díaz called out on strikes.","R","R","R","MIN","TB","S",2,,0,2,2026,"-0.37","1.79",-0.6397093885506456,1.7106345052850624,680700,,676439,2,5,"Top",,,,,,,2.0712613151849437,-136.02156063121197,-10.532409596793373,-5.002066358204636,31.014091599535853,-7.807206697563743,3.227903543,1.629035433,,,,"94.5",2307,"7",823729,680777,665019,807712,656484,686797,663616,668885,670242,"53.52",,0,"0",1,0,0,,32,3,"4-Seam Fastball",1,1,1,1,1,1,1,1,"Standard","Standard",197,"0.04","-0.174",,,,"0.174",,0,0,0.527,0.473,25,34,26,35,3,2,6,1,5,1,"0.83","0.37","0.37","54.5",,,,,
"SI","2026-04-05","92.5","-1.76","4.97","Webb, Logan",673357,657277,,"ball",,,,,14,,"R","R","R","SF","NYM","B",,,0,0,2026,"-1.32","-0.07",0.8445939249071883,1.6821895627088557,,,,2,6,"Top",,,,,,,9.580271064200176,-134.29504603281873,-2.1824126028256137,-18.034984968434433,29.986835161633007,-32.695643526479536,3.310400263,1.670669291,,,,"93.3",1891,"6.9",823238,672275,646240,650333,656305,642715,671218,664056,808982,"53.57",,,,,,,,39,1,"Sinker",0,1,1,0,1,0,1,0,"Infield shade","Standard",248,"-0.001","0.037",,,,"-0.037",,-1,1,0.384,0.616,29,28,30,29,3,2,5,2,6,2,"2.75","1.32","1.32","24.7",,,,,
"FF","2026-04-05","91","-2.81","5.76","Sugano, Tomoyuki",665561,608372,,"called_strike",,,,,1,,"R","L","R","COL","PHI","S",,,2,0,2026,"-0.27","1.19",-0.7050392549496449,3.121570741251669,,,,1,5,"Top",,,,,,,5.790414359657171,-132.60164468436116,-3.225123699496761,-4.329831814086492,24.60935606182964,-17.514801386957174,3.055889108,1.542224409,,,,"91.3",2468,"6.1",824379,696100,687859,666397,650489,678662,687597,664983,666160,"54.4",,,,,,,,35,3,"4-Seam Fastball",3,1,1,3,1,3,1,3,"Strategic","Standard",214,"0.007","-0.066",,,,"0.066",,2,-2,0.77,0.22999999999999998,36,27,37,27,2,1,6,6,5,2,"1.52","0.27","-0.27","35.7",,,,,
"SI","2026-04-05","96","-2.24","5.24","Castillo, Luis",694384,622491,,"called_strike",,,,,6,,"R","L","R","LAA","SEA","S",,,0,0,2026,"-1.47","0.55",0.7812117785592367,2.2434649950918866,,545361,,0,3,"Bot",,,,,,,11.110185493526469,-139.36689216973724,-3.353210826360942,-21.606875607535446,30.215424319886225,-24.39686862052911,3.290214895,1.660482283,,,,"94.8",2121,"5.7",824053,641598,647304,702284,660844,641487,668227,677594,670042,"54.85",,,,,,,,29,1,"Sinker",1,2,1,2,2,1,1,2,"Standard","Standard",233,"-0.008","-0.043",,,,"0.043",,-1,-1,0.51,0.51,33,24,34,24,2,1,6,1,6,2,"1.93","1.47","-1.47","27.8",,,,,
"FC","2026-04-05","87.9","3.66","5.31","Lopez, Jacob",621043,682052,,"ball",,,,,12,,"R","R","L","ATH","HOU","B",,,2,2,2026,"-0.25","0.52",0.17839123381277167,3.691454596039686,,669397,514888,2,3,"Top",,,,,,,-7.82247730033863,-127.70586181055359,1.3214091724980561,-0.9836760139803414,28.40293458882246,-27.039563288768612,3.336729003,1.683956693,,,,"88",2297,"6.6",825025,669127,701762,643446,691777,805779,691016,671732,666126,"53.88",,,,,,,,20,5,"Cutter",0,0,0,0,0,0,0,0,"Standard","Standard",174,"-0.012","0.079",,,,"-0.079",,0,0,0.513,0.487,28,31,28,32,2,1,6,1,6,1,"2.46","-0.25","0.25","22.4",,,,,
"SL","2026-04-05","79.6","-2.07","6.47","Walker, Taijuan",650489,592836,,"called_strike",,,,,7,,"R","L","R","COL","PHI","S",,,0,0,2026,"0.65","0.16",-0.5196934579608331,1.5685573282163077,,,,0,4,"Bot",,,,,,,2.0863029207438606,-115.93739583477789,-4.046798403070211,5.472503222017977,21.35722919825765,-30.15555911662227,3.203330053,1.616633858,,,,"78.6",2379,"5.5",824379,665561,547180,681082,664761,607208,669016,702222,666969,"55.03",,,,,,,,30,1,"Slider",3,1,3,1,1,3,3,1,"Standard","Standard",94,"-0.002","-0.039",,,,"0.039",,2,2,0.786,0.786,33,29,34,29,2,1,6,1,6,1,"3.42","-0.65","0.65","41.3",,,,,
"FF","2026-04-05","93.2","-2.68","5.85","Sugano, Tomoyuki",664761,608372,"strikeout","called_strike",,,,,4,"Hunter Goodman challenged (pitch result), call on the field was overturned: Alec Bohm called out on strikes.","R","R","R","COL","PHI","S",2,,3,2,2026,"-0.24","1.21",-0.7483149768906163,2.7679471025843645,,,,0,4,"Top",,,,,,,5.395966512715149,-135.74108360713302,-4.708724242048738,-4.034240678823239,27.86849987407465,-16.29937828021926,3.406938976,1.719389764,,,,"93.1",2399,"6.1",824379,696100,687859,666397,650489,678662,687597,664983,666160,"54.44",,0,"0",1,0,0,,27,7,"4-Seam Fastball",3,1,1,3,1,3,1,3,"Standard","Strategic",213,"0.034","-0.345",,,,"0.345",,2,-2,0.722,0.278,36,29,37,30,2,1,6,1,5,1,"1.39","0.24","0.24","37.1",,,,,
"ST","2026-04-05","84.7","-1.26","5.33","McCullers Jr., Lance",669127,621121,,"ball",,,,,12,,"R","R","R","ATH","HOU","B",,,1,1,2026,"1.28","0.45",1.0939567422174021,2.4077192249817374,,,701762,1,3,"Bot",,,,,,,2.8098459920032797,-123.21097459865,-1.0890906725852325,12.25084049247978,27.77325669606767,-27.678806700373773,3.18226706,1.606003937,,,,"83.7",2827,"6",825025,673237,572233,514888,621043,669397,694388,676694,701358,"54.52",,,,,,,,23,3,"Sweeper",0,0,0,0,0,0,0,0,"Infield shade","Standard",78,"0.023","0.063",,,,"-0.063",,0,0,0.556,0.556,32,28,33,29,2,1,6,1,6,2,"2.77","-1.28","-1.28","30.7",,,,,
"FF","2026-04-05","94.4","2.63","4.95","Harrison, Kyle",686469,690986,,"ball",,,,,13,,"R","L","L","KC","MIL","B",,,1,2,2026,"1.15","1.25",-0.8396537834665807,2.1242665708406263,,677951,,1,3,"Bot",,,,,,,-11.50083103377633,-136.96318903581547,-4.242706387052613,17.080576982326118,31.707097325859074,-15.644753229028884,3.363057743,1.697244095,,,,"94",2452,"6.3",824131,661388,596142,668930,650859,687401,663368,663604,682641,"54.16",,,,,,,,25,4,"4-Seam Fastball",2,3,2,3,3,2,2,3,"Infield shade","Standard",135,"0.007","0.026",,,,"-0.026",,-1,-1,0.447,0.447,24,28,25,29,2,1,6,1,6,1,"1.33","1.15","1.15","32.9",,,,,
"FC","2026-04-05","89.1","-1.36","5.39","McCullers Jr., Lance",701762,621121,,"called_strike",,,,,4,,"R","L","R","ATH","HOU","S",,,1,1,2026,"0.14","0.9",-0.7612968069372908,2.2970492062159704,,,,1,3,"Bot",,,,,,,1.157526825654278,-129.78571919358478,-3.287813050255725,1.311396465467943,28.460020212432152,-21.490582016274175,3.413082349,1.722490158,,,,"88.8",2246,"6.2",825025,673237,572233,514888,621043,669397,694388,676694,701358,"54.34",,,,,,,,22,3,"Cutter",0,0,0,0,0,0,0,0,"Infield shade","Standard",206,"-0.004","-0.064",,,,"0.064",,0,0,0.529,0.529,32,23,33,23,2,1,6,1,6,2,"1.97","-0.14","0.14","34.0",,,,,
"SI","2026-04-05","93.4","-2.15","5.42","Leahy, Kyle",679529,681517,"walk","ball",,,,,11,"Pedro Pagés challenged (pitch result), call on the field was confirmed: Spencer Torkelson walks. Parker Meadows to 2nd.","R","R","R","DET","STL","B",,,3,2,2026,"-1.06","0.79",-1.0329092390992045,2.9990245614586293,,,678009,2,2,"Bot",,,,,,,5.305584964048346,-135.9386399340472,-2.097949023812585,-14.286366631554296,30.791999210890307,-22.104143474534744,3.232291667,1.63125,,,,"94.9",2118,"7.2",824296,686780,676475,802139,669357,695336,701675,687363,691023,"53.27",,0.704857,"0.7",1,0,0,,15,7,"Sinker",0,0,0,0,0,0,0,0,"Standard","Standard",206,"0.019","0.24",,,,"-0.24",,0,0,0.527,0.527,29,26,29,27,1,0,6,1,6,1,"1.83","1.06","1.06","40.3",,,,,
"SL","2026-04-05","84.4","-2.27","5.72","Montero, Keider",671056,672456,"strikeout","called_strike",,,,,9,"Dillon Dingler challenged (pitch result), call on the field was overturned: Iván Herrera called out on strikes.","R","R","R","DET","STL","S",2,,0,2,2026,"0.66","0.01",0.8166227854232633,1.981255027585303,,,,0,4,"Top",,,,,,,5.7628805867877775,-122.96434770740845,-2.2050012830424954,5.69641865175405,21.81435555209006,-31.913760013515535,3.173490814,1.601574803,,,,"84.9",2583,"6.3",824296,693307,679529,650402,805808,595879,682985,678009,681481,"54.19",,0,"0",1,0,0,,26,3,"Slider",2,0,0,2,0,2,0,2,"Standard","Standard",82,"0.016","-0.165",,,,"0.165",,2,-2,0.74,0.26,25,26,26,26,2,1,,1,5,1,"3.16","-0.66","-0.66","40.4",,,,,
"FF","2026-04-05","96.5","-1.57","6.26","Brown, Ben",677587,676962,,"ball",,,,,14,,"R","L","R","CLE","CHC","B",,,1,0,2026,"-0.91","1.47",0.6243937322969538,1.42713656090761,,,,0,7,"Bot",,,,,,,7.889044866975958,-139.86732797679502,-10.373549887743934,-13.772119541104868,34.67392065058922,-10.58263851705648,3.068175853,1.548425197,,,,"96.4",2183,"6.7",824460,608348,683737,663538,608324,621020,666185,691718,807713,"53.85",,,,,,,,56,2,"4-Seam Fastball",3,3,3,3,3,3,3,3,"Standard","Standard",211,"0.011","0.077",,,,"-0.077",,0,0,0.594,0.594,26,25,27,25,1,2,5,0,3,1,"1.02","0.91","-0.91","42.0",,,,,
"FF","2026-04-05","96.1","-3.27","5.57","Klassen, George",660844,691946,,"called_strike",,,,,7,,"R","L","R","LAA","SEA","S",,,0,0,2026,"-1.02","1.16",-0.5516586167449176,1.4440112367770925,668227,702284,641598,1,2,"Top",,,,,,,9.461676380459348,-139.47324944808068,-7.738199528918583,-15.518353988462275,31.879270522782534,-15.424435041357064,3.006742126,1.51742126,,,,"96",2111,"6.4",824053,681351,694384,624428,600869,687263,666139,545361,666176,"54.1",,,,,,,,14,1,"4-Seam Fastball",1,0,0,1,0,1,0,1,"Standard","Standard",227,"0.012","-0.05",,,,"0.05",,1,-1,0.492,0.508,24,28,24,29,1,0,,1,6,1,"1.33","1.02","-1.02","39.8",,,,,
"CH","2026-04-05","87.4","-2.39","5.61","Montero, Keider",687363,672456,,"called_strike",,,,,7,,"R","L","R","DET","STL","S",,,0,1,2026,"-1.21","0.76",-0.7399250744865635,1.8118385555905847,,,,1,3,"Top",,,,,,,6.48507591494375,-127.05678110561121,-4.409535907998709,-14.437861343039991,25.188520923201416,-23.17525923100399,3.136630577,1.582972441,,,,"87.8",2151,"6.5",824296,693307,679529,650402,805808,595879,682985,678009,681481,"53.97",,,,,,,,18,2,"Changeup",0,0,0,0,0,0,0,0,"Infield shade","Standard",224,"0.004","-0.052",,,,"0.052",,0,0,0.528,0.472,25,25,26,25,1,0,,1,5,1,"2.22","1.21","-1.21","36.8",,,,,
"FF","2026-04-05","96.8","-1.52","6.31","Brown, Ben",595978,676962,,"called_strike",,,,,9,,"R","R","R","CLE","CHC","S",,,0,0,2026,"-0.58","1.39",0.6928741366187587,1.600014242039157,656555,,672356,2,6,"Bot",,,,,,,7.225889269880194,-140.57610394526247,-10.066063360864222,-9.289949959445407,31.23969494368653,-11.563944643730364,3.206840551,1.618405512,,,,"97.6",2275,"6.8",824460,608348,683737,663538,608324,621020,666185,691718,807713,"53.67",,,,,,,,51,1,"4-Seam Fastball",3,3,3,3,3,3,3,3,"Standard","Standard",207,"-0.011","-0.035",,,,"0.035",,0,0,0.575,0.575,26,33,27,34,1,2,5,6,3,2,"1.04","0.58","0.58","45.7",,,,,
"SL","2026-04-05","83.2","-0.21","7.05","Fairbanks, Pete",669224,664126,"strikeout","called_strike",,,,,8,"Liam Hicks challenged (pitch result), call on the field was overturned: Austin Wells called out on strikes.","R","L","R","NYY","MIA","S",2,,2,2,2026,"0.39","-0.47",-0.12928703744668602,1.6041995464223358,,,519317,2,1,"Bot",,,,,,,-0.6045377284077125,-121.19800178146792,-4.804856689896174,3.9491874048718945,24.759777661414194,-36.01837714907985,3.254232283,1.642322835,,,,"83.1",2456,"6.3",823566,689414,681393,669364,691594,672640,681715,805300,596103,"54.2",,0,"0",1,0,0,,12,5,"Slider",3,1,3,1,1,3,3,1,"Infield shade","Standard",23,"-0.014","-0.216",,,,"0.216",,2,2,0.712,0.712,32,26,33,27,1,0,5,1,9,2,"3.77","-0.39","0.39","61.1",,,,,
"CU","2026-04-05","85.3","-1.04","6.09","Ashcraft, Braxton",687637,677952,"strikeout","called_strike",,,,,2,"Henry Davis challenged (pitch result), call on the field was overturned: Dylan Beavers called out on strikes.","R","L","R","PIT","BAL","S",2,,2,2,2026,"0.85","-0.72",0.22375220309507482,3.250135342927546,,,,2,2,"Top",,,,,,,1.2049193883820082,-124.24836772083188,1.25092799471495,8.572338348057567,23.786562944375248,-40.14780887132062,3.417470472,1.724704724,,,,"85.1",2844,"6",823405,680779,687462,664040,694377,804606,663968,665833,656811,"54.47",,0,"0",1,0,0,,12,5,"Curveball",2,0,0,2,0,2,0,2,"Infield shade","Standard",48,"0.009","-0.224",,,,"0.224",,2,-2,0.738,0.262,26,24,27,25,1,0,6,1,6,2,"3.84","-0.85","0.85","39.9",,,,,
"CH","2026-04-05","88.1","-2.08","4.55","Legumina, Casey",694384,668984,,"called_strike",,,,,9,,"R","L","R","LAA","SEA","S",,,0,0,2026,"-1.09","0.28",0.7441659217806678,1.8238614036251,624428,,672724,1,8,"Bot",,,,,,,9.160365117326748,-128.07973815891168,-0.9500919851894171,-13.76030740657,24.176246210665745,-29.080903107519692,3.290214895,1.660482283,,,,"89.2",1369,"6.9",824053,641598,647304,702284,660844,641487,668227,677594,670042,"53.64",,,,,,,,74,1,"Changeup",6,5,6,5,5,6,6,5,"Standard","Standard",238,"-0.006","-0.041",,,,"0.041",,1,1,0.908,0.908,29,24,29,24,1,4,5,1,6,2,"2.64","1.09","-1.09","17.4",,,,,
"SI","2026-04-05","92.3","-0.81","5.58","Buehler, Walker",807799,621111,,"called_strike",,,,,9,,"R","L","R","BOS","SD","S",,,0,1,2026,"-1.23","0.77",0.7618575458963888,1.696456855433582,,,677800,1,2,"Bot",,,,,,,6.684540657527151,-134.21689558008208,-5.577523046894585,-16.272825608503364,27.601697105732395,-21.89038777893394,3.021661745,1.524950787,,,,"92.9",1889,"6.6",824781,669134,592206,630105,592518,593428,657656,701538,665487,"53.93",,,,,,,,12,2,"Sinker",0,0,0,0,0,0,0,0,"Infield shade","Standard",209,"-0.008","-0.047",,,,"0.047",,0,0,0.55,0.55,31,32,32,33,1,0,6,1,5,1,"1.9","1.23","-1.23","45.2",,,,,
"FC","2026-04-05","87.8","-2.14","5.77","Cecconi, Slade",663538,677944,,"called_strike",,,,,2,,"R","R","R","CLE","CHC","S",,,0,0,2026,"0.27","0.36",-0.15075531954213583,3.132123836767556,,,,1,2,"Top",,,,,,,4.205672225918321,-127.83311554288493,-0.8827815327868573,2.1627754156770926,24.899940971121413,-28.213967966906896,3.185777559,1.607775591,,,,"88.4",2330,"6.5",824459,666310,700932,677587,682177,672356,692216,680757,800050,"54",,,,,,,,8,1,"Cutter",0,0,0,0,0,0,0,0,"Standard","Standard",167,"0.003","-0.039",,,,"0.039",,0,0,0.523,0.477,27,29,27,29,1,0,7,2,5,0,"2.58","-0.27","-0.27","36.3",,,,,
"FF","2026-04-05","94","-2.75","5.38","Sterner, Justin",669397,686993,,"ball",,,,,14,,"R","R","R","ATH","HOU","B",,,1,0,2026,"-0.7","1.57",0.19826803954537908,1.3244258253550725,,,676694,2,6,"Top",,,,,,,9.174374445711647,-136.3325775561878,-8.073926927532337,-10.809980122870225,31.77999508542104,-10.981335945780504,3.006742126,1.51742126,,,,"94.4",2363,"6.8",825025,669127,701762,643446,691777,805779,691016,671732,666126,"53.67",,,,,,,,51,2,"4-Seam Fastball",5,3,3,5,3,5,3,5,"Standard","Standard",215,"-0.006","0.048",,,,"-0.048",,2,-2,0.812,0.18799999999999994,29,27,30,28,1,2,5,1,2,6,"1.04","0.7","0.7","39.3",,,,,
"FC","2026-04-05","90.4","-2.88","5.45","Pfaadt, Brandon",573262,694297,,"called_strike",,,,,2,,"R","L","R","AZ","ATL","S",,,0,0,2026,"-0.1","0.6",-0.08918369102128798,3.0851245032574868,,,,2,1,"Top",,,,,,,7.0721158912175035,-131.43651937744923,-1.0246468104299251,-2.6657874725931348,28.730670924951603,-25.2850645688755,3.125221457,1.577214567,,,,"90.3",2609,"6.3",825102,543510,467793,606466,571448,672695,694374,678489,682998,"54.15",,,,,,,,4,1,"Cutter",0,1,1,0,1,0,1,0,"Standard","Standard",216,"0.001","-0.043",,,,"0.043",,-1,1,0.438,0.562,27,35,28,36,1,0,5,1,6,1,"2.21","0.1","-0.1","22.9",,,,,
"SI","2026-04-05","98.1","-0.34","6.05","Rodriguez, Bradgley",701350,699134,,"called_strike",,,,,7,,"R","L","R","BOS","SD","S",,,0,0,2026,"-1.17","1.05",-0.5611469832891819,2.1014488723837585,807799,,665966,2,6,"Bot",,,,,,,2.1596683184687056,-142.59515365794815,-7.366508831359543,-16.354063811550176,35.731049863057585,-16.346367033383377,3.326197507,1.678641732,,,,"97.8",2173,"6.4",824781,669134,664034,630105,592518,593428,657656,701538,665487,"54.1",,,,,,,,54,1,"Sinker",4,6,4,6,6,4,4,6,"Infield shade","Standard",209,"-0.011","-0.035",,,,"0.035",,-2,-2,0.261,0.261,22,22,23,22,1,3,5,1,2,1,"1.34","1.17","-1.17","41.3",,,,,
"ST","2026-04-05","83.2","-2.47","5.18","Bender, Anthony",700250,669622,,"ball",,,,,11,,"R","L","R","NYY","MIA","B",,,0,2,2026,"1.75","0.43",-1.0140691586142225,3.1042902790104256,,,641355,1,9,"Bot",,,,,,,-0.18133659944698788,-121.08077379769146,1.0575707352488908,17.0905735148186,26.63995427719415,-28.44742015712125,3.280561024,1.655610236,,,,"81.5",2724,"5.4",823566,689414,688363,669364,691594,672640,665052,805300,683357,"55.06",,,,,,,,79,3,"Sweeper",4,7,4,7,7,4,4,7,"Infield shade","Standard",74,"0.003","0.01",,,,"-0.01",,-3,-3,0.034,0.034,31,27,31,27,1,4,1,1,2,2,"2.9","-1.75","1.75","8.5",,,,,
"SI","2026-04-05","94.9","1.16","6.01","Fried, Max",805300,608331,,"ball",,,,,13,,"R","L","L","NYY","MIA","B",,,1,2,2026,"0.82","0.29",-0.9104376861151333,2.3278292434892682,,,596103,1,1,"Top",,,,,,,-7.252376762155235,-137.969262266873,-4.423803957423819,12.12672175519348,30.343154110688,-27.675108442461596,3.212106299,1.621062992,,,,"95.5",2234,"6.7",823566,669224,700250,665862,641857,676609,641355,663757,592450,"53.85",,,,,,,,3,4,"Sinker",0,0,0,0,0,0,0,0,"Infield shade","Standard",147,"-0.02","0.044",,,,"-0.044",,0,0,0.506,0.494,32,25,32,25,1,0,5,1,6,1,"2.24","0.82","0.82","47.1",,,,,
"FF","2026-04-05","93.6","2.8","5.99","De Jesus, Enmanuel",676475,646241,,"called_strike",,,,,4,,"R","L","L","DET","STL","S",,,0,0,2026,"0.98","1.4",-0.7972235874401712,2.37806514784217,,,671056,2,5,"Top",,,,,,,-11.239795426205184,-135.6849541009602,-6.416196889033823,14.567681079075243,29.921430912757987,-13.522720116459189,3.215616798,1.622834646,,,,"92.7",2305,"6",824296,693307,679529,650402,805808,595879,682985,678009,681481,"54.49",,,,,,,,40,1,"4-Seam Fastball",2,4,4,2,4,2,4,2,"Infield shade","Standard",144,"0.003","-0.042",,,,"0.042",,-2,2,0.27,0.73,29,27,30,28,1,2,6,1,3,1,"1.22","0.98","0.98","44.7",,,,,
"SL","2026-04-05","81.4","-0.58","6.96","Fairbanks, Pete",592450,664126,,"called_strike",,,,,7,,"R","R","R","NYY","MIA","S",,,2,0,2026,"0.58","-0.58",-0.7634990977001725,2.207995408281725,,,663757,0,1,"Bot",,,,,,,-1.5445250319321233,-118.61210038443447,-2.6889009287595456,5.799493716220002,22.84424081852014,-37.34268266819603,3.522785433,1.777854331,,,,"81.3",2462,"6.2",823566,689414,681393,669364,691594,672640,681715,805300,596103,"54.33",,,,,,,,7,3,"Slider",0,1,0,1,1,0,0,1,"Standard","Standard",47,"-0.011","-0.066",,,,"0.066",,-1,-1,0.503,0.503,32,34,33,34,1,0,5,1,9,2,"4.01","-0.58","-0.58","56.6",,,,,
"SI","2026-04-05","94.8","-2.26","5.6","Montero, Keider",671056,672456,,"called_strike",,,,,9,,"R","R","R","DET","STL","S",,,0,0,2026,"-1.41","1.01",0.7273077701901405,1.8186732645032364,,,,1,1,"Top",,,,,,,10.921267803864907,-137.47681736488266,-6.195902561777387,-20.405061282579922,33.708359495457415,-18.11968546861189,3.173490814,1.601574803,,,,"94.4",2275,"6.5",824296,693307,679529,650402,805808,595879,682985,678009,681481,"53.99",,,,,,,,2,1,"Sinker",0,0,0,0,0,0,0,0,"Standard","Standard",211,"0.002","-0.039",,,,"0.039",,0,0,0.522,0.478,25,26,26,26,1,0,,1,5,1,"1.57","1.41","1.41","38.3",,,,,
"FF","2026-04-05","90.1","2.88","4.92","Bernardino, Brennan",656941,657514,"strikeout","called_strike",,,,,3,"Hunter Goodman challenged (pitch result), call on the field was overturned: Kyle Schwarber called out on strikes.","R","L","L","COL","PHI","S",2,,1,2,2026,"0.58","0.8",0.8175346903974,2.7434574192593324,,,,1,8,"Top",,,,,,,-6.222257087108725,-131.27463870218486,-1.1198088169368487,7.815700912983389,21.63373266310062,-22.753712552435484,3.180511811,1.60511811,,,,"89.9",2274,"5.6",824379,696100,687859,650489,691720,678662,687597,686668,666160,"54.88",,0,"0",1,0,0,,58,4,"4-Seam Fastball",4,1,1,4,1,4,1,4,"Infield shade","Standard",123,"0.01","-0.18",,,,"0.18",,3,-3,0.956,0.04400000000000004,34,33,34,33,1,3,1,1,4,1,"1.95","0.58","0.58","16.7",,,,,
"FF","2026-04-05","95","-2.12","4.69","Legumina, Casey",666139,668984,,"called_strike",,,,,6,,"R","L","R","LAA","SEA","S",,,0,0,2026,"-1.14","1.3",0.6794910280842807,2.491851458074416,,,,1,7,"Bot",,,,,,,9.949302746727986,-137.91947067882052,-2.822469737198084,-16.857733687328885,34.45784013801774,-15.263833134393803,3.355159121,1.693257874,,,,"95.6",2245,"7.1",824053,641598,647304,702284,660844,641487,668227,677594,670042,"53.43",,,,,,,,66,1,"4-Seam Fastball",6,5,6,5,5,6,6,5,"Standard","Standard",228,"-0.002","-0.039",,,,"0.039",,1,1,0.77,0.77,29,28,29,28,1,3,5,1,6,2,"1.27","1.14","-1.14","22.3",,,,,
"FF","2026-04-05","94.8","1.46","5.87","Sabrowski, Erik",666185,681870,"strikeout","called_strike",,,,,3,"Austin Hedges challenged (pitch result), call on the field was overturned: Dylan Carlson called out on strikes.","R","R","L","CLE","CHC","S",2,,3,2,2026,"0.75","1.63",0.7180501387067826,2.914279807985351,,,,1,7,"Top",,,,,,,-3.6527039597230764,-137.83704003453207,-5.542944639434053,10.366990892361265,34.533589491686534,-10.423858491999534,3.271784777,1.651181102,,,,"95.2",2523,"6.8",824460,595978,656555,677587,608070,672356,682657,680757,692216,"53.65",,0,"0",1,0,0,,53,6,"4-Seam Fastball",3,3,3,3,3,3,3,3,"Standard","Standard",142,"0.035","-0.332",,,,"0.332",,0,0,0.533,0.46699999999999997,28,27,29,28,1,2,4,,2,1,"0.94","0.75","-0.75","44.4",,,,,
"FC","2026-04-05","91.1","-1.95","5.25","Festa, Matt",683737,670036,,"called_strike",,,,,7,,"R","L","R","CLE","CHC","S",,,0,1,2026,"0.33","0.71",-0.38908567872332095,1.7530232111433943,,,608348,1,6,"Top",,,,,,,3.157631630247958,-132.72047835963977,-4.256857421892608,3.2470718468212985,27.224799471130094,-23.08703481995006,3.166469816,1.598031496,,,,"91.4",2384,"6.3",824460,595978,656555,677587,608070,672356,682657,680757,681807,"54.17",,,,,,,,41,2,"Cutter",0,1,1,0,1,0,1,0,"Infield shade","Standard",179,"0.008","-0.047",,,,"0.047",,-1,1,0.343,0.657,33,28,33,29,1,2,2,0,3,1,"2.02","-0.33","0.33","38.7",,,,,
"ST","2026-04-05","77.4","4.24","4.17","Milner, Hoby",800050,571948,,"ball",,,,,13,,"R","L","L","CLE","CHC","B",,,0,1,2026,"-1.01","0.03",-0.17019838487072625,1.5213586881313828,,,680757,0,8,"Bot",,,,,,,-7.454131879587647,-112.62159263587581,1.386176365361394,-7.4737672190525455,18.466567690274953,-32.358798527868814,3.339361877,1.685285433,,,,"78.2",1726,"6.6",824459,665804,683737,663538,807713,621020,664023,691718,666185,"53.86",,,,,,,,58,2,"Sweeper",0,1,0,1,1,0,0,1,"Standard","Standard",307,"0.008","0.034",,,,"-0.034",,-1,-1,0.393,0.393,35,24,35,25,1,3,2,2,2,0,"3.75","-1.01","-1.01","-4.9",,,,,
"FF","2026-04-05","97.4","-0.41","6.69","Baker, Bryan",807712,641329,,"ball",,,,,13,,"R","R","R","MIN","TB","B",,,1,0,2026,"-0.63","1.7",-0.6285486782079763,1.488123404654544,,,,1,9,"Bot",,,,,,,0.9163952597731382,-141.33836516983192,-12.08358763220642,-8.634459656594329,35.83316668594429,-6.715734854056571,3.213861549,1.621948819,,,,"97.2",2512,"6.6",823729,663743,666018,680700,691406,810938,802415,656775,676356,"53.9",,,,,,,,64,2,"4-Seam Fastball",1,1,1,1,1,1,1,1,"Standard","Standard",196,"0.011","0.071",,,,"-0.071",,0,0,0.587,0.587,31,23,32,24,1,3,7,1,1,1,"0.74","0.63","0.63","56.2",,,,,
"FO","2026-04-05","82.7","-1.84","6.15","Senga, Kodai",642715,673540,"strikeout","called_strike",,,,,7,"Francisco Alvarez challenged (pitch result), call on the field was overturned: Willy Adames called out on strikes.","R","R","R","SF","NYM","S",2,,2,2,2026,"-0.96","0.05",-0.5167427280739146,1.5407028409645012,,,,0,1,"Bot",,,,,,,4.855890327190076,-120.20357632972318,-3.7618141669483043,-10.26883179631346,25.992055539075114,-31.069957410580948,3.22351542,1.626820866,,,,"82.1",944,"6.2",823238,682626,668901,543760,666182,596019,676724,673357,701807,"54.31",,0,"0",1,0,0,,4,6,"Forkball",0,0,0,0,0,0,0,0,"Standard","Standard",241,"-0.019","-0.232",,,,"0.232",,0,0,0.545,0.545,33,30,33,31,1,0,5,1,6,1,"3.32","0.96","0.96","48.8",,,,,
"SI","2026-04-05","91.4","3.46","5.16","Strahm, Matt",668930,621381,"walk","ball",,,,,12,"Salvador Perez challenged (pitch result), call on the field was confirmed: Brice Turang walks.","R","L","L","KC","MIL","B",,,3,1,2026,"1.56","1.01",0.25582626091367033,3.376878253939379,,,,0,7,"Top",,,,,,,-11.370530810055133,-132.5933675797866,-0.6252284849035264,20.878937378648597,28.481324157217507,-20.376784731077763,3.21035105,1.620177165,,,,"91.2",2460,"6.3",824131,521692,686469,663697,672580,677951,679845,657041,516782,"54.17",,0.704857,"0.7",1,0,0,,52,5,"Sinker",2,4,4,2,4,2,4,2,"Standard","Standard",140,"-0.014","0.262",,,,"-0.262",,-2,2,0.176,0.8240000000000001,34,26,35,27,1,3,3,1,1,1,"1.74","1.56","1.56","29.2",,,,,
"SL","2026-04-05","85.1","-1.99","5.75","Bender, Anthony",641355,669622,,"ball",,,,,14,,"R","L","R","NYY","MIA","B",,,2,0,2026,"0.48","0.15",0.9790725830632585,1.8488490866029776,,,,1,9,"Bot",,,,,,,5.885227871967486,-123.66992849473353,-2.7472676762843156,3.4145246316420534,29.71508534237163,-30.266764317595957,3.344627625,1.687942913,,,,"84.2",2633,"6.2",823566,689414,688363,669364,691594,672640,665052,805300,683357,"54.28",,,,,,,,78,3,"Slider",4,7,4,7,7,4,4,7,"Infield shade","Standard",66,"0.009","0.143",,,,"-0.143",,-3,-3,0.026,0.026,31,30,31,31,1,4,1,1,2,2,"3.06","-0.48","0.48","24.2",,,,,
"SI","2026-04-05","90","-3.79","3.66","Thompson, Ryan",622761,657044,,"ball",,,,,14,,"R","R","R","AZ","ATL","B",,,0,0,2026,"-0.92","-0.89",0.3024898254476227,1.426787919100136,,,,1,7,"Top",,,,,,,12.031040351696834,-130.43904364633653,2.6241441870990556,-13.08605622192888,28.540175867400837,-43.20867188978393,3.198064305,1.613976378,,,,"90",1913,"6.6",825102,543510,545121,606466,571448,672695,694374,678489,682998,"53.88",,,,,,,,52,1,"Sinker",4,3,3,4,3,4,3,4,"Standard","Standard",283,"-0.005","0.039",,,,"-0.039",,1,-1,0.736,0.264,34,31,34,31,1,2,2,3,2,2,"3.74","0.92","0.92","-11.9",,,,,
"FF","2026-04-05","87.5","3.25","6.13","Suter, Brent",702284,608718,,"ball",,,,,12,,"R","L","L","LAA","SEA","B",,,0,0,2026,"-0.07","1.33",0.5353862106479506,3.4306812020163298,,668227,641487,2,5,"Top",,,,,,,-6.437260768666675,-127.1989569821554,-2.9399314250203363,0.6984501798143353,28.082436838682316,-17.40889129262139,3.133120079,1.581200787,,,,"88.6",2131,"7.2",824053,681351,694384,624428,600869,687263,666139,545361,666176,"53.28",,,,,,,,47,1,"4-Seam Fastball",4,2,2,4,2,4,2,4,"Standard","Standard",166,"-0.004","0.024",,,,"-0.024",,2,-2,0.756,0.244,36,22,37,23,1,2,2,1,3,1,"1.67","-0.07","-0.07","54.0",,,,,
"SL","2026-04-05","84.5","-0.96","6.57","Granillo, Andre",669743,701552,,"called_strike",,,,,6,,"R","R","R","WSH","LAD","S",,,2,1,2026,"0.21","0.5",0.826227049947116,2.3626254253098002,,,,2,9,"Top",,,,,,,3.6557801938412435,-122.96399412760294,-4.186743670838981,1.3728539142294771,24.79065230730613,-26.520601944228275,3.160326444,1.594931102,,,,"84.1",2415,"6",822756,686452,671277,683083,691781,682928,695734,686894,695578,"54.46",,,,,,,,78,4,"Slider",6,8,8,6,8,6,8,6,"Standard","Standard",111,"0.001","-0.073",,,,"0.073",,-2,2,0.09,0.91,26,31,26,32,1,4,2,1,1,1,"2.7","-0.21","-0.21","41.0",,,,,
"CU","2026-04-05","79.9","-1.98","5.72","Leahy, Kyle",690993,681517,,"called_strike",,,,,4,,"R","L","R","DET","STL","S",,,1,1,2026,"0.73","-1.21",-0.7061579897072154,2.50669525576624,,,,0,1,"Bot",,,,,,,1.3889277179939115,-116.25530212087172,2.2660893601484142,6.282375421347868,23.372628983371122,-43.7378357144661,3.27792815,1.654281496,,,,"80.7",2231,"7",824296,686780,676475,802139,669357,695336,701675,687363,691023,"53.48",,,,,,,,4,3,"Curveball",0,0,0,0,0,0,0,0,"Standard","Standard",43,"-0.006","-0.061",,,,"0.061",,0,0,0.547,0.547,29,24,29,25,1,0,6,1,6,1,"4.8","-0.73","0.73","48.6",,,,,
"FF","2026-04-05","96.3","-0.95","5.98","Leasure, Jordan",543807,673929,,"ball",,,,,11,,"R","R","R","CWS","TOR","B",,,0,1,2026,"-0.08","1.41",-0.1486911364069728,3.5775586356502647,,662139,676391,2,7,"Top",,,,,,,2.2949881840426074,-140.20699425433605,-3.919065250319786,-1.5880240820074623,31.91443100117541,-12.905787201685317,3.267396654,1.648966535,,,,"97.1",2201,"6.7",824620,700337,808959,805367,678246,695657,669720,682668,656537,"53.77",,,,,,,,56,2,"4-Seam Fastball",3,0,0,3,0,3,0,3,"Standard","Standard",199,"-0.005","0.018",,,,"-0.018",,3,-3,0.903,0.09699999999999998,27,36,28,37,1,3,2,1,2,1,"1.05","0.08","0.08","54.0",,,,,
"FF","2026-04-04","93.7","-1.03","5.94","Meyer, Max",641857,676974,,"called_strike",,,,,7,,"R","L","R","NYY","MIA","S",,,1,1,2026,"-0.79","1.42",-0.7546227291946803,1.6867249665740816,,,,0,5,"Bot",,,,,,,2.46540474793706,-136.2067317780279,-8.088794001425901,-10.383937415026713,34.08277706129557,-12.934793432104053,3.31742126,1.674212598,,,,"92.8",2449,"6.2",823569,682663,681393,669364,691594,672640,681715,805300,596103,"54.34",,,,,,,,43,3,"4-Seam Fastball",0,4,0,4,4,0,0,4,"Infield shade","Standard",218,"-0.005","-0.061",,,,"0.061",,-4,-4,0.121,0.121,27,31,27,32,2,1,6,1,5,1,"1.21","0.79","-0.79","43.9",,,,,
"SL","2026-04-04","91.4","-0.91","5.99","Meyer, Max",676609,676974,,"called_strike",,,,,9,,"R","R","R","NYY","MIA","S",,,1,1,2026,"0.14","-0.07",0.6603335417144417,1.4456634930365864,,,,2,4,"Bot",,,,,,,3.602428687216371,-133.16075060156018,-5.228797663865465,1.0007670684762158,26.839249184250747,-32.14943462360763,3.083095472,1.555954724,,,,"91.7",2653,"6.3",823569,682663,681393,669364,691594,672640,681715,805300,596103,"54.23",,,,,,,,39,3,"Slider",0,4,0,4,4,0,0,4,"Standard","Standard",315,"-0.002","-0.062",,,,"0.062",,-4,-4,0.111,0.111,27,29,27,30,2,1,6,1,5,1,"2.78","-0.14","-0.14","43.6",,,,,
"SI","2026-04-04","93.8","-1.77","6.21","Avila, Luinder",666152,679883,,"called_strike",,,,,4,,"R","L","R","KC","MIL","S",,,2,0,2026,"-0.93","0.93",-0.8085687407485163,2.5262138057408787,,,663604,0,4,"Top",,,,,,,4.598996214061764,-136.5466435941711,-5.761433522739084,-12.676296283354858,26.966547420814347,-19.52622089626096,3.134875328,1.582086614,,,,"94.9",2218,"6.7",824132,521692,686469,679845,672580,677951,686555,664728,695506,"53.81",,,,,,,,33,3,"Sinker",0,5,5,0,5,0,5,0,"Strategic","Standard",200,"0.003","-0.066",,,,"0.066",,-5,5,0.066,0.9339999999999999,24,28,25,29,2,1,,3,4,0,"1.64","0.93","-0.93","55.2",,,,,
"CH","2026-04-04","87","-2.15","5.85","Vásquez, Randy",701350,681190,,"ball",,,,,14,,"R","L","R","BOS","SD","B",,,2,2,2026,"-1.89","0.37",0.06699926214815077,1.3516854131705496,,,,2,5,"Bot",,,,,,,9.13106225634423,-126.2172246970937,-5.0427363772895974,-22.072351639897505,27.04311340412583,-27.284825770285526,3.326197507,1.678641732,,,,"86.2",1902,"6.1",824782,666023,664034,630105,592518,593428,657656,669369,665487,"54.42",,,,,,,,43,5,"Changeup",1,2,1,2,2,1,1,2,"Infield shade","Standard",248,"0.006","0.104",,,,"-0.104",,-1,-1,0.354,0.354,27,22,28,22,3,2,7,1,5,1,"2.67","1.89","-1.89","28.8",,,,,
"SI","2026-04-04","94.4","-1.31","6.2","Glasnow, Tyler",696285,607192,,"ball",,,,,13,,"R","R","R","WSH","LAD","B",,,1,1,2026,"-0.84","1.08",-0.0039539055891258945,1.2595942195043883,,,,0,5,"Bot",,,,,,,5.381747010833331,-137.09374310375512,-9.526626207059385,-11.768158212071778,29.180564525277507,-16.712936373596925,3.187532808,1.608661417,,,,"96.6",2608,"7.6",822757,669257,518692,690976,571970,500743,669743,681624,663656,"52.92",,,,,,,,48,3,"Sinker",2,9,2,9,9,2,2,9,"Standard","Standard",187,"0.001","0.055",,,,"-0.055",,-7,-7,0.026,0.026,32,26,33,27,2,1,7,1,6,1,"1.48","0.84","0.84","61.1",,,,,
"SI","2026-04-04","91.9","1.95","5.79","Matz, Steven",605137,571927,"walk","ball",,,,,13,"Hunter Feduccia challenged (pitch result), call on the field was confirmed: Josh Bell walks.","R","R","L","MIN","TB","B",,,3,2,2026,"1.14","1.08",-0.8918081327352188,2.0103859432730014,,,,2,3,"Bot",,,,,,,-9.664395524064718,-133.46936537861853,-5.892766405747219,15.767922616863006,28.946038059648448,-18.10598392112277,3.334973753,1.683070866,,,,"92.2",2310,"6.6",823730,676439,666018,680700,691406,810938,802415,656775,641584,"53.91",,0.704857,"0.7",1,0,0,,29,6,"Sinker",1,4,1,4,4,1,1,4,"Standard","Standard",130,"0.01","0.259",,,,"-0.259",,-3,-3,0.198,0.198,35,33,35,34,2,1,6,1,6,1,"1.63","1.14","-1.14","41.4",,,,,
"SI","2026-04-04","96.6","2.52","5.45","Weathers, Ryan",805300,677960,,"called_strike",,,,,4,,"R","L","L","NYY","MIA","S",,,1,1,2026,"1.6","0.88",-0.5998645521513899,2.7095125016782653,,596103,682663,2,2,"Top",,,,,,,-11.836528603262842,-140.16000501179144,-3.5256563740540727,23.850624450807576,33.70414076884723,-19.89693296774698,3.212106299,1.621062992,,,,"95.7",2282,"6.1",823569,669224,700250,665862,641857,676609,641355,663757,592450,"54.41",,,,,,,,16,3,"Sinker",0,3,3,0,3,0,3,0,"Standard","Standard",131,"0.007","-0.063",,,,"0.063",,-3,3,0.227,0.773,26,25,27,25,2,1,5,1,5,1,"1.59","1.6","1.6","34.1",,,,,
"SI","2026-04-04","98.1","-1.79","5.04","Dollander, Chase",664761,801403,,"ball",,,,,13,,"R","R","R","COL","PHI","B",,,0,1,2026,"-1.28","0.05",-0.06714162796842604,1.4069938112185776,,,,0,6,"Top",,,,,,,7.618917929855328,-142.78095976234474,-4.2993819966428735,-19.236842926481106,29.868988904731815,-30.712275438276368,3.406938976,1.719389764,,,,"98.5",2360,"6.3",824378,664954,687859,650489,691720,678662,687597,686668,671289,"54.19",,,,,,,,41,2,"Sinker",1,2,2,1,2,1,2,1,"Standard","Standard",233,"-0.003","0.031",,,,"-0.031",,-1,1,0.344,0.656,24,29,25,30,2,2,5,1,5,1,"2.3","1.28","1.28","19.5",,,,,
"SI","2026-04-04","95.4","-1.39","6.25","Kochanowicz, Jack",647304,686799,,"called_strike",,,,,1,,"R","L","R","LAA","SEA","S",,,3,0,2026,"-1.13","0.36",-0.4242672038389994,3.1425101686899617,660844,,677594,2,3,"Top",,,,,,,5.1094822179799095,-138.9260175547552,-3.235961356900014,-15.776795441427195,28.53256726949659,-26.990909168398026,3.110301837,1.569685039,,,,"96",2083,"6.4",824054,681351,694384,672724,660162,687263,666139,545361,666176,"54.1",,,,,,,,22,4,"Sinker",1,0,0,1,0,1,0,1,"Standard","Standard",218,"0.007","-0.045",,,,"0.045",,1,-1,0.593,0.40700000000000003,25,29,26,29,2,1,6,1,6,1,"2.12","1.13","-1.13","39.4",,,,,
"SI","2026-04-04","95.3","2.7","5.33","Weathers, Ryan",596103,677960,"walk","ball",,,,,12,"Austin Wells challenged (pitch result), call on the field was confirmed: Austin Slater walks.","R","R","L","NYY","MIA","B",,,3,2,2026,"1.57","0.77",0.5679828398115996,3.403771906853796,669364,,,2,2,"Top",,,,,,,-9.044515970192482,-138.5021743920819,-0.9514987796518287,22.278993611016304,32.983635961048144,-22.36584365662247,3.257742782,1.644094488,,,,"94.2",2318,"5.9",823569,669224,700250,665862,641857,676609,641355,663757,592450,"54.62",,0.704857,"0.7",1,0,0,,14,6,"Sinker",0,2,2,0,2,0,2,0,"Standard","Standard",126,"-0.008","0.155",,,,"-0.155",,-2,2,0.31,0.69,26,33,27,34,2,1,5,1,5,1,"1.76","1.57","-1.57","32.0",,,,,
"FF","2026-04-04","95.5","-1.87","4.89","Imai, Tatsuya",701762,837227,,"ball",,,,,12,,"R","L","R","ATH","HOU","B",,,0,0,2026,"-0.94","0.71",0.4019706666246039,3.6847898838253306,,,691777,2,3,"Bot",,,,,,,8.017388509355138,-138.9535077884672,0.9346534118432069,-13.978964458557538,29.747498475221697,-23.355642602172598,3.413082349,1.722490158,,,,"95.2",1983,"6",825027,543877,572233,514888,621043,665161,670541,676694,694388,"54.48",,,,,,,,31,1,"4-Seam Fastball",0,4,0,4,4,0,0,4,"Infield shade","Standard",240,"0.002","0.035",,,,"-0.035",,-4,-4,0.141,0.141,28,23,28,23,2,1,6,1,6,1,"1.78","0.94","-0.94","19.3",,,,,
"FF","2026-04-04","94.9","-0.77","5.93","Meyer, Max",663757,676974,,"called_strike",,,,,9,,"R","L","R","NYY","MIA","S",,,2,1,2026,"-0.44","1.47",0.7849497866482704,1.8059432830756332,,,641857,0,3,"Bot",,,,,,,5.013826268833448,-137.7822872902751,-8.111908206417397,-6.82685829244757,34.189858578013826,-11.85378707164268,3.138385827,1.583858268,,,,"94.2",2522,"6.2",823569,682663,681393,669364,691594,672640,681715,805300,596103,"54.26",,,,,,,,27,4,"4-Seam Fastball",0,3,0,3,3,0,0,3,"Infield shade","Standard",225,"-0.012","-0.078",,,,"0.078",,-3,-3,0.282,0.282,27,29,27,30,2,1,6,1,5,1,"1.1","0.44","-0.44","49.7",,,,,
"CU","2026-04-04","79.6","2.86","5.52","Early, Connelly",669369,813349,,"ball",,,,,14,,"R","R","L","BOS","SD","B",,,1,2,2026,"-1.04","-0.64",0.15968161376906198,1.4679151031507973,666023,664034,,1,2,"Top",,,,,,,-3.8562166574761076,-115.7939650196098,-0.5396432243566974,-8.393265348179366,25.576824634943396,-38.02008877071493,3.185777559,1.607775591,,,,"79.3",2277,"6.5",824782,665966,575929,691785,702332,596115,680776,678882,677800,"53.99",,,,,,,,12,4,"Curveball",0,0,0,0,0,0,0,0,"Infield shade","Standard",325,"-0.013","0.038",,,,"-0.038",,0,0,0.434,0.5660000000000001,24,30,24,31,1,0,6,1,6,8,"4.3","-1.04","1.04","36.9",,,,,
"FC","2026-04-04","87.9","-1.55","5.41","Roupp, Landen",543760,694738,,"called_strike",,,,,8,,"R","R","R","SF","NYM","S",,,1,0,2026,"0.38","0.48",0.11503058065792804,1.7707895033684569,,668901,676724,1,2,"Top",,,,,,,3.1515336901822057,-127.99511263016105,-3.5266110876067405,3.6064056765223205,24.758418376482908,-26.393375851270978,3.212106299,1.621062992,,,,"87.5",2508,"5.9",823239,672275,666464,650333,656305,642715,671218,664056,808982,"54.65",,,,,,,,11,2,"Cutter",0,0,0,0,0,0,0,0,"Infield shade","Standard",156,"0.008","-0.045",,,,"0.045",,0,0,0.452,0.548,27,35,28,36,1,0,5,1,6,1,"2.45","-0.38","-0.38","26.3",,,,,
"ST","2026-04-04","84.5","2.67","5.38","Hall, DL",686469,669084,,"called_strike",,,,,7,,"R","L","L","KC","MIL","S",,,0,1,2026,"-0.95","-0.03",-0.7586449326357323,1.745597157218346,,,,2,8,"Bot",,,,,,,-6.015185729567596,-122.8771409097336,-1.7704245584456917,-8.319528351482715,25.93567411867682,-32.344680944265,3.363057743,1.697244095,,,,"85.3",2654,"7",824134,596142,641343,668930,666152,687401,663604,669003,663368,"53.5",,,,,,,,72,2,"Sweeper",8,2,8,2,2,8,8,2,"Infield shade","Standard",293,"0","-0.057",,,,"0.057",,6,6,0.997,0.997,27,28,28,29,1,4,3,0,3,1,"3.25","-0.95","-0.95","41.8",,,,,
"SI","2026-04-04","94.4","-1.6","5.47","Svanson, Matt",693307,694335,"strikeout","called_strike",,,,,9,"Pedro Pagés challenged (pitch result), call on the field was overturned: Dillon Dingler called out on strikes.","R","R","R","DET","STL","S",2,,0,2,2026,"-1.61","0.44",0.706623550783049,1.5955556376540858,,,,2,7,"Bot",,,,,,,9.675617059879018,-137.0818141319521,-5.200884922772892,-22.384021230268516,30.18710333576875,-25.61731948040198,3.271784777,1.651181102,,,,"95.5",2170,"7",824295,686780,676475,802139,669357,695336,701675,687363,691023,"53.48",,0,"0",1,0,0,,68,4,"Sinker",9,6,9,6,6,9,9,6,"Standard","Standard",234,"-0.002","-0.16",,,,"0.16",,3,3,0.93,0.93,27,27,27,28,2,3,5,1,2,1,"2.13","1.61","1.61","26.4",,,,,
"FF","2026-04-04","94.8","-0.86","5.68","Patrick, Chad",686555,694477,,"called_strike",,,,,1,,"R","L","R","KC","MIL","S",,,0,0,2026,"-0.75","1.39",-0.6693683701123235,2.7677481812297673,,,695506,2,2,"Bot",,,,,,,2.1760262809282036,-138.04544085720795,-4.928259704667717,-10.05355528241108,29.2503103773063,-13.48634379482507,3.012885499,1.520521654,,,,"94.6",2226,"6",824132,661388,641343,668930,650859,666152,663604,669003,686217,"54.48",,,,,,,,17,1,"4-Seam Fastball",0,2,0,2,2,0,0,2,"Standard","Standard",220,"-0.004","-0.042",,,,"0.042",,-2,-2,0.312,0.312,27,28,28,29,1,0,7,2,6,0,"1.13","0.75","-0.75","37.6",,,,,
"SI","2026-04-04","98.2","-2.55","5.3","Sproat, Brandon",695600,687075,,"called_strike",,,,,8,,"R","L","R","KC","MIL","S",,,0,0,2026,"-1.14","0.3",0.008181314094514835,1.5059559698300289,,,,2,4,"Bot",,,,,,,9.52859394449741,-142.68959338813258,-5.299540553828382,-17.775301581518526,31.27909554291389,-27.083154182949897,3.191043307,1.610433071,,,,"98.4",2046,"6.4",824134,596142,641343,668930,666152,687401,663604,669003,663368,"54.12",,,,,,,,34,1,"Sinker",2,2,2,2,2,2,2,2,"Infield shade","Standard",227,"-0.002","-0.043",,,,"0.043",,0,0,0.513,0.513,25,22,26,23,1,1,6,0,7,2,"2.06","1.14","-1.14","26.9",,,,,
"FF","2026-04-04","93.4","-1.56","5.4","Pagán, Emilio",669701,641941,"walk","ball",,,,,13,"Jose Trevino challenged (pitch result), call on the field was confirmed: Josh Smith walks.","R","L","R","TEX","CIN","B",,,3,2,2026,"-0.97","1.58",-0.223333271539634,1.3665755886430864,,,,2,9,"Bot",,,,,,,5.599470287882692,-135.726182180573,-7.928427376418721,-13.19192496990796,32.31450539220514,-11.061211935242763,3.068175853,1.548425197,,,,"93.6",2536,"6.7",822920,624431,701398,680574,663647,682829,670770,667472,668715,"53.85",,0.704857,"0.7",1,0,0,,70,6,"4-Seam Fastball",0,2,0,2,2,0,0,2,"Infield shade","Standard",212,"0.026","0.259",,,,"-0.259",,-2,-2,0.02,0.02,35,28,35,29,1,3,1,1,2,1,"1.06","0.97","-0.97","41.1",,,,,
"SI","2026-04-04","96.8","-1.38","6.24","Glasnow, Tyler",678554,607192,,"called_strike",,,,,7,,"R","R","R","WSH","LAD","S",,,0,1,2026,"-0.94","1.43",-0.5633423976209359,1.5872513006026787,,,,1,2,"Bot",,,,,,,4.4192178172229974,-140.61213962918293,-10.115161799631986,-13.41226466555582,31.035866182689244,-11.10201363459655,3.247211286,1.638779528,,,,"98.8",2642,"7.4",822757,669257,518692,690976,571970,500743,669743,681624,663656,"53.08",,,,,,,,20,2,"Sinker",0,5,0,5,5,0,0,5,"Standard","Standard",187,"-0.002","-0.052",,,,"0.052",,-5,-5,0.108,0.108,32,25,33,26,1,0,7,3,6,1,"1.01","0.94","0.94","55.3",,,,,
"CU","2026-04-04","74.9","2.02","6.21","Harris, Hogan",673237,663687,"walk","ball",,,,,11,"Shea Langeliers challenged (pitch result), call on the field was confirmed: Yainer Diaz walks. Joey Loperfido to 2nd.","R","R","L","ATH","HOU","B",,,3,2,2026,"-0.44","-1.23",-0.4865203093764261,3.386065977022297,,,694388,0,6,"Top",,,,,,,-4.288545482022615,-108.83178093927621,3.8674168773934317,-2.614999960221018,21.999350035651247,-42.842660875627594,3.161204068,1.595374016,,,,"74.2",2642,"6.2",825027,669127,701762,643446,691777,805779,691016,672016,671732,"54.28",,0.704857,"0.7",1,0,0,,52,8,"Curveball",0,8,8,0,8,0,8,0,"Standard","Standard",333,"-0.002","0.34",,,,"-0.34",,-8,8,0.007,0.993,29,27,30,28,1,3,3,1,1,1,"5.35","-0.44","0.44","59.5",,,,,
"FF","2026-04-04","97.1","-1.24","6.2","Winn, Keaton",543760,676775,"walk","ball",,,,,14,"Patrick Bailey challenged (pitch result), call on the field was confirmed: Marcus Semien walks.","R","R","R","SF","NYM","B",,,3,1,2026,"-0.86","1.36",0.3036731659648433,1.4935962621468388,621438,,,1,7,"Top",,,,,,,6.0654444811346035,-140.99717224579766,-9.929522208234523,-12.830865306821591,34.13017211985261,-11.888534935216795,3.212106299,1.621062992,,,,"96.9",2366,"6.4",823239,672275,666464,650333,656305,642715,671218,664056,808982,"54.09",,0.704857,"0.7",1,0,0,,56,5,"4-Seam Fastball",0,9,9,0,9,0,9,0,"Infield shade","Standard",223,"0","0.128",,,,"-0.128",,-9,9,0.002,0.998,28,35,28,36,1,3,5,1,1,1,"1.08","0.86","0.86","44.6",,,,,
"SI","2026-04-04","95.2","-1.77","6.25","Avila, Luinder",661388,679883,,"ball",,,,,11,,"R","R","R","KC","MIL","B",,,2,1,2026,"-1.27","1.04",-0.16617210934530902,3.281713767291323,,650859,,1,1,"Top",,,,,,,7.107634067669091,-138.35898251997273,-4.27366121336445,-17.954589554788015,34.665041467074,-18.093148986332253,3.133120079,1.581200787,,,,"95.3",2296,"6.7",824132,521692,686469,679845,672580,677951,686555,664728,695506,"53.82",,,,,,,,3,4,"Sinker",0,0,0,0,0,0,0,0,"Infield shade","Standard",210,"-0.006","0.071",,,,"-0.071",,0,0,0.479,0.521,24,28,25,29,1,0,,3,4,1,"1.51","1.27","1.27","56.1",,,,,
"FF","2026-04-04","100","-1.92","5.12","Dollander, Chase",656941,801403,"strikeout","called_strike",,,,,1,"Brett Sullivan challenged (pitch result), call on the field was overturned: Kyle Schwarber called out on strikes.","R","L","R","COL","PHI","S",2,,3,2,2026,"-0.75","0.84",-0.645005716030487,2.872365805818685,,,,1,3,"Top",,,,,,,5.268061202748964,-145.61168545679783,-2.7115506875828057,-11.8768769125797,30.609599756630512,-19.803932973874236,3.180511811,1.60511811,,,,"100.6",2327,"6.4",824378,664954,687859,650489,691720,678662,687597,686668,671289,"54.15",,0,"0",1,0,0,,18,8,"4-Seam Fastball",0,1,1,0,1,0,1,0,"Infield shade","Standard",234,"0.02","-0.332",,,,"0.332",,-1,1,0.406,0.594,24,33,25,33,1,1,5,1,5,1,"1.42","0.75","-0.75","20.2",,,,,
"CH","2026-04-04","86.2","-1.71","6.31","Petersen, Michael",663757,656848,,"called_strike",,,,,8,,"R","L","R","NYY","MIA","S",,,0,0,2026,"-0.5","0.74",0.2620986697679192,1.5812459986488516,,,641857,0,8,"Bot",,,,,,,5.615960639514321,-125.22376591100036,-6.159218750274454,-6.47710305069871,27.93793271985667,-23.262182141185036,3.138385827,1.583858268,,,,"85.2",1166,"6",823569,682663,689414,669364,691594,672640,681715,805300,665052,"54.5",,,,,,,,76,1,"Changeup",6,6,6,6,6,6,6,6,"Infield shade","Standard",231,"-0.009","-0.043",,,,"0.043",,0,0,0.67,0.67,32,29,32,30,1,4,1,1,4,1,"2.36","0.5","-0.5","41.3",,,,,
"SI","2026-04-04","99.4","-1.24","6.08","Medina, Luis",694388,665622,,"called_strike",,,,,9,,"R","L","R","ATH","HOU","S",,,0,0,2026,"-1.35","1.07",0.5343996473254449,1.577240946525325,,,,1,7,"Top",,,,,,,7.970565592411719,-144.3524901887944,-9.212278287849365,-20.651087490209445,32.68230559339827,-15.218942421447847,3.321809383,1.676427165,,,,"99.2",2505,"6.3",825027,642851,701762,643446,691777,805779,666126,672016,671732,"54.25",,,,,,,,65,1,"Sinker",0,10,10,0,10,0,10,0,"Infield shade","Standard",214,"0","-0.039",,,,"0.039",,-10,10,0.001,0.999,27,27,27,27,1,4,3,1,7,1,"1.24","1.35","-1.35","39.1",,,,,
"FF","2026-04-04","96.6","-1.94","5.51","Domínguez, Seranthony",680718,622554,"walk","ball",,,,,11,"Reese McGuire challenged (pitch result), call on the field was confirmed: Addison Barger walks.","R","L","R","CWS","TOR","B",,,3,1,2026,"-0.29","1.1",-0.7034203393303542,3.4569256230686674,,,,0,9,"Top",,,,,,,3.93932648587859,-140.77704573299832,-2.300495616587191,-4.764391997367075,30.873592340310537,-17.260903763460263,3.175246063,1.60246063,,,,"96.9",2258,"6.3",824622,624512,808959,805367,678246,695657,669720,682668,671976,"54.22",,0.704857,"0.7",1,0,0,,68,5,"4-Seam Fastball",6,3,3,6,3,6,3,6,"Infield shade","Standard",208,"-0.025","0.262",,,,"-0.262",,3,-3,0.95,0.050000000000000044,31,26,32,27,1,0,1,1,5,1,"1.33","0.29","-0.29","26.2",,,,,
"SL","2026-04-04","88","-1.61","6.27","Nance, Tommy",682668,667297,"strikeout","called_strike",,,,,3,"Tyler Heineman challenged (pitch result), call on the field was overturned: Luisangel Acuña called out on strikes.","R","R","R","CWS","TOR","S",2,,2,2,2026,"0.07","-0.01",0.7888388695461825,2.954580881590841,,,,1,6,"Bot",,,,,,,5.565989674382391,-128.20695619830767,-1.7534735736663545,-0.3011441755936237,25.087239247773372,-32.114587248516,3.008497375,1.518307087,,,,"87.6",2871,"5.9",824622,623168,665489,676391,672960,665926,676914,662139,664702,"54.63",,0,"0",1,0,0,,49,5,"Slider",4,2,4,2,2,4,4,2,"Standard","Standard",48,"-0.008","-0.228",,,,"0.228",,2,2,0.83,0.83,35,24,35,24,1,2,3,1,2,1,"2.93","-0.07","-0.07","38.9",,,,,
"SL","2026-04-04","82.8","-2.2","5.98","Romano, Jordan",641487,605447,,"called_strike",,,,,9,,"R","L","R","LAA","SEA","S",,,2,0,2026,"0.39","-0.22",0.7493366174660392,1.516396289881115,,,,0,9,"Top",,,,,,,5.956600546392249,-120.54710859037003,-3.080768573141932,2.7448492895796344,22.571768132811673,-33.920050764927915,3.219127297,1.624606299,,,,"84.2",2131,"7.1",824054,681351,694384,624428,672724,687263,669326,545361,666176,"53.4",,,,,,,,64,3,"Slider",1,0,0,1,0,1,0,1,"Standard","Standard",71,"0.023","-0.072",,,,"0.072",,1,-1,0.8,0.19999999999999996,33,31,33,31,1,3,1,1,2,1,"3.53","-0.39","0.39","48.2",,,,,
"CU","2026-04-04","82.5","-1.32","6.46","Glasnow, Tyler",695578,607192,"strikeout","called_strike",,,,,2,"Will Smith challenged (pitch result), call on the field was overturned: James Wood called out on strikes.","R","L","R","WSH","LAD","S",2,,0,2,2026,"0.48","-1.32",0.16186212977353964,3.3020189454451447,,,,0,1,"Bot",,,,,,,2.4034070627019752,-120.15856516586143,2.193894300325467,4.168487402630538,23.100225082336866,-45.61742350072761,3.488558071,1.760580709,,,,"83.7",2963,"7",822757,669257,518692,690976,571970,500743,669743,681624,663656,"53.48",,0,"0",1,0,0,,8,3,"Curveball",0,2,0,2,2,0,0,2,"Infield shade","Standard",23,"-0.014","-0.165",,,,"0.165",,-2,-2,0.343,0.343,32,23,33,24,1,0,7,1,6,1,"4.66","-0.48","0.48","60.9",,,,,
"FF","2026-04-04","95.3","-2.09","5.8","Silseth, Chase",660844,681217,,"called_strike",,,,,3,,"R","L","R","LAA","SEA","S",,,1,1,2026,"-0.66","1.44",0.6697285261314038,2.583694132818408,,641487,702284,0,7,"Top",,,,,,,8.568953470496416,-138.40644359302465,-5.789119870705654,-10.461951027286736,33.7571355237772,-12.529293499368332,3.006742126,1.51742126,,,,"93.9",2481,"5.8",824054,681351,694384,672724,660162,687263,666139,545361,666176,"54.69",,,,,,,,49,3,"4-Seam Fastball",1,0,0,1,0,1,0,1,"Strategic","Standard",218,"0.023","-0.065",,,,"0.065",,1,-1,0.524,0.476,26,28,26,29,1,2,1,1,2,1,"1.1","0.66","-0.66","33.9",,,,,
"SL","2026-04-04","90","-1.73","5.9","Kelly, Michael",694388,547184,,"ball",,,,,11,,"R","L","R","ATH","HOU","B",,,1,1,2026,"0.31","0.75",-0.9468788894664656,2.6531287113349524,,,,0,9,"Top",,,,,,,1.24517079329177,-131.17519753299516,-3.5568868717828908,3.3603525868965445,23.922232971031995,-23.00554132886338,3.321809383,1.676427165,,,,"89.7",2617,"5.7",825027,642851,701762,643446,691777,805779,666126,672016,687231,"54.81",,,,,,,,82,3,"Slider",0,11,11,0,11,0,11,0,"Infield shade","Standard",196,"0","0.055",,,,"-0.055",,-11,11,0.001,0.999,33,27,34,27,1,5,1,1,,1,"2.03","-0.31","0.31","29.8",,,,,
"SI","2026-04-04","91.5","2.4","5.74","Lucchesi, Joey",641487,664192,,"called_strike",,,,,3,,"R","L","L","LAA","SEA","S",,,0,0,2026,"1.3","0.9",0.8196106637326674,2.8573391693827066,,,,0,7,"Top",,,,,,,-6.753307320397676,-133.00061759058923,-3.1209131160237122,16.904869214429485,29.95791817609981,-21.053942294809236,3.219127297,1.624606299,,,,"90.8",2199,"6",824054,681351,694384,672724,660162,687263,666139,545361,666176,"54.45",,,,,,,,47,1,"Sinker",1,0,0,1,0,1,0,1,"Standard","Standard",137,"0.007","-0.039",,,,"0.039",,1,-1,0.692,0.30800000000000005,33,31,33,31,1,2,5,1,22,1,"1.84","1.3","1.3","44.7",,,,,
"FF","2026-04-04","91.8","-1.73","5.41","Imai, Tatsuya",701762,837227,,"called_strike",,,,,4,,"R","L","R","ATH","HOU","S",,,0,1,2026,"-1.08","0.65",-0.5297105334320509,2.7424290747664277,,,,0,1,"Bot",,,,,,,5.300007527369917,-133.69092707149176,-2.1525454538393403,-14.06173263808378,27.35152795615137,-24.160749404181043,3.413082349,1.722490158,,,,"90.9",1783,"5.6",825027,543877,572233,514888,621043,665161,670541,676694,694388,"54.89",,,,,,,,8,2,"4-Seam Fastball",0,2,0,2,2,0,0,2,"Infield shade","Standard",243,"-0.006","-0.055",,,,"0.055",,-2,-2,0.349,0.349,28,23,28,23,1,0,6,1,6,1,"2.04","1.08","-1.08","22.7",,,,,
"ST","2026-04-04","86.9","-2.02","5.71","Hicks, Jordan",543807,663855,,"called_strike",,,,,8,,"R","R","R","CWS","TOR","S",,,0,0,2026,"0.41","0.02",-0.10474505618880109,1.5421553988536632,664702,,623168,1,7,"Top",,,,,,,3.682545514777639,-126.57233589523027,-3.669620323805228,3.7165461785511122,23.232467000577437,-31.496679261357592,3.267396654,1.648966535,,,,"87.2",2053,"6.2",824622,624512,808959,805367,678246,695657,669720,682668,671976,"54.3",,,,,,,,54,1,"Sweeper",4,2,2,4,2,4,2,4,"Standard","Standard",20,"0.015","-0.041",,,,"0.041",,2,-2,0.716,0.28400000000000003,29,36,30,37,1,3,5,1,3,1,"2.97","-0.41","-0.41","28.9",,,,,
"SL","2026-04-04","83.4","-1.43","5.88","Morillo, Juan",686948,666661,,"called_strike",,,,,3,,"R","L","R","AZ","ATL","S",,,0,0,2026,"0.94","-0.62",0.7106198895832996,2.757998964267576,,,,0,8,"Top",,,,,,,2.992735814014584,-121.4171489132729,0.7562382971047532,8.573704802502478,25.493697576611776,-38.62397256625474,3.205962927,1.617962598,,,,"83.2",2832,"6.3",825104,672515,699912,606466,571448,672695,678489,677950,682998,"54.18",,,,,,,,53,1,"Slider",2,1,1,2,1,2,1,2,"Infield shade","Standard",51,"0.008","-0.039",,,,"0.039",,1,-1,0.745,0.255,27,25,27,25,1,3,1,1,3,1,"3.91","-0.94","0.94","50.3",,,,,
"SL","2026-04-03","85.2","1.76","5.93","Detmers, Reid",641487,672282,,"called_strike",,,,,7,,"R","L","L","LAA","SEA","S",,,1,0,2026,"-0.47","-0.77",-0.7419807733193602,1.6484831463886613,,,,1,7,"Top",,,,,,,-4.824704955620286,-123.9732250351672,-1.937859089587685,-3.9088989399637475,24.807172266658633,-39.933400119481426,3.219127297,1.624606299,,,,"85.1",2500,"6.2",824056,681351,694384,672724,660162,687263,666139,545361,666176,"54.25",,,,,,,,45,2,"Slider",0,0,0,0,0,0,0,0,"Standard","Standard",310,"0.005","-0.049",,,,"0.049",,0,0,0.535,0.46499999999999997,26,31,27,31,3,2,6,,5,1,"3.91","-0.47","-0.47","44.6",,,,,
"FF","2026-04-03","94.7","-2.26","5.67","Holmes, Grant",672695,656550,,"called_strike",,,,,4,,"R","L","R","AZ","ATL","S",,,0,1,2026,"-0.49","1.28",-0.7274679691467885,2.7185739631021084,,606466,682998,1,6,"Bot",,,,,,,5.008421142919245,-137.74724818079363,-4.716979946652016,-7.2899453237223595,30.598417375621803,-14.987093943588656,3.31742126,1.674212598,,,,"94",2293,"5.9",825103,641680,621566,645277,663586,643289,642201,671739,660670,"54.58",,,,,,,,44,2,"4-Seam Fastball",0,0,0,0,0,0,0,0,"Standard","Standard",222,"-0.016","-0.053",,,,"0.053",,0,0,0.62,0.62,30,26,30,27,3,2,5,1,5,1,"1.26","0.49","-0.49","38.0",,,,,
"SL","2026-04-03","83.5","-2.13","6.27","Burke, Sean",672386,680732,,"ball",,,,,11,,"R","R","R","CWS","TOR","B",,,0,0,2026,"0.14","0.76",-0.4687435042967052,3.1544332984102144,,,,0,7,"Top",,,,,,,3.53531322185309,-121.724472990973,-2.1308566792281214,0.8018693191192148,22.1202102732879,-24.425150940478797,3.010252625,1.519192913,,,,"84.9",2512,"6.9",824621,700337,808959,805367,678246,695657,669720,682668,671976,"53.55",,,,,,,,51,1,"Slider",3,1,1,3,1,3,1,3,"Standard","Standard",178,"-0.006","0.041",,,,"-0.041",,2,-2,0.815,0.18500000000000005,26,27,27,28,3,2,6,2,5,,"2.48","-0.14","-0.14","39.1",,,,,
"FF","2026-04-03","95.2","-1.74","5.04","Woo, Bryan",681351,693433,,"ball",,,,,14,,"R","R","R","LAA","SEA","B",,,2,1,2026,"-0.99","1.06",0.8310188600705013,1.8489679823575003,,,,2,5,"Bot",,,,,,,8.946752480772735,-138.27312280650085,-4.8925771123505095,-14.824532659977937,33.78283616472817,-17.61423371441669,3.29109252,1.660925197,,,,"94.9",2059,"6.5",824056,663728,647304,702284,680977,641487,668227,677594,645302,"54.04",,,,,,,,37,4,"4-Seam Fastball",0,0,0,0,0,0,0,0,"Standard","Standard",232,"0.004","0.117",,,,"-0.117",,0,0,0.517,0.517,26,26,26,26,2,1,6,3,5,1,"1.48","0.99","0.99","22.7",,,,,
"FF","2026-04-03","90.8","1.17","6.1","Rodriguez, Eduardo",621566,593958,,"called_strike",,,,,1,,"R","L","L","AZ","ATL","S",,,0,0,2026,"0.19","1.32",-0.7633462193838029,3.0239955412319235,660670,,645277,1,6,"Top",,,,,,,-5.1678779749087695,-132.0909562790713,-4.44280634891778,3.283332589256177,28.374645868022668,-15.946608095275781,3.37183399,1.701673228,,,,"90.7",2227,"6.3",825103,543510,467793,606466,571448,672695,694374,677950,682998,"54.22",,,,,,,,39,1,"4-Seam Fastball",0,0,0,0,0,0,0,0,"Infield shade","Standard",156,"0.015","-0.041",,,,"0.041",,0,0,0.399,0.601,33,32,33,32,3,2,6,1,6,1,"1.45","0.19","0.19","43.7",,,,,
"FF","2026-04-03","91.7","2.02","6.05","Springs, Jeffrey",514888,605488,"strikeout","called_strike",,,,,7,"Shea Langeliers challenged (pitch result), call on the field was overturned: Jose Altuve called out on strikes.","R","R","L","ATH","HOU","S",2,,3,2,2026,"0.8","1.51",-0.7242601706788653,1.3574927520047462,665161,,,2,3,"Top",,,,,,,-8.6283816324981,-133.0294591368632,-9.0068363662702,11.424553996492214,30.833341096592243,-12.424315158915409,2.926000656,1.476673228,,,,"91.6",2256,"6.6",825026,669127,701762,643446,691777,805779,691016,672016,671732,"53.92",,0,"0",1,0,0,,22,7,"4-Seam Fastball",1,1,1,1,1,1,1,1,"Standard","Standard",145,"0.044","-0.254",,,,"0.254",,0,0,0.511,0.489,33,36,34,36,2,1,6,2,6,1,"1.24","0.8","-0.8","44.8",,,,,
"SL","2026-04-03","85.7","1.71","6.06","Detmers, Reid",663728,672282,,"called_strike",,,,,8,,"R","R","L","LAA","SEA","S",,,2,1,2026,"-0.53","-0.7",-0.19037501230070342,1.6929069756124586,,,608701,2,3,"Top",,,,,,,-3.340175790508019,-124.77278211369095,-2.3714856232814427,-4.909657165244493,25.158815217941406,-39.246286450387835,3.282316273,1.656496063,,,,"85.9",2622,"6.4",824056,681351,694384,672724,660162,687263,666139,545361,666176,"54.1",,,,,,,,18,4,"Slider",0,0,0,0,0,0,0,0,"Standard","Standard",312,"0.006","-0.093",,,,"0.093",,0,0,0.528,0.472,26,29,27,30,2,1,6,2,5,1,"3.8","-0.53","0.53","46.0",,,,,
"FF","2026-04-03","96.2","-2.15","5.78","Holmes, Grant",682998,656550,,"called_strike",,,,,1,,"R","L","R","AZ","ATL","S",,,3,0,2026,"-0.79","1.36",-0.5990813316543935,3.0210018871086506,,,,0,4,"Bot",,,,,,,5.8451297462944325,-140.03343989389703,-4.6538911089819575,-11.662875587259883,31.016851143735884,-13.427736270758093,3.10328084,1.566141732,,,,"95.7",2495,"5.9",825103,641680,621566,645277,663586,643289,642201,671739,660670,"54.55",,,,,,,,25,4,"4-Seam Fastball",0,0,0,0,0,0,0,0,"Strategic","Standard",216,"-0.009","-0.09",,,,"0.09",,0,0,0.586,0.586,30,25,30,26,2,1,5,1,5,1,"1.1","0.79","-0.79","41.0",,,,,
"ST","2026-04-03","85.2","-1.28","5.83","Phillips, Tyler",663757,663969,"strikeout","called_strike",,,,,4,"Liam Hicks challenged (pitch result), call on the field was overturned: Trent Grisham called out on strikes.","R","L","R","NYY","MIA","S",2,,3,2,2026,"0.38","0.45",-0.7080126168296078,2.210761449901184,669224,676609,,1,6,"Bot",,,,,,,0.5422132201724028,-123.94904916356933,-2.778938153312363,3.7626105749417307,28.99526028228251,-27.23541605791502,3.138385827,1.583858268,,,,"84.9",2377,"6.5",823568,689414,681393,669364,688363,672640,665052,805300,683357,"53.98",,0,"0",1,0,0,,50,8,"Sweeper",4,2,4,2,2,4,4,2,"Strategic","Standard",72,"-0.046","-0.402",,,,"0.402",,2,2,0.895,0.895,28,29,29,30,1,3,5,2,3,1,"2.74","-0.38","0.38","32.8",,,,,
"SL","2026-04-03","86.2","-1.5","5.44","Ginn, J.T.",543877,669372,,"ball",,,,,12,,"R","R","R","ATH","HOU","B",,,1,2,2026,"0.92","-0.18",0.8390652495856601,2.656741283859616,,673237,665161,2,9,"Top",,,,,,,3.5918134504400467,-125.56984163981043,0.208338127404595,8.968133649608147,26.751046136295916,-34.33463143300534,3.036581365,1.532480315,,,,"86.2",2416,"6.3",825026,669127,701762,628451,691777,687231,691016,672016,671732,"54.16",,,,,,,,80,4,"Slider",11,4,4,11,4,11,4,11,"Standard","Standard",43,"0","0.012",,,,"-0.012",,7,-7,0.999,0.0010000000000000009,27,35,27,36,2,2,5,2,2,1,"3.25","-0.92","-0.92","41.2",,,,,
"SI","2026-04-03","92.7","-1.69","5.88","Lorenzen, Michael",592663,547179,,"called_strike",,,,,9,,"R","R","R","COL","PHI","S",,,0,0,2026,"-1.12","0.73",0.7281083783236517,1.6965754738224843,,,,1,1,"Top",,,,,,,8.498175747200865,-134.87229163539106,-6.386388712009687,-15.307598837425212,21.425025558893005,-22.1385924828546,3.199819554,1.614862205,,,,"92.9",2191,"5.8",824377,696100,681198,650489,691720,678662,664983,686668,666160,"54.67",,,,,,,,8,1,"Sinker",0,6,6,0,6,0,6,0,"Standard","Standard",228,"0.001","-0.039",,,,"0.039",,-6,6,0.09,0.91,34,35,34,35,1,0,6,2,5,1,"1.86","1.12","1.12","40.3",,,,,
"FF","2026-04-03","97.4","-1.59","5.77","Kelly, Michael",673237,547184,"walk","ball",,,,,14,"Shea Langeliers challenged (pitch result), call on the field was confirmed: Yainer Diaz walks. Nick Allen to 3rd. Jake Meyers to 2nd.","R","R","R","ATH","HOU","B",,,3,2,2026,"-0.74","1.08",0.9716133876454891,1.5138950819219712,,669397,676694,2,7,"Top",,,,,,,8.385790991284994,-141.56047212049407,-8.073234107937985,-11.809035465805506,30.693397818148537,-16.028466235921424,3.161204068,1.595374016,,,,"96.2",2421,"5.5",825026,669127,701762,643446,691777,805779,691016,672016,671732,"54.96",,0.704857,"0.7",1,0,0,,61,6,"4-Seam Fastball",11,1,1,11,1,11,1,11,"Standard","Standard",224,"-0.001","0.195",,,,"-0.195",,10,-10,0.999,0.0010000000000000009,33,27,34,28,1,2,4,3,1,1,"1.32","0.74","0.74","24.5",,,,,
"FF","2026-04-03","92.4","-1.59","5.51","Mahle, Tyler",673357,641816,"walk","ball",,,,,14,"Patrick Bailey challenged (pitch result), call on the field was confirmed: Luis Robert Jr. walks. Bo Bichette to 2nd.","R","R","R","SF","NYM","B",,,3,2,2026,"-1","1.4",0.20348814761210754,1.5329822246344254,665742,,666182,0,1,"Top",,,,,,,6.791363606173354,-134.2594292116164,-7.236307038008155,-13.5440612677658,28.51765899273517,-13.840891585768109,3.310400263,1.670669291,,,,"93.3",2339,"6.9",823240,672275,666464,650333,656305,642715,671218,664056,808982,"53.62",,0.704857,"0.7",1,0,0,,4,6,"4-Seam Fastball",0,1,1,0,1,0,1,0,"Infield shade","Standard",215,"-0.03","0.335",,,,"-0.335",,-1,1,0.293,0.7070000000000001,31,28,32,29,1,0,6,1,5,2,"1.27","1","1","41.6",,,,,
"SL","2026-04-03","88.4","-1.61","5.57","Boyle, Joe",670242,671212,,"ball",,,,,13,,"R","L","R","MIN","TB","B",,,1,2,2026,"0.33","-0.07",-0.8347926788107443,1.9495066718224567,,,665019,2,1,"Bot",,,,,,,1.1564948948828802,-128.78180558012093,-2.3812751187435253,3.4399086738218054,27.861431529553414,-32.617753310410784,3.394652231,1.713188976,,,,"88.9",2716,"6.6",823732,663743,666018,810938,691406,700246,802415,656775,641584,"53.89",,,,,,,,10,4,"Slider",0,2,0,2,2,0,0,2,"Infield shade","Standard",84,"0.004","0.033",,,,"-0.033",,-2,-2,0.318,0.318,26,28,27,29,1,0,6,1,5,1,"2.99","-0.33","0.33","27.0",,,,,
"FF","2026-04-03","90.6","1.18","6.14","Rodriguez, Eduardo",671739,593958,,"called_strike",,,,,1,,"R","L","L","AZ","ATL","S",,,0,0,2026,"0.11","1.43",-0.6367631123101228,2.7520846131364873,,,,2,2,"Top",,,,,,,-4.718855644736739,-131.79186895169994,-5.424194481882622,2.253467252758389,28.51822867829408,-14.510381829783176,3.181389436,1.605561024,,,,"90.7",2239,"6.4",825103,543510,467793,606466,571448,672695,694374,677950,682998,"54.11",,,,,,,,11,1,"4-Seam Fastball",0,0,0,0,0,0,0,0,"Standard","Standard",153,"0.002","-0.043",,,,"0.043",,0,0,0.54,0.45999999999999996,33,25,33,25,1,0,6,1,6,1,"1.35","0.11","0.11","47.7",,,,,
"ST","2026-04-03","83.3","-3.31","5.25","Ramírez, Yohan",624413,670990,"walk","ball",,,,,11,"Henry Davis challenged (pitch result), call on the field was confirmed: Pete Alonso walks.","R","R","R","PIT","BAL","B",,,3,2,2026,"1.41","0.39",-0.8376613740707473,2.699408733638431,,621493,,1,7,"Top",,,,,,,2.8223455725792927,-121.35592693919698,-0.019737335753814977,13.352690513357892,23.77175171652086,-28.487566694488446,3.323564633,1.677312992,,,,"84.4",2556,"6.9",823406,680779,687462,664040,669707,804606,668804,665833,656811,"53.57",,0.704857,"0.7",1,0,0,,58,8,"Sweeper",5,3,3,5,3,5,3,5,"Standard","Standard",67,"-0.039","0.212",,,,"-0.212",,2,-2,0.783,0.21699999999999997,31,31,31,32,1,3,3,2,3,1,"2.88","-1.41","-1.41","23.9",,,,,
"CH","2026-04-03","91","-2.05","5.92","Weiss, Ryan",701762,680802,,"called_strike",,,,,8,,"R","L","R","ATH","HOU","S",,,0,1,2026,"-1.07","-0.2",-0.13398613128957337,1.6025219032294986,,,,1,7,"Bot",,,,,,,7.0354872012039396,-132.2590836649424,-4.19167525437394,-14.04788905402053,29.74167983023938,-33.7736353964573,3.413082349,1.722490158,,,,"90.4",1498,"6.1",825026,673237,694376,694728,669397,665161,694388,676694,701358,"54.4",,,,,,,,65,2,"Changeup",11,2,11,2,2,11,11,2,"Infield shade","Standard",236,"0","-0.052",,,,"0.052",,9,9,0.999,0.999,29,23,30,23,1,4,4,3,3,1,"2.97","1.07","-1.07","42.0",,,,,
"FF","2026-04-03","92","-1.65","5.37","Mahle, Tyler",673357,641816,,"called_strike",,,,,9,,"R","R","R","SF","NYM","S",,,1,0,2026,"-1","1.34",0.6863734451518364,1.5853106928765197,665742,,666182,0,1,"Top",,,,,,,8.126052647861759,-133.64098086452964,-6.475208908890539,-13.81444631394736,31.12024821580821,-14.923907725376795,3.310400263,1.670669291,,,,"92.5",2240,"6.9",823240,672275,666464,650333,656305,642715,671218,664056,808982,"53.64",,,,,,,,4,2,"4-Seam Fastball",0,1,1,0,1,0,1,0,"Infield shade","Standard",213,"0.006","-0.05",,,,"0.05",,-1,1,0.294,0.706,31,28,32,29,1,0,6,1,5,2,"1.38","1","1","41.5",,,,,
"FC","2026-04-03","89.9","-2.5","6.3","Burke, Sean",672960,680732,,"called_strike",,,,,3,,"R","R","R","CWS","TOR","S",,,0,0,2026,"0.26","1.02",0.41639089569302556,3.1123060254047368,,672386,,1,2,"Top",,,,,,,6.62426521835325,-130.9157560533695,-4.006194000080478,1.7901825945467746,25.211041305005825,-19.76594773507547,3.255987533,1.643208661,,,,"91.2",2608,"6.8",824621,700337,808959,805367,678246,695657,669720,682668,671976,"53.66",,,,,,,,13,1,"Cutter",1,1,1,1,1,1,1,1,"Standard","Standard",162,"0.006","-0.038",,,,"0.038",,0,0,0.48,0.52,26,30,27,30,1,0,6,2,5,1,"1.78","-0.26","-0.26","39.6",,,,,
"FC","2026-04-03","97.4","-0.02","6.47","Ashcraft, Graham",608369,668933,,"called_strike",,,,,1,,"R","L","R","TEX","CIN","S",,,0,0,2026,"0.05","0.97",-0.5783566884014617,2.891931596264091,,694671,,1,7,"Bot",,,,,,,-1.5734181953484554,-141.74029473232642,-6.058589983746197,1.0060425782084694,32.0002682881018,-17.882365779543857,3.37183399,1.701673228,,,,"95.9",2572,"5.4",822919,663886,701398,680574,663647,682829,668715,667472,666181,"55.13",,,,,,,,59,1,"Cutter",3,3,3,3,3,3,3,3,"Infield shade","Standard",198,"-0.009","-0.038",,,,"0.038",,0,0,0.626,0.626,28,32,28,32,1,3,2,2,1,1,"1.43","-0.05","0.05","52.4",,,,,
"SI","2026-04-03","94","-1.75","5.18","Roycroft, Chris",678009,688297,,"ball",,,,,13,,"R","L","R","DET","STL","B",,,1,2,2026,"-1.16","-0.01",-0.8969642661764561,2.0337333977447476,,,,2,8,"Bot",,,,,,,4.848869593400998,-136.8821584776807,-2.2223333121708357,-15.628836182119281,30.610370087826084,-32.00150220524226,3.427124344,1.729576772,,,,"94.8",2102,"6.8",824299,671056,676475,802139,669357,695336,701675,687363,691023,"53.75",,,,,,,,68,4,"Sinker",4,0,4,0,0,4,4,0,"Infield shade","Standard",249,"0","0.042",,,,"-0.042",,4,4,0.986,0.986,29,26,29,27,1,3,2,2,1,1,"2.59","1.16","-1.16","21.2",,,,,
"FS","2026-04-03","82.4","-1.68","5.76","Orze, Eric",650490,679358,"walk","ball",,,,,13,"Ryan Jeffers challenged (pitch result), call on the field was confirmed: Yandy Díaz walks.","R","R","R","MIN","TB","B",,,3,2,2026,"-1.58","0.2",-0.4400176803185314,1.4011793255261549,,,,0,5,"Top",,,,,,,6.012124414944835,-119.69140638450081,-3.432346671893359,-16.38856282550763,27.155771903656817,-29.690011094824452,3.227903543,1.629035433,,,,"82.9",1701,"7.1",823732,680777,665019,807712,668904,656484,663616,621439,670242,"53.39",,0.704857,"0.7",1,0,0,,38,6,"Split-Finger",3,3,3,3,3,3,3,3,"Strategic","Standard",245,"-0.041","0.356",,,,"-0.356",,0,0,0.493,0.507,28,34,29,35,1,2,6,2,3,1,"3.21","1.58","1.58","43.5",,,,,
"ST","2026-04-03","83.8","-2.14","5.85","Pérez, Eury",663757,691587,,"ball",,,,,11,,"R","L","R","NYY","MIA","B",,,2,1,2026,"0.36","0.98",-0.6324505396864204,3.2778491887393364,,,,0,1,"Bot",,,,,,,2.7235977543648806,-121.88357725655675,-1.1965803529573102,2.924663093619364,27.833660306542473,-22.505806980427298,3.138385827,1.583858268,,,,"83.3",2487,"6.4",823568,689414,681393,669364,688363,672640,665052,805300,683357,"54.14",,,,,,,,5,4,"Sweeper",0,1,0,1,1,0,0,1,"Standard","Standard",125,"0.011","0.134",,,,"-0.134",,-1,-1,0.452,0.452,23,29,23,30,1,0,6,2,5,1,"2.31","-0.36","0.36","28.1",,,,,
"KC","2026-04-03","86.5","-2.75","5.65","Varland, Louis",669720,686973,,"ball",,,,,14,,"R","R","R","CWS","TOR","B",,,1,2,2026,"0.27","-0.21",0.4106112598160604,1.1564217874100393,,,,0,8,"Bot",,,,,,,6.934214835360107,-125.83779375397239,-3.8513257051564977,1.4859002634386074,25.717488179158316,-33.77896747501852,3.141896326,1.585629921,,,,"87.2",2347,"6.8",824621,672386,665489,676391,672960,665926,660821,662139,680718,"53.73",,,,,,,,62,4,"Knuckle Curve",3,3,3,3,3,3,3,3,"Standard","Standard",51,"0.007","0.043",,,,"-0.043",,0,0,0.594,0.594,28,30,29,31,1,3,4,3,4,1,"3.26","-0.27","-0.27","41.9",,,,,
"FF","2026-04-03","92.7","2.15","6.02","Dreyer, Jack",695578,676263,,"called_strike",,,,,8,,"R","L","L","WSH","LAD","S",,,0,0,2026,"0.25","1.46",-0.028382300190364473,1.6433985060069083,,,678391,2,6,"Bot",,,,,,,-6.084366753529285,-134.55693667681788,-8.372658315953185,4.476846493909874,31.693949561633517,-12.749801035060726,3.488558071,1.760580709,,,,"92.9",2459,"6.7",822758,669257,518692,690976,571970,605141,669743,681624,663656,"53.79",,,,,,,,63,1,"4-Seam Fastball",4,11,4,11,11,4,4,11,"Infield shade","Standard",157,"0","-0.042",,,,"0.042",,-7,-7,0.012,0.012,27,23,27,24,1,3,3,2,2,1,"1.22","0.25","0.25","59.6",,,,,
"FF","2026-04-02","97.4","-1.15","6.1","Bradley, Taj",663697,671737,,"ball",,,,,13,,"R","R","R","KC","MIN","B",,,1,1,2026,"-0.23","1.5",-0.09355497271111429,1.3505313992805004,,,521692,2,6,"Bot",,,,,,,3.3559119130061377,-141.50504414363394,-10.473576803341262,-3.93204072032556,33.38446847521145,-9.76266664971525,3.138385827,1.583858268,,,,"97.4",2299,"6.5",824133,605170,665019,807712,668904,656484,668885,621439,670242,"54.03",,,,,,,,45,3,"4-Seam Fastball",0,1,0,1,1,0,0,1,"Standard","Standard",192,"0.006","0.054",,,,"-0.054",,-1,-1,0.347,0.347,25,29,25,30,3,2,5,1,5,2,"0.91","0.23","0.23","56.7",,,,,
"FF","2026-04-02","92.8","-1.61","5.52","López, Reynaldo",691783,625643,"strikeout","called_strike",,,,,9,"Drake Baldwin challenged (pitch result), call on the field was overturned: Jordan Lawlar called out on strikes.","R","R","R","AZ","ATL","S",2,,3,2,2026,"-0.53","1.35",0.7792840463151798,1.815132423523072,,,,0,5,"Bot",,,,,,,7.235133112955083,-134.92914740419738,-6.4804763500667555,-8.050216072496603,28.496091332513657,-14.49278975987787,3.222637795,1.626377953,,,,"93.1",1905,"6.4",825105,686948,621566,645277,663586,643289,573262,671739,660670,"54.08",,0,"0",1,0,0,,43,6,"4-Seam Fastball",1,10,1,10,10,1,1,10,"Infield shade","Standard",212,"-0.003","-0.345",,,,"0.345",,-9,-9,0.009,0.009,32,23,32,24,2,1,5,1,5,,"1.3","0.53","0.53","36.4",,,,,
"FC","2026-04-02","93.9","-1.4","6.18","Nelson, Ryne",642086,669194,,"ball",,,,,14,,"R","L","R","AZ","ATL","B",,,2,1,2026,"0.22","0.72",0.0941114640683286,1.4750080322184675,,,645277,1,5,"Top",,,,,,,3.3689752867517364,-136.55956851942258,-7.9112381694438945,2.0081062774715894,28.53488713770378,-21.619970049824207,3.176123688,1.602903543,,,,"95",2346,"6.9",825105,672515,467793,606466,571448,672695,691783,677950,678489,"53.65",,,,,,,,33,4,"Cutter",1,2,2,1,2,1,2,1,"Infield shade","Standard",180,"-0.012","0.109",,,,"-0.109",,-1,1,0.356,0.644,28,31,28,31,2,1,6,1,6,1,"1.85","-0.22","0.22","54.0",,,,,
"FF","2026-04-02","97.3","-1.12","6.14","Bradley, Taj",695506,671737,,"called_strike",,,,,7,,"R","L","R","KC","MIN","S",,,0,1,2026,"-0.8","1.6",-0.629023213878798,1.8004227060693094,,,,1,2,"Bot",,,,,,,3.1629439926647955,-141.2674950986011,-9.433828058944473,-11.407397158634948,40.13183480732644,-8.768631885523819,3.401673228,1.716732283,,,,"96.1",2038,"6.3",824133,605170,665019,807712,668904,656484,668885,621439,670242,"54.2",,,,,,,,13,2,"4-Seam Fastball",0,1,0,1,1,0,0,1,"Infield shade","Standard",163,"-0.004","-0.052",,,,"0.052",,-1,-1,0.415,0.415,25,23,25,23,1,0,5,1,5,2,"0.87","0.8","-0.8","61.6",,,,,
"FF","2026-04-02","96.7","-0.9","6.28","Bradley, Taj",695506,671737,,"called_strike",,,,,7,,"R","L","R","KC","MIN","S",,,0,0,2026,"-0.17","1.62",-0.6182171362875826,1.8964662123215752,,,,1,2,"Bot",,,,,,,1.1284596339785993,-140.6796821743468,-9.709357713410322,-2.4794097488238656,28.044902369250654,-8.69070874995303,3.401673228,1.716732283,,,,"97.2",2341,"6.3",824133,605170,665019,807712,668904,656484,668885,621439,670242,"54.16",,,,,,,,13,1,"4-Seam Fastball",0,1,0,1,1,0,0,1,"Infield shade","Standard",191,"-0.003","-0.039",,,,"0.039",,-1,-1,0.418,0.418,25,23,25,23,1,0,5,1,5,2,"0.79","0.17","-0.17","58.5",,,,,
"SI","2026-04-02","93.8","-3.59","4.83","Walker, Ryan",673357,676254,"strikeout","called_strike",,,,,9,"Daniel Susac challenged (pitch result), call on the field was overturned: Luis Robert Jr. called out on strikes.","R","R","R","SF","NYM","S",2,,3,2,2026,"-1.6","0.24",0.7655613982278249,1.6106641144895661,,,,1,6,"Top",,,,,,,14.678050413724833,-135.730628431722,-2.817633388391011,-23.20432758628897,32.43606607429208,-28.738484373062715,3.310400263,1.670669291,,,,"93.2",2303,"6.4",823242,691740,669477,650333,656305,642715,671218,664056,808982,"54.06",,0,"0",1,0,0,,51,6,"Sinker",6,2,2,6,2,6,2,6,"Infield shade","Standard",236,"0.013","-0.332",,,,"0.332",,4,-4,0.932,0.06799999999999995,30,28,31,29,1,2,3,1,5,1,"2.4","1.6","1.6","15.9",,,,,
"CH","2026-04-01","88","-4.11","4.71","Peralta, Freddy",671056,642547,,"ball",,,,,13,,"R","R","R","STL","NYM","B",,,2,1,2026,"-1.41","-0.26",-0.884150621721338,2.1181568196979685,,,802139,0,6,"Bot",,,,,,,10.751737661272644,-127.6911148984529,0.5728540744410895,-17.613837917287473,25.39031145027043,-35.33993111620324,3.173490814,1.601574803,,,,"88.5",1818,"6.7",823078,682626,668901,543760,666182,596019,665742,673357,621438,"53.84",,,,,,,,42,4,"Changeup",0,1,0,1,1,0,0,1,"Strategic","Standard",252,"0.027","0.116",,,,"-0.116",,-1,-1,0.469,0.469,30,26,30,26,3,2,6,1,6,2,"3.21","1.41","1.41","24.9",,,,,
"FF","2026-04-01","96.5","-2.21","6.14","Cavalli, Cade",669016,676917,,"ball",,,,,14,,"R","L","R","PHI","WSH","B",,,2,1,2026,"-0.63","1.11",0.6686135767040362,1.4664077474239765,,,,2,6,"Bot",,,,,,,9.0361074448421,-140.09159440176853,-9.252598753199822,-10.085165631174002,26.95172047220613,-15.700778935498532,3.312155512,1.671555118,,,,,2334,,823483,686452,678554,683083,691781,682928,695578,696285,686894,"53.9",,,,,,,,53,4,"4-Seam Fastball",1,2,1,2,2,1,1,2,"Standard","Standard",212,"0.007","0.117",,,,"-0.117",,-1,-1,0.329,0.329,27,28,28,29,3,2,6,1,6,2,"1.32","0.63","-0.63",,,,,,
"FF","2026-04-01","97.1","-1.79","5.86","Rasmussen, Drew",641343,656876,,"called_strike",,,,,9,,"R","L","R","MIL","TB","S",,,0,1,2026,"-0.64","1.34",0.49559145070219546,1.580379863558639,,,661388,2,3,"Bot",,,,,,,7.587465264445103,-141.04507508316314,-8.815444314908744,-10.328470845534525,31.970510946742806,-12.482669146346524,3.217372047,1.623720472,,,,"97.7",2507,"6.7",823806,663743,666018,680700,691406,810938,802415,656775,641584,"53.8",,,,,,,,27,2,"4-Seam Fastball",2,2,2,2,2,2,2,2,"Infield shade","Standard",207,"-0.006","-0.055",,,,"0.055",,0,0,0.522,0.522,30,30,31,31,2,1,6,1,11,3,"1.09","0.64","-0.64","53.2",,,,,
"CU","2026-04-01","77.4","0.61","6.73","Liberatore, Matthew",673357,669461,,"called_strike",,,,,2,,"R","R","L","STL","NYM","S",,,0,1,2026,"-0.8","-1.64",0.24592306341445247,3.2627486062816367,,,,1,5,"Top",,,,,,,0.7157314598617461,-112.50462788070318,2.997033951994795,-6.787806449338353,25.935045785834813,-46.757042568914336,3.310400263,1.670669291,,,,"76",2849,"6",823078,686780,676475,802139,669357,691026,695336,687363,701675,"54.54",,,,,,,,27,2,"Curveball",0,0,0,0,0,0,0,0,"Standard","Standard",331,"0.006","-0.052",,,,"0.052",,0,0,0.533,0.46699999999999997,26,28,27,29,2,1,6,1,6,1,"5.54","-0.8","0.8","49.3",,,,,
"FF","2026-04-01","89.7","1.11","6.02","Cameron, Noah",807712,702070,"strikeout","called_strike",,,,,8,"Salvador Perez challenged (pitch result), call on the field was overturned: Luke Keaschall called out on strikes.","R","R","L","KC","MIN","S",2,,3,2,2026,"0.9","1.44",-0.1967282888474261,1.6957191407158243,,,,0,4,"Top",,,,,,,-5.148130643065547,-130.25583010760937,-7.471320962775764,11.393063748035859,30.632527580883092,-14.371267663110745,3.213861549,1.621948819,,,,"89.3",2234,"6.5",824136,521692,686469,663697,672580,677951,686555,664728,695506,"54.05",,0,"0",1,0,0,,27,6,"4-Seam Fastball",4,0,0,4,0,4,0,4,"Infield shade","Standard",145,"0.023","-0.345",,,,"0.345",,4,-4,0.871,0.129,26,23,27,24,2,1,,2,6,1,"1.43","0.9","-0.9","46.5",,,,,
"FF","2026-04-01","95","-0.44","6.69","Pivetta, Nick",646240,601713,,"ball",,,,,11,,"R","L","R","SD","SF","B",,,0,1,2026,"0","1.76",-0.23958764646758135,3.4205821288782747,,,,2,3,"Top",,,,,,,0.5215881698663987,-138.17591222020937,-6.742438680090241,-0.07949530176485567,32.94435683972599,-8.350789831732795,3.217372047,1.623720472,,,,"95.8",2464,"6.9",823321,666023,657757,630105,592518,593428,669369,701538,665487,"53.56",,,,,,,,19,2,"4-Seam Fastball",1,0,0,1,0,1,0,1,"Infield shade","Standard",190,"-0.001","0.027",,,,"-0.027",,1,-1,0.659,0.34099999999999997,33,29,33,30,2,1,6,1,6,1,"0.78","0","0","60.7",,,,,
"FF","2026-04-01","91.2","2.44","5.75","Boyd, Matthew",666176,571510,,"called_strike",,,,,3,,"R","R","L","CHC","LAA","S",,,0,0,2026,"1.34","1.13",0.7338199500843798,3.201461530780718,,,687263,1,4,"Top",,,,,,,-7.162682778817331,-132.500377669472,-2.7222880133094156,17.387813404968227,30.841302975874353,-18.580684740717512,3.305134514,1.668011811,,,,"90.6",2325,"6.2",824698,608348,683737,663538,608324,621020,664023,691718,807713,"54.28",,,,,,,,30,1,"4-Seam Fastball",5,0,0,5,0,5,0,5,"Standard","Standard",132,"0.003","-0.04",,,,"0.04",,5,-5,0.919,0.08099999999999996,35,27,35,27,2,1,6,1,21,2,"1.64","1.34","-1.34","31.3",,,,,
"FF","2026-04-01","95.2","-1.32","6.52","Suárez, Albert",694497,544150,"strikeout","called_strike",,,,,1,"Samuel Basallo challenged (pitch result), call on the field was overturned: Evan Carter called out on strikes.","R","L","R","BAL","TEX","S",2,,1,2,2026,"-0.3","1.6",-0.6349220431380607,3.1776141245609986,,,,2,9,"Top",,,,,,,2.458396626608161,-138.52971795067242,-6.542519939631244,-4.4019686650946355,33.62249644788622,-10.375272783787189,3.315666011,1.673326772,,,,"95.3",2392,"6.5",824860,694212,624413,669236,691723,683002,687637,665750,681297,"53.98",,0,"0",1,0,0,,78,4,"4-Seam Fastball",8,3,3,8,3,8,3,8,"Infield shade","Standard",205,"0.001","-0.182",,,,"0.182",,5,-5,0.999,0.0010000000000000009,36,23,37,24,2,1,,1,9,2,"0.94","0.3","-0.3","48.0",,,,,
"CU","2026-04-01","80.1","-3.55","5.27","Peralta, Freddy",802139,642547,,"ball",,,,,13,,"R","L","R","STL","NYM","B",,,0,0,2026,"0.28","-0.42",-0.9601131358559479,2.220612539480069,,,,2,3,"Bot",,,,,,,5.107310155036041,-116.61920972047312,1.0108167680827909,1.5335961661803499,22.418566155512583,-36.45259915426545,3.096259843,1.562598425,,,,"80.1",2222,"6.3",823078,682626,668901,543760,666182,596019,665742,673357,621438,"54.21",,,,,,,,19,1,"Curveball",0,0,0,0,0,0,0,0,"Standard","Standard",69,"0.001","0.037",,,,"-0.037",,0,0,0.512,0.512,30,23,30,24,2,1,6,1,6,2,"3.98","-0.28","0.28","38.2",,,,,
"FC","2026-04-01","94.6","-2.08","6.09","Severino, Luis",645277,622663,,"ball",,,,,11,,"R","L","R","ATL","ATH","B",,,1,0,2026,"0.43","1.13",-0.6435736283470341,3.166011763917203,,,,0,2,"Bot",,,,,,,2.7269377755404194,-137.7402301454216,-4.35961045695883,4.933904800102902,29.56682385577286,-17.03583514932043,2.984801509,1.506348425,,,,"95.2",2424,"6.5",824940,642851,628451,687231,691777,805779,691016,672016,667670,"53.96",,,,,,,,12,2,"Cutter",0,0,0,0,0,0,0,0,"Infield shade","Standard",191,"0.007","0.077",,,,"-0.077",,0,0,0.555,0.555,32,29,32,29,1,0,5,1,7,1,"1.41","-0.43","0.43","47.1",,,,,
"SI","2026-04-01","98.5","-1.27","6.08","Medina, Luis",642086,665622,,"called_strike",,,,,9,,"R","L","R","ATL","ATH","S",,,1,1,2026,"-1.13","0.81",0.3190288077751706,1.6286646007800247,,,,2,8,"Bot",,,,,,,6.943820067041744,-143.19789840251732,-8.32883872289474,-17.128475614375326,30.959353183020106,-19.327280829216157,3.176123688,1.602903543,,,,"99",2578,"6.5",824940,642851,643446,687231,691777,805779,691016,672016,667670,"54.02",,,,,,,,61,3,"Sinker",5,1,5,1,1,5,5,1,"Infield shade","Standard",215,"0","-0.062",,,,"0.062",,4,4,0.986,0.986,27,31,27,31,1,3,4,1,3,1,"1.53","1.13","-1.13","42.0",,,,,
"FC","2026-04-01","94.4","-1.8","6.21","Schlittler, Cam",686527,693645,,"called_strike",,,,,9,,"R","L","R","SEA","NYY","S",,,1,0,2026,"-0.09","1.01",0.426775534395717,1.587787722436892,,,670042,1,2,"Bot",,,,,,,5.944375304582516,-137.21475009340833,-8.448421176104517,-2.3173862095371542,28.402910404363336,-17.76830540650368,3.208595801,1.619291339,,,,"95.4",2396,"6.8",823157,669224,502671,665862,642708,676609,641355,663757,592450,"53.74",,,,,,,,15,2,"Cutter",0,1,0,1,1,0,0,1,"Standard","Standard",190,"-0.006","-0.056",,,,"0.056",,-1,-1,0.45,0.45,25,28,25,29,1,0,5,2,6,3,"1.54","0.09","-0.09","44.1",,,,,
"KC","2026-04-01","79.1","-2.8","5.04","Ryan, Joe",521692,657746,"strikeout","called_strike",,,,,4,"Ryan Jeffers challenged (pitch result), call on the field was overturned: Salvador Perez called out on strikes.","R","R","R","KC","MIN","S",2,,1,2,2026,"1.16","-0.8",-0.5234439316581396,2.8014109747400813,677951,,,2,1,"Bot",,,,,,,2.686329274646387,-115.05068545364,3.6769728945049676,9.748559808381724,22.827631214392916,-40.208655300777515,3.312155512,1.671555118,,,,"79.1",2778,"6.5",824136,680777,605170,807712,668904,686797,668885,621439,670242,"54.01",,0,"0",1,0,0,,8,4,"Knuckle Curve",0,0,0,0,0,0,0,0,"Standard","Standard",56,"-0.026","-0.192",,,,"0.192",,0,0,0.526,0.526,30,36,30,36,1,0,6,2,5,1,"4.47","-1.16","-1.16","28.2",,,,,
"ST","2026-04-01","84.5","2.81","5.83","Freeland, Kyle",665489,607536,,"ball",,,,,12,,"R","R","L","TOR","COL","B",,,1,2,2026,"-1.3","-0.57",0.8305932133222924,2.494376906297471,,,,2,1,"Bot",,,,,,,-1.93347790789416,-123.02463839471561,0.03578731900932319,-12.655551257180905,26.848400709421067,-38.20850176928324,3.208595801,1.619291339,,,,"84.7",2339,"6.6",822835,664954,681198,650489,691720,678662,687597,686668,687859,"53.91",,,,,,,,6,4,"Sweeper",0,0,0,0,0,0,0,0,"Standard","Standard",312,"0.001","0.042",,,,"-0.042",,0,0,0.507,0.507,33,27,33,27,1,0,5,1,6,2,"3.79","-1.3","1.3","27.8",,,,,
"SI","2026-04-01","95.4","-1.87","5.6","Teng, Kai-Wei",702332,678906,"strikeout","called_strike",,,,,2,"Christian Vázquez challenged (pitch result), call on the field was overturned: Caleb Durbin called out on strikes.","R","R","R","HOU","BOS","S",2,,2,2,2026,"-1.48","0.37",0.05233617925035139,3.0661699121273776,,,,1,8,"Top",,,,,,,8.394495176798715,-138.57594535956576,-1.5611288842731434,-21.074006054303652,35.88903631947242,-27.3611256602012,2.947063648,1.48730315,,,,"94.7",2523,"6.3",824211,543877,572233,514888,670623,621043,694728,676694,701358,"54.17",,0,"0",1,0,0,,63,5,"Sinker",6,3,3,6,3,6,3,6,"Standard","Standard",233,"0.013","-0.228",,,,"0.228",,3,-3,0.953,0.04700000000000004,27,26,28,26,1,3,4,2,3,2,"2.18","1.48","1.48","26.1",,,,,
"CH","2026-04-01","84.4","-1.89","4.69","Criswell, Cooper",700250,681867,,"ball",,,,,13,,"R","L","R","SEA","NYY","B",,,1,0,2026,"-1.22","-0.5",-0.09022247508370085,1.5232856488064024,,,592450,2,8,"Top",,,,,,,6.609731655892211,-122.81785443369697,0.23422212538363074,-13.614407387648697,24.616168307567296,-37.45442853918907,3.280561024,1.655610236,,,,"84.7",1446,"6.5",823157,663728,647304,702284,680977,660844,668227,677594,670042,"54.02",,,,,,,,54,2,"Changeup",0,4,4,0,4,0,4,0,"Standard","Standard",276,"-0.001","0.048",,,,"-0.048",,-4,4,0.04,0.96,29,27,30,27,1,3,3,1,5,2,"3.7","1.22","-1.22","6.1",,,,,
"SL","2026-04-01","88","-1.82","5.36","Vodnik, Victor",672960,680767,,"called_strike",,,,,3,,"R","R","R","TOR","COL","S",,,1,1,2026,"0.3","-0.36",0.31791016059386157,3.2430585945478576,,,,1,8,"Bot",,,,,,,4.5126602798228586,-128.13630580295342,1.8782800398931128,2.454881570042382,24.62820993469606,-36.74648466309574,3.255987533,1.643208661,,,,"88.7",2480,"6.5",822835,664954,687859,690022,650489,678662,664983,686668,687597,"53.96",,,,,,,,63,3,"Slider",1,1,1,1,1,1,1,1,"Standard","Standard",64,"-0.009","-0.064",,,,"0.064",,0,0,0.56,0.56,26,30,27,30,1,3,3,1,3,2,"3.28","-0.3","-0.3","50.1",,,,,
"FF","2026-04-01","93.8","-2.7","4.74","Ryan, Joe",686469,657746,,"called_strike",,,,,9,,"R","L","R","KC","MIN","S",,,2,1,2026,"-1.19","1.49",0.5947881494293716,1.8289480481426121,,,677951,1,1,"Bot",,,,,,,11.173143809313125,-136.00903701383533,-4.868871793182119,-17.392632430222523,34.68337074480892,-12.820035927379383,3.363057743,1.697244095,,,,"93.8",2331,"6.9",824136,680777,605170,807712,668904,686797,668885,621439,670242,"53.62",,,,,,,,7,4,"4-Seam Fastball",0,0,0,0,0,0,0,0,"Infield shade","Standard",225,"-0.008","-0.075",,,,"0.075",,0,0,0.555,0.555,30,28,30,29,1,0,6,2,5,1,"1.15","1.19","-1.19","22.9",,,,,
"SL","2026-04-01","87.8","3.21","5.66","Ferrer, José A.",669224,678606,"strikeout","called_strike",,,,,7,"Cal Raleigh challenged (pitch result), call on the field was overturned: Austin Wells called out on strikes.","R","L","L","SEA","NYY","S",2,,1,2,2026,"-0.29","0.05",-0.489315015067191,1.5926147342212138,,,,1,7,"Top",,,,,,,-8.125564854707601,-127.6371146589699,-3.5593157064932512,-1.4428255911530863,26.80607178817908,-31.021953320471223,3.254232283,1.642322835,,,,"86.8",2451,"5.7",823157,663728,647304,702284,680977,660844,668227,677594,670042,"54.75",,0,"0",1,0,0,,46,4,"Slider",0,4,4,0,4,0,4,0,"Infield shade","Standard",106,"0.003","-0.18",,,,"0.18",,-4,4,0.065,0.935,26,26,26,27,1,2,2,2,4,2,"2.91","-0.29","-0.29","31.4",,,,,
"ST","2026-04-01","87.8","-1.75","5.82","Kirby, George",592450,669923,,"ball",,,,,14,,"R","R","R","SEA","NYY","B",,,0,1,2026,"1","-0.5",0.5081564519316409,1.38987586946318,,,,1,1,"Top",,,,,,,3.3121688072009294,-127.76872038914672,-3.1849842345377652,9.921023046520089,31.74976697341584,-37.024182880139605,3.522785433,1.777854331,,,,"87.6",2533,"6.6",823157,663728,647304,702284,680977,660844,668227,677594,670042,"53.88",,,,,,,,2,2,"Sweeper",0,0,0,0,0,0,0,0,"Standard","Standard",29,"-0.001","0.029",,,,"-0.029",,0,0,0.524,0.476,28,34,28,34,1,0,5,1,6,2,"3.51","-1","-1","35.5",,,,,
"FF","2026-04-01","92.7","-2.04","5.2","Laweryson, Cody",686469,689520,"strikeout","called_strike",,,,,7,"Ryan Jeffers challenged (pitch result), call on the field was overturned: Vinnie Pasquantino called out on strikes.","R","L","R","KC","MIN","S",2,,2,2,2026,"-1.34","1.17",-0.7510115876300942,1.675643511754705,,,,0,5,"Bot",,,,,,,6.261732344281256,-134.81656553619345,-5.57668519650186,-17.759342643124167,30.935668033469,-16.906570215642553,3.363057743,1.697244095,,,,"92.7",,"6.4",824136,680777,605170,807712,668904,686797,668885,621439,670242,"54.07",,0,"0",1,0,0,,41,5,"4-Seam Fastball",5,1,5,1,1,5,5,1,"Infield shade","Standard",,"-0.005","-0.232",,,,"0.232",,4,4,0.93,0.93,28,28,28,29,1,2,,2,2,1,"1.5","1.34","-1.34","27.0",,,,,
"KC","2026-04-01","85.9","1.88","6.4","Little, Brendon",671289,663893,,"ball",,,,,14,,"R","R","L","TOR","COL","B",,,0,2,2026,"-0.08","-0.76",0.8329856704595728,2.250370303664864,,686668,,0,10,"Top",,,,,,,-2.261398800152966,-125.16257830052815,-1.7891002487470735,-0.4370952818280291,24.59986260520137,-40.05553977342545,3.150672572,1.590059055,,,,"85.2",1725,"5.7",822835,623168,665489,676391,672960,665926,660821,662139,664770,"54.82",,,,,,,,72,3,"Knuckle Curve",1,1,1,1,1,1,1,1,"Standard","Standard",337,"-0.011","0.017",,,,"-0.017",,0,0,0.544,0.45599999999999996,29,27,30,27,1,0,2,,2,3,"3.84","-0.08","0.08","42.4",,,,,
"SI","2026-04-01","92.8","1.62","6.1","Lynch IV, Daniel",605137,663738,,"ball",,,,,14,,"R","R","L","KC","MIN","B",,,2,0,2026,"1.16","1.12",0.006592733343931068,1.5230110525942646,,,,0,7,"Top",,,,,,,-6.649500922603897,-134.76117176523337,-8.121538243223648,15.611733896541784,30.636129151038407,-16.86116370089785,3.334973753,1.683070866,,,,"92.6",2340,"6.4",824136,521692,686469,663697,679845,686475,686555,664728,695506,"54.1",,,,,,,,59,3,"Sinker",12,1,1,12,1,12,1,12,"Standard","Standard",149,"0","0.152",,,,"-0.152",,11,-11,0.999,0.0010000000000000009,29,33,30,34,1,2,2,2,3,1,"1.54","1.16","-1.16","41.3",,,,,
"CH","2026-03-31","85.5","0.75","5.95","McClanahan, Shane",668930,663556,,"called_strike",,,,,3,,"R","L","L","MIL","TB","S",,,1,0,2026,"1.2","0.37",0.6645326690829146,3.139449409740896,596142,663604,687401,2,5,"Bot",,,,,,,-2.6963069031920024,-124.5532726442066,-0.8893176059789176,13.041199727435655,25.54016506710252,-28.39678613778021,3.21035105,1.620177165,,,,"86.2",1281,"6.7",823807,663743,666018,810938,691406,700246,802415,656775,641584,"53.76",,,,,,,,38,2,"Changeup",0,2,0,2,2,0,0,2,"Standard","Standard",95,"-0.017","-0.035",,,,"0.035",,-2,-2,0.341,0.341,29,26,29,27,3,2,,1,6,1,"2.75","1.2","1.2","35.6",,,,,
"FF","2026-03-31","94.4","-0.72","6.02","Gilbert, Logan",641857,669302,,"called_strike",,,,,1,,"R","L","R","SEA","NYY","S",,,0,1,2026,"-0.41","1.46",-0.49505592421566075,3.2693864022719623,,,,2,5,"Top",,,,,,,1.5642539382131513,-137.4793985790419,-4.717682998842698,-5.585777975827485,30.04098593794214,-12.755762686305596,3.31742126,1.674212598,,,,"96.8",1991,"7.6",823158,663728,647304,702284,680977,660844,668227,677594,645302,"52.92",,,,,,,,33,2,"4-Seam Fastball",0,2,2,0,2,0,2,0,"Standard","Standard",209,"0.003","-0.057",,,,"0.057",,-2,2,0.281,0.719,29,31,29,32,2,1,5,1,6,1,"1.09","0.41","-0.41","44.9",,,,,
"SL","2026-03-31","86.1","-0.94","5.94","Márquez, Germán",669477,608566,"strikeout","called_strike",,,,,3,"Freddy Fermin challenged (pitch result), call on the field was overturned: Casey Schmitt called out on strikes.","R","R","R","SD","SF","S",2,,0,2,2026,"-0.26","0.23",0.8020656080252998,3.118547361927374,,,672275,2,3,"Top",,,,,,,4.519087427945732,-125.18443693150459,-0.6372131455078813,-3.735298821292289,29.315603762354392,-29.887736003750533,3.196309055,1.613090551,,,,"83.9",2332,"5.3",823322,666023,657757,630105,592518,593428,592206,701538,665487,"55.24",,0,"0",1,0,0,,27,3,"Slider",0,4,4,0,4,0,4,0,"Standard","Standard",279,"0.007","-0.174",,,,"0.174",,-4,4,0.157,0.843,31,27,31,27,2,1,,1,6,1,"2.89","0.26","0.26","40.2",,,,,
"CU","2026-03-31","78.2","-2.28","6.28","Bibee, Tanner",571970,676440,,"ball",,,,,11,,"R","L","R","LAD","CLE","B",,,1,2,2026,"1.06","-0.57",-0.9177895186954597,2.654576227719409,,,669257,1,4,"Bot",,,,,,,0.9135141262234224,-113.872778962759,0.34429524039195036,9.041551044652723,21.112417633909757,-37.4303820950027,3.127854331,1.578543307,,,,"78.4",2533,"6.4",823969,666310,656555,677587,608070,672356,682657,680757,692216,"54.07",,,,,,,,30,4,"Curveball",0,0,0,0,0,0,0,0,"Infield shade","Strategic",39,"0.006","0.044",,,,"-0.044",,0,0,0.552,0.552,27,35,27,36,2,1,5,1,6,1,"4.3","-1.06","1.06","53.7",,,,,
"ST","2026-03-31","84","-2.07","5.77","Ohtani, Shohei",656555,660271,,"called_strike",,,,,6,,"R","R","R","LAD","CLE","S",,,0,0,2026,"1.15","0.21",0.7557786281861142,2.5113880273414106,,,,2,4,"Top",,,,,,,4.175176874905006,-122.40791927454342,-1.3975287897547828,10.742257382635772,23.42472257990446,-29.972896941699776,3.334096129,1.682627953,,,,"84.4",2727,"6.4",823969,669257,518692,690976,571970,605141,606192,681624,663656,"54.07",,,,,,,,26,1,"Sweeper",0,0,0,0,0,0,0,0,"Standard","Standard",69,"0.002","-0.043",,,,"0.043",,0,0,0.547,0.45299999999999996,31,33,32,33,2,1,,1,8,1,"3","-1.15","-1.15","36.2",,,,,
"FC","2026-03-31","87.3","-0.83","6.17","Civale, Aaron",686948,650644,"walk","ball",,,,,11,"Shea Langeliers challenged (pitch result), call on the field was confirmed: Drake Baldwin walks.","R","L","R","ATL","ATH","B",,,3,2,2026,"0.7","0.34",-0.9102597556471707,3.2953664731841474,,,,2,3,"Bot",,,,,,,-1.6555375718871979,-127.26455913711597,-1.362643904468413,8.02124371133782,23.260497080424653,-28.415101617099147,3.205962927,1.617962598,,,,"87.2",2704,"5.9",824942,669127,701762,628451,691777,805779,691016,672016,671732,"54.59",,0.704857,"0.7",1,0,0,,25,7,"Cutter",1,3,1,3,3,1,1,3,"Infield shade","Standard",167,"0.013","0.259",,,,"-0.259",,-2,-2,0.284,0.284,31,25,31,25,2,1,,1,7,1,"2.62","-0.7","0.7","42.1",,,,,
"CH","2026-03-31","86.1","-1.26","5.53","Feltner, Ryan",543807,663372,"walk","ball",,,,,14,"Hunter Goodman challenged (pitch result), call on the field was confirmed: George Springer walks.","R","R","R","TOR","COL","B",,,3,2,2026,"-0.39","0.62",0.9131893648170266,2.052048770606197,,665926,,2,3,"Bot",,,,,,,5.945388672239407,-125.27294412091211,-3.0778395427932055,-5.3413340569562,25.810637877976678,-25.213845754224693,3.267396654,1.648966535,,,,"86.6",1735,"6.7",822836,696100,650489,690022,691720,678662,664983,686668,687859,"53.82",,0.704857,"0.7",1,0,0,,21,6,"Changeup",0,0,0,0,0,0,0,0,"Standard","Standard",194,"0.009","0.134",,,,"-0.134",,0,0,0.54,0.54,29,36,30,37,2,1,,1,6,1,"2.46","0.39","0.39","50.4",,,,,
"ST","2026-03-31","78.2","-1.64","5.91","Senga, Kodai",691023,673540,,"ball",,,,,13,,"R","R","R","STL","NYM","B",,,0,0,2026,"0.74","-0.88",-0.8496535458774207,2.4909597636969156,,,,0,4,"Bot",,,,,,,0.30102293044155237,-113.87402295806102,1.4166361387709743,6.337619099813977,22.86841422197456,-40.288391163668635,3.461351706,1.746850394,,,,"77.6",2391,"6.1",823077,620443,676724,543760,666182,596019,665742,673357,701807,"54.45",,,,,,,,31,1,"Sweeper",2,0,2,0,0,2,2,0,"Standard","Standard",34,"0.002","0.041",,,,"-0.041",,2,2,0.786,0.786,33,24,33,24,2,1,,1,5,1,"4.63","-0.74","-0.74","50.2",,,,,
"FF","2026-03-31","96.7","-2.15","5.61","Ohtani, Shohei",692216,660271,,"called_strike",,,,,9,,"R","L","R","LAD","CLE","S",,,1,1,2026,"-0.21","1.24",0.44039905421327447,1.703181728778505,,672356,680757,2,3,"Top",,,,,,,7.3587038787394805,-140.56723373451268,-7.551469778446344,-4.445288913634261,31.240742489192424,-14.247161544149344,3.151550197,1.590501969,,,,"97.5",2496,"6.8",823969,669257,518692,690976,571970,605141,606192,681624,663656,"53.75",,,,,,,,19,3,"4-Seam Fastball",0,0,0,0,0,0,0,0,"Standard","Standard",212,"0.013","-0.063",,,,"0.063",,0,0,0.508,0.492,31,24,32,25,2,0,,2,8,5,"1.2","0.21","-0.21","36.4",,,,,
"CU","2026-03-31","81.9","-2.67","5.48","Pfaadt, Brandon",681481,694297,,"ball",,,,,14,,"R","L","R","AZ","DET","B",,,0,0,2026,"0.95","-0.96",0.11458537964222493,1.4287941040124932,,682985,,2,3,"Top",,,,,,,4.362195172647983,-119.15126875459595,-0.42773455345591627,8.087293854898427,24.531149408603024,-41.37056773870355,3.234046916,1.632135827,,,,"81.9",2553,"6.5",825107,543510,467793,606466,699912,672695,691783,677950,682998,"54.01",,,,,,,,24,1,"Curveball",0,4,4,0,4,0,4,0,"Infield shade","Standard",49,"0","0.019",,,,"-0.019",,-4,4,0.148,0.852,27,28,28,29,2,1,,1,5,1,"4.38","-0.95","0.95","27.2",,,,,
"ST","2026-03-31","85.1","-2.82","5.38","Pfaadt, Brandon",650402,694297,"strikeout","called_strike",,,,,8,"James McCann challenged (pitch result), call on the field was overturned: Gleyber Torres called out on strikes.","R","R","R","AZ","DET","S",2,,1,2,2026,"0.54","0.53",0.20766404020757823,1.5628809693834027,,690993,805808,1,3,"Top",,,,,,,5.926116942349155,-123.77666705415218,-3.4974824805706035,4.338038812702363,24.516775285091057,-26.234785690585603,3.12960958,1.579429134,,,,"85.4",2759,"6.5",825107,543510,467793,606466,699912,672695,691783,677950,682998,"54.02",,0,"0",1,0,0,,22,4,"Sweeper",0,2,2,0,2,0,2,0,"Standard","Standard",73,"0.025","-0.174",,,,"0.174",,-2,2,0.268,0.732,27,29,28,30,2,1,,1,5,1,"2.62","-0.54","-0.54","25.0",,,,,
"CU","2026-03-31","75.4","-1.44","5.21","Maton, Phil",672724,664208,,"ball",,,,,13,,"R","R","R","CHC","LAA","B",,,2,2,2026,"1.26","-0.87",-0.8940383148164659,1.9685592968430834,,,681351,2,6,"Top",,,,,,,-1.186523595635677,-109.6324299739108,2.318422306724843,10.305914661809778,21.834586164215175,-39.84237356278039,3.186655184,1.608218504,,,,"75.8",3039,"6.9",824699,665804,683737,663538,608324,621020,664023,691718,807713,"53.58",,,,,,,,45,6,"Curveball",0,2,2,0,2,0,2,0,"Standard","Standard",60,"-0.005","0.079",,,,"-0.079",,-2,2,0.245,0.755,33,26,33,26,1,2,2,1,6,1,"4.93","-1.26","-1.26","27.5",,,,,
"SL","2026-03-31","87.5","-2.06","4.97","Díaz, Edwin",682177,621242,,"called_strike",,,,,1,,"R","L","R","LAD","CLE","S",,,0,0,2026,"0.21","0.33",-0.5803774821945028,3.3158136472085067,,656555,677587,1,9,"Top",,,,,,,3.105518230362827,-127.51796473724457,1.5131771271301497,1.7461436104086958,21.73546740761023,-28.980498457149586,3.19718668,1.613533465,,,,"88.7",2131,"6.6",823969,669257,518692,500743,571970,605141,606192,681624,663656,"53.92",,,,,,,,72,1,"Slider",4,1,1,4,1,4,1,4,"Standard","Standard",156,"0.008","-0.033",,,,"0.033",,3,-3,0.91,0.08999999999999997,32,29,32,29,1,0,3,1,5,1,"2.6","-0.21","0.21","20.9",,,,,
"FF","2026-03-31","93.4","-3.23","5.59","Scherzer, Max",686668,453286,,"ball",,,,,13,,"R","R","R","TOR","COL","B",,,2,0,2026,"-0.75","1.33",-0.34198913399799746,1.5692583998116545,,,681198,2,2,"Top",,,,,,,8.965123282609085,-135.46341996225001,-7.219933739887123,-11.303361414852336,32.18162550033086,-14.29744266269774,3.349893373,1.690600394,,,,"92.4",2312,"6.1",822836,623168,665489,676391,672960,665926,660821,662139,664770,"54.41",,,,,,,,10,3,"4-Seam Fastball",0,0,0,0,0,0,0,0,"Standard","Standard",224,"-0.006","0.083",,,,"-0.083",,0,0,0.521,0.479,41,28,42,28,1,0,,1,6,1,"1.31","0.75","0.75","31.3",,,,,
"FF","2026-03-31","96.6","-2.26","5.7","Soriano, José",663538,667755,,"called_strike",,,,,2,,"R","R","R","CHC","LAA","S",,,1,1,2026,"-0.78","1.24",-0.2162679870104569,3.0887012724457086,,,,0,2,"Bot",,,,,,,7.205707137627906,-140.40517658475815,-4.034376651908814,-11.990471506933009,34.11368128831165,-15.132243735025027,3.185777559,1.607775591,,,,"96.7",2150,"6.6",824699,681351,694384,672724,600869,687263,666139,545361,666176,"53.94",,,,,,,,14,3,"4-Seam Fastball",0,0,0,0,0,0,0,0,"Standard","Standard",234,"-0.006","-0.061",,,,"0.061",,0,0,0.55,0.55,27,29,28,29,1,0,5,1,6,1,"1.23","0.78","0.78","30.0",,,,,
"FC","2026-03-31","92.7","-1.76","6","Senga, Kodai",691023,673540,,"called_strike",,,,,4,,"R","R","R","STL","NYM","S",,,2,1,2026,"0.05","0.68",-0.8229949884324425,2.4052471739067354,,,,0,2,"Bot",,,,,,,2.2514640400040022,-134.8424994474073,-4.632216411510326,0.0819271463296724,32.786765901031764,-23.006867899313864,3.461351706,1.746850394,,,,"92.3",2566,"6.3",823077,620443,676724,543760,666182,596019,665742,673357,701807,"54.17",,,,,,,,14,4,"Cutter",0,0,0,0,0,0,0,0,"Strategic","Strategic",211,"-0.007","-0.073",,,,"0.073",,0,0,0.555,0.555,33,24,33,24,1,0,,1,5,1,"2","-0.05","-0.05","51.6",,,,,
"SI","2026-03-31","96","-0.95","5.43","Feltner, Ryan",664770,663372,"strikeout","called_strike",,,,,9,"Hunter Goodman challenged (pitch result), call on the field was overturned: Nathan Lukes called out on strikes.","R","L","R","TOR","COL","S",2,,1,2,2026,"-1.24","0.57",0.7937132038776407,1.7926835451234147,,,,1,2,"Bot",,,,,,,7.412715245549243,-139.5668095636489,-5.064887252520616,-17.925398208634082,32.69172388382056,-23.798115616318313,3.163836942,1.596702756,,,,"95.8",2344,"6.3",822836,696100,650489,690022,691720,678662,664983,686668,687859,"54.2",,0,"0",1,0,0,,13,4,"Sinker",0,0,0,0,0,0,0,0,"Infield shade","Standard",211,"-0.012","-0.18",,,,"0.18",,0,0,0.523,0.523,29,31,30,32,1,0,,1,6,1,"1.92","1.24","-1.24","43.6",,,,,
"SI","2026-03-31","95.6","-1.84","5.88","Uribe, Abner",680700,682842,,"called_strike",,,,,3,,"R","L","R","MIL","TB","S",,,0,0,2026,"-0.86","0.74",0.7269527364691324,2.8140040276295633,691406,,641584,2,8,"Top",,,,,,,8.642228818541094,-138.896651965882,-3.909433913186282,-13.1921690979565,33.21703620293671,-21.864030430391573,3.040091864,1.534251969,,,,"95.1",2314,"6.2",823807,661388,641343,668930,650859,687401,592885,663604,686217,"54.27",,,,,,,,64,1,"Sinker",5,2,2,5,2,5,2,5,"Standard","Standard",217,"0.007","-0.035",,,,"0.035",,3,-3,0.927,0.07299999999999995,26,29,26,29,1,0,3,2,4,1,"1.77","0.86","-0.86","34.6",,,,,
"SI","2026-03-31","95.7","-2","6.05","Brown, Hunter",575929,686613,,"called_strike",,,,,9,,"R","R","R","HOU","BOS","S",,,1,0,2026,"-1.23","1.15",0.3474293787644114,1.6490822421875921,,,807799,2,1,"Top",,,,,,,8.989414609044372,-138.71636113957513,-8.337454730897035,-18.035180694863794,34.72486083726022,-15.552029868134156,3.229658793,1.62992126,,,,"95.7",2146,"6.8",824212,673237,572233,514888,621043,665161,694388,676694,701358,"53.7",,,,,,,,4,2,"Sinker",0,0,0,0,0,0,0,0,"Standard","Standard",216,"0.003","-0.05",,,,"0.05",,0,0,0.524,0.476,27,34,28,34,1,0,5,1,,1,"1.39","1.23","1.23","54.1",,,,,
"CU","2026-03-31","79.9","3.33","4.74","Bernardino, Brennan",665926,657514,,"called_strike",,,,,3,,"R","L","L","TOR","COL","S",,,0,0,2026,"-0.57","1.13",0.4633007398844115,2.901625027288375,,,623168,2,6,"Bot",,,,,,,-5.035769443083168,-116.15050384088843,0.7551861823138515,-4.055177271959474,24.61892459359296,-22.44470744867492,3.164714567,1.597145669,,,,"78.1",2388,"5.4",822836,696100,650489,690022,691720,678662,664983,686668,687859,"55.14",,,,,,,,49,1,"Curveball",2,1,2,1,1,2,2,1,"Standard","Standard",286,"-0.003","-0.042",,,,"0.042",,1,1,0.715,0.715,34,27,34,28,1,2,3,1,1,1,"2.49","-0.57","-0.57","8.4",,,,,
"SI","2026-03-31","94.4","-1.66","5.91","Woodruff, Brandon",691406,605540,"strikeout","called_strike",,,,,8,"William Contreras challenged (pitch result), call on the field was overturned: Junior Caminero called out on strikes.","R","R","R","MIL","TB","S",2,,3,2,2026,"-0.98","1.51",-0.18589834940836936,1.5211957950143127,,,,1,1,"Top",,,,,,,6.010272340914385,-137.07147286969283,-8.82039523680987,-13.751647473035234,32.874051732409605,-11.36511876637538,3.243700787,1.637007874,,,,"94",2382,"6.4",823807,661388,641343,668930,650859,687401,592885,663604,686217,"54.13",,0,"0",1,0,0,,3,6,"Sinker",0,1,1,0,1,0,1,0,"Standard","Standard",209,"0.017","-0.332",,,,"0.332",,-1,1,0.421,0.579,33,22,33,23,1,0,,1,6,1,"1.08","0.98","0.98","45.0",,,,,
"CU","2026-03-31","77.4","-2.01","5.95","Anderson, Drew",467793,623454,,"called_strike",,,,,1,,"R","L","R","AZ","DET","S",,,0,0,2026,"0.79","-1.54",-0.4399625011010232,2.9207699746849967,,,,2,7,"Bot",,,,,,,1.848701612505237,-112.48169223644179,3.7193702302821023,6.192644574081183,24.455815466831712,-46.10945821631938,3.108546588,1.568799213,,,,"76.9",2732,"6.5",825107,668670,679529,650402,690993,805808,682985,678009,656716,"54.03",,,,,,,,53,1,"Curveball",1,5,1,5,5,1,1,5,"Infield shade","Standard",32,"-0.001","-0.043",,,,"0.043",,-4,-4,0.042,0.042,32,40,32,40,1,2,5,1,4,2,"5.42","-0.79","0.79","45.9",,,,,
"FF","2026-03-31","93.8","2.12","6.08","Pomeranz, Drew",608324,519141,,"ball",,,,,12,,"R","R","L","CHC","LAA","B",,,0,0,2026,"0.18","1.44",0.8399336120432994,2.979566137130577,,,608348,1,8,"Bot",,,,,,,-3.6268493924295253,-136.54904802773254,-5.255406200064369,3.024690807458577,31.620828877984252,-13.212895090923764,3.126099081,1.57765748,,,,"92.9",2500,"5.8",824699,681351,694384,624428,672724,687263,669326,545361,666176,"54.67",,,,,,,,64,1,"4-Seam Fastball",0,2,0,2,2,0,0,2,"Standard","Standard",156,"0.008","0.035",,,,"-0.035",,-2,-2,0.178,0.178,37,32,38,32,1,3,2,1,3,1,"1.16","0.18","-0.18","37.1",,,,,
"ST","2026-03-31","82.8","3.16","5.49","Nardi, Andrew",643217,677053,,"called_strike",,,,,3,,"R","L","L","MIA","CWS","S",,,0,1,2026,"-1.24","0.36",0.689967853415995,2.7043368583084493,,,,2,5,"Top",,,,,,,-3.0971153147969646,-120.49109592310162,-0.3300819608489687,-11.337845607731301,25.947549077028583,-28.820873219678866,3.068175853,1.548425197,,,,"82.9",2512,"6.6",823888,682663,689414,669364,688363,672640,681715,805300,665052,"53.91",,,,,,,,39,2,"Sweeper",4,2,2,4,2,4,2,4,"Standard","Standard",287,"0.003","-0.057",,,,"0.057",,2,-2,0.802,0.19799999999999995,27,31,28,32,1,2,4,2,4,1,"2.99","-1.24","-1.24","41.0",,,,,
"SI","2026-03-31","89.8","3.48","5.12","Hudson, Bryan",672640,663542,,"ball",,,,,13,,"R","R","L","MIA","CWS","B",,,0,0,2026,"1.53","0.35",-0.40783497386054623,1.2229451384259433,,,,1,6,"Bot",,,,,,,-12.977593608929107,-130.13181237613028,-4.179056354196844,20.145786614795078,27.438300629169238,-27.44766575580399,3.136630577,1.582972441,,,,"90.9",2231,"7.2",823888,700337,808959,805367,678246,695657,669720,682668,671976,"53.32",,,,,,,,47,1,"Sinker",4,2,4,2,2,4,4,2,"Standard","Standard",126,"0.001","0.039",,,,"-0.039",,2,2,0.832,0.832,29,27,29,28,1,2,3,1,5,1,"2.5","1.53","-1.53","16.5",,,,,
"FF","2026-03-31","90.2","-0.84","6.17","Littell, Zack",664761,641793,"walk","ball",,,,,13,"Keibert Ruiz challenged (pitch result), call on the field was confirmed: Alec Bohm walks.","R","R","R","PHI","WSH","B",,,3,1,2026,"-0.12","1.27",-0.12538908530636875,1.5140964862977095,,,,0,2,"Bot",,,,,,,2.0250041625629063,-131.198682165632,-8.124605016447925,-1.8407893849182513,27.128484101513653,-15.946289566309833,3.406938976,1.719389764,,,,"90.3",2296,"6.3",823485,660688,671277,683083,678391,682928,695734,686894,695578,"54.19",,0.704857,"0.7",1,0,0,,12,5,"4-Seam Fastball",0,0,0,0,0,0,0,0,"Standard","Standard",199,"0.023","0.262",,,,"-0.262",,0,0,0.566,0.566,30,29,31,30,1,0,,1,6,1,"1.52","0.12","0.12","39.2",,,,,
"FF","2026-03-31","96.1","-0.69","6.66","Fairbanks, Pete",678246,664126,,"ball",,,,,13,,"R","R","R","MIA","CWS","B",,,0,0,2026,"-0.33","1.71",-0.4670531286941985,1.4714031842107396,,,,0,9,"Top",,,,,,,1.3395510910186792,-139.57220397135737,-11.75876949144372,-4.606729428233852,32.282606058517956,-7.351680080677525,3.290214895,1.660482283,,,,"95.8",2426,"6.3",823888,682663,689414,669364,688363,672640,681715,805300,665052,"54.23",,,,,,,,68,1,"4-Seam Fastball",9,2,2,9,2,9,2,9,"Standard","Standard",197,"0","0.041",,,,"-0.041",,7,-7,0.999,0.0010000000000000009,32,26,33,27,1,3,3,1,5,1,"0.77","0.33","0.33","47.8",,,,,
"FC","2026-03-30","89.9","-1.39","5.56","McCullers Jr., Lance",680776,621121,,"ball",,,,,13,,"R","L","R","HOU","BOS","B",,,1,1,2026,"0.3","0.63",-0.8331121532666137,1.562343913961345,,596115,,1,7,"Top",,,,,,,0.7115135786839665,-130.96293585564862,-5.110427424409732,3.3677424736121244,25.380324511738213,-24.074715183445026,3.229658793,1.62992126,,,,"90.2",2447,"6.2",824214,673237,572233,514888,670623,621043,694728,676694,701358,"54.28",,,,,,,,49,3,"Cutter",5,0,0,5,0,5,0,5,"Infield shade","Standard",191,"-0.003","0.03",,,,"-0.03",,5,-5,0.965,0.03500000000000003,32,29,33,30,3,2,,1,6,2,"2.16","-0.3","0.3","35.5",,,,,
"FF","2026-03-30","95","-1.02","6.16","Ashcraft, Braxton",701398,677952,,"called_strike",,,,,4,,"R","R","R","CIN","PIT","S",,,3,0,2026,"-0.6","1.23",-0.68394904621126,2.4419995138929194,,,,0,6,"Bot",,,,,,,2.2482292483020987,-138.2345388333642,-6.685052036129996,-8.260202317575917,29.361709818938202,-15.121349848549848,3.239312664,1.634793307,,,,"95.4",2314,"6.4",824539,680779,687462,664040,693304,669707,668804,665833,656811,"54.08",,,,,,,,44,4,"4-Seam Fastball",2,0,2,0,0,2,2,0,"Standard","Standard",221,"-0.004","-0.09",,,,"0.09",,2,2,0.857,0.857,26,22,27,23,3,2,,1,6,1,"1.29","0.6","0.6","39.3",,,,,
"FC","2026-03-30","90.8","-2.46","5.92","Sugano, Tomoyuki",672960,608372,"walk","ball",,,,,14,"Hunter Goodman challenged (pitch result), call on the field was confirmed: Kazuma Okamoto walks.","R","R","R","TOR","COL","B",,,3,2,2026,"0.35","0.49",0.9819755058456536,1.6925997368441625,,,,0,5,"Bot",,,,,,,7.748125104689836,-132.0027496190158,-5.522079265935389,2.5743390950343263,26.032239632804774,-25.4959920933422,3.255987533,1.643208661,,,,,,,822834,696100,681198,650489,691720,678662,687597,664983,687859,"54.13",,0.704857,"0.7",1,0,0,,38,8,"Cutter",1,2,1,2,2,1,1,2,"Infield shade","Standard",,"0.048","0.356",,,,"-0.356",,-1,-1,0.423,0.423,36,30,37,30,2,1,,1,6,1,"2.26","-0.35","-0.35",,,,,,
"ST","2026-03-30","80.8","-2.18","6.11","Paddack, Chris",678246,663978,,"ball",,,,,14,,"R","R","R","MIA","CWS","B",,,0,0,2026,"0.49","-0.23",0.8849785062954284,1.6010587065089887,671976,677592,682668,1,4,"Top",,,,,,,5.814585757905288,-117.53295533601921,-2.627298362208223,3.265502840899143,24.920946449252085,-33.98430122935269,3.290214895,1.660482283,,,,"80.9",2267,"6.7",823890,689414,681393,669364,688363,672640,665052,805300,683357,"53.84",,,,,,,,29,1,"Sweeper",0,4,4,0,4,0,4,0,"Strategic","Standard",30,"-0.003","0.038",,,,"-0.038",,-4,4,0.086,0.914,30,26,30,27,3,2,,1,6,1,"3.76","-0.49","-0.49","47.4",,,,,
"CH","2026-03-30","85.6","-1.63","6.26","Elder, Bryce",666126,693821,,"ball",,,,,14,,"R","L","R","ATL","ATH","B",,,0,0,2026,"-1.18","0",0.005914751333436996,1.2107790722810212,,,,2,5,"Top",,,,,,,6.2213007124851964,-124.44957639901608,-5.316040959659481,-13.523179328611368,27.07607132755539,-31.197478265520612,2.990067257,1.509005906,,,,"85.2",1414,"6.3",824943,641680,621566,645277,663586,643289,642201,671739,660670,"54.2",,,,,,,,41,1,"Changeup",3,0,0,3,0,3,0,3,"Strategic","Standard",242,"-0.001","0.037",,,,"-0.037",,3,-3,0.875,0.125,27,29,27,29,2,1,,2,5,5,"3.14","1.18","-1.18","51.2",,,,,
"SI","2026-03-30","90.3","1.95","6.11","Suarez, Ranger",673237,624133,,"ball",,,,,13,,"R","R","L","HOU","BOS","B",,,0,2,2026,"1.18","0.53",-0.8326320631543034,2.124051203190618,,,,2,4,"Bot",,,,,,,-9.413198909134628,-131.04350836803178,-4.795595790390835,15.677538959790091,30.275890295952422,-25.230749426065294,3.161204068,1.595374016,,,,"90.2",2034,"6.6",824214,665966,575929,691785,702332,596115,701350,678882,677800,"53.94",,,,,,,,29,3,"Sinker",3,0,3,0,0,3,3,0,"Strategic","Standard",148,"0","0.022",,,,"-0.022",,3,3,0.84,0.84,30,27,31,28,2,1,,2,6,1,"2.31","1.18","-1.18","44.6",,,,,
"SL","2026-03-30","85.1","-1.59","6.3","Elder, Bryce",669127,693821,"strikeout","called_strike",,,,,9,"Jonah Heim challenged (pitch result), call on the field was overturned: Shea Langeliers called out on strikes.","R","R","R","ATL","ATH","S",2,,0,2,2026,"0.04","0.2",0.7231966712744793,1.590123221163882,,,,0,4,"Top",,,,,,,5.278383233272707,-123.81445318892618,-4.887564104564518,-0.6717111235297272,25.101805814393014,-29.32439253857265,3.18226706,1.606003937,,,,"85",2535,"6.2",824943,641680,621566,645277,663586,643289,642201,671739,660670,"54.25",,0,"0",1,0,0,,30,3,"Slider",3,0,0,3,0,3,0,3,"Standard","Standard",59,"0.013","-0.165",,,,"0.165",,3,-3,0.823,0.17700000000000005,27,28,27,29,2,1,,1,5,1,"2.95","-0.04","-0.04","52.0",,,,,
"KC","2026-03-30","76","-0.81","5.63","Buehler, Walker",642715,621111,,"ball",,,,,14,,"R","R","R","SD","SF","B",,,1,0,2026,"1","-1.06",0.4454712322744238,1.3932999014929726,,,669477,1,3,"Top",,,,,,,0.7825257075660421,-110.5681125227812,0.4649399489264776,7.990165348807771,21.89847400494264,-41.117288628436306,3.22351542,1.626820866,,,,"76.4",2437,"6.8",823320,669134,657757,630105,592518,593428,657656,701538,665487,"53.66",,,,,,,,17,2,"Knuckle Curve",0,1,1,0,1,0,1,0,"Standard","Standard",31,"-0.007","0.068",,,,"-0.068",,-1,1,0.382,0.618,31,30,32,31,2,1,,2,6,1,"5.04","-1","-1","47.5",,,,,
"SI","2026-03-30","92.9","2.57","5.83","Newcomb, Sean",682663,656794,,"ball",,,,,12,,"R","R","L","MIA","CWS","B",,,1,0,2026,"1.6","0.29",0.48705254426720157,3.5734007212770575,805300,,,1,8,"Bot",,,,,,,-8.70235742820796,-134.93838915044617,-0.34128250225288925,21.546849617563733,34.42211518709969,-28.876063154019764,3.256865158,1.643651575,,,,"90.9",2303,"5.6",823890,700337,678246,672820,695657,682668,669720,656537,677592,"54.9",,,,,,,,66,2,"Sinker",3,9,3,9,9,3,3,9,"Standard","Standard",131,"0.002","0.037",,,,"-0.037",,-6,-6,0.014,0.014,33,24,33,25,1,3,4,1,4,1,"2.4","1.6","-1.6","31.6",,,,,
"FC","2026-03-30","91.5","2.67","5.9","Newcomb, Sean",669364,656794,,"ball",,,,,14,,"R","R","L","MIA","CWS","B",,,0,1,2026,"0.12","0.84",0.9280272283472505,2.0277096852865073,805300,,,0,8,"Bot",,,,,,,-4.52378495934113,-133.10580323659434,-5.428046125886231,2.455710560696683,29.81389769277441,-21.171867007633164,3.055011483,1.541781496,,,,"90",2453,"5.5",823890,700337,678246,672820,695657,682668,669720,656537,677592,"55.01",,,,,,,,65,2,"Cutter",3,9,3,9,9,3,3,9,"Standard","Standard",138,"0.001","0.034",,,,"-0.034",,-6,-6,0.021,0.021,33,26,33,27,1,3,4,1,4,1,"1.89","0.12","-0.12","29.5",,,,,
"FF","2026-03-30","92","2.6","5.84","Griffin, Foster",624641,656492,,"ball",,,,,11,,"R","R","L","PHI","WSH","B",,,0,0,2026,"0.1","1.5",-0.8775594584260853,2.966426671222627,,,666969,1,2,"Bot",,,,,,,-8.943586116938995,-133.6248470993023,-4.542586072827951,3.1447457612643546,28.742690487543506,-13.40157706190498,3.186655184,1.608218504,,,,"92.2",2024,"6.5",823484,686452,671277,678391,691781,682928,695734,686894,695578,"54.02",,,,,,,,22,1,"4-Seam Fastball",0,5,0,5,5,0,0,5,"Standard","Standard",144,"0.003","0.035",,,,"-0.035",,-5,-5,0.127,0.127,30,30,31,30,1,0,,1,6,2,"1.2","0.1","-0.1","44.3",,,,,
"FF","2026-03-30","97.1","-2.34","5.8","Smith, Cade",681624,671922,,"ball",,,,,12,,"R","R","R","LAD","CLE","B",,,1,0,2026,"-0.5","1.49",0.868503130375429,2.454611877770277,,,,2,9,"Bot",,,,,,,9.839731598030715,-140.99899321477076,-6.81258247005218,-8.888072218111327,31.234012589228414,-10.820688610758822,3.23667979,1.633464567,,,,"99",2300,"7.4",823972,595978,656555,677587,608070,672356,680757,682177,682657,"53.09",,,,,,,,72,2,"4-Seam Fastball",2,4,2,4,4,2,2,4,"Standard","Standard",210,"0.006","0.065",,,,"-0.065",,-2,-2,0.018,0.018,27,25,27,26,1,3,2,2,2,1,"0.93","0.5","0.5","40.9",,,,,
"SI","2026-03-30","93.5","-1.76","5.32","Bassitt, Chris",592626,605135,,"called_strike",,,,,3,,"R","L","R","BAL","TEX","S",,,0,1,2026,"-1.46","0.18",0.597576164237781,2.941878962519128,694671,669394,,1,1,"Top",,,,,,,9.279608982770442,-135.78213935035362,-0.5382920481577277,-20.13802048012951,30.883965639149746,-30.098056552945764,3.23667979,1.633464567,,,,"93.5",2024,"6.5",824863,668939,624413,677942,691723,683002,621493,681297,687637,"54.02",,,,,,,,5,2,"Sinker",0,1,1,0,1,0,1,0,"Strategic","Standard",236,"0.018","-0.083",,,,"0.083",,-1,1,0.337,0.663,37,34,37,34,1,0,,2,6,1,"2.45","1.46","-1.46","27.1",,,,,
"SI","2026-03-30","96.6","-1.84","5.49","Svanson, Matt",682626,694335,"walk","ball",,,,,13,"Pedro Pagés challenged (pitch result), call on the field was confirmed: Francisco Alvarez walks.","R","R","R","STL","NYM","B",,,3,1,2026,"-1.12","0.64",-0.8502169597734526,2.1532228398866162,676724,,,2,6,"Top",,,,,,,5.23671679587238,-140.52418420189957,-4.6203656643724775,-16.091817195013636,31.180256444319042,-22.833788978623762,3.120833333,1.575,,,,"97.2",2313,"6.6",823080,686780,676475,802139,669357,691026,701675,687363,691023,"53.89",,0.704857,"0.7",1,0,0,,47,5,"Sinker",1,3,3,1,3,1,3,1,"Standard","Standard",224,"-0.004","0.087",,,,"-0.087",,-2,2,0.225,0.775,27,24,27,25,1,2,2,2,5,1,"1.8","1.12","1.12","25.0",,,,,
"SI","2026-03-30","94","-3.76","4.73","Walker, Ryan",701538,676254,,"ball",,,,,13,,"R","L","R","SD","SF","B",,,0,1,2026,"-1.61","0.27",-0.8822055751467557,1.6577317075904046,,630105,,2,9,"Bot",,,,,,,11.016842452768822,-136.40735347472855,-2.5520850567006996,-22.59087436188021,33.25961969361197,-28.453044979007846,3.320054134,1.675541339,,,,"93.7",2190,"6.5",823320,672275,669477,650333,656305,642715,671218,664056,808982,"53.98",,,,,,,,67,2,"Sinker",0,3,0,3,3,0,0,3,"Infield shade","Standard",243,"0","0.015",,,,"-0.015",,-3,-3,0.016,0.016,30,23,31,23,1,3,2,2,3,1,"2.35","1.61","-1.61","14.8",,,,,
"ST","2026-03-30","80.6","2.21","5.37","King, John",656537,667463,"walk","ball",,,,,12,"Liam Hicks challenged (pitch result), call on the field was confirmed: Derek Hill walks.","R","R","L","MIA","CWS","B",,,3,2,2026,"-1.54","-0.05",0.4885546238448666,3.528773238184061,,,,0,8,"Top",,,,,,,-0.7849772258869749,-117.21749648628071,2.9121446303641774,-13.913584700681783,25.431301355277736,-33.548481786525976,3.215616798,1.622834646,,,,"79.4",2822,"5.8",823890,689414,681393,669364,691594,672640,681715,805300,683357,"54.69",,0.704857,"0.7",1,0,0,,60,6,"Sweeper",3,9,9,3,9,3,9,3,"Standard","Standard",299,"-0.001","0.356",,,,"-0.356",,-6,6,0.008,0.992,31,30,32,31,1,0,1,4,5,2,"3.61","-1.54","1.54","23.1",,,,,
"SI","2026-03-30","94.3","-2.43","4.76","Topa, Justin",672580,623437,,"ball",,,,,14,,"R","R","R","KC","MIN","B",,,2,2,2026,"-1.35","0.13",0.9032633587595862,2.034267480446983,,,664728,1,7,"Bot",,,,,,,11.513312691829846,-136.8682791103102,-1.4878839830604835,-19.38707357165644,28.00812183714672,-30.477112896605664,3.262130906,1.646309055,,,,"94",2224,"6.1",824135,680777,605170,807712,668904,686797,668885,621439,670242,"54.41",,,,,,,,53,6,"Sinker",3,1,3,1,1,3,3,1,"Standard","Standard",257,"0.004","0.098",,,,"-0.098",,2,2,0.885,0.885,35,26,35,26,1,3,2,1,3,2,"2.44","1.35","1.35","9.2",,,,,
"SI","2026-03-30","91.3","1.7","4.81","Bummer, Aaron",671732,607481,"strikeout","called_strike",,,,,7,"Jonah Heim challenged (pitch result), call on the field was overturned: Lawrence Butler called out on strikes.","R","L","L","ATL","ATH","S",2,,1,2,2026,"1.41","0.15",-0.3231173692914424,1.7234610142560185,,,,0,7,"Top",,,,,,,-8.149669640302564,-132.64499932651452,-1.947216609601159,18.38665691256124,30.915390295597827,-30.168872657300046,3.34375,1.6875,,,,"91.4",1925,"6.7",824943,641680,621566,645277,663586,643289,573262,671739,660670,"53.85",,0,"0",1,0,0,,54,4,"Sinker",3,0,0,3,0,3,0,3,"Strategic","Standard",112,"0.017","-0.189",,,,"0.189",,3,-3,0.9,0.09999999999999998,32,25,33,26,1,2,2,1,7,1,"2.61","1.41","1.41","6.0",,,,,
"SI","2026-03-30","91","-1.64","3.76","Kelly, Kevin",663368,687330,,"called_strike",,,,,7,,"R","L","R","MIL","TB","S",,,2,1,2026,"-1.29","-0.11",-0.8031610584196758,1.7571724423465294,,,686217,2,9,"Bot",,,,,,,4.962600658946075,-132.37364842866853,1.3913788873922441,-16.224805249335013,30.698101746664907,-34.060984770489576,3.213861549,1.621948819,,,,"91.9",1964,"7",823809,663743,666018,810938,691406,700246,802415,656775,676356,"53.45",,,,,,,,71,4,"Sinker",2,3,2,3,3,2,2,3,"Infield shade","Standard",256,"-0.008","-0.093",,,,"0.093",,-1,-1,0.107,0.107,28,29,29,30,1,0,1,1,4,2,"2.89","1.29","-1.29","3.7",,,,,
"SI","2026-03-30","94.5","-2.44","4.82","Topa, Justin",672580,623437,,"called_strike",,,,,6,,"R","R","R","KC","MIN","S",,,2,1,2026,"-1.31","0.08",0.7559300778440661,2.331039870925447,,,664728,1,7,"Bot",,,,,,,11.143623608851494,-137.31186260062105,-0.811672825236637,-18.953334252404133,28.37162416278923,-31.225225109656353,3.262130906,1.646309055,,,,"94.4",2287,"6.2",824135,680777,605170,807712,668904,686797,668885,621439,670242,"54.33",,,,,,,,53,4,"Sinker",3,1,3,1,1,3,3,1,"Standard","Standard",249,"-0.004","-0.075",,,,"0.075",,2,2,0.889,0.889,35,26,35,26,1,3,2,1,3,2,"2.47","1.31","1.31","5.4",,,,,
"FF","2026-03-30","95.9","-1.58","5.91","Kelly, Michael",573262,547184,,"called_strike",,,,,4,,"R","L","R","ATL","ATH","S",,,2,1,2026,"-0.53","1.33",-0.7468190832397691,2.116292308767598,,,,0,8,"Bot",,,,,,,3.3778059223816257,-139.54384708432053,-7.242993661342174,-7.648778670123767,29.8895468257467,-13.418108803247142,3.125221457,1.577214567,,,,"95.7",2254,"6.1",824943,669127,701762,628451,691777,805779,691016,671732,643446,"54.41",,,,,,,,65,4,"4-Seam Fastball",3,0,3,0,0,3,3,0,"Infield shade","Standard",215,"-0.001","-0.073",,,,"0.073",,3,3,0.973,0.973,33,35,34,36,1,1,2,1,4,1,"1.14","0.53","-0.53","32.2",,,,,
"SI","2026-03-30","93.1","1.14","5.09","Cleavinger, Garrett",668930,664076,,"ball",,,,,13,,"R","L","L","MIL","TB","B",,,2,0,2026,"1.05","0.97",-0.3090406374671322,1.3811504559421888,,,,0,8,"Bot",,,,,,,-5.978481164557678,-135.33335581027967,-5.640951327091856,14.207769890982572,30.828778714032463,-19.17128774614008,3.21035105,1.620177165,,,,"92.6",2404,"6.1",823809,663743,666018,810938,691406,700246,802415,656775,676356,"54.36",,,,,,,,58,3,"Sinker",2,2,2,2,2,2,2,2,"Standard","Standard",142,"0.018","0.152",,,,"-0.152",,0,0,0.627,0.627,32,26,32,27,1,3,1,1,33,1,"1.67","1.05","1.05","29.0",,,,,
"SI","2026-03-30","93.9","2.67","6.13","De Jesus, Enmanuel",682998,646241,,"called_strike",,,,,7,,"R","L","L","AZ","DET","S",,,1,0,2026,"1.21","1.1",-0.6429551919242185,1.5541928860933296,,,606466,2,4,"Bot",,,,,,,-11.027826060511845,-136.09201334784677,-8.21055640772326,17.468488340938805,29.915776724317066,-16.75471678319008,3.10328084,1.566141732,,,,"92.6",2351,"5.7",825108,693307,679529,650402,805808,595879,682985,678009,681481,"54.78",,,,,,,,37,2,"Sinker",5,0,5,0,0,5,5,0,"Infield shade","Standard",146,"0","-0.05",,,,"0.05",,5,5,0.941,0.941,29,25,30,26,1,2,3,2,6,1,"1.5","1.21","1.21","46.7",,,,,
"SI","2026-03-30","92.9","-3.14","4.39","Schreiber, John",621439,670167,,"ball",,,,,11,,"R","R","R","KC","MIN","B",,,1,0,2026,"-1.12","-0.11",-0.918602625728302,2.456714494129878,,,,0,9,"Top",,,,,,,8.109750974125102,-135.05341214707911,1.2753852365959664,-15.548985264680647,30.563076869299245,-34.036841540624,3.257742782,1.644094488,,,,"92.7",2267,"6.3",824135,521692,686469,663697,672580,677951,686555,664728,695506,"54.18",,,,,,,,61,2,"Sinker",3,1,1,3,1,3,1,3,"Strategic","Standard",248,"-0.016","0.077",,,,"-0.077",,2,-2,0.916,0.08399999999999996,32,32,32,33,1,3,1,1,3,2,"2.76","1.12","1.12","6.8",,,,,
"FF","2026-03-30","94.7","-1.3","5.59","Rea, Colin",545361,607067,,"called_strike",,,,,6,,"R","R","R","CHC","LAA","S",,,0,1,2026,"-0.82","1.25",0.7976132678286597,2.4551805867940333,,,,0,7,"Top",,,,,,,7.3363694523983805,-137.51745916520363,-5.105897917291247,-12.174954596493778,34.17495781032726,-15.341210679785343,3.243700787,1.637007874,,,,"94.9",2296,"6.8",824702,608348,683737,663538,608324,621020,664023,691718,807713,"53.72",,,,,,,,51,2,"4-Seam Fastball",6,0,0,6,0,6,0,6,"Standard","Standard",222,"0.001","-0.055",,,,"0.055",,6,-6,0.984,0.016000000000000014,35,34,36,35,1,2,,1,4,1,"1.32","0.82","0.82","30.1",,,,,
"FF","2026-03-30","96.2","-0.11","6.68","Megill, Trevor",691406,656730,,"called_strike",,,,,9,,"R","R","R","MIL","TB","S",,,0,0,2026,"-0.27","1.58",0.8202518864525858,1.7058651067596065,,,,0,9,"Top",,,,,,,3.0733405102045146,-139.67091020831614,-10.998389086799076,-4.253737783612853,32.22726138443873,-9.193137247151471,3.243700787,1.637007874,,,,"96.5",2420,"6.7",823809,661388,596142,668930,650859,666152,663604,669003,686217,"53.83",,,,,,,,63,1,"4-Seam Fastball",2,2,2,2,2,2,2,2,"Standard","Standard",199,"0.009","-0.039",,,,"0.039",,0,0,0.5,0.5,32,22,33,23,1,3,1,1,5,1,"0.9","0.27","0.27","55.3",,,,,
"FF","2026-03-30","97.2","-1.54","5.8","Finnegan, Kyle",606466,640448,,"called_strike",,,,,3,,"R","L","R","AZ","DET","S",,,0,0,2026,"-0.55","1.42",0.7191943553081942,2.8879177208142917,,,691783,2,7,"Bot",,,,,,,7.290597380721788,-141.23965744237088,-5.379610131372293,-8.99284533218404,32.926972766805726,-12.169561477072662,3.218249672,1.624163386,,,,"97.7",2172,"6.7",825108,693307,679529,650402,805808,595879,682985,678009,681481,"53.81",,,,,,,,72,1,"4-Seam Fastball",9,6,9,6,6,9,9,6,"Standard","Standard",208,"-0.001","-0.042",,,,"0.042",,3,3,0.934,0.934,34,32,35,33,1,4,3,2,2,1,"1.01","0.55","-0.55","56.7",,,,,
"CH","2026-03-29","81.4","2.91","5.63","Early, Connelly",682829,813349,,"called_strike",,,,,6,,"R","R","L","CIN","BOS","S",,,0,0,2026,"0.93","-0.25",0.6965611997679115,2.410594433112194,,,680574,0,6,"Bot",,,,,,,-6.744791224660256,-118.49947907897527,0.008743829243906598,10.021366942440505,20.75965152762976,-34.724804307367755,3.460474081,1.74640748,,,,"81.9",1365,"6.4",824538,657136,575929,691785,702332,596115,807799,680776,677800,"54.06",,,,,,,,45,1,"Changeup",0,2,0,2,2,0,0,2,"Standard","Standard",97,"-0.008","-0.043",,,,"0.043",,-2,-2,0.32,0.32,24,24,24,24,3,2,,1,6,1,"3.66","0.93","-0.93","28.4",,,,,
"ST","2026-03-29","80.3","-2.2","5.01","Irvin, Jake",621020,663623,,"ball",,,,,14,,"R","R","R","CHC","WSH","B",,,1,1,2026,"0.94","0.6",0.8603804684593551,1.4933830728565956,,,,0,5,"Bot",,,,,,,4.941744104110333,-116.87135185044185,-2.008392267915201,7.556043773908859,23.374825154068496,-26.50921583072039,3.218249672,1.624163386,,,,"81.1",2486,"6.9",824700,660688,665953,683083,691781,682928,695734,696285,686894,"53.57",,,,,,,,38,3,"Sweeper",2,3,2,3,3,2,2,3,"Standard","Standard",82,"0.008","0.055",,,,"-0.055",,-1,-1,0.413,0.413,29,32,29,32,2,1,,1,6,1,"2.95","-0.94","-0.94","16.2",,,,,
"ST","2026-03-29","86.8","-2.67","5.35","Sproat, Brandon",669720,687075,,"called_strike",,,,,9,,"R","R","R","MIL","CWS","S",,,0,1,2026,"0.81","0.38",0.5387902257358061,1.6738286935760742,,,695657,2,2,"Top",,,,,,,5.913937222637983,-126.28848667399039,-3.1328475610922157,7.317471508487131,27.029973062912912,-27.6841222501292,3.141896326,1.585629921,,,,"86.7",2386,"6.4",823810,691620,596142,668930,650859,687401,663604,663368,686217,"54.13",,,,,,,,19,2,"Sweeper",2,6,6,2,6,2,6,2,"Standard","Standard",85,"0.002","-0.055",,,,"0.055",,-4,4,0.172,0.8280000000000001,25,30,26,31,2,1,,1,6,1,"2.66","-0.81","-0.81","34.6",,,,,
"FF","2026-03-29","88.3","-1.81","5.79","Ober, Bailey",687637,641927,,"called_strike",,,,,1,,"R","L","R","BAL","MIN","S",,,0,0,2026,"-0.7","1.19",-0.6776283380779948,2.998864296492437,,,,2,4,"Bot",,,,,,,4.279481754841713,-128.59432384169403,-3.0652860434770997,-8.656458524591638,27.22144750658997,-18.577069569789344,3.417470472,1.724704724,,,,"89.5",2155,"7.1",824864,605170,665019,807712,668904,656484,663616,621439,670242,"53.45",,,,,,,,34,1,"4-Seam Fastball",3,4,3,4,4,3,3,4,"Infield shade","Standard",220,"-0.002","-0.043",,,,"0.043",,-1,-1,0.376,0.376,30,24,31,25,2,1,,1,5,1,"1.74","0.7","-0.7","25.9",,,,,
"FF","2026-03-29","95.6","-2.14","5.17","Fuentes, Didier",657041,800311,,"called_strike",,,,,9,,"R","R","R","ATL","KC","S",,,0,1,2026,"-0.72","1.28",0.6902676419570422,1.4913714854839033,,,686469,2,8,"Top",,,,,,,9.078986239727326,-138.82322956035685,-6.805322722214601,-11.400064023343743,32.567099166852906,-14.205037998251383,3.146284449,1.587844488,,,,"96.1",2095,"6.8",824944,686948,621566,645277,663586,622761,573262,671739,660670,"53.7",,,,,,,,59,2,"4-Seam Fastball",0,4,4,0,4,0,4,0,"Standard","Standard",222,"0.001","-0.055",,,,"0.055",,-4,4,0.041,0.959,21,30,21,31,2,3,,1,24,1,"1.23","0.72","0.72","32.7",,,,,
"ST","2026-03-29","79.6","-1.99","4.76","Criswell, Cooper",692216,681867,"strikeout","called_strike",,,,,3,"Cal Raleigh challenged (pitch result), call on the field was overturned: CJ Kayfus called out on strikes.","R","L","R","SEA","CLE","S",2,,1,2,2026,"1.54","0.27",0.8114682298240161,2.9330947408084063,,,682177,2,8,"Top",,,,,,,3.14302069401446,-115.72207646703707,2.5095000658442825,13.006610259881182,24.500955521113138,-30.506033621124576,3.151550197,1.590501969,,,,"79.5",2849,"6.6",823160,663728,647304,702284,680977,660844,668227,677594,670042,"53.95",,0,"0",1,0,0,,62,4,"Sweeper",7,0,0,7,0,7,0,7,"Infield shade","Standard",88,"0.001","-0.183",,,,"0.183",,7,-7,0.998,0.0020000000000000018,29,24,30,25,1,2,3,1,3,2,"3.37","-1.54","1.54","6.9",,,,,
"FF","2026-03-29","96.3","1.68","6.04","Kay, Anthony",691620,641743,"walk","ball",,,,,12,"Edgar Quero challenged (pitch result), call on the field was confirmed: Jeferson Quero walks. Joey Ortiz to 2nd.","R","R","L","MIL","CWS","B",,,3,1,2026,"0.66","1.4",0.9760949415952034,2.5377439918646334,,,687401,0,2,"Bot",,,,,,,-3.3403665074081825,-140.01681537156153,-6.60162285293532,9.417636685383108,36.154251145065004,-12.445799586675399,3.198064305,1.613976378,,,,"95.1",2322,"6",823810,700337,808959,805367,678246,695657,669720,671976,677592,"54.54",,0.704857,"0.7",1,0,0,,21,5,"4-Seam Fastball",2,6,2,6,6,2,2,6,"Standard","Standard",145,"0.031","0.26",,,,"-0.26",,-4,-4,0.235,0.235,31,23,31,24,1,0,,,6,,"1.09","0.66","-0.66","44.6",,,,,
"ST","2026-03-29","82.7","-1.41","5","Maton, Phil",696285,664208,,"ball",,,,,14,,"R","R","R","CHC","WSH","B",,,0,1,2026,"1.07","0.31",0.4293048440778703,1.3226614665655982,,686894,682928,2,6,"Top",,,,,,,2.0144512619143753,-120.41420140281514,-2.2724365680327043,10.02862149708399,24.026235525781722,-28.95657698837448,3.187532808,1.608661417,,,,"83.4",2676,"6.8",824700,608348,683737,663538,608324,621020,664023,691718,624424,"53.7",,,,,,,,47,2,"Sweeper",2,4,4,2,4,2,4,2,"Standard","Standard",85,"-0.003","0.018",,,,"-0.018",,-2,2,0.231,0.769,33,26,33,27,1,2,1,1,2,3,"3.03","-1.07","-1.07","22.3",,,,,
"FF","2026-03-29","98.5","-2.47","5.86","Senzatela, Antonio",691594,622608,,"called_strike",,,,,1,,"R","R","R","MIA","COL","S",,,0,0,2026,"-0.63","1.48",-0.7495039139469003,2.917636665137084,,,,2,7,"Bot",,,,,,,6.1194259937271855,-143.19160424246994,-5.779031690360187,-10.207423828404648,36.7196829881924,-10.746516749355951,2.995333005,1.511663386,,,,"98.2",2361,"6.4",823891,664954,681198,650489,691720,678662,664983,686668,687597,"54.09",,,,,,,,59,1,"4-Seam Fastball",2,3,2,3,3,2,2,3,"Standard","Standard",212,"-0.004","-0.043",,,,"0.043",,-1,-1,0.279,0.279,31,23,31,24,1,2,,2,3,1,"0.9","0.63","0.63","41.8",,,,,
"FF","2026-03-29","94.1","2.55","5.58","King, Bryan",660162,687911,,"ball",,,,,12,,"R","R","L","HOU","LAA","B",,,1,2,2026,"0.35","1.18",0.9683028763957708,3.018537561328282,545361,,669326,2,9,"Top",,,,,,,-4.886966950191603,-136.96962978645266,-3.4365036068304278,5.503785937848563,30.277404968230528,-16.730925654127955,3.217372047,1.623720472,,,,"94.8",2108,"6.7",824215,543877,572233,669397,621043,665161,694388,676694,701358,"53.8",,,,,,,,83,8,"4-Seam Fastball",9,7,7,9,7,9,7,9,"Standard","Standard",143,"-0.012","0.036",,,,"-0.036",,2,-2,0.944,0.05600000000000005,29,31,30,31,1,4,1,1,3,1,"1.39","0.35","-0.35","33.2",,,,,
"FF","2026-03-29","96.5","2.37","5.94","Luzardo, Jesús",669394,666200,,"called_strike",,,,,7,,"R","R","L","PHI","TEX","S",,,1,1,2026,"0.94","1.19",-0.604025314865355,1.6083172982029774,,,,0,2,"Top",,,,,,,-9.856566257347527,-140.01677473753222,-8.34304355880087,14.597515974752175,31.73888841719834,-14.743515147579968,3.229658793,1.62992126,,,,"95.3",2157,"5.8",823487,592663,547180,624641,664761,607208,805249,702222,666969,"54.71",,,,,,,,7,3,"4-Seam Fastball",0,0,0,0,0,0,0,0,"Standard","Standard",132,"0.006","-0.061",,,,"0.061",,0,0,0.501,0.499,28,30,29,30,1,0,,1,6,1,"1.27","0.94","-0.94","32.4",,,,,
"FF","2026-03-29","97.8","-3.57","5.46","McLean, Nolan",668804,690997,,"called_strike",,,,,7,,"R","L","R","NYM","PIT","S",,,1,1,2026,"-0.76","1.38",-0.6281371153289121,1.7340414930967554,,665833,664040,0,1,"Top",,,,,,,9.604343295270278,-141.7896996245602,-7.448223340019893,-12.689618771863286,36.65152196771487,-12.02125871658104,3.284071522,1.65738189,,,,"97.1",2404,"6.4",823647,620443,683146,543760,666182,596019,665742,673357,701807,"54.11",,,,,,,,3,3,"4-Seam Fastball",0,0,0,0,0,0,0,0,"Standard","Standard",227,"0.013","-0.065",,,,"0.065",,0,0,0.412,0.5880000000000001,24,31,25,31,1,0,,1,5,1,"1.05","0.76","-0.76","36.3",,,,,
"SL","2026-03-29","85.7","-0.61","6.16","Hiraldo, Yaramil",621439,682274,,"ball",,,,,12,,"R","R","R","BAL","MIN","B",,,1,2,2026,"0.45","-0.11",0.6070546537594063,3.4614741716840305,,,665019,2,7,"Top",,,,,,,1.9115305526421527,-124.67529186000867,0.39070779027301206,4.179141282016859,28.11359666777384,-33.64917940007997,3.257742782,1.644094488,,,,"84.9",2437,"6.1",824864,694212,663624,677942,691723,683002,621493,687637,641933,"54.43",,,,,,,,56,4,"Slider",5,5,5,5,5,5,5,5,"Standard","Standard",105,"-0.025","0.033",,,,"-0.033",,0,0,0.559,0.44099999999999995,30,32,31,33,1,3,1,1,2,1,"3.25","-0.45","-0.45","61.9",,,,,
"FF","2026-03-29","97.8","-0.41","6.03","Helsley, Ryan",605137,664854,,"called_strike",,,,,8,,"R","L","R","BAL","MIN","S",,,3,0,2026,"-0.38","1.6",-0.11189433971012136,1.6948256742413208,,,807712,1,9,"Top",,,,,,,1.6961511182631337,-142.03188440503612,-9.655711543537633,-5.489985704449153,37.05391137520698,-8.47258247253019,3.334973753,1.683070866,,,,"97.7",2624,"6.7",824864,668939,694212,677942,691723,683002,621493,665750,641933,"53.83",,,,,,,,80,4,"4-Seam Fastball",8,6,6,8,6,8,6,8,"Infield shade","Standard",200,"0.016","-0.05",,,,"0.05",,2,-2,0.86,0.14,31,33,32,34,1,4,3,1,6,1,"0.82","0.38","-0.38","58.9",,,,,
"CU","2026-03-29","87","-1.4","6.27","Johnson, Pierce",701350,572955,,"called_strike",,,,,7,,"R","L","R","CIN","BOS","S",,,1,1,2026,"0.97","-0.57",-0.7645263321927972,1.9780922899765971,,657136,,2,7,"Top",,,,,,,-0.5069789428619955,-126.70507058748224,-2.6674041368219417,10.576013721750234,26.266060129876845,-37.948449893266705,3.326197507,1.678641732,,,,"85.9",2734,"5.6",824538,663886,668715,680574,553993,682829,670770,667472,682622,"54.92",,,,,,,,53,3,"Curveball",3,2,2,3,2,3,2,3,"Standard","Standard",40,"0.017","-0.056",,,,"0.056",,1,-1,0.726,0.274,35,22,35,22,1,3,1,1,2,1,"3.58","-0.97","0.97","41.1",,,,,
"FC","2026-03-29","90.3","-1.4","5.11","Maton, Phil",682928,664208,,"called_strike",,,,,1,,"R","L","R","CHC","WSH","S",,,0,1,2026,"0.32","0.97",-0.8011512097742074,2.8879071215530367,,695734,686894,0,6,"Top",,,,,,,0.7904784518744373,-131.69879547143353,-1.5921066801388166,3.543191744585498,25.841432403664538,-20.753570365890084,3.222637795,1.626377953,,,,"92.2",2562,"7.2",824700,608348,683737,663538,608324,621020,664023,691718,624424,"53.34",,,,,,,,44,2,"Cutter",2,3,3,2,3,2,3,2,"Standard","Standard",187,"0.012","-0.053",,,,"0.053",,-1,1,0.256,0.744,33,25,33,26,1,2,1,3,2,1,"1.8","-0.32","0.32","27.1",,,,,
"FF","2026-03-29","97.4","-1.77","5.37","Abel, Mick",621493,690953,"strikeout","called_strike",,,,,9,"Victor Caratini challenged (pitch result), call on the field was overturned: Taylor Ward called out on strikes.","R","R","R","BAL","MIN","S",2,,3,2,2026,"-0.48","1.33",0.6003628456311884,1.5108216120246065,,,,1,5,"Bot",,,,,,,7.506649107219248,-141.49238231150747,-7.800550041983041,-8.251749821172558,33.29596481576361,-12.653079333039281,3.190165682,1.609990158,,,,"98.5",2556,"7.1",824864,605170,665019,807712,668904,656484,663616,621439,670242,"53.42",,0,"0",1,0,0,,39,6,"4-Seam Fastball",3,4,3,4,4,3,3,4,"Strategic","Standard",220,"-0.031","-0.332",,,,"0.332",,-1,-1,0.388,0.388,24,32,25,33,1,2,,1,6,1,"1.09","0.48","0.48","28.2",,,,,
"FF","2026-03-29","93.1","3.94","5.65","Garcia, Robert",664238,676395,,"ball",,,,,12,,"R","R","L","PHI","TEX","B",,,2,0,2026,"1.22","1.05",1.024469675348393,2.8766384066888637,,,,1,9,"Bot",,,,,,,-10.114260622918108,-135.12857759104688,-3.4721135252285387,17.123892755616787,29.738297051417415,-18.71562655240956,3.238435039,1.634350394,,,,"93.2",2215,"6.5",823487,543309,669394,677649,673962,608369,694671,694497,607043,"53.99",,,,,,,,75,3,"4-Seam Fastball",3,8,3,8,8,3,3,8,"Standard","Standard",127,"0.001","0.143",,,,"-0.143",,-5,-5,0.004,0.004,30,33,30,34,1,0,1,,2,5,"1.59","1.22","-1.22","22.9",,,,,
"FF","2026-03-29","94.2","-1.45","5.58","Mlodzinski, Carmen",665742,669387,,"called_strike",,,,,1,,"R","L","R","NYM","PIT","S",,,0,0,2026,"-0.81","1.33",-0.7179014274332377,3.0152906686598793,,,,1,1,"Bot",,,,,,,3.718056039751625,-137.07023023880268,-3.7638823455734913,-11.083080809321428,32.273721013863806,-14.7606472027915,3.259498032,1.644980315,,,,"94.3",2074,"6.5",823647,680779,687462,664040,693304,669707,663968,665833,656811,"54.01",,,,,,,,8,1,"4-Seam Fastball",0,1,0,1,1,0,0,1,"Standard","Standard",219,"-0.003","-0.039",,,,"0.039",,-1,-1,0.424,0.424,27,27,27,28,1,0,,1,6,1,"1.25","0.81","-0.81","38.8",,,,,
"ST","2026-03-29","78.4","1.2","4.92","Cleavinger, Garrett",687363,664076,"strikeout","called_strike",,,,,6,"Nick Fortes challenged (pitch result), call on the field was overturned: Victor Scott II called out on strikes.","R","L","L","STL","TB","S",2,,2,2,2026,"-1.43","0.09",0.7475905286192968,2.0978880321049775,,,686780,0,7,"Bot",,,,,,,1.7119442079458214,-114.13575270451283,0.8589468988653719,-12.715811523883975,23.813145855876904,-31.822237136880116,3.136630577,1.582972441,,,,"77.4",2834,"5.8",823079,663743,666018,810938,691406,700246,802415,656775,676356,"54.66",,0,"0",1,0,0,,61,5,"Sweeper",4,6,4,6,6,4,4,6,"Standard","Standard",290,"-0.053","-0.201",,,,"0.201",,-2,-2,0.281,0.281,32,25,32,25,1,2,3,1,1,1,"3.66","-1.43","-1.43","28.5",,,,,
"SI","2026-03-29","96","2.2","6.19","Wolfram, Grant",670242,664991,"strikeout","called_strike",,,,,3,"Samuel Basallo challenged (pitch result), call on the field was overturned: Matt Wallner called out on strikes.","R","L","L","BAL","MIN","S",2,,3,2,2026,"1.42","0.79",0.6025073544259743,3.5140210022051743,,,,1,6,"Top",,,,,,,-7.410283167280051,-139.5338438934761,-3.0448685331557632,20.198810609711366,34.011134874701334,-21.407461237625228,3.394652231,1.713188976,,,,"95.3",2154,"6.1",824864,694212,663624,669236,691723,683002,621493,687637,641933,"54.39",,0,"0",1,0,0,,43,7,"Sinker",3,4,4,3,4,3,4,3,"Infield shade","Standard",140,"0.023","-0.332",,,,"0.332",,-1,1,0.361,0.639,29,28,30,29,1,2,,1,2,1,"1.71","1.42","1.42","42.6",,,,,
"SI","2026-03-29","89.4","3.54","4.78","Bruihl, Justin",802415,677865,"walk","ball",,,,,13,"Pedro Pagés challenged (pitch result), call on the field was confirmed: Chandler Simpson walks.","R","L","L","STL","TB","B",,,3,2,2026,"1.27","-0.11",-0.32365807338194497,1.3985942292586282,,,,0,5,"Top",,,,,,,-12.229115395111831,-129.58994434010927,-1.8071797970023815,16.908272274041387,27.83584242998233,-33.277634753401315,3.177878937,1.60378937,,,,"90.1",2104,"7",823079,686780,676475,802139,602104,691026,695336,687363,691023,"53.51",,0.704857,"0.7",1,0,0,,41,7,"Sinker",4,6,6,4,6,4,6,4,"Standard","Standard",118,"-0.023","0.356",,,,"-0.356",,-2,2,0.245,0.755,29,25,29,26,1,2,3,1,3,1,"3","1.27","1.27","21.0",,,,,
"SI","2026-03-29","93","1.85","6.45","Burke, Brock",680776,656271,"walk","ball",,,,,14,"Tyler Stephenson challenged (pitch result), call on the field was confirmed: Jarren Duran walks.","R","L","L","CIN","BOS","B",,,3,2,2026,"1.43","1.02",0.04824425284810263,1.500115530225161,,,,0,6,"Top",,,,,,,-7.8456016803419315,-135.02601038017326,-9.01320284034278,19.259370380027516,29.074720489312313,-17.909595319706845,3.229658793,1.62992126,,,,"94.1",2338,"7",824538,663886,668715,680574,553993,682829,670770,667472,682622,"53.47",,0.704857,"0.7",1,0,0,,40,6,"Sinker",0,2,2,0,2,0,2,0,"Infield shade","Standard",150,"-0.022","0.356",,,,"-0.356",,-2,2,0.217,0.783,29,29,30,30,1,2,3,1,2,1,"1.63","1.43","1.43","43.5",,,,,
"SI","2026-03-29","95.2","2.54","6.13","Koenig, Jared",671976,657649,"strikeout","called_strike",,,,,4,"Jeferson Quero challenged (pitch result), call on the field was overturned: Tristan Peters called out on strikes.","R","L","L","MIL","CWS","S",2,,2,2,2026,"1.21","1.05",-0.8128752048537353,2.5845731826398928,,,,0,6,"Top",,,,,,,-11.4309236361499,-138.02111480819022,-5.75027656365969,18.143371168975058,32.53823117666462,-17.64108826060256,3.19718668,1.613533465,,,,"94.7",2503,"6.3",823810,691620,596142,668930,650859,687401,663604,663368,686217,"54.15",,0,"0",1,0,0,,49,5,"Sinker",2,7,7,2,7,2,7,2,"Standard","Standard",154,"0.003","-0.232",,,,"0.232",,-5,5,0.049,0.951,32,26,32,26,1,2,,1,2,1,"1.5","1.21","1.21","37.7",,,,,
"FF","2026-03-29","95.4","-1.12","5.91","Leasure, Jordan",686217,673929,,"ball",,,,,12,,"R","L","R","MIL","CWS","B",,,0,0,2026,"-0.22","1.55",0.04996323991988555,3.2538541073711102,,,,0,6,"Bot",,,,,,,3.5789678853113576,-138.78110767664992,-4.745234387327344,-3.6266790081342446,32.53200864544336,-11.257012271934382,3.062910105,1.545767717,,,,"96.3",2375,"6.9",823810,700337,808959,805367,678246,695657,669720,671976,677592,"53.57",,,,,,,,52,1,"4-Seam Fastball",2,7,2,7,7,2,2,7,"Standard","Standard",202,"0.002","0.041",,,,"-0.041",,-5,-5,0.057,0.057,27,26,28,26,1,2,3,1,3,1,"0.96","0.22","-0.22","50.2",,,,,
"FC","2026-03-29","92.7","3.6","5.94","Fluharty, Mason",701762,689254,"strikeout","called_strike",,,,,1,"Tyler Heineman challenged (pitch result), call on the field was overturned: Nick Kurtz called out on strikes.","R","L","L","TOR","ATH","S",2,,2,2,2026,"-0.27","1.09",-0.7097711431036791,3.403639814989032,,,669127,2,8,"Top",,,,,,,-10.33090961064357,-134.58517542202378,-2.8597451438683184,-0.8842898410224307,31.59750133067169,-18.569321835986507,3.413082349,1.722490158,,,,"92.9",2758,"6.7",822837,623168,665489,676391,672960,665926,660821,662139,680718,"53.76",,0,"0",1,0,0,,58,5,"Cutter",5,2,2,5,2,5,2,5,"Infield shade","Standard",157,"0.014","-0.216",,,,"0.216",,3,-3,0.958,0.04200000000000004,24,23,25,23,1,3,1,1,2,1,"1.6","-0.27","-0.27","35.3",,,,,
"SL","2026-03-29","86.3","-0.96","5.89","Leasure, Jordan",596142,673929,"strikeout","called_strike",,,,,1,"Edgar Quero challenged (pitch result), call on the field was overturned: Gary Sánchez called out on strikes.","R","R","R","MIL","CWS","S",2,,1,2,2026,"0.58","-0.22",-0.8116690575009964,2.9183481744465043,663368,,661388,2,5,"Bot",,,,,,,-0.8748188174690091,-125.79060338230813,-0.2532839136523398,6.391728813977306,22.820857701894333,-34.71299658313395,3.311277887,1.671112205,,,,"87.6",2368,"6.8",823810,700337,808959,805367,678246,695657,669720,671976,677592,"53.73",,0,"0",1,0,0,,48,4,"Slider",2,7,2,7,7,2,2,7,"Infield shade","Standard",116,"-0.019","-0.18",,,,"0.18",,-5,-5,0.067,0.067,27,33,28,34,1,2,3,,3,1,"3.25","-0.58","-0.58","57.4",,,,,
"FF","2026-03-29","96.1","-1.27","6","Garcia, Rico",670242,670329,,"called_strike",,,,,8,,"R","L","R","BAL","MIN","S",,,1,1,2026,"-0.87","1.67",-0.20698790394153088,1.69192841805785,665019,621439,807712,2,7,"Top",,,,,,,4.741565077626269,-139.56488134892106,-9.262986000440215,-12.476611167019035,34.793436428601396,-8.473582751881443,3.394652231,1.713188976,,,,"94.9",2552,"5.9",824864,694212,663624,677942,691723,683002,621493,687637,641933,"54.56",,,,,,,,58,3,"4-Seam Fastball",5,5,5,5,5,5,5,5,"Standard","Standard",208,"0.031","-0.05",,,,"0.05",,0,0,0.47,0.53,32,28,32,29,1,3,,1,1,1,"0.83","0.87","-0.87","50.5",,,,,
"SL","2026-03-28","85.8","-1.65","5.12","Woo, Bryan",608070,693433,,"called_strike",,,,,4,,"R","L","R","SEA","CLE","S",,,2,0,2026,"0.33","0.28",-0.7735397544249694,2.4462432379648793,,,677587,2,6,"Top",,,,,,,1.365112476801518,-125.04295744443061,-0.5074466851237627,3.2538083099478308,23.798126770099653,-29.279665546023896,3.034826116,1.531594488,,,,"86.2",2084,"6.3",823161,663728,647304,702284,680977,660844,668227,677594,645302,"54.18",,,,,,,,43,3,"Slider",2,0,0,2,0,2,0,2,"Standard","Standard",148,"0.006","-0.044",,,,"0.044",,2,-2,0.806,0.19399999999999995,26,33,26,34,3,2,,1,6,1,"2.79","-0.33","0.33","26.2",,,,,
"FC","2026-03-28","89.3","1.2","5.97","Rodriguez, Eduardo",660271,593958,,"called_strike",,,,,7,,"R","L","L","LAD","AZ","S",,,1,1,2026,"-0.2","0.82",-0.8107548665275399,1.6857077137496315,,,500743,1,5,"Bot",,,,,,,-4.450372088824693,-129.9093886309546,-6.044019799265655,-1.371840744098715,26.565198177036187,-21.84021996170139,3.369201116,1.700344488,,,,"89.2",2276,"6.2",823973,543510,467793,606466,571448,672695,678489,677950,682998,"54.29",,,,,,,,39,3,"Cutter",0,2,0,2,2,0,0,2,"Infield shade","Standard",163,"-0.01","-0.056",,,,"0.056",,-2,-2,0.291,0.291,33,31,33,32,3,2,,1,6,2,"2.04","-0.2","-0.2","47.5",,,,,
"CH","2026-03-28","80.9","2.15","6.2","Springs, Jeffrey",676914,605488,"strikeout","called_strike",,,,,7,"Shea Langeliers challenged (pitch result), call on the field was overturned: Davis Schneider called out on strikes.","R","R","L","TOR","ATH","S",2,,3,2,2026,"0.86","1.08",-0.5693727210144927,1.4915417606625807,,,,2,5,"Bot",,,,,,,-7.657481543538583,-117.50245032934983,-5.650644326183036,9.434015512159716,23.243724734261615,-21.29869724961471,3.045357612,1.536909449,,,,"80.9",1328,"6.5",822838,669127,701762,643446,691777,805779,691016,672016,666126,"54.02",,0,"0",1,0,0,,38,6,"Changeup",1,0,1,0,0,1,1,0,"Infield shade","Standard",128,"-0.013","-0.328",,,,"0.328",,1,1,0.673,0.673,33,27,34,27,3,2,,,6,2,"2.43","0.86","-0.86","49.6",,,,,
"FC","2026-03-28","86.6","-1.22","6.28","Bradley, Taj",691723,671737,,"ball",,,,,12,,"R","R","R","BAL","MIN","B",,,0,0,2026,"0.28","0.19",0.4315204542489339,3.5435499943612787,,,,1,4,"Bot",,,,,,,3.299890601875609,-126.11646345390845,-0.5033251946976269,2.288240567150359,27.475112075459098,-30.262864349846538,3.413959974,1.722933071,,,,"86.5",2134,"6.3",824862,680777,665019,807712,668904,686797,663616,621439,670242,"54.16",,,,,,,,31,1,"Cutter",1,1,1,1,1,1,1,1,"Standard","Standard",126,"0.003","0.039",,,,"-0.039",,0,0,0.533,0.533,25,24,25,25,2,1,,2,5,1,"2.86","-0.28","-0.28","59.0",,,,,
"FF","2026-03-28","98.4","-1.59","6.02","Pérez, Eury",664983,691587,,"ball",,,,,14,,"R","L","R","MIA","COL","B",,,2,1,2026,"-0.96","1.59",0.01727451581900774,1.2571609653659195,666397,,,1,5,"Top",,,,,,,6.581781195772138,-142.6414932517922,-10.876424996505136,-14.66467116443522,36.525172195645304,-8.082893621422418,3.228781168,1.629478347,,,,"98.2",2685,"6.6",823892,689414,681393,669364,688363,672640,665052,805300,683357,"53.87",,,,,,,,38,4,"4-Seam Fastball",1,3,3,1,3,1,3,1,"Strategic","Standard",216,"-0.003","0.053",,,,"-0.053",,-2,2,0.205,0.795,23,28,23,29,3,2,,1,6,1,"0.81","0.96","-0.96","33.5",,,,,
"SI","2026-03-28","97.7","-1.28","6.23","Cease, Dylan",643446,656302,"strikeout","called_strike",,,,,9,"Alejandro Kirk challenged (pitch result), call on the field was overturned: Jeff McNeil called out on strikes.","R","L","R","TOR","ATH","S",2,,0,2,2026,"-0.9","1.2",0.5513237387121358,1.6094348444931108,,,,2,4,"Top",,,,,,,6.956045758449341,-141.8817563830941,-9.458152075620335,-13.782640346321726,32.79657840454321,-13.961316492142874,3.213861549,1.621948819,,,,"97.4",2539,"6.2",822838,672386,665489,676391,672960,665926,676914,662139,664702,"54.27",,0,"0",1,0,0,,29,3,"Sinker",1,0,0,1,0,1,0,1,"Infield shade","Standard",190,"0.008","-0.16",,,,"0.16",,1,-1,0.677,0.32299999999999995,30,34,31,34,2,1,,1,6,1,"1.2","0.9","-0.9","54.9",,,,,
"SI","2026-03-28","92.8","-0.57","5.59","Gray, Sonny",624431,543243,,"ball",,,,,14,,"R","R","R","CIN","BOS","B",,,1,2,2026,"-0.95","0.84",0.6651777663490931,1.4216414852619212,,,,0,2,"Bot",,,,,,,5.268003542475873,-134.94168273025235,-6.5008380514280235,-12.776630465765495,30.894891593246225,-20.621322144115126,3.061154856,1.54488189,,,,"93.1",2472,"6.6",824540,665966,575929,691785,702332,596115,701350,678882,677800,"53.86",,,,,,,,17,4,"Sinker",2,0,2,0,0,2,2,0,"Standard","Standard",203,"0.003","0.043",,,,"-0.043",,2,2,0.742,0.742,36,33,37,34,1,0,,,6,3,"1.82","0.95","0.95","48.6",,,,,
"CH","2026-03-28","84.5","-1.44","6.4","Mikolas, Miles",683737,571945,,"called_strike",,,,,6,,"R","L","R","CHC","WSH","S",,,0,0,2026,"-1.22","0.16",0.7911620364139678,2.100823310207988,694208,,665804,2,2,"Bot",,,,,,,7.592283377009745,-122.89676206161514,-3.8297972556012123,-13.759055448393392,21.272474162354438,-30.026316578024737,3.166469816,1.598031496,,,,"85.1",1487,"6.4",824701,686452,671277,678391,691781,683083,695734,696285,695578,"54.08",,,,,,,,16,1,"Changeup",2,0,2,0,0,2,2,0,"Standard","Standard",238,"-0.005","-0.035",,,,"0.035",,2,2,0.747,0.747,37,28,38,29,2,1,,2,6,1,"3","1.22","-1.22","42.0",,,,,
"FC","2026-03-28","87.5","-1.91","5.5","Sulser, Cole",691026,642121,,"ball",,,,,12,,"R","R","R","STL","TB","B",,,0,0,2026,"0.49","0.74",0.3241152917903895,3.349851443039206,,665877,,2,8,"Bot",,,,,,,4.329778439630621,-127.37271753252533,-0.41662102511689586,4.370411115428062,26.60850983203082,-24.28729791472687,3.081340223,1.555068898,,,,"88",2447,"6.6",823082,663743,666018,810938,691406,700246,802415,656775,641584,"53.88",,,,,,,,59,1,"Cutter",4,0,4,0,0,4,4,0,"Infield shade","Standard",167,"0","0.019",,,,"-0.019",,4,4,0.987,0.987,36,24,36,24,2,3,,2,3,1,"2.24","-0.49","-0.49","35.2",,,,,
"FF","2026-03-28","98.5","-1.81","5.91","Pérez, Eury",691720,691587,,"called_strike",,,,,2,,"R","R","R","MIA","COL","S",,,0,0,2026,"-0.53","1.4",0.0722530423567388,3.1696186469808207,,,686668,2,2,"Top",,,,,,,6.295654101540348,-143.25252673961532,-5.067447825581744,-8.847487698972225,36.40386898716311,-11.95422760769214,3.431512467,1.731791339,,,,"98.2",2790,"6.4",823892,689414,681393,669364,688363,672640,665052,805300,683357,"54.12",,,,,,,,11,1,"4-Seam Fastball",0,1,1,0,1,0,1,0,"Infield shade","Standard",214,"-0.006","-0.042",,,,"0.042",,-1,1,0.422,0.5780000000000001,23,23,23,24,1,0,,1,6,1,"0.97","0.53","0.53","29.6",,,,,
"FF","2026-03-28","93.5","-1.68","5.4","Mahle, Tyler",665862,641816,"strikeout","called_strike",,,,,4,"Patrick Bailey challenged (pitch result), call on the field was overturned: Jazz Chisholm Jr. called out on strikes.","R","L","R","SF","NYY","S",2,,2,2,2026,"-1.09","1.46",-0.7520594999195809,2.413928145816236,,,519317,0,2,"Top",,,,,,,4.850509597389141,-136.01485750226428,-5.032479053948137,-14.652157998502545,30.706757712865056,-13.192385105833285,3.15593832,1.592716535,,,,"93.9",2432,"6.6",823241,672275,669477,650333,656305,642715,671218,664056,808982,"53.89",,0,"0",1,0,0,,11,6,"4-Seam Fastball",0,0,0,0,0,0,0,0,"Infield shade","Standard",213,"0.03","-0.201",,,,"0.201",,0,0,0.467,0.5329999999999999,31,28,32,28,1,0,,1,6,2,"1.16","1.09","-1.09","40.2",,,,,
"FF","2026-03-28","91.3","-2.3","5.88","Estévez, Carlos",642086,608032,,"called_strike",,,,,9,,"R","L","R","ATL","KC","S",,,2,1,2026,"-0.59","1.59",0.6142136227954623,1.530051174510401,642201,645277,671739,1,9,"Bot",,,,,,,8.51641256719105,-132.51631762273453,-8.305511696736554,-8.667348472604795,26.32713243825134,-11.813587567582323,3.176123688,1.602903543,,,,"91.5",2137,"6.4",824945,521692,686469,686475,672580,677951,686555,664728,657041,"54.14",,,,,,,,70,4,"4-Seam Fastball",2,2,2,2,2,2,2,2,"Strategic","Strategic",210,"-0.042","-0.097",,,,"0.097",,0,0,0.853,0.853,33,31,34,31,1,3,,,,1,"1.14","0.59","-0.59","37.6",,,,,
"KC","2026-03-28","80.4","-1.42","6.26","Glasnow, Tyler",677950,607192,,"ball",,,,,14,,"R","L","R","LAD","AZ","B",,,0,1,2026,"0.46","-1.38",0.37482995667041097,1.3765784358780442,,,,0,2,"Top",,,,,,,3.0794681339006904,-117.10098529705883,-1.173278251593234,3.5858964816363437,23.630249364129664,-44.8294343893292,3.072563976,1.550639764,,,,"81.4",2771,"7.1",823973,669257,518692,500743,669289,605141,606192,681624,663656,"53.42",,,,,,,,9,2,"Knuckle Curve",0,1,1,0,1,0,1,0,"Standard","Standard",16,"-0.002","0.031",,,,"-0.031",,-1,1,0.4,0.6,32,26,33,26,1,0,,1,7,2,"4.92","-0.46","0.46","57.5",,,,,
"ST","2026-03-28","84.8","-3.13","5.17","Bird, Jake",669477,656234,,"called_strike",,,,,1,,"R","R","R","SF","NYY","S",,,0,1,2026,"1.14","0.58",-0.7066383013059553,2.7337140829272086,,,,1,7,"Bot",,,,,,,3.267219855760695,-123.48233602582336,-0.32648965643504235,10.905687127236627,25.846007963256532,-26.455881842741793,3.196309055,1.613090551,,,,"84.2",2613,"6",823241,669224,700250,665862,641857,676609,641355,663757,592450,"54.49",,,,,,,,54,2,"Sweeper",1,3,1,3,3,1,1,3,"Strategic","Standard",81,"-0.007","-0.052",,,,"0.052",,-2,-2,0.177,0.177,30,27,31,27,1,2,3,1,2,2,"2.6","-1.14","-1.14","17.2",,,,,
"SL","2026-03-28","86.9","-1.76","6.07","Miller, Mason",805808,695243,,"called_strike",,,,,1,,"R","L","R","SD","DET","S",,,0,1,2026,"0.69","-0.42",-0.4292206335165215,3.0049991830855673,,,679529,2,9,"Top",,,,,,,1.7098662258189712,-126.44108846806695,0.03897438590565416,6.933513441683669,30.448213372550693,-36.85008913228888,3.085728346,1.557283465,,,,"87.3",2258,"7",823323,666023,657757,630105,592518,593428,669369,701538,665487,"53.52",,,,,,,,68,2,"Slider",3,0,0,3,0,3,0,3,"Infield shade","Standard",50,"0.003","-0.055",,,,"0.055",,3,-3,0.99,0.010000000000000009,27,21,28,22,1,3,,1,4,2,"3.48","-0.69","0.69","37.6",,,,,
"FF","2026-03-28","95.4","-2.76","4.45","Lawrence, Justin",683146,664875,,"ball",,,,,12,,"R","L","R","NYM","PIT","B",,,0,2,2026,"-1.3","1.16",1.0520749914167353,2.5736242648581404,,593871,673357,0,7,"Bot",,,,,,,12.871859156240971,-138.21872255632277,-1.7065046513732107,-19.619189162945,33.257542564061104,-17.24368775342085,3.327952756,1.679527559,,,,"95.1",2452,"6.6",823651,663698,656811,664040,693304,669707,668804,663968,694377,"53.94",,,,,,,,55,3,"4-Seam Fastball",0,0,0,0,0,0,0,0,"Standard","Standard",246,"0.008","0.015",,,,"-0.015",,0,0,0.693,0.693,31,26,32,27,1,2,2,2,2,1,"1.39","1.3","-1.3","2.4",,,,,
"SI","2026-03-28","94.5","-1.81","5.73","Bazardo, Eduard",692216,660825,"walk","ball",,,,,14,"Cal Raleigh challenged (pitch result), call on the field was confirmed: CJ Kayfus walks.","R","L","R","SEA","CLE","B",,,3,1,2026,"-1.25","1.01",0.5410388578914593,1.443384404084163,,,,2,7,"Top",,,,,,,8.836109959725007,-137.23515496423477,-7.459175595899073,-17.816721628596614,31.149846175612257,-17.90864929699777,3.151550197,1.590501969,,,,"93.8",2189,"6.1",823161,663728,647304,702284,680977,660844,668227,677594,645302,"54.44",,0.704857,"0.7",1,0,0,,53,5,"Sinker",2,2,2,2,2,2,2,2,"Standard","Standard",208,"-0.013","0.173",,,,"-0.173",,0,0,0.56,0.43999999999999995,30,24,31,25,1,2,1,1,2,1,"1.56","1.25","-1.25","42.1",,,,,
"CH","2026-03-28","85.3","-2.45","5.08","Topa, Justin",665750,623437,"strikeout","called_strike",,,,,1,"Ryan Jeffers challenged (pitch result), call on the field was overturned: Leody Taveras called out on strikes.","R","L","R","BAL","MIN","S",2,,2,2,2026,"-1.07","-0.76",-0.7601814831258793,3.3083557164968402,,,,2,8,"Bot",,,,,,,6.05404337440761,-123.91834554302713,3.8872707245136136,-12.30752673311648,26.86033096577058,-41.012450954261446,3.286704396,1.65871063,,,,"84.3",1844,"5.9",824862,680777,665019,807712,668904,686797,681546,621439,670242,"54.6",,0,"0",1,0,0,,67,5,"Changeup",1,4,1,4,4,1,1,4,"Standard","Standard",271,"-0.008","-0.224",,,,"0.224",,-3,-3,0.042,0.042,35,27,35,28,1,0,2,,2,4,"3.92","1.07","-1.07","13.9",,,,,
"FF","2026-03-28","99.1","-2.24","6.35","Duran, Jhoan",669394,661395,,"called_strike",,,,,9,,"R","R","R","PHI","TEX","S",,,0,0,2026,"-1.43","1.16",0.2900484717301104,1.5463940216569863,,694671,,1,10,"Top",,,,,,,10.119905679538162,-143.7711266287732,-10.1269834075534,-22.103873511737305,31.997628063895647,-13.832821022924787,3.229658793,1.62992126,,,,"98.5",1953,"6",823488,592663,547180,624641,664761,607208,669016,702222,666969,"54.45",,,,,,,,75,1,"4-Seam Fastball",3,4,4,3,4,3,4,3,"Infield shade","Standard",226,"0.188","-0.038",,,,"0.038",,-1,1,0.148,0.852,28,30,28,30,1,4,2,2,3,1,"1.17","1.43","1.43","39.9",,,,,
"CH","2026-03-28","85.2","-1.6","5.65","López, Reynaldo",686469,625643,,"ball",,,,,13,,"R","L","R","ATL","KC","B",,,0,2,2026,"-1.12","1.03",-0.49072084423225837,1.5651841914618403,,,,2,1,"Top",,,,,,,4.910451712854533,-123.92494124543194,-5.179608588548112,-12.546381948463559,25.16307179971115,-20.748456220242005,3.363057743,1.697244095,,,,"85.8",1696,"6.7",824945,686948,621566,645277,663586,643289,573262,671739,660670,"53.75",,,,,,,,3,3,"Changeup",0,0,0,0,0,0,0,0,"Strategic","Standard",213,"-0.001","0.022",,,,"-0.022",,0,0,0.542,0.45799999999999996,32,28,32,29,1,0,,1,5,1,"2.12","1.12","-1.12","42.2",,,,,
"SI","2026-03-28","92.6","0.57","6.47","Gage, Matt",665862,657424,,"called_strike",,,,,7,,"R","L","L","SF","NYY","S",,,0,0,2026,"1.18","1.22",-0.5694791917427018,1.4732792767390117,,,,2,6,"Top",,,,,,,-5.491114655780894,-134.4478834708162,-9.364577391630025,15.46647390860343,29.51764755578539,-15.522772606560101,3.15593832,1.592716535,,,,"92.6",2125,"6.4",823241,672275,669477,650333,656305,642715,671218,664056,808982,"54.07",,,,,,,,45,1,"Sinker",1,3,3,1,3,1,3,1,"Infield shade","Standard",153,"0.001","-0.043",,,,"0.043",,-2,2,0.251,0.749,33,28,33,28,1,2,1,1,2,2,"1.45","1.18","1.18","51.7",,,,,
"SI","2026-03-28","97.2","-2.18","6.5","Duran, Jhoan",694671,661395,,"called_strike",,,,,8,,"R","R","R","PHI","TEX","S",,,1,1,2026,"-1.29","0.28",-0.01499217639701067,1.610602450129481,,607043,,0,10,"Top",,,,,,,8.671276989788675,-141.1948763004144,-7.944291545001753,-19.244275670436938,29.848524684452713,-26.86685737899753,3.196309055,1.613090551,,,,"96.9",1818,"6",823488,592663,547180,624641,664761,607208,669016,702222,666969,"54.46",,,,,,,,73,3,"Sinker",3,3,3,3,3,3,3,3,"Standard","Standard",228,"0.028","-0.08",,,,"0.08",,0,0,0.505,0.495,28,24,28,25,1,4,2,2,3,1,"2.13","1.29","1.29","40.5",,,,,
"SI","2026-03-28","93.4","-0.66","5.73","Patrick, Chad",805367,694477,,"ball",,,,,11,,"R","R","R","MIL","CWS","B",,,2,0,2026,"-1.41","1.01",-0.02169749935330989,3.1981765612550137,,,,0,1,"Top",,,,,,,4.793230269428223,-135.92147589939776,-2.808029934553353,-18.5639689593712,31.07959342483393,-19.256262120298043,3.068175853,1.548425197,,,,"93.1",2023,"6.2",823811,661388,641343,668930,666152,687401,663604,669003,686217,"54.29",,,,,,,,1,3,"Sinker",0,0,0,0,0,0,0,0,"Standard","Standard",213,"-0.011","0.152",,,,"-0.152",,0,0,0.489,0.511,27,24,28,25,1,0,,2,7,1,"1.61","1.41","1.41","37.7",,,,,
"SI","2026-03-28","89.6","3.82","3.11","Hill, Tim",808982,657612,"strikeout","called_strike",,,,,7,"Austin Wells challenged (pitch result), call on the field was overturned: Jung Hoo Lee called out on strikes.","R","L","L","SF","NYY","S",2,,0,2,2026,"1.34","-0.45",-0.6952996236685547,1.9357941129726988,,,,2,7,"Bot",,,,,,,-13.916588886630564,-129.6272021867466,4.324824722885511,18.022769281446674,26.979820137739498,-38.56684121821105,3.22351542,1.626820866,,,,"89.8",2128,"6.8",823241,669224,700250,665862,641857,676609,641355,663757,592450,"53.75",,0,"0",1,0,0,,55,3,"Sinker",1,3,1,3,3,1,1,3,"Standard","Standard",86,"-0.01","-0.16",,,,"0.16",,-2,-2,0.148,0.148,36,27,36,28,1,3,1,1,3,2,"3.33","1.34","1.34","-23.7",,,,,
"FF","2026-03-28","97.1","-0.48","6.36","Stanek, Ryne",700246,592773,,"ball",,,,,13,,"R","R","R","STL","TB","B",,,0,0,2026,"-0.82","1.61",-0.029391282299515042,1.460452256014411,691406,,802415,2,9,"Top",,,,,,,3.0839060584176847,-140.86423245452224,-10.841848406506513,-11.595263934353842,38.3781596273793,-8.29347931318249,3.254232283,1.642322835,,,,"95.5",2254,"6",823082,686780,676475,802139,602104,691026,701675,687363,691023,"54.51",,,,,,,,65,1,"4-Seam Fastball",4,1,1,4,1,4,1,4,"Standard","Standard",210,"-0.007","0.009",,,,"-0.009",,3,-3,0.963,0.03700000000000003,34,23,35,23,1,3,2,2,3,1,"0.86","0.82","0.82","46.8",,,,,
"FF","2026-03-27","94.1","-1.52","5.82","Kirby, George",800050,669923,,"ball",,,,,12,,"R","L","R","SEA","CLE","B",,,0,0,2026,"-0.74","1.32",0.8933265166228835,2.8361547965968663,,,,0,6,"Top",,,,,,,7.895635978641574,-136.75942338504757,-4.785292607616839,-11.079270829622958,31.519761527919467,-14.787957791203011,3.339361877,1.685285433,,,,"94.4",2211,"6.6",823162,663728,647304,702284,680977,660844,668227,677594,670042,"53.89",,,,,,,,42,1,"4-Seam Fastball",3,1,1,3,1,3,1,3,"Standard","Standard",221,"-0.005","0.041",,,,"-0.041",,2,-2,0.779,0.22099999999999997,28,24,28,25,3,2,,1,5,1,"1.27","0.74","-0.74","33.5",,,,,
"SL","2026-03-27","81.4","3.05","4.8","Sale, Chris",677951,519242,,"ball",,,,,14,,"R","R","L","ATL","KC","B",,,1,2,2026,"-0.95","-0.53",0.8437221306980817,1.772080810084522,,,,0,6,"Top",,,,,,,-3.0145207415120447,-118.61931595901811,1.0150924208003338,-8.458171848316104,22.31821094144736,-37.55237763651108,3.238435039,1.634350394,,,,"81.4",2475,"6.2",824946,641680,621566,645277,663586,643289,642201,671739,660670,"54.29",,,,,,,,46,4,"Slider",4,0,0,4,0,4,0,4,"Standard","Standard",311,"-0.002","0.043",,,,"-0.043",,4,-4,0.923,0.07699999999999996,37,26,37,26,3,2,,,5,1,"3.95","-0.95","0.95","10.5",,,,,
"FF","2026-03-27","94.3","1.15","6.34","Ragans, Cole",641680,666142,,"called_strike",,,,,8,,"R","R","L","ATL","KC","S",,,1,1,2026,"1.04","1.38",0.19814147276125793,1.617881187107092,,,,1,4,"Bot",,,,,,,-4.769317767059706,-136.87691700958922,-9.312201530595448,14.135893972273742,32.7079817322231,-12.876917145574007,3.375344488,1.703444882,,,,"93.5",2496,"6.1",824946,521692,686469,663697,672580,677951,686555,657041,516782,"54.37",,,,,,,,33,3,"4-Seam Fastball",2,0,2,0,0,2,2,0,"Standard","Standard",137,"-0.002","-0.064",,,,"0.064",,2,2,0.769,0.769,28,31,29,31,2,1,,,6,3,"1.21","1.04","-1.04","42.6",,,,,
"CU","2026-03-27","82.7","-3","6.02","Williams, Gavin",670042,668909,,"ball",,,,,13,,"R","L","R","SEA","CLE","B",,,1,2,2026,"0.96","-1.31",-0.8713798296181939,2.040655011576159,,,668227,1,4,"Bot",,,,,,,2.909703588726677,-120.3178912430238,0.39073195411454953,8.513876685388826,27.482010396222616,-45.083529511654696,3.340239501,1.685728347,,,,"82.6",2561,"6.6",823162,666310,656555,677587,608070,672356,692216,680757,800050,"53.86",,,,,,,,29,4,"Curveball",0,1,0,1,1,0,0,1,"Infield shade","Strategic",43,"0.006","0.044",,,,"-0.044",,-1,-1,0.42,0.42,26,31,27,32,2,1,,1,5,1,"4.69","-0.96","0.96","34.1",,,,,
"SI","2026-03-27","93.6","-3","5.43","King, Michael",679529,650633,,"called_strike",,,,,9,,"R","R","R","SD","DET","S",,,3,1,2026,"-1.59","0.35",0.498946743551276,1.530465563913665,,,,2,4,"Top",,,,,,,12.367071900822198,-135.52422095513143,-4.724877351334817,-22.477578247605727,33.25998675626914,-26.883550880679277,3.232291667,1.63125,,,,"92.3",2333,"6.1",823324,669134,664034,630105,592518,593428,657656,701538,665487,"54.43",,,,,,,,25,5,"Sinker",0,0,0,0,0,0,0,0,"Standard","Standard",230,"0.004","-0.086",,,,"0.086",,0,0,0.541,0.45899999999999996,31,26,31,27,2,1,,1,7,1,"2.3","1.59","1.59","26.8",,,,,
"ST","2026-03-27","81.5","-2.91","5.42","King, Michael",650402,650633,,"called_strike",,,,,7,,"R","R","R","SD","DET","S",,,1,1,2026,"1.33","0.17",-0.39933127372782184,1.6075865311275561,,678009,,2,3,"Top",,,,,,,2.952001807696702,-118.64104089576566,-2.045777692666902,11.87885137107668,24.524307934687553,-30.344347423228907,3.12960958,1.579429134,,,,"80.8",2858,"6",823324,669134,664034,630105,592518,593428,657656,701538,665487,"54.5",,,,,,,,18,3,"Sweeper",0,0,0,0,0,0,0,0,"Standard","Standard",66,"0.009","-0.056",,,,"0.056",,0,0,0.52,0.48,31,29,31,30,2,1,,1,7,1,"3.28","-1.33","-1.33","29.7",,,,,
"SL","2026-03-27","87.4","-1.92","5.84","Alcantara, Sandy",687597,645261,,"ball",,,,,14,,"R","R","R","MIA","COL","B",,,0,1,2026,"0.19","0.13",0.6207913426443223,1.4139961004626165,650489,678662,681198,2,4,"Top",,,,,,,5.5902291722993755,-127.13735069498331,-4.48655439773019,0.8993869857206063,26.98216496431298,-30.0080754187599,3.316543635,1.673769685,,,,"86.6",2521,"5.9",823893,682663,681393,669364,691594,672640,681715,805300,596103,"54.64",,,,,,,,31,2,"Slider",2,0,0,2,0,2,0,2,"Infield shade","Standard",67,"-0.009","0.031",,,,"-0.031",,2,-2,0.709,0.29100000000000004,30,25,31,25,2,1,,,5,2,"2.86","-0.19","-0.19","35.1",,,,,
"FF","2026-03-27","96.7","-0.82","6.28","Nelson, Ryne",660271,669194,,"called_strike",,,,,7,,"R","L","R","LAD","AZ","S",,,2,1,2026,"-0.37","1.82",-0.5545937327146386,1.9325721284388189,,,,1,3,"Bot",,,,,,,1.5858638040583535,-140.56289851519975,-10.079346380110987,-5.293775471473255,31.019805531100808,-6.00622226076768,3.369201116,1.700344488,,,,"97.5",2481,"6.8",823971,672515,467793,606466,571448,672695,691783,677950,682998,"53.75",,,,,,,,23,4,"4-Seam Fastball",1,2,1,2,2,1,1,2,"Infield shade","Standard",194,"-0.006","-0.07",,,,"0.07",,-1,-1,0.412,0.412,28,31,28,32,2,1,,1,6,1,"0.62","0.37","-0.37","54.8",,,,,
"FS","2026-03-27","86.1","1.68","6.01","Kikuchi, Yusei",673237,579328,,"called_strike",,,,,7,,"R","R","L","HOU","LAA","S",,,0,0,2026,"0.85","1.22",-0.5112845561851519,1.576717595650689,,,,1,2,"Bot",,,,,,,-6.999087155180028,-125.12888513511322,-6.611129869550498,10.370845826582036,26.196485381288298,-18.146755589148047,3.161204068,1.595374016,,,,"87.1",1794,"7.1",824216,681351,694384,672724,660162,687263,666139,545361,666176,"53.39",,,,,,,,18,1,"Split-Finger",1,4,1,4,4,1,1,4,"Infield shade","Standard",154,"-0.002","-0.039",,,,"0.039",,-3,-3,0.23,0.23,35,27,35,28,1,0,,1,5,1,"1.87","0.85","-0.85","57.4",,,,,
"SL","2026-03-27","86.7","1.43","5.94","Dreyer, Jack",672695,676263,,"called_strike",,,,,2,,"R","R","L","LAD","AZ","S",,,3,1,2026,"-0.38","0.29",-0.18846680442737512,3.322490774183606,,,,2,5,"Top",,,,,,,-3.0521045516279606,-126.33727639666988,-0.5087227508443359,-3.4244289640891012,25.57397200957594,-29.128296363996203,3.31742126,1.674212598,,,,"87",2477,"6.4",823971,669257,518692,690976,571970,605141,606192,681624,663656,"54.12",,,,,,,,38,5,"Slider",4,4,4,4,4,4,4,4,"Standard","Standard",177,"0.004","-0.086",,,,"0.086",,0,0,0.546,0.45399999999999996,27,26,27,27,1,2,,1,4,1,"2.73","-0.38","0.38","58.2",,,,,
"CH","2026-03-27","86.3","-0.89","5.51","Sheehan, Emmet",672695,686218,"strikeout","called_strike",,,,,1,"Will Smith challenged (pitch result), call on the field was overturned: Geraldo Perdomo called out on strikes.","R","L","R","LAD","AZ","S",2,,2,2,2026,"-1.18","0.04",-0.3301231264809813,3.3636941507852756,,,,2,1,"Top",,,,,,,3.7843797325948287,-125.63067647189214,1.2050817742871247,-13.24862646949176,24.951321934301813,-32.175429320820655,3.31742126,1.674212598,,,,"86.8",1268,"6.6",823971,669257,518692,690976,571970,605141,606192,681624,663656,"53.94",,0,"0",1,0,0,,3,6,"Changeup",0,0,0,0,0,0,0,0,"Strategic","Standard",268,"0.008","-0.224",,,,"0.224",,0,0,0.54,0.45999999999999996,26,26,27,27,1,0,,1,7,1,"3.01","1.18","-1.18","33.2",,,,,
"FF","2026-03-27","93","1.51","5.79","Falter, Bailey",643289,663559,,"called_strike",,,,,8,,"R","R","L","ATL","KC","S",,,1,0,2026,"0.29","1.47",-0.06703060255635379,1.7151192692044241,,663586,642201,1,5,"Bot",,,,,,,-4.703031380628632,-135.22572315285004,-7.81909853559352,4.536748244635655,29.726514137403864,-12.630846722469464,3.17085794,1.600246063,,,,"94.6",2105,"7.3",824946,521692,686469,663697,672580,677951,686555,657041,516782,"53.24",,,,,,,,44,2,"4-Seam Fastball",4,0,4,0,0,4,4,0,"Standard","Standard",165,"-0.002","-0.045",,,,"0.045",,4,4,0.941,0.941,29,31,29,32,1,2,,,5,1,"1.17","0.29","-0.29","55.1",,,,,
"FF","2026-03-27","95.3","2.63","6.1","De Jesus, Enmanuel",665487,646241,"strikeout","called_strike",,,,,7,"Dillon Dingler challenged (pitch result), call on the field was overturned: Fernando Tatis Jr. called out on strikes.","R","R","L","SD","DET","S",2,,1,2,2026,"0.89","1.28",-0.7925992072660423,1.8238034050836922,,,630105,1,7,"Bot",,,,,,,-10.743919091610339,-138.15913800980042,-8.10529199955183,13.851698037092037,32.62144551647144,-14.063770137780129,3.346382874,1.68882874,,,,"93.9",2429,"5.8",823324,693307,679529,595879,690993,805808,682985,663837,681481,"54.71",,0,"0",1,0,0,,55,5,"4-Seam Fastball",2,1,2,1,1,2,2,1,"Standard","Standard",145,"-0.017","-0.178",,,,"0.178",,1,1,0.782,0.782,29,27,30,27,1,3,,1,3,1,"1.26","0.89","-0.89","46.2",,,,,
"CU","2026-03-27","80.4","-2.7","6.26","Burrows, Mike",624585,681347,,"ball",,,,,11,,"R","R","R","HOU","LAA","B",,,0,0,2026,"0.86","-1.11",-0.6135186664301118,3.634843006729219,,,,2,1,"Top",,,,,,,2.8892915383013964,-116.827746929393,3.3687368068843258,7.09583936827027,26.8754695516328,-43.21525700468415,3.354281496,1.692814961,,,,"79.4",3017,"6.2",824216,673237,572233,514888,621043,665161,670541,694728,701358,"54.31",,,,,,,,4,1,"Curveball",0,1,1,0,1,0,1,0,"Infield shade","Standard",49,"-0.001","0.037",,,,"-0.037",,-1,1,0.438,0.562,26,34,27,34,1,0,,1,5,1,"4.71","-0.86","-0.86","44.0",,,,,
"FF","2026-03-27","93.6","1.44","5.78","Falter, Bailey",642201,663559,,"called_strike",,,,,7,,"R","R","L","ATL","KC","S",,,2,0,2026,"0.26","1.47",-0.3110006722774989,1.59283595817974,,,663586,1,5,"Bot",,,,,,,-5.124918626455139,-136.12593573014095,-8.292904747820375,4.292947004598318,27.442102770839114,-12.302992448466506,3.315666011,1.673326772,,,,"95.6",2029,"7.3",824946,521692,686469,663697,672580,677951,686555,657041,516782,"53.21",,,,,,,,43,3,"4-Seam Fastball",4,0,4,0,0,4,4,0,"Standard","Standard",149,"-0.001","-0.062",,,,"0.062",,4,4,0.934,0.934,29,32,29,32,1,2,,,5,3,"1.12","0.26","-0.26","55.2",,,,,
"FF","2026-03-27","98.7","-1.56","6.34","Schlittler, Cam",646240,693645,"strikeout","called_strike",,,,,7,"Austin Wells challenged (pitch result), call on the field was overturned: Rafael Devers called out on strikes.","R","L","R","SF","NYY","S",2,,0,2,2026,"-0.62","1.48",-0.7129804010518012,1.9722268013622357,,,,2,1,"Bot",,,,,,,3.7619664414186076,-143.30986970687948,-9.687734200578486,-9.383085641782337,35.42624439084405,-9.680200392933047,3.217372047,1.623720472,,,,"98.9",2394,"6.7",823243,669224,502671,665862,642708,676609,545341,641355,592450,"53.83",,0,"0",1,0,0,,6,3,"4-Seam Fastball",0,0,0,0,0,0,0,0,"Infield shade","Standard",207,"-0.006","-0.16",,,,"0.16",,0,0,0.506,0.506,25,29,25,30,1,0,,2,5,1,"0.88","0.62","-0.62","45.5",,,,,
"SL","2026-03-27","87.9","-1.99","4.88","Díaz, Edwin",677950,621242,"walk","ball",,,,,11,"Will Smith challenged (pitch result), call on the field was confirmed: Alek Thomas walks.","R","L","R","LAD","AZ","B",,,3,2,2026,"0.16","0.18",-0.9896057080643121,2.4235100880776175,,,,1,9,"Top",,,,,,,2.0694452224541457,-128.11875132421673,-0.12905947065351997,1.4197930384222264,22.65889929004812,-30.301899297534778,3.072563976,1.550639764,,,,"89.1",2147,"6.6",823971,669257,518692,690976,571970,605141,606192,681624,663656,"53.85",,0.704857,"0.7",1,0,0,,66,6,"Slider",5,4,4,5,4,5,4,5,"Strategic","Standard",118,"-0.071","0.339",,,,"-0.339",,1,-1,0.896,0.10399999999999998,32,26,32,26,1,3,,1,1,1,"2.72","-0.16","0.16","16.7",,,,,
"CU","2026-03-27","81.1","-1.97","5.55","Morgan, David",681481,688158,"walk","ball",,,,,13,"Luis Campusano challenged (pitch result), call on the field was confirmed: Kerry Carpenter walks.","R","L","R","SD","DET","B",,,3,2,2026,"1.17","-1.05",-0.6210160820517787,1.5072173088717067,,,,1,9,"Top",,,,,,,0.694334039477502,-118.02634521611526,-0.023419178075047453,10.64618174131622,25.974053287111737,-42.16159972313663,3.234046916,1.632135827,,,,"80.2",2590,"6",823324,669134,664034,630105,592518,593428,657656,701538,665487,"54.47",,0.704857,"0.7",1,0,0,,71,6,"Curveball",2,5,5,2,5,2,5,2,"Infield shade","Standard",52,"-0.003","0.339",,,,"-0.339",,-3,3,0.037,0.963,26,28,27,29,1,4,1,1,3,1,"4.56","-1.17","1.17","41.6",,,,,
"ST","2026-03-27","83.1","-2.51","4.98","Bender, Anthony",650489,669622,,"called_strike",,,,,1,,"R","L","R","MIA","COL","S",,,0,0,2026,"1.38","0.53",-0.7266166178250446,2.8790620705539314,691720,,696100,2,8,"Top",,,,,,,1.2640118298156193,-120.8750472888569,0.8613414938975855,13.092517565414648,27.850458467209858,-27.46034703529824,3.203330053,1.616633858,,,,"81.4",2840,"5.6",823893,682663,681393,669364,691594,672640,681715,805300,665052,"54.93",,,,,,,,61,1,"Sweeper",2,1,1,2,1,2,1,2,"Standard","Standard",72,"0.018","-0.035",,,,"0.035",,1,-1,0.745,0.255,31,29,31,29,1,3,,,4,1,"2.82","-1.38","1.38","5.2",,,,,
"SL","2026-03-27","88.6","1.36","5.61","Borucki, Ryan",665862,621366,,"called_strike",,,,,8,,"R","L","L","SF","NYY","S",,,0,1,2026,"-0.15","0.3",-0.0992507989816577,1.5814236307798386,641355,519317,641857,1,8,"Top",,,,,,,-3.1999667134885668,-129.10598737615854,-4.268541627697779,-1.1229396504854836,23.8614961045843,-28.17422854136718,3.15593832,1.592716535,,,,"89.2",2419,"6.3",823243,672275,669477,650333,656305,642715,671218,664056,808982,"54.16",,,,,,,,56,2,"Slider",0,3,3,0,3,0,3,0,"Strategic","Standard",163,"0.005","-0.064",,,,"0.064",,-3,3,0.048,0.952,32,28,32,28,1,3,,2,1,1,"2.57","-0.15","-0.15","26.9",,,,,
"FS","2026-03-27","88.8","-2.73","5.33","Hoffman, Jeff",701762,656546,"strikeout","called_strike",,,,,1,"Alejandro Kirk challenged (pitch result), call on the field was overturned: Nick Kurtz called out on strikes.","R","L","R","TOR","ATH","S",2,,2,2,2026,"-1.24","-0.36",-0.7888600946840829,3.168431570502411,,,,0,9,"Top",,,,,,,7.3942317703110705,-129.0446752592722,1.7570009475690944,-15.445898675139956,27.67005715756995,-36.84798239569557,3.413082349,1.722490158,,,,"89.3",1769,"6.7",822839,672386,665489,676391,672960,665926,664702,662139,664770,"53.77",,0,"0",1,0,0,,59,5,"Split-Finger",2,1,1,2,1,2,1,2,"Standard","Standard",250,"0.062","-0.232",,,,"0.232",,1,-1,0.846,0.15400000000000003,33,23,33,23,1,3,,,2,1,"3.27","1.24","-1.24","26.9",,,,,
"SI","2026-03-27","97.8","-2.47","5.81","Holderman, Colin",668227,670059,"walk","ball",,,,,11,"Bo Naylor challenged (pitch result), call on the field was confirmed: Randy Arozarena walks.","R","R","R","SEA","CLE","B",,,3,1,2026,"-1.32","0.61",-0.9062123348505029,2.7295074621912407,,,,0,6,"Bot",,,,,,,7.263134343658232,-142.17557311814824,-3.979669105003241,-19.544378123544384,35.76756901393742,-23.22636782420476,3.127854331,1.578543307,,,,"97.6",2356,"6.5",823162,666310,656555,677587,608070,672356,692216,680757,800050,"54.05",,0.704857,"0.7",1,0,0,,45,5,"Sinker",3,1,3,1,1,3,3,1,"Standard","Standard",223,"0.012","0.262",,,,"-0.262",,2,2,0.853,0.853,30,31,31,31,1,2,,1,2,1,"1.8","1.32","1.32","30.5",,,,,
"SI","2026-03-27","94.2","1.45","5.69","Borucki, Ryan",641857,621366,,"ball",,,,,13,,"R","L","L","SF","NYY","B",,,2,0,2026,"1.53","0.6",-0.8856591088290955,2.310969739854701,641355,,519317,1,8,"Top",,,,,,,-9.466953617365006,-136.8204752665772,-4.2440910527174,21.300971800150656,28.892167432224937,-23.867501943584955,3.31742126,1.674212598,,,,"94.6",2352,"6.6",823243,672275,669477,650333,656305,642715,671218,664056,808982,"53.95",,,,,,,,55,3,"Sinker",0,3,3,0,3,0,3,0,"Strategic","Standard",126,"-0.002","0.088",,,,"-0.088",,-3,3,0.049,0.951,32,31,32,32,1,1,,2,1,1,"1.97","1.53","1.53","28.5",,,,,
"FF","2026-03-27","98.5","-0.67","6.68","Fairbanks, Pete",678662,664126,,"called_strike",,,,,9,,"R","R","R","MIA","COL","S",,,1,1,2026,"-0.13","1.58",0.3591073093062123,1.5172485357317833,,,,0,9,"Top",,,,,,,3.0481993436041654,-143.0272206463458,-11.90821365076777,-2.5078394775274377,33.735841646223626,-7.871334249328455,3.219127297,1.624606299,,,,"97.7",2388,"6",823893,682663,681393,669364,688363,672640,691594,805300,665052,"54.5",,,,,,,,66,3,"4-Seam Fastball",2,1,1,2,1,2,1,2,"Standard","Standard",194,"0.018","-0.061",,,,"0.061",,1,-1,0.839,0.16100000000000003,32,24,33,25,1,3,,,1,1,"0.78","0.13","0.13","49.0",,,,,
"KC","2026-03-26","85.6","-2.1","5.94","Soriano, José",701358,667755,,"called_strike",,,,,8,,"R","R","R","HOU","LAA","S",,,0,1,2026,"0.81","-0.23",-0.07703218177120597,1.7087153251209948,,694388,,2,6,"Bot",,,,,,,3.0750826686729664,-124.68603996160803,-3.014275233504817,7.815482151087695,25.580743456400945,-34.16031637299576,3.348138123,1.689714567,,,,"86.5",2516,"6.9",824218,681351,694384,672724,660162,687263,666139,545361,666176,"53.64",,,,,,,,51,2,"Knuckle Curve",0,0,0,0,0,0,0,0,"Standard","Standard",39,"-0.014","-0.056",,,,"0.056",,0,0,0.546,0.546,27,23,28,23,3,2,,,5,1,"3.34","-0.81","-0.81","37.9",,,,,
"CH","2026-03-26","82.2","-2.01","6.28","Bibee, Tanner",702284,676440,"strikeout","called_strike",,,,,9,"Bo Naylor challenged (pitch result), call on the field was overturned: Cole Young called out on strikes.","R","L","R","SEA","CLE","S",2,,2,2,2026,"-1.01","1.5",0.7638912190266778,1.8332887947364291,,,,1,5,"Bot",,,,,,,8.211619718055335,-119.22502828945905,-6.20085041739216,-11.253446499767472,23.989904207899016,-16.83699351961084,3.133120079,1.581200787,,,,"82.2",2108,"6.6",823163,666310,656555,677587,608070,672356,680757,682177,800050,"53.94",,0,"0",1,0,0,,37,5,"Changeup",3,3,3,3,3,3,3,3,"Infield shade","Standard",211,"-0.019","-0.228",,,,"0.228",,0,0,0.534,0.534,27,22,27,23,2,1,,,5,1,"1.91","1.01","-1.01","60.7",,,,,
"FF","2026-03-26","96.4","-1.78","5.71","Smith, Shane",661388,681343,,"called_strike",,,,,6,,"R","R","R","MIL","CWS","S",,,1,1,2026,"-0.56","1.07",0.7740193434206878,2.5956486324197856,666152,669003,687401,2,2,"Bot",,,,,,,8.10364926337435,-140.0667355859418,-5.003616063138701,-9.276371882796964,32.00550121693773,-17.13065003050626,3.133120079,1.581200787,,,,"97.4",2188,"6.9",823812,700337,808959,805367,678246,695657,669720,682668,677592,"53.55",,,,,,,,19,3,"4-Seam Fastball",1,1,1,1,1,1,1,1,"Strategic","Standard",216,"-0.019","-0.05",,,,"0.05",,0,0,0.573,0.573,26,28,26,29,2,1,,,6,2,"1.39","0.56","0.56","40.4",,,,,
"FC","2026-03-26","91.1","2.34","5.88","Crochet, Garrett",553993,676979,"strikeout","called_strike",,,,,7,"Carlos Narváez challenged (pitch result), call on the field was overturned: Eugenio Suárez called out on strikes.","R","R","L","CIN","BOS","S",2,,2,2,2026,"0.04","0.48",-0.4698125118614319,1.6655460966714366,,,,2,4,"Bot",,,,,,,-7.136185632716614,-132.59825492541205,-5.647164149174002,1.7788617745232729,23.265224660833784,-25.62963540479813,3.17085794,1.600246063,,,,"92.6",2735,"6.8",824541,665966,575929,643396,702332,596115,701350,678882,677800,"53.7",,0,"0",1,0,0,,30,7,"Cutter",0,0,0,0,0,0,0,0,"Standard","Strategic",190,"-0.011","-0.224",,,,"0.224",,0,0,0.511,0.511,27,34,27,35,2,1,,,6,2,"2.23","0.04","-0.04","30.7",,,,,
"FF","2026-03-26","94.8","-3.26","5.39","Peralta, Freddy",665833,642547,"strikeout","called_strike",,,,,3,"Francisco Alvarez challenged (pitch result), call on the field was overturned: Oneil Cruz called out on strikes.","R","L","R","NYM","PIT","S",2,,3,2,2026,"-0.36","1.56",0.6548691207869547,3.0283054653391455,,,,1,3,"Top",,,,,,,10.956828559707054,-137.4620653704184,-3.7779537814134265,-7.20636964409751,33.81107693463729,-11.84707294629191,3.515764436,1.774311024,,,,"94.7",2427,"6.7",823649,682626,593871,543760,666182,596019,665742,673357,701807,"53.82",,0,"0",1,0,0,,24,7,"4-Seam Fastball",5,2,2,5,2,5,2,5,"Strategic","Standard",212,"0.019","-0.332",,,,"0.332",,3,-3,0.812,0.18799999999999994,30,27,30,28,2,1,,,6,2,"1.02","0.36","-0.36","38.7",,,,,
"SI","2026-03-26","95.8","-1.84","5.64","Smith, Shane",687401,681343,,"called_strike",,,,,9,,"R","R","R","MIL","CWS","S",,,0,0,2026,"-1.06","1.05",0.540086834106202,1.5994184536358371,686217,666152,669003,1,2,"Bot",,,,,,,8.750085240196173,-139.1050066579944,-7.267084512222324,-15.8297631513732,32.90467604092787,-17.06068845087662,3.136630577,1.582972441,,,,"96.6",2057,"7",823812,700337,808959,805367,678246,695657,669720,682668,677592,"53.5",,,,,,,,17,1,"Sinker",0,1,0,1,1,0,0,1,"Strategic","Standard",204,"-0.013","-0.05",,,,"0.05",,-1,-1,0.556,0.556,26,27,26,28,1,0,,,6,2,"1.46","1.06","1.06","36.8",,,,,
"SI","2026-03-26","98.6","-1.91","5.51","Hicks, Jordan",686217,663855,,"ball",,,,,12,,"R","L","R","MIL","CWS","B",,,1,1,2026,"-1.6","0.33",0.45504288239852664,3.289705639868444,592885,,683734,2,6,"Bot",,,,,,,10.123317790926151,-143.30215591438582,-1.178839889278307,-24.417864772201135,33.51238592713161,-27.54170876745279,3.062910105,1.545767717,,,,"98.5",2016,"6.3",823812,700337,808959,805367,678246,695657,669720,682668,677592,"54.17",,,,,,,,56,3,"Sinker",9,1,9,1,1,9,9,1,"Standard","Standard",240,"0","0.03",,,,"-0.03",,8,8,0.996,0.996,29,26,30,26,1,3,,,3,2,"2.02","1.6","-1.6","27.9",,,,,
"SI","2026-03-26","93.6","-2.5","4.99","Topa, Justin",621493,623437,,"ball",,,,,14,,"R","R","R","BAL","MIN","B",,,2,2,2026,"-1.34","-0.08",0.9002662773104151,2.397038864906867,,,677942,2,7,"Bot",,,,,,,11.574341307924307,-135.79249113976473,-0.5326004664995809,-19.09790464876105,30.59643141558643,-33.211253381698185,3.190165682,1.609990158,,,,"92.9",2121,"6.1",824865,680777,605170,807712,668904,686797,668885,621439,670242,"54.42",,,,,,,,55,5,"Sinker",2,0,2,0,0,2,2,0,"Standard","Standard",245,"0.003","0.079",,,,"-0.079",,2,2,0.872,0.872,35,32,35,33,1,3,,,2,2,"2.7","1.34","1.34","10.5",,,,,
"FF","2026-03-26","99.1","-0.22","6.61","Stanek, Ryne",666018,592773,"walk","ball",,,,,11,"Pedro Pagés challenged (pitch result), call on the field was confirmed: Jonathan Aranda walks. Yandy Díaz to 2nd.","R","L","R","STL","TB","B",,,3,1,2026,"-0.93","1.49",-0.5261144134955898,3.4243755643758007,,,650490,2,9,"Top",,,,,,,1.3903664307838532,-144.1383491756719,-6.526381306074286,-13.271741218986632,36.828606046705744,-10.105207779165648,3.189288058,1.609547244,,,,"98.3",2437,"6.1",823081,686780,676475,802139,602104,691026,701675,687363,691023,"54.41",,0.704857,"0.7",1,0,0,,88,5,"4-Seam Fastball",9,7,7,9,7,9,7,9,"Infield shade","Strategic",208,"-0.025","0.147",,,,"-0.147",,2,-2,0.947,0.05300000000000005,34,28,35,28,1,5,,,2,2,"0.85","0.93","-0.93","51.4",,,,,
"SI","2026-03-26","93.9","-1.78","6.42","García, Luis",680779,472610,,"called_strike",,,,,3,,"R","R","R","NYM","PIT","S",,,0,0,2026,"-1.04","1.12",0.7310782135449756,2.772282775873842,,693304,,1,9,"Top",,,,,,,8.757171650628297,-136.3379705217306,-5.968380177387718,-14.937441150522059,31.391090213005175,-17.069967685396115,3.187532808,1.608661417,,,,"93.7",2260,"6.4",823649,682626,593871,543760,666182,596019,665742,673357,701807,"54.08",,,,,,,,81,1,"Sinker",11,7,7,11,7,11,7,11,"Standard","Standard",210,"0.002","-0.038",,,,"0.038",,4,-4,0.983,0.017000000000000015,39,26,39,27,1,3,,,2,2,"1.49","1.04","1.04","44.6",,,,,
"ST","2026-03-26","83.3","1.68","5.74","Seymour, Ian",669357,693855,,"called_strike",,,,,1,,"R","L","L","STL","TB","S",,,0,0,2026,"-0.81","1.3",-0.7632347261536395,3.068614901869755,676475,691026,,0,6,"Bot",,,,,,,-3.8882986751819946,-121.1819941845499,-1.981307067226889,-7.051152586894688,27.43053633968148,-19.348344965941852,3.217372047,1.623720472,,,,"82.4",2116,"6.1",823081,663743,666018,810938,691406,700246,802415,656775,676356,"54.4",,,,,,,,58,1,"Sweeper",1,7,1,7,7,1,1,7,"Standard","Standard",224,"-0.004","-0.064",,,,"0.064",,-6,-6,0.091,0.091,27,26,28,26,1,2,,,4,2,"2.03","-0.81","-0.81","42.0",,,,,
"KC","2026-03-26","86.1","-2.56","6.09","Cavalli, Cade",608324,676917,,"called_strike",,,,,9,,"R","R","R","CHC","WSH","S",,,2,0,2026,"0.65","-0.99",0.6803038099099281,1.7380413239735075,,683737,,0,1,"Bot",,,,,,,6.230843057011784,-125.13718868483488,-1.684928398296528,5.318054061829812,28.813921753133766,-42.339759086663285,3.126099081,1.57765748,,,,"85.6",2319,"6.3",824704,660688,665953,683083,691781,682928,695578,696285,686894,"54.17",,,,,,,,5,3,"Knuckle Curve",0,0,0,0,0,0,0,0,"Infield shade","Standard",40,"-0.006","-0.078",,,,"0.078",,0,0,0.616,0.616,27,32,28,32,1,0,,,6,2,"4.11","-0.65","-0.65","38.6",,,,,
"CH","2026-03-26","91.4","-1.97","5.67","Smith, Shane",668930,681343,,"called_strike",,,,,7,,"R","L","R","MIL","CWS","S",,,2,1,2026,"-1.06","-0.26",-0.4179292338812586,1.855379466038943,,,,0,1,"Bot",,,,,,,6.252684781947264,-132.971694267008,-2.888811511033526,-13.976396696696185,30.978941852003885,-34.79493299836671,3.21035105,1.620177165,,,,"92.1",1498,"6.9",823812,700337,808959,805367,678246,695657,669720,682668,677592,"53.61",,,,,,,,5,4,"Changeup",0,1,0,1,1,0,0,1,"Infield shade","Standard",246,"-0.008","-0.073",,,,"0.073",,-1,-1,0.452,0.452,26,26,26,27,1,0,,,6,2,"3.01","1.06","-1.06","37.8",,,,,
"ST","2026-03-26","86.6","-1.13","5.8","Slaten, Justin",663886,686580,,"ball",,,,,14,,"R","R","R","CIN","BOS","B",,,0,1,2026,"1.06","-0.31",0.5610080024246639,1.4941064857679671,,,,0,7,"Bot",,,,,,,1.7962527455513901,-126.17449651379174,-3.1789320022140064,10.91963844440568,27.133189892993087,-35.0049967439237,3.359547244,1.695472441,,,,"87.2",2703,"6.7",824541,665966,575929,691785,702332,596115,701350,678882,677800,"53.78",,,,,,,,54,2,"Sweeper",0,1,0,1,1,0,0,1,"Standard","Standard",66,"0.005","0.031",,,,"-0.031",,-1,-1,0.357,0.357,28,29,29,30,1,2,,,2,3,"3.35","-1.06","-1.06","41.7",,,,,