"pitches","player_id","player_name","total_pitches","pitch_percent","ba","iso","babip","slg","woba","xwoba","xba","hits","abs","launch_speed","launch_angle","spin_rate","velocity","effective_speed","whiffs","swings","takes","eff_min_vel","release_extension","pos3_int_start_distance","pos4_int_start_distance","pos5_int_start_distance","pos6_int_start_distance","pos7_int_start_distance","pos8_int_start_distance","pos9_int_start_distance","pitcher_run_exp","run_exp","bat_speed","swing_length","pa","bip","singles","doubles","triples","hrs","so","k_percent","bb","bb_percent","api_break_z_with_gravity","api_break_z_induced","api_break_x_arm","api_break_x_batter_in","hyper_speed","bbdist","hardhit_percent","barrels_per_bbe_percent","barrels_per_pa_percent","release_pos_z","release_pos_x","plate_x","plate_z","obp","barrels_total","batter_run_value_per_100","xobp","xslg","pitcher_run_value_per_100","xbadiff","xobpdiff","xslgdiff","wobadiff","swing_miss_percent","arm_angle","attack_angle","attack_direction","swing_path_tilt","rate_ideal_attack_angle","intercept_ball_minus_batter_pos_x_inches","intercept_ball_minus_batter_pos_y_inches"
2,621550,"Wisdom, Patrick",2,100,0,0,,0,0,0,,0,1,,,2526,98.3,97.95,2,2,0,-0.3999999999999915,6.25,124,154,120,149,303,333,292,"0.22","-0.22","74.9","7.1",1,0,0,0,0,0,1,100,0,0,0.87,1.5,0.255,-0.255,,,,,,6.11,2.5,-0.35,3.6,0,,"-11",,,"11",,,,0,100,"47.7",15.420001065352485,7.357180028689605,24.567969299532905,1,29.906039420436873,22.27765162879799
11,686823,"Brennan, Will",17,64.7,0,0,0,0,0,0.101,0.111,0,4,85.9,9.7,2426,92.7,93.38,1,11,0,0.7000000000000028,6.79,122,148,114,152,284,317,297,"1.205","-1.205","67.8","6.6",4,3,0,0,0,0,1,25,0,0,1.89182,0.80909,0.36273,-0.36273,"89.7",105,33.33333333333333,0,0,6.1,-1.58,0.1,2.6,0,0,"-10.954545455",0.111,0.125,"10.954545455",-0.111,-0.111,-0.125,-0.101,9.1,"48.6",3.0455810638224623,2.913067867279317,25.84375330177229,0.5,35.77295052859831,27.475894718166725
12,691277,"De Los Santos, Deyvison",21,57.1,0,0,0,0,0,0.189,0.21,0,3,93,9,1962,87,86.97,6,12,0,0,6.32,113,151,126,146,303,327,292,"1.011","-1.011","70.0","8.4",3,1,0,0,0,0,2,66.7,0,0,2.65,0.38583,0.45167,-0.595,"89.6",91,0,0,0,5.93,1.46,0.18,1.45,0,0,"-8.425",0.21,0.225,"8.425",-0.21,-0.21,-0.225,-0.189,50,"43.3",12.18315278955545,-11.745141685575827,29.717252154805422,0.4166666666666667,45.036488526890444,33.47786312350747
31,669699,"Shewmake, Braden",55,56.4,0.267,0.2,0.375,0.467,0.32,0.177,0.129,4,15,83.7,2.6,2184,86.1,85.64,9,31,0,-0.5,6.04,117,146,124,150,281,320,297,"-1.355","1.355","64.1","6.8",15,9,3,0,0,1,6,40,0,0,3.44419,0.4471,0.24355,-0.12935,"91.3",137,25,12.5,6.666666666666667,5.8,-1.17,0.04,2.09,0.267,1,"4.370967742",0.129,0.292,"-4.370967742",0.138,0.138,0.175,0.143,29,"38.6",7.802114628558084,-1.5597123454959787,27.369484820676277,0.5806451612903226,38.77653965267545,28.020122068957686
82,624641,"Sosa, Edmundo",147,55.8,0.167,0.033,0.263,0.2,0.163,0.188,0.198,5,30,78,2.1,2125,87.5,87.57,26,82,0,0.09999999999999432,6.42,108,151,119,145,294,322,288,"4.394","-4.394","69.0","8.4",30,19,4,1,0,0,11,36.7,0,0,2.63317,0.38793,0.4711,-0.16671,"90.2",91,21.052631578947366,0,0,5.56,0.16,0.13,1.91,0.167,0,"-5.358536585",0.198,0.23,"5.358536585",-0.031,-0.031,-0.03,-0.025,31.7,"33.1",13.41894669441702,-7.978992610804716,34.75860663300974,0.5569620253164557,37.08182819463538,32.581476339892795
15,695257,"Cook, Billy",27,55.6,0.25,0,0.5,0.25,0.225,0.163,0.176,2,8,66.9,-25.3,2272,86,85.67,7,15,0,-0.29999999999999716,6.13,102,151,113,146,303,320,294,"1.057","-1.057","64.3","7.9",8,4,2,0,0,0,4,50,0,0,2.84933,0.38867,0.056,-0.312,"90.6",116,25,0,0,5.68,1.1,0.28,1.93,0.25,0,"-7.046666667",0.176,0.202,"7.046666667",0.074,0.07400000000000001,0.048,0.062,46.7,"39.8",13.57688454880303,-5.504161054031048,27.377930260029448,0.6428571428571429,39.90788302671565,34.57951057413987
6,670032,"Lopez, Nicky",11,54.5,,,,,,,,,,,,2430,86.9,86.78,4,6,0,-0.10000000000000853,6.45,113,146,113,153,282,310,298,"0.213","-0.213","58.0","6.5",,,,,,,,,,,3.05,0.04667,-0.43833,-0.01833,,,,,,5.7,0.29,0.05,1.82,,,"-3.55",,,"3.55",,,,,66.7,"36.6",11.129419098885377,-17.531137607006784,25.292032213448667,0.16666666666666666,36.049227765271766,33.86493535738589
12,669221,"Murphy, Sean",22,54.5,0,0,0,0,0,0.041,0.045,0,9,66.6,-6,2380,88.6,89.43,7,12,0,0.8000000000000114,6.78,113,154,122,147,299,315,290,"1.989","-1.989","59.4","8.0",9,4,0,0,0,0,5,55.6,0,0,2.58667,0.36833,-0.05083,0.63583,"89.0",92,0,0,0,5.86,-0.2,-0.17,2.04,0,0,"-16.575",0.045,0.045,"16.575",-0.045,-0.045,-0.045,-0.041,58.3,"41.5",17.386420364012174,-16.203614561108346,29.14610778683102,0.3333333333333333,37.482437104102814,38.60857855551883
37,677595,"Mauricio, Ronny",69,53.6,0.222,0,0.444,0.222,0.2,0.123,0.131,4,18,88,-0.4,2093,87,86.77,18,37,0,-0.20000000000000284,6.34,112,143,124,148,296,323,293,"2.212","-2.212","73.4","7.9",18,9,4,0,0,0,9,50,0,0,2.91135,0.17622,0.21054,-0.21054,"90.1",99,22.22222222222222,0,0,5.64,-0.95,0.15,2.15,0.222,0,"-5.978378378",0.131,0.146,"5.978378378",0.091,0.091,0.076,0.077,48.6,"37.0",11.48279040933286,-10.328031881837312,26.917427447320822,0.5405405405405406,34.90679659009173,38.67582577233328
37,694025,"Reyes, Felix",70,52.9,0.063,0,0.111,0.063,0.056,0.088,0.097,1,16,80.7,-8.8,2218,88.1,88.17,18,37,0,0.10000000000000853,6.45,106,151,123,145,308,327,295,"4.084","-4.084","71.7","7.6",16,9,1,0,0,0,7,43.8,0,0,2.67676,0.33886,0.46,-0.08216,"90.5",96,11.11111111111111,0,0,5.61,0.81,0.27,1.98,0.063,0,"-11.037837838",0.097,0.103,"11.037837838",-0.034,-0.034,-0.04,-0.032,48.6,"30.1",9.16804580351064,-6.367110304037109,27.803437527081467,0.43243243243243246,41.72951350292014,31.368179543393005
104,672820,"Sosa, Lenyn",197,52.8,0.244,0.044,0.367,0.289,0.237,0.172,0.174,11,45,84,14.1,2260,87,87.2,33,104,0,0.20000000000000284,6.43,110,152,122,147,302,325,291,"3.381","-3.381","70.6","7.7",45,30,9,2,0,0,15,33.3,0,0,2.68577,0.38942,0.14495,-0.04223,"91.4",142,30,0,0,5.95,-0.13,0.22,1.97,0.244,0,"-3.250961538",0.174,0.222,"3.250961538",0.07,0.07,0.067,0.065,31.7,"41.7",12.821596719665019,-4.799840643122108,34.02247134127327,0.47572815533980584,38.123712121989584,33.09753280409716
22,682641,"Matos, Luis",42,52.4,0.1,0,0.2,0.1,0.09,0.037,0.039,1,10,82.4,0.4,2286,90.1,90.51,11,22,0,0.4000000000000057,6.62,103,152,118,146,293,323,287,"1.803","-1.803","63.9","6.8",10,5,1,0,0,0,5,50,0,0,1.97091,0.87864,0.29909,-0.10364,"91.6",77,0,0,0,5.95,1.46,0.04,2.5,0.1,0,"-8.195454545",0.039,0.044,"8.195454545",0.061,0.061000000000000006,0.056,0.053,50,"38.3",9.405066892813556,4.237589599368038,24.292971636505268,0.5454545454545454,34.92480641017444,29.750893373293987
12,571657,"Farmer, Kyle",23,52.2,0.167,0.167,0.2,0.333,0.183,0.231,0.268,1,6,81.2,-0.6,1882,79.5,79.08,4,12,0,-0.4000000000000057,5.89,106,154,123,148,314,326,292,"0.435","-0.435","65.6","7.1",7,5,0,1,0,0,2,28.6,0,0,3.9775,0.4425,0.38167,-0.04,"90.4",153,20,0,0,5.74,0.07,0.1,2.11,0.143,0,"-3.625",0.237,0.327,"3.625",-0.101,-0.094,0.006,-0.048,33.3,"39.1",15.188548872617242,-7.542736993189305,31.984926626307217,0.3333333333333333,35.728362184481895,36.90215219929435
18,628451,"Ibáñez, Andy",35,51.4,0,0,0,0,0,0.029,0.035,0,5,81,-9.8,2086,85.1,85.31,5,18,0,0.29999999999999716,6.39,105,149,121,144,308,327,293,"1.613","-1.613","65.9","7.3",6,4,0,0,0,0,2,33.3,0,0,2.915,0.26778,0.46111,-0.46111,"88.0",137,0,0,0,5.58,2.24,-0.08,1.84,0,0,"-8.961111111",0.031,0.037,"8.961111111",-0.035,-0.031,-0.037,-0.029,27.8,"32.2",6.852784815548983,-6.083660234584491,30.058991953644405,0.4117647058823529,34.59185709083318,30.460484484585383
84,595879,"Báez, Javier",165,50.9,0.139,0.111,0.19,0.25,0.169,0.191,0.199,5,36,75,3.7,2306,86.4,86.64,34,84,0,0.19999999999998863,6.51,107,152,121,147,298,323,288,"4.728","-4.728","68.8","8.4",36,22,3,1,0,1,14,38.9,0,0,2.78726,0.31357,0.03548,-0.22619,"89.2",111,9.090909090909092,0,0,5.77,-0.78,0.53,2.04,0.139,0,"-5.628571429",0.199,0.236,"5.628571429",-0.06,-0.06,0.014,-0.022,40.5,"39.8",7.897576594521331,-6.301092613005783,27.887437902991937,0.5421686746987951,43.27263405977085,31.54378096265994
3,663584,"Senger, Hayden",6,50,0,0,0,0,0,0.069,0.077,0,1,52,-26.5,2515,89,88.63,0,3,0,-0.4000000000000057,6.1,106,151,108,146,301,326,299,"0.179","-0.179","55.1","5.7",2,2,0,0,0,0,0,0,0,0,2.22667,0.67667,0.09333,-0.55333,"88.0",23,0,0,0,5.96,-0.7,0.35,2.84,0,0,"-5.966666667",0.077,0.079,"5.966666667",-0.077,-0.077,-0.079,-0.069,0,,-0.27329662214451744,2.7338523182063135,27.01115441074308,0.6666666666666666,43.18086915145237,29.294163619087087
5,640492,"Azócar, José",10,50,0.5,0,1,0.5,0.451,0.451,0.449,1,2,88.4,13,1994,86.1,87.16,3,5,0,1.1000000000000085,6.68,104,153,107,147,318,338,298,"-0.185","0.185","59.5","7.1",2,1,1,0,0,0,1,50,0,0,2.776,0.286,0.6,-0.6,"88.2",116,0,0,0,5.8,2.25,-0.17,1.75,0.5,0,"3.7",0.449,0.553,"-3.7",0.051,0.05099999999999999,-0.053,0,60,"36.5",10.828204417517881,-4.866115149338881,40.34398929129152,0.2,34.040364438832526,31.60108970420221
2,605244,"Garcia, Aramis",4,50,,,,,,,,,,,,2602,86.4,86.1,2,2,0,-0.20000000000000284,6.25,111,149,123,146,301,328,290,"0.103","-0.103","73.8","8.4",,,,,,,,,,,3.05,0.02,-0.49,-0.49,,,,,,5.69,-2.22,0.32,1.06,,,"-5.15",,,"5.15",,,,,100,"31.2",23.178772031838847,-21.820636593945355,39.839010956384925,0,39.160413119323024,46.40837628392538
3,669208,"Bliss, Ryan",6,50,0,0,,0,0,0,,0,1,,,2479,94.5,94.8,3,3,0,0.29999999999999716,6.83,92,139,99,139,289,312,273,"0.299","-0.299","36.4","4.1",1,0,0,0,0,0,1,100,0,0,0.75667,1.83,0.39667,-0.10333,,,,,,6,0.27,0.14,3.42,0,,"-9.966666667",,,"9.966666667",,,,0,100,"44.9",-9.276389446972246,72.839032411322,43.00714708207818,0.6666666666666666,34.66903860841423,18.214356926706966
9,669398,"Workman, Gage",18,50,0.2,0.2,0.333,0.4,0.256,0.284,0.3,1,5,87,-1.7,2499,88.4,88.32,3,9,0,-0.10000000000000853,6.38,108,148,117,151,298,328,308,"0.345","-0.345","69.9","7.0",5,3,0,1,0,0,2,40,0,0,2.82889,0.13556,0.13667,-0.13667,"92.4",93,33.33333333333333,0,0,5.31,-2.94,0.36,1.79,0.2,0,"-3.833333333",0.3,0.345,"3.833333333",-0.1,-0.09999999999999998,0.055,-0.028,33.3,"32.3",10.003891875513535,2.2132055291465083,46.49955175513366,0.3333333333333333,32.66259332119376,21.87075596967496
7,690924,"Fulford, Braxton",14,50,0,0,0,0,0,0.004,0.004,0,2,77.8,66,2213,83.6,82.91,5,7,0,-0.6999999999999886,5.87,108,153,121,148,302,321,287,"0.756","-0.756","69.0","7.0",2,1,0,0,0,0,1,50,0,0,2.92429,0.58143,0.07286,0.08143,"88.0",186,0,0,0,5.76,2.08,-0.1,1.98,0,0,"-10.8",0.004,0.004,"10.8",-0.004,-0.004,-0.004,-0.004,71.4,"38.2",18.394016289530327,-12.173526347982168,32.32531804972269,0.7142857142857143,33.55522079313556,39.18317234627434
81,663968,"Mangum, Jake",164,49.4,0.172,0,0.25,0.172,0.155,0.191,0.199,5,29,75.9,-4.8,2267,89.1,89.16,19,81,0,0.10000000000000853,6.38,105,144,102,145,293,311,290,"3.233","-3.233","61.6","6.7",29,20,5,0,0,0,9,31,0,0,2.50753,0.40667,0.37062,-0.37062,"89.3",123,25,0,0,5.75,-0.41,0.15,2.06,0.172,0,"-3.991358025",0.199,0.237,"3.991358025",-0.027,-0.027000000000000024,-0.065,-0.036,23.5,"40.9",3.456440953226796,8.277810656904128,32.581215189236026,0.3125,35.471567196236315,21.432247480824635
32,665861,"Rivero, Sebastián",65,49.2,0.2,0,0.286,0.2,0.18,0.221,0.24,2,10,72.3,-2.5,2208,88.5,88.47,9,32,0,0,6.39,105,154,125,147,299,321,286,"2.101","-2.101","68.6","8.0",11,8,2,0,0,0,3,27.3,0,0,2.50469,0.44719,0.05344,-0.27094,"88.7",117,0,0,0,6.15,-0.55,0.52,1.76,0.2,0,"-6.565625",0.24,0.266,"6.565625",-0.04,-0.03999999999999998,-0.066,-0.041,28.1,"48.6",8.482884086009994,-5.2539177799901235,33.17565931504846,0.5,41.54683416009745,30.916003128790205
21,650968,"Pozo, Yohel",43,48.8,0.333,0,0.4,0.333,0.3,0.219,0.232,4,12,80.7,7.6,2144,85.9,85.89,4,21,0,0,6.36,108,151,120,147,306,320,291,"-1.455","1.455","68.4","7.9",12,10,4,0,0,0,2,16.7,0,0,2.79714,0.35143,0.21905,-0.42095,"90.8",91,20,0,0,5.72,0.15,0.17,1.79,0.333,0,"6.928571429",0.232,0.273,"-6.928571429",0.101,0.101,0.06,0.081,19,"39.1",11.191484424722066,-11.840390225569404,28.058178110930154,0.7,39.08176107953662,34.53462734006667
37,682622,"Marte, Noelvi",78,47.4,0.063,0,0.125,0.063,0.056,0.093,0.098,1,16,77.8,14.3,2333,89.8,90.23,18,37,0,0.4000000000000057,6.67,108,150,119,144,301,324,290,"3.17","-3.17","66.7","7.4",16,8,1,0,0,0,8,50,0,0,2.34541,0.56194,0.26243,-0.34676,"88.5",132,0,0,0,5.71,-0.02,0.41,2.3,0.063,0,"-8.567567568",0.098,0.114,"8.567567568",-0.035,-0.035,-0.051,-0.037,48.6,"39.3",10.191407099930291,-3.5221397946253346,29.83384479397321,0.7837837837837838,40.67027227031179,34.809753722606615
54,543510,"McCann, James",115,47,0.1,0,0.222,0.1,0.09,0.109,0.115,2,20,68.8,-1.4,2232,86.9,86.84,26,54,0,-0.10000000000000853,6.32,108,152,124,148,304,323,291,"4.071","-4.071","67.1","7.1",22,11,2,0,0,0,11,50,0,0,2.80926,0.27019,0.17566,-0.02925,"88.6",75,9.090909090909092,0,0,5.81,-0.42,0.09,1.91,0.1,0,"-7.538888889",0.115,0.131,"7.538888889",-0.015,-0.015,-0.031,-0.019,48.1,"39.6",13.211624393215104,-8.239971240360221,37.54590421492996,0.3958333333333333,36.95888191846695,41.63055171215877
177,521692,"Perez, Salvador",387,45.7,0.129,0.081,0.167,0.21,0.148,0.222,0.195,8,62,83.5,18,2331,87.9,87.89,66,177,0,0,6.34,108,150,123,144,302,330,298,"9.279","-9.279","68.2","7.9",62,43,5,2,0,1,19,30.6,0,0,2.6326,0.37011,-0.01876,-0.22599,"90.5",136,27.906976744186046,9.30232558139535,6.451612903225806,5.73,-0.75,0.49,1.96,0.129,4,"-5.242372881",0.195,0.326,"5.242372881",-0.066,-0.066,-0.116,-0.074,37.3,"37.1",14.703503418117196,-8.177792432197853,35.36083936664446,0.5056818181818182,40.96580862561778,33.12777408522136
5,690022,"Ritter, Ryan",11,45.5,0,0,,0,0,0,,0,2,,,2343,82.4,81.8,2,5,0,-0.6000000000000085,6,103,153,118,148,298,318,291,"0.528","-0.528","65.8","6.7",2,0,0,0,0,0,2,100,0,0,2.884,1.038,-0.202,0.37,"88.0",65,,,,6.14,0.47,-0.11,2.5,0,,"-10.56",,,"10.56",,,,0,40,"44.0",21.55535972782552,-6.8543550523331085,32.7435645313698,0.25,37.774989184153,28.856038257684588
5,683011,"Volpe, Anthony",11,45.5,0,0,0,0,0,0.039,0.043,0,1,71.9,57,1773,88.5,88.46,2,5,0,0,6.34,88,149,120,144,312,319,286,"0.433","-0.433","60.7","6.7",1,1,0,0,0,0,0,0,0,0,2.336,0.604,0.394,-0.51,"88.8",211,0,0,0,6.19,0.56,0.11,2.54,0,0,"-8.66",0.043,0.05,"8.66",-0.043,-0.043,-0.05,-0.039,40,"48.9",7.074209716906677,10.446895680933473,29.618221818177908,0.4,37.51026001213082,20.6628971581725
50,623168,"Heineman, Tyler",110,45.5,0.056,0,0.111,0.056,0.05,0.102,0.111,1,18,68,-6,2107,88.5,88.5,19,50,0,0,6.35,117,149,111,151,293,321,295,"4.51","-4.51","59.5","6.9",19,10,1,0,0,0,9,47.4,0,0,2.593,0.3662,0.3998,-0.3998,"88.1",113,0,0,0,5.7,-1.11,-0.01,1.94,0.056,0,"-9.02",0.111,0.12,"9.02",-0.055,-0.055,-0.064,-0.052,38,"35.1",5.590003281373616,-7.355064203862492,30.267017566845954,0.375,37.49256908408223,33.51496503127451
118,701675,"Church, Nathan",261,45.2,0.159,0,0.212,0.159,0.143,0.179,0.195,7,44,75.8,9.4,2206,89.3,89.28,36,118,0,0,6.41,111,146,109,150,289,320,303,"7.559","-7.559","65.7","7.1",44,33,7,0,0,0,11,25,0,0,2.3911,0.53172,0.4322,-0.38949,"88.8",128,3.0303030303030303,0,0,5.63,-1.24,-0.13,2.19,0.159,0,"-6.405932203",0.195,0.214,"6.405932203",-0.036,-0.036000000000000004,-0.055,-0.036,30.5,"36.8",7.092386700195519,-2.266676100562194,29.800232780486333,0.4067796610169492,38.82344994500992,31.285140105178293
36,643396,"Kiner-Falefa, Isiah",80,45,0.214,0,0.333,0.214,0.193,0.237,0.254,3,14,77.2,3.6,2254,87.3,87.14,10,36,0,-0.20000000000000284,6.3,103,147,112,144,288,314,281,"1.698","-1.698","59.6","6.5",14,9,3,0,0,0,5,35.7,0,0,2.76028,0.42111,0.21611,0.04111,"89.6",136,22.22222222222222,0,0,5.84,0.1,-0.61,2.08,0.214,0,"-4.716666667",0.254,0.288,"4.716666667",-0.04,-0.04000000000000001,-0.074,-0.044,27.8,"37.2",3.99411742287675,-12.161654441274756,34.60534457013353,0.5,31.567601578216667,32.63448656878223
27,687515,"Thomas, Colby",60,45,0.364,0,0.667,0.364,0.328,0.184,0.2,4,11,82.6,1.7,2294,87.6,87.86,17,27,0,0.30000000000001137,6.53,107,152,122,147,302,323,294,"0.221","-0.221","74.0","7.6",11,6,4,0,0,0,5,45.5,0,0,2.82296,0.19074,0.22444,-0.49185,"88.8",110,0,0,0,5.95,0.99,-0.13,1.97,0.364,0,"-0.818518519",0.2,0.227,"0.818518519",0.164,0.16399999999999998,0.137,0.144,63,"42.5",11.533869840057266,-3.02335094993264,30.122775432813327,0.4230769230769231,36.66365535559482,29.34943472224021
13,663624,"Mountcastle, Ryan",29,44.8,0.2,0,0.333,0.2,0.18,0.077,0.084,1,5,80.1,22.7,2165,86.2,86.69,3,13,0,0.5,6.68,104,153,129,147,304,325,291,"0.637","-0.637","72.4","7.6",5,3,1,0,0,0,2,40,0,0,2.64462,0.46923,-0.18846,-0.48692,"91.3",124,0,0,0,5.88,-0.84,0.42,2.39,0.2,0,"-4.9",0.084,0.091,"4.9",0.116,0.116,0.109,0.103,23.1,"34.2",8.4158426929263,1.0804703083136777,34.4594595859383,0.46153846153846156,43.70975389922213,25.81110755874049
147,678662,"Tovar, Ezequiel",329,44.7,0.059,0.02,0.111,0.078,0.06,0.137,0.13,3,51,80.9,6.7,2309,88.1,88.25,64,147,0,0.10000000000000853,6.38,107,151,117,146,306,327,291,"11.317","-11.317","67.6","7.6",51,27,2,1,0,0,24,47.1,0,0,2.60422,0.41599,0.0717,-0.06517,"89.3",136,22.22222222222222,3.7037037037037033,1.9607843137254901,5.72,-1.09,0.52,2.01,0.059,1,"-7.698639456",0.13,0.189,"7.698639456",-0.071,-0.07100000000000001,-0.111,-0.077,43.5,"36.3",10.753079257039287,-4.0533524970253145,35.289839846614406,0.4142857142857143,37.571659739968744,30.09413309159093
122,676391,"Clement, Ernie",274,44.5,0.242,0.081,0.3,0.323,0.249,0.219,0.23,15,62,80.2,17.6,2279,88.2,88.17,35,122,0,0,6.36,105,152,114,147,300,322,289,"5.141","-5.141","61.8","7.1",62,50,10,5,0,0,12,19.4,0,0,2.53967,0.44631,0.16918,-0.05033,"89.5",136,12.244897959183673,0,0,5.81,-0.69,0.16,2.19,0.242,0,"-4.213934426",0.23,0.271,"4.213934426",0.012,0.011999999999999983,0.052,0.03,28.7,"38.2",12.764646304971386,-5.281256479703678,29.469622780687597,0.625,37.70701179192186,33.05100593850801
4,664068,"Kingery, Scott",9,44.4,0.5,0,0.5,0.5,0.451,0.279,0.297,1,2,79.9,53.5,2323,90.8,91.25,0,4,0,0.5,6.67,88,141,121,140,294,319,286,"-0.233","0.233","69.3","7.6",2,2,1,0,0,0,0,0,0,0,2.42,0.3725,0.035,0.245,"91.4",100,0,0,0,6.34,0.81,-0.75,2.17,0.5,0,"5.825",0.297,0.337,"-5.825",0.203,0.203,0.163,0.172,0,"58.9",23.663834140001146,-20.717459669177657,37.10100888350726,0.5,30.004885359436354,41.6261623818214
20,805811,"Eldridge, Bryce",45,44.4,0.167,0.25,0.167,0.417,0.249,0.173,0.173,2,12,84.3,17.3,2031,91.7,92.08,11,20,0,0.3999999999999915,6.45,119,148,129,153,293,320,302,"1.27","-1.27","70.8","7.6",12,7,1,0,0,1,5,41.7,0,0,2.14,0.5835,0.4575,-0.1845,"91.6",153,28.57142857142857,0,0,5.7,-1.24,0.28,2.25,0.167,0,"-6.35",0.173,0.224,"6.35",-0.006,-0.005999999999999978,0.193,0.076,55,"37.5",17.36715291819061,-9.022692006918719,40.657890969695345,0.42105263157894735,31.971360667232112,30.04950345143505
159,596115,"Story, Trevor",361,44,0.156,0.031,0.303,0.188,0.15,0.168,0.173,10,64,81.4,9.1,2291,88.4,88.39,71,159,0,0,6.39,107,150,120,146,293,323,292,"11.202","-11.202","67.1","7.4",65,33,8,2,0,0,32,49.2,0,0,2.52849,0.44119,0.20604,0.00491,"89.4",132,21.21212121212121,0,0,5.73,-0.82,0.2,2.07,0.154,0,"-7.045283019",0.171,0.216,"7.045283019",-0.017,-0.017000000000000015,-0.028,-0.018,44.7,"38.4",11.90417457107154,-3.9219574870010923,29.599339926085527,0.5192307692307693,40.79826641478047,35.375458593706
48,664770,"Lukes, Nathan",109,44,0.208,0.042,0.217,0.25,0.204,0.269,0.276,5,24,82.5,13,2283,90,89.86,5,48,0,-0.09999999999999432,6.33,117,146,114,150,288,319,299,"2.027","-2.027","65.0","6.4",24,23,4,1,0,0,1,4.2,0,0,2.40625,0.45896,0.16354,-0.13104,"90.7",108,26.08695652173913,0,0,5.6,-1.93,0.49,1.93,0.208,0,"-4.222916667",0.276,0.347,"4.222916667",-0.068,-0.06800000000000003,-0.097,-0.065,10.4,"33.7",5.811206052471169,6.2095802870627,34.39435053911255,0.4888888888888889,34.27953432553253,27.047402422312878
129,671739,"Harris II, Michael",295,43.7,0.217,0.022,0.417,0.239,0.204,0.164,0.165,10,46,86.7,-4.7,2214,88.7,89.16,64,129,0,0.5,6.5,116,148,113,152,298,326,306,"6.415","-6.415","71.4","8.3",46,24,9,1,0,0,22,47.8,0,0,2.47271,0.46094,0.29643,-0.26186,"92.2",117,43.47826086956522,4.3478260869565215,2.1739130434782608,5.79,-0.94,-0.18,2.12,0.217,1,"-4.972868217",0.165,0.212,"4.972868217",0.052,0.05199999999999999,0.027,0.04,49.6,"37.4",9.353633576173312,-4.408482438243238,30.567317006015518,0.4453125,39.26543894526728,31.196060852086188
147,696100,"Goodman, Hunter",337,43.6,0.167,0.222,0.263,0.389,0.238,0.187,0.139,9,54,88.2,28,2329,88.5,88.62,74,147,0,0.09999999999999432,6.33,109,153,124,147,303,332,299,"6.372","-6.372","71.7","7.4",54,23,5,0,0,4,31,57.4,0,0,2.59435,0.36415,0.0868,-0.06136,"91.5",154,47.82608695652174,17.391304347826086,7.4074074074074066,5.78,-0.84,0.04,2.09,0.167,4,"-4.334693878",0.139,0.305,"4.334693878",0.028,0.027999999999999997,0.084,0.051,50.3,"36.4",16.07743717008648,-10.208820629375337,23.356014473307706,0.5714285714285714,39.357909710249906,40.180493160114985
36,666464,"Encarnacion, Jerar",83,43.4,0.154,0,0.333,0.154,0.139,0.097,0.105,2,13,76.5,8,2337,87.7,87.77,13,36,0,0.09999999999999432,6.47,109,153,124,147,302,325,286,"2.102","-2.102","70.8","7.4",13,6,2,0,0,0,7,53.8,0,0,2.80389,0.22139,0.13167,-0.31056,"88.6",118,0,0,0,6.02,-0.63,0.06,2.32,0.154,0,"-5.838888889",0.105,0.119,"5.838888889",0.049,0.049,0.035,0.042,36.1,"42.4",2.8474401713182234,7.809393745540649,37.21246722564056,0.4166666666666667,37.904757416115686,26.48332442294422
109,545121,"Vargas, Ildemaro",252,43.3,0.2,0.06,0.25,0.26,0.202,0.22,0.236,10,50,81.1,2.8,2156,88.8,88.74,26,109,0,-0.09999999999999432,6.34,116,149,115,149,288,321,298,"4.28","-4.28","65.7","7.3",50,40,8,1,1,0,10,20,0,0,2.45303,0.48083,0.44459,-0.44459,"89.9",105,17.5,0,0,5.79,-0.95,-0.23,2.2,0.2,0,"-3.926605505",0.236,0.266,"3.926605505",-0.036,-0.035999999999999976,-0.006,-0.018,23.9,"38.4",6.762110368372407,-6.791050292410484,22.727179201822373,0.5346534653465347,37.24742228225642,26.862835240590954
124,805779,"Wilson, Jacob",287,43.2,0.235,0.039,0.308,0.275,0.223,0.217,0.235,12,51,70.1,6.3,2230,89.3,89.35,32,124,0,0,6.43,109,151,119,147,301,314,279,"3.882","-3.882","58.5","6.1",53,40,10,2,0,0,13,24.5,0,0,2.42323,0.48455,0.44488,-0.09366,"88.8",126,7.5,0,0,5.74,-0.49,0.32,2.1,0.231,0,"-3.130645161",0.232,0.265,"3.130645161",0,-0.0010000000000000009,0.01,0.006,25.8,"36.2",2.879945466748518,0.4579049300063174,34.880117345171044,0.34710743801652894,35.990729083453864,31.294369027353266
114,665926,"Giménez, Andrés",266,42.9,0.231,0.096,0.275,0.327,0.241,0.178,0.169,12,52,78.4,11,2280,87.5,87.57,40,114,0,0.09999999999999432,6.43,113,145,110,149,287,320,298,"3.864","-3.864","64.1","7.0",53,41,9,2,0,1,12,22.6,0,0,2.74781,0.33939,0.1607,-0.15404,"89.0",105,4.878048780487805,2.4390243902439024,1.8867924528301887,5.74,-0.95,0.07,2.04,0.226,1,"-3.389473684",0.181,0.216,"3.389473684",0.062,0.04500000000000001,0.111,0.063,35.1,"38.6",10.837513880992692,0.4790892104782666,32.985998760518264,0.46601941747572817,38.44935894046763,29.162587461025616
79,673237,"Diaz, Yainer",184,42.9,0.121,0.212,0.091,0.333,0.193,0.209,0.18,4,33,80.3,-4.5,2214,89.5,89.37,33,79,0,-0.09999999999999432,6.36,107,150,122,146,299,323,288,"3.401","-3.401","68.0","7.4",33,24,1,1,0,2,9,27.3,0,0,2.43405,0.48077,0.3381,0.16165,"89.8",122,16.666666666666664,8.333333333333332,6.0606060606060606,5.8,-0.76,0.07,2.11,0.121,2,"-4.305063291",0.18,0.309,"4.305063291",-0.059,-0.059,0.024,-0.016,41.8,"36.5",9.004614044522278,2.5235347511071846,29.415269824420342,0.6282051282051282,38.620918482652044,30.543071281513427
79,677950,"Thomas, Alek",186,42.5,0.029,0,0.05,0.029,0.026,0.098,0.103,1,35,84.1,6.9,2293,89.5,89.32,36,79,0,-0.20000000000000284,6.35,118,147,112,151,288,322,305,"8.224","-8.224","64.4","6.9",35,20,1,0,0,0,15,42.9,0,0,2.36962,0.54304,0.2462,-0.29684,"90.4",144,21.052631578947366,0,0,5.84,-1.34,-0.04,2.18,0.029,0,"-10.410126582",0.103,0.119,"10.410126582",-0.074,-0.074,-0.09,-0.072,45.6,"40.8",8.736208045893932,1.249971690423221,27.264314708710053,0.5972222222222222,37.59705989746733,29.80230376542059
39,677956,"Hinds, Rece",92,42.4,0.071,0.071,0.2,0.143,0.092,0.108,0.113,1,14,74.8,27.7,2334,84.8,84.71,23,39,0,-0.09999999999999432,6.44,106,152,121,146,301,329,290,"3.253","-3.253","68.4","7.9",14,5,0,1,0,0,9,64.3,0,0,3.11923,0.11923,-0.02974,-0.09282,"91.3",138,0,0,0,5.71,0.16,0.1,1.67,0.071,0,"-8.341025641",0.113,0.135,"8.341025641",-0.042,-0.04200000000000001,0.008,-0.016,59,"35.5",14.031718417640409,-12.529896959469493,40.337036729036754,0.3333333333333333,38.896884815592074,36.33406830613913
53,677592,"Pereira, Everson",126,42.1,0.13,0.043,0.333,0.174,0.134,0.126,0.137,3,23,71.7,8.3,2242,88.3,88.44,34,53,0,0.10000000000000853,6.41,104,151,116,147,306,328,295,"3.723","-3.723","68.9","8.1",23,9,2,1,0,0,14,60.9,0,0,2.53132,0.43925,0.34019,-0.12736,"88.5",124,11.11111111111111,0,0,5.79,-0.81,0.27,2.16,0.13,0,"-7.024528302",0.137,0.152,"7.024528302",-0.007,-0.007000000000000006,0.022,0.008,64.2,"36.7",14.817633490766836,-1.8409556160727585,27.938033615269813,0.6730769230769231,40.23488417281909,29.508501203924133
114,666160,"Moniak, Mickey",272,41.9,0.047,0,0.143,0.047,0.042,0.086,0.092,2,43,77.8,22.4,2317,87.6,88.1,56,114,0,0.5,6.51,116,146,119,151,293,328,301,"9.995","-9.995","68.7","7.9",43,14,2,0,0,0,29,67.4,0,0,2.70544,0.30518,0.10469,0.01566,"90.5",124,7.142857142857142,0,0,5.69,-1.22,0.07,1.92,0.047,0,"-8.76754386",0.092,0.105,"8.76754386",-0.045,-0.045,-0.058,-0.044,49.1,"36.8",16.593957983817567,-10.146004203447493,33.88921986108715,0.3805309734513274,38.80441929608262,32.42931304913545
15,694376,"Whitcomb, Shay",36,41.7,0.167,0,1,0.167,0.15,0.15,0.156,1,6,98.9,13,1809,85.9,85.54,11,15,0,-0.4000000000000057,6.23,108,152,124,148,296,321,283,"1.048","-1.048","68.8","8.0",6,1,1,0,0,0,5,83.3,0,0,3.236,0.70667,0.45067,0.25733,"94.5",133,100,0,0,6.21,-0.62,0.24,1.97,0.167,0,"-6.986666667",0.156,0.191,"6.986666667",0.011,0.01100000000000001,-0.024,0,73.3,"50.6",13.691793117055287,-9.158969524672992,29.57069883045564,0.5384615384615384,36.17769743999329,32.35485009129288
5,666931,"Oliva, Jared",12,41.7,0,0,,0,0,0,,0,1,,,2350,91.5,92.24,3,5,0,0.7000000000000028,6.68,100,143,106,141,296,317,279,"0.286","-0.286","54.0","6.8",1,0,0,0,0,0,1,100,0,0,2.378,0.35,0.724,-0.948,"88.0",82,,,,6.18,1.03,0.51,1.75,0,,"-5.72",,,"5.72",,,,0,60,"38.4",20.411499402776787,8.420256936202954,36.73941887461081,0.2,46.043763886575434,30.341879219789245
53,622761,"Mateo, Jorge",127,41.7,0.136,0.136,0.222,0.273,0.177,0.154,0.127,3,22,80.2,4.9,2212,86.4,86.56,29,53,0,0.19999999999998863,6.38,102,150,110,144,306,324,291,"3.796","-3.796","69.2","7.8",22,10,2,0,0,1,12,54.5,0,0,2.91151,0.30868,0.22075,-0.20906,"90.1",173,20,10,4.545454545454546,5.7,-0.04,0.02,2.15,0.136,1,"-7.162264151",0.127,0.238,"7.162264151",0.009,0.009000000000000008,0.035,0.023,54.7,"36.8",9.02836700966652,-8.125165084669955,30.77850930551538,0.4423076923076923,35.331037287166424,31.42992477368378
64,656484,"Gray, Tristan",154,41.6,0.143,0.048,0.333,0.19,0.147,0.161,0.156,3,21,91.3,13.3,2245,88.2,88.54,35,64,0,0.29999999999999716,6.57,114,145,113,151,292,324,297,"3.904","-3.904","67.4","7.1",21,9,2,1,0,0,12,57.1,0,0,2.53688,0.44524,0.28703,-0.24172,"92.0",160,44.44444444444444,11.11111111111111,4.761904761904762,5.74,-0.74,0.04,2.08,0.143,1,"-6.1",0.156,0.22,"6.1",-0.013,-0.013000000000000012,-0.03,-0.014,54.7,"39.5",9.866725831589063,-14.538938113291136,28.888081200437195,0.36065573770491804,38.29284662878486,35.12563167438821
126,682657,"Martínez, Angel",303,41.6,0.18,0.06,0.267,0.24,0.186,0.257,0.241,9,50,81.7,6.2,2170,87.3,87.38,39,126,0,0.10000000000000853,6.45,110,147,108,149,289,316,292,"6.778","-6.778","66.1","8.0",52,33,8,0,0,1,19,36.5,0,0,2.75992,0.28365,0.368,-0.368,"90.6",118,21.21212121212121,6.0606060606060606,3.8461538461538463,5.61,-0.73,0.02,1.86,0.18,2,"-5.379365079",0.241,0.355,"5.379365079",-0.061,-0.061,-0.115,-0.071,31,"35.0",8.039337290037452,-7.348338053414493,33.3984075401068,0.4224137931034483,36.37357591618816,35.72248532430598
32,642851,"Wynns, Austin",77,41.6,0,0,0,0,0,0.099,0.104,0,13,75.7,-0.2,2287,89.1,89.34,14,32,0,0.20000000000000284,6.57,108,152,123,147,300,318,288,"3.395","-3.395","67.6","7.3",13,6,0,0,0,0,7,53.8,0,0,2.47688,0.43969,0.17094,-0.49344,"88.3",92,0,0,0,5.74,0.69,-0.07,2.2,0,0,"-10.609375",0.104,0.114,"10.609375",-0.104,-0.104,-0.114,-0.099,43.8,"35.1",12.825712247947425,-4.666101709270892,34.77953950818322,0.375,36.49942254165552,34.38415615294887
76,592206,"Castellanos, Nick",184,41.3,0.1,0,0.182,0.1,0.09,0.172,0.184,2,20,77.5,12.6,2307,89.2,89.21,37,76,0,0,6.41,111,151,123,145,300,324,296,"4.468","-4.468","63.5","7.6",20,11,2,0,0,0,9,45,0,0,2.59105,0.33707,0.20842,0.00895,"88.5",126,9.090909090909092,0,0,5.52,-0.92,0.3,2.23,0.1,0,"-5.878947368",0.184,0.207,"5.878947368",-0.084,-0.08399999999999999,-0.107,-0.082,48.7,"30.9",14.6646757991068,-6.662265243567892,39.63301321001527,0.3835616438356164,40.660124505557434,31.30485997196152
148,691718,"Crow-Armstrong, Pete",358,41.3,0.226,0.075,0.407,0.302,0.234,0.164,0.156,12,53,83.6,13.5,2292,87.9,87.97,63,148,0,0.09999999999999432,6.45,113,144,105,149,293,323,299,"5.706","-5.706","68.8","7.4",53,28,10,1,0,1,25,47.2,0,0,2.70182,0.3049,0.16777,-0.17588,"91.4",112,35.714285714285715,3.571428571428571,1.8867924528301887,5.73,-0.63,0.03,1.77,0.226,1,"-3.855405405",0.156,0.224,"3.855405405",0.07,0.07,0.078,0.07,42.6,"36.1",15.155341497148829,-10.597147474109285,35.16804136135847,0.4236111111111111,35.99076764773938,38.926860090812745
98,671277,"García Jr., Luis",238,41.2,0.3,0.175,0.393,0.475,0.337,0.282,0.265,12,40,87.4,7.3,2239,89,89.28,28,98,0,0.29999999999999716,6.49,117,146,115,150,290,321,301,"-0.248","0.248","69.0","7.3",40,29,8,2,1,1,11,27.5,0,0,2.60112,0.31439,0.34526,-0.33763,"91.0",117,29.629629629629626,7.4074074074074066,5,5.92,-1.04,-0.08,2.36,0.3,2,"0.253061224",0.265,0.391,"-0.253061224",0.035,0.034999999999999976,0.084,0.055,28.6,"40.1",9.953308144593603,-2.101882744469182,26.30459922890176,0.5816326530612245,37.681761810766666,32.465573983454206
7,683766,"Koss, Christian",17,41.2,0,0,0,0,0,0.17,0.188,0,2,36.6,-28,2557,91.9,92.56,3,7,0,0.6999999999999886,6.59,100,133,98,129,297,310,275,"0.653","-0.653","58.7","6.7",2,1,0,0,0,0,1,50,0,0,2.47571,0.24429,0.34857,0.34857,"88.0",91,0,0,0,5.68,-2.62,-0.48,2.66,0,0,"-9.328571429",0.188,0.19,"9.328571429",-0.188,-0.188,-0.19,-0.17,42.9,"33.7",8.870722719383247,11.261681604167133,24.337073864993656,0.5,35.31713211865537,20.135802142398713
134,669394,"Burger, Jake",326,41.1,0.094,0.019,0.2,0.113,0.092,0.111,0.101,5,53,77.5,13.7,2179,88.9,89.12,77,134,0,0.19999999999998863,6.51,107,151,124,148,307,327,294,"10.582","-10.582","68.4","7.3",53,25,4,1,0,0,28,52.8,0,0,2.59896,0.33659,0.19724,0.03694,"90.5",116,24,4,1.8867924528301887,5.71,-1.3,0.1,2.02,0.094,1,"-7.897014925",0.101,0.158,"7.897014925",-0.007,-0.007000000000000006,-0.045,-0.019,57.5,"36.6",10.512778532669262,-6.81017710330473,25.66492000770256,0.6090225563909775,40.091182240817645,33.071820414808236
77,687597,"Beck, Jordan",188,41,0.207,0.034,0.353,0.241,0.2,0.155,0.168,6,29,76.5,9.7,2311,88.5,88.65,34,77,0,0.09999999999999432,6.34,104,152,119,147,306,329,292,"3.545","-3.545","68.4","7.7",29,17,5,1,0,0,12,41.4,0,0,2.60818,0.33987,0.37553,-0.12632,"89.7",137,12.5,0,0,5.67,-0.19,0.2,2.09,0.207,0,"-4.603896104",0.168,0.187,"4.603896104",0.039,0.03899999999999998,0.054,0.045,44.2,"32.0",12.40574084123221,-6.0199339004893435,31.95111207077752,0.4931506849315068,42.41454845505184,29.90626493019766
15,672386,"Kirk, Alejandro",37,40.5,0.125,0.125,0.167,0.25,0.16,0.223,0.242,1,8,73.6,18.2,2417,86.6,86.86,5,15,0,0.30000000000001137,6.59,110,149,121,148,306,322,294,"1.036","-1.036","66.1","6.9",8,6,0,1,0,0,2,25,0,0,2.596,0.51933,-0.16467,-0.246,"90.4",143,16.666666666666664,0,0,5.85,-0.95,0.09,2.36,0.125,0,"-6.906666667",0.242,0.269,"6.906666667",-0.117,-0.11699999999999999,-0.019,-0.063,33.3,"37.5",4.882317337706184,9.150668993669651,19.566939391790925,0.5,41.842992597695755,27.761079158859182
23,671655,"Valera, George",57,40.4,0,0,0,0,0,0.055,0.057,0,11,84.2,-7.1,2223,88.1,88.47,8,23,0,0.4000000000000057,6.61,115,146,120,153,287,323,295,"2.45","-2.45","70.4","7.3",11,7,0,0,0,0,4,36.4,0,0,2.56,0.41261,0.36174,-0.08522,"89.1",47,14.285714285714285,0,0,5.71,-1.44,0.15,2.09,0,0,"-10.652173913",0.057,0.063,"10.652173913",-0.057,-0.057,-0.063,-0.055,34.8,"37.3",5.559655689197535,-9.863202904027691,24.726763994162,0.4782608695652174,35.3616323970838,38.039665594280294
64,642086,"Smith, Dominic",159,40.3,0.333,0,0.533,0.333,0.3,0.219,0.234,8,24,82.9,6.3,2395,88.7,88.89,24,64,0,0.20000000000000284,6.42,115,146,123,152,296,323,305,"1","-1","63.7","6.8",24,15,8,0,0,0,9,37.5,0,0,2.66234,0.27781,0.01109,-0.02016,"89.1",146,13.333333333333334,0,0,5.99,-1.66,-0.08,2.18,0.333,0,"-1.5625",0.234,0.271,"1.5625",0.099,0.099,0.062,0.081,37.5,"42.4",9.172661039038152,-3.534102753325386,31.396994933455854,0.484375,36.75164841860642,34.298953934268674
18,665923,"Ruiz, Esteury",45,40,0,0,0,0,0,0.085,0.09,0,9,74,12,2330,87.9,87.44,9,18,0,-0.5,6.11,106,152,109,146,305,316,282,"2.511","-2.511","64.7","7.8",9,4,0,0,0,0,5,55.6,0,0,2.42389,0.60176,0.39889,-0.23556,"88.2",50,0,0,0,5.87,0.49,0.24,1.77,0,0,"-13.95",0.09,0.099,"13.95",-0.09,-0.09,-0.099,-0.085,50,"43.6",17.493775873073677,-10.815191424792726,36.46451590953126,0.2777777777777778,40.71879494218124,34.46328927231316
107,660821,"Sánchez, Jesús",269,39.8,0.239,0.152,0.29,0.391,0.27,0.231,0.216,11,46,85.3,1.6,2231,88.2,88.24,37,107,0,0,6.39,113,146,125,152,295,326,301,"3.786","-3.786","66.5","6.8",47,33,8,1,0,2,14,29.8,0,0,2.6486,0.3667,0.2057,-0.30626,"90.8",136,33.33333333333333,3.0303030303030303,2.127659574468085,5.82,-1.34,-0.07,2.01,0.234,1,"-3.538317757",0.213,0.326,"3.538317757",0.023,0.02100000000000002,0.065,0.039,34.6,"39.7",6.221763976320402,7.450496273295581,29.540476399185387,0.41414141414141414,38.14587772542675,32.1085116496899
70,691594,"Sanoja, Javier",176,39.8,0.324,0.029,0.44,0.353,0.303,0.17,0.181,11,34,80.1,7.8,2307,88.3,87.95,14,70,0,-0.29999999999999716,6.28,105,149,112,145,298,314,283,"-0.055","0.055","65.1","7.4",34,25,10,1,0,0,9,26.5,0,0,2.39757,0.57857,0.19629,-0.20657,"90.0",128,20,0,0,5.6,-0.15,0.25,2.09,0.324,0,"0.078571429",0.181,0.203,"-0.078571429",0.143,0.14300000000000002,0.15,0.133,20,"37.7",4.114563164307963,-4.475105820941387,21.71231137024176,0.4927536231884058,37.76269901538635,28.98618170257003
86,669236,"Jackson, Jeremiah",216,39.8,0.256,0.023,0.458,0.279,0.239,0.183,0.195,11,43,77.3,2.6,2222,87.5,87.75,40,86,0,0.29999999999999716,6.51,106,152,123,147,305,320,288,"3.172","-3.172","66.7","7.7",43,24,10,1,0,0,19,44.2,0,0,2.715,0.31186,0.0407,-0.16907,"90.3",121,8.333333333333332,0,0,5.76,-0.75,0.16,1.94,0.256,0,"-3.688372093",0.195,0.222,"3.688372093",0.061,0.061,0.057,0.056,46.5,"37.4",11.831593376133371,-6.791260152770828,26.164024982122804,0.6506024096385542,40.84517626073783,33.262918737040295
48,664056,"Bader, Harrison",121,39.7,0.05,0,0.1,0.05,0.045,0.131,0.128,1,20,87.3,-9.6,2295,89.5,89.64,24,48,0,0.09999999999999432,6.47,108,152,121,148,294,318,288,"4.767","-4.767","68.3","7.2",20,10,1,0,0,0,10,50,0,0,2.51708,0.39667,0.14604,0.18229,"90.2",105,20,0,0,5.92,-1.6,0.46,2.15,0.05,0,"-9.93125",0.128,0.179,"9.93125",-0.078,-0.078,-0.129,-0.086,50,"40.8",12.484900292217842,-3.9509963509754455,24.21566638451435,0.3829787234042553,39.97682584696931,32.871948435861306
60,621438,"Taylor, Tyrone",151,39.7,0.105,0,0.182,0.105,0.095,0.169,0.183,2,19,75.3,9,2248,89,88.92,23,60,0,-0.09999999999999432,6.28,107,151,113,146,301,323,293,"3.223","-3.223","65.9","7.3",21,13,2,0,0,0,8,38.1,0,0,2.34867,0.56417,0.25333,-0.13967,"89.5",110,7.6923076923076925,0,0,5.96,-0.16,0.04,2.17,0.105,0,"-5.371666667",0.183,0.206,"5.371666667",-0.078,-0.078,-0.101,-0.074,38.3,"41.8",11.588944201250458,-7.219271379752785,34.271720274589875,0.5344827586206896,36.73577304716477,30.36055942427933
56,664954,"Sullivan, Brett",141,39.7,0.125,0.042,0.231,0.167,0.129,0.131,0.141,3,24,76.8,7.4,2421,88.9,89.05,18,56,0,0.09999999999999432,6.4,122,146,121,151,284,320,298,"3.511","-3.511","61.8","7.2",24,13,2,1,0,0,11,45.8,0,0,2.58732,0.39179,0.11821,0.13929,"89.0",87,7.6923076923076925,0,0,5.59,-1.13,0.02,2.24,0.125,0,"-6.269642857",0.141,0.158,"6.269642857",-0.016,-0.015999999999999986,0.009,-0.002,32.1,"36.3",10.129163776568555,-9.305034567807875,29.609851238074725,0.45454545454545453,36.874917014250194,32.805672784222786
37,669720,"Hays, Austin",94,39.4,0,0,0,0,0,0.17,0.181,0,14,75.7,-4.2,2317,88,87.85,21,37,0,-0.09999999999999432,6.32,107,147,119,142,298,324,293,"4.337","-4.337","65.8","7.1",14,8,0,0,0,0,6,42.9,0,0,2.64108,0.35694,0.07865,0.05216,"89.6",93,25,0,0,5.74,-1.51,0.37,2,0,0,"-11.721621622",0.181,0.201,"11.721621622",-0.181,-0.181,-0.201,-0.17,56.8,"37.1",16.4149660762951,-1.5817929881197372,30.68458262913107,0.6216216216216216,42.25743834581015,31.78780048115339
143,666182,"Bichette, Bo",364,39.3,0.232,0.143,0.289,0.375,0.261,0.248,0.239,13,56,83.6,8,2283,89.2,89.24,48,143,0,0,6.39,109,148,122,147,303,323,289,"2.514","-2.514","64.3","6.9",57,40,9,2,0,2,17,29.8,0,0,2.33476,0.57245,0.18559,0.11594,"90.1",142,27.500000000000004,5,3.508771929824561,5.8,-0.66,0.04,2.49,0.228,2,"-1.758041958",0.235,0.346,"1.758041958",-0.007,-0.0069999999999999785,0.029,0.013,33.6,"39.7",1.088913597655394,7.266430675562298,36.47635161030582,0.24087591240875914,33.995809279626435,22.89773799080252
31,650391,"Jiménez, Eloy",79,39.2,0.091,0,0.143,0.091,0.075,0.136,0.131,1,11,91.2,3.7,2312,88.1,88.61,15,31,0,0.5,6.64,110,152,125,148,304,326,290,"2.864","-2.864","68.5","7.3",12,7,1,0,0,0,5,41.7,0,0,2.5771,0.42032,-0.18742,-0.20935,"92.4",126,42.857142857142854,0,0,5.9,-0.94,0.04,2.3,0.083,0,"-9.238709677",0.132,0.175,"9.238709677",-0.04,-0.049,-0.084,-0.061,48.4,"45.3",7.986366061960052,-7.130938419581344,25.4165639002979,0.45161290322580644,41.35382965294067,30.91881430314013
106,650489,"Castro, Willi",271,39.1,0.125,0.063,0.238,0.188,0.137,0.148,0.142,6,48,84.1,14.7,2196,88.8,89.35,53,106,0,0.5,6.53,110,148,117,150,295,326,296,"7.19","-7.19","68.3","7.5",48,22,5,0,0,1,26,54.2,0,0,2.56321,0.35491,0.37349,-0.37349,"91.5",137,36.36363636363637,4.545454545454546,2.083333333333333,5.62,-0.43,0.2,1.89,0.125,1,"-6.783018868",0.142,0.202,"6.783018868",-0.017,-0.016999999999999987,-0.014,-0.011,50,"33.3",12.52044559249083,-6.931355726956053,36.99283250968031,0.41904761904761906,34.49956455495049,32.99187951156537
16,553869,"Díaz, Elias",41,39,0.167,0.167,0.25,0.333,0.214,0.187,0.171,1,6,91.1,5.8,2260,87.5,87.07,6,16,0,-0.4000000000000057,6.15,105,151,123,147,308,329,295,"0.558","-0.558","74.8","7.5",6,4,0,1,0,0,2,33.3,0,0,2.62625,0.40437,0.47,-0.16625,"92.8",87,50,25,16.666666666666664,5.88,1.26,0.18,1.57,0.167,1,"-3.4875",0.171,0.267,"3.4875",-0.004,-0.0040000000000000036,0.066,0.027,37.5,"38.3",11.1598742099729,-13.294494848197006,30.289722188201242,0.8125,35.82254930286163,43.389746201364304
148,666176,"Adell, Jo",381,38.8,0.245,0.163,0.385,0.408,0.285,0.262,0.229,12,49,88.1,16.3,2297,89.1,88.93,67,148,0,-0.19999999999998863,6.31,107,152,124,146,306,326,294,"3.368","-3.368","71.8","8.2",49,28,8,2,0,2,21,42.9,0,0,2.48743,0.43204,0.29565,0.03088,"91.2",145,37.03703703703704,11.11111111111111,6.122448979591836,5.78,-0.67,0.35,2.08,0.245,3,"-2.275675676",0.229,0.386,"2.275675676",0.016,0.015999999999999986,0.022,0.023,45.3,"36.6",12.667242683158749,-6.66964828659624,34.32410316092621,0.4225352112676056,40.009667628451545,27.0274847373762
54,642708,"Rosario, Amed",139,38.8,0.19,0.095,0.308,0.286,0.206,0.161,0.174,4,21,81,3.7,2263,87.3,87.34,21,54,0,0,6.53,110,149,120,145,302,323,285,"2.098","-2.098","70.9","7.4",21,13,3,0,1,0,8,38.1,0,0,2.65481,0.41426,0.13741,-0.35556,"89.4",129,23.076923076923077,0,0,5.81,-0.34,0.25,2.26,0.19,0,"-3.885185185",0.174,0.195,"3.885185185",0.016,0.016000000000000014,0.091,0.045,38.9,"40.2",7.1865266271001556,-5.13978769323,29.899016807609105,0.5882352941176471,34.1353036891619,31.425069784059275
71,669065,"Stowers, Kyle",183,38.8,0.133,0,0.235,0.133,0.12,0.167,0.18,4,30,82.2,2.4,2221,89.4,89.57,33,71,0,0.19999999999998863,6.47,116,146,122,150,291,319,299,"5.506","-5.506","68.6","6.7",30,17,4,0,0,0,13,43.3,0,0,2.37577,0.54357,0.34479,-0.33549,"90.0",102,35.294117647058826,0,0,5.66,-0.7,0.01,2.21,0.133,0,"-7.754929577",0.18,0.202,"7.754929577",-0.047,-0.046999999999999986,-0.069,-0.047,46.5,"37.1",14.358129701580548,-0.2137712020526846,33.688358308064124,0.5070422535211268,37.55427848201607,32.56470172731882
161,677594,"Rodríguez, Julio",418,38.5,0.131,0,0.235,0.131,0.118,0.175,0.186,8,61,81.1,8.9,2278,88.8,88.85,75,161,0,0,6.46,110,151,124,147,305,326,296,"12.034","-12.034","72.6","7.8",61,34,8,0,0,0,27,44.3,0,0,2.44882,0.49725,0.20162,0.07712,"90.6",113,20.588235294117645,0,0,5.77,-0.86,0.22,1.93,0.131,0,"-7.474534161",0.186,0.213,"7.474534161",-0.055,-0.05499999999999999,-0.082,-0.057,46.6,"39.7",8.878293550062113,-6.743446614104463,32.16507783656823,0.45569620253164556,40.770524902305155,33.80767549166262
60,666971,"Gurriel Jr., Lourdes",156,38.5,0.095,0,0.167,0.095,0.086,0.115,0.106,2,21,75.9,-6.9,2192,89.8,89.8,29,60,0,0,6.32,109,153,123,148,305,325,296,"4.701","-4.701","66.6","7.7",21,12,2,0,0,0,9,42.9,0,0,2.30067,0.56717,0.611,-0.02767,"89.7",97,16.666666666666664,0,0,5.64,-0.52,0.03,1.94,0.095,0,"-7.835",0.106,0.161,"7.835",-0.011,-0.010999999999999996,-0.066,-0.029,48.3,"34.8",11.394717090072255,-7.951288449398398,38.348220701401914,0.48214285714285715,36.6443647302826,32.67819620667204
103,669016,"Marsh, Brandon",268,38.4,0.205,0.023,0.3,0.227,0.189,0.214,0.224,9,44,81.9,4,2234,88.1,88.17,38,103,0,0.10000000000000853,6.41,112,145,112,150,291,323,300,"6.567","-6.567","66.6","7.3",45,30,8,1,0,0,15,33.3,0,0,2.66825,0.31304,0.31097,-0.35816,"90.6",126,26.666666666666668,3.3333333333333335,2.2222222222222223,5.72,-1.02,-0.14,1.87,0.2,1,"-6.375728155",0.219,0.278,"6.375728155",-0.019,-0.01899999999999999,-0.051,-0.025,36.9,"37.0",11.14545020595027,-0.7757460565536684,38.00954594033769,0.32673267326732675,41.05027780719658,27.51803447978521
76,672515,"Moreno, Gabriel",199,38.2,0.182,0.121,0.294,0.303,0.211,0.212,0.196,6,33,81.2,17.4,2245,89.4,89.48,24,76,0,0.09999999999999432,6.51,106,152,122,149,307,326,292,"3.032","-3.032","66.8","7.1",33,18,4,1,0,1,15,45.5,0,0,2.35053,0.55987,0.48697,0.06987,"90.4",145,16.666666666666664,5.555555555555555,3.0303030303030303,5.78,-0.87,0.05,2.06,0.182,1,"-3.989473684",0.196,0.297,"3.989473684",-0.014,-0.014000000000000012,0.006,-0.001,31.6,"37.2",12.515249344059088,-0.9551809120710186,33.92820014480138,0.47368421052631576,34.73668554496932,36.51951657021377
84,609280,"Andujar, Miguel",220,38.2,0.179,0.154,0.25,0.333,0.222,0.206,0.2,7,39,83.1,6.4,2269,88.8,88.78,27,84,0,0,6.44,107,152,123,147,297,322,292,"2.061","-2.061","66.8","7.6",39,25,3,3,0,1,14,35.9,0,0,2.55095,0.39774,0.12679,0.03298,"91.3",142,28.000000000000004,4,2.564102564102564,5.58,-0.33,-0.03,2.23,0.179,1,"-2.453571429",0.2,0.274,"2.453571429",-0.021,-0.02100000000000002,0.059,0.016,32.1,"33.8",10.078500252576235,-6.652476858852647,26.257601822943776,0.6375,39.14700784767121,34.40192512179466
34,669326,"Teodosio, Bryce",89,38.2,0,0,0,0,0,0.053,0.055,0,18,66.7,-2.5,2244,88.3,87.99,19,34,0,-0.29999999999999716,6.24,105,153,110,147,299,316,285,"4.312","-4.312","59.2","6.8",18,6,0,0,0,0,12,66.7,0,0,2.42,0.55382,0.39735,-0.50147,"89.7",102,16.666666666666664,0,0,5.79,0.72,0.27,2.31,0,0,"-12.682352941",0.055,0.065,"12.682352941",-0.055,-0.055,-0.065,-0.053,55.9,"37.1",6.192217712332431,-8.252872412721377,32.06845060186274,0.36666666666666664,40.770559799396686,29.212189962260947
8,679822,"Foscue, Justin",21,38.1,0,0,0,0,0,0.146,0.161,0,5,91.7,-13,2362,88.4,88.28,2,8,0,-0.10000000000000853,6.41,112,152,123,151,308,328,294,"1.213","-1.213","68.6","7.3",5,4,0,0,0,0,1,20,0,0,2.66875,0.33875,0.3225,0.2925,"91.2",88,50,0,0,5.65,-1.46,0.36,2.08,0,0,"-15.1625",0.161,0.178,"15.1625",-0.161,-0.161,-0.178,-0.146,25,"34.6",13.176738781868016,0.07437871115652639,27.911707100302007,0.5,42.02623404317621,32.73943644452157
19,665052,"Conine, Griffin",50,38,0.111,0,0.167,0.111,0.1,0.19,0.206,1,9,68.6,-5.7,2195,86.3,85.65,11,19,0,-0.5999999999999943,6.16,117,148,117,150,286,320,297,"2.12","-2.12","70.4","7.5",9,6,1,0,0,0,3,33.3,0,0,2.78526,0.34211,0.62842,-0.59263,"89.3",119,16.666666666666664,0,0,5.33,-0.78,-0.11,1.93,0.111,0,"-11.157894737",0.206,0.232,"11.157894737",-0.095,-0.09499999999999999,-0.121,-0.09,57.9,"28.6",14.369553698165536,-7.362899352108888,28.371222378073046,0.21052631578947367,40.280719670428226,36.15118343099665
168,663728,"Raleigh, Cal",444,37.8,0.067,0,0.129,0.067,0.06,0.104,0.101,4,60,81.3,11.6,2233,88.7,88.77,65,168,0,0.09999999999999432,6.41,111,145,127,149,298,326,298,"14.994","-14.994","69.2","7.8",60,31,4,0,0,0,29,48.3,0,0,2.46923,0.48168,0.3218,-0.3218,"90.4",148,16.129032258064516,3.225806451612903,1.6666666666666667,5.81,-0.94,-0.07,2.25,0.067,1,"-8.925",0.101,0.14,"8.925",-0.034,-0.034,-0.073,-0.044,38.7,"38.1",17.005368582606042,-4.1905804225782255,34.5290206792007,0.40606060606060607,34.82312174341511,33.35101578496692
53,660688,"Ruiz, Keibert",141,37.6,0.107,0.036,0.158,0.143,0.11,0.141,0.141,3,28,86.3,17.9,2198,89,89.32,16,53,0,0.29999999999999716,6.48,113,148,121,148,293,315,291,"4.458","-4.458","63.6","7.2",28,19,2,1,0,0,9,32.1,0,0,2.55208,0.36288,0.42549,-0.42549,"91.5",124,36.84210526315789,0,0,5.75,-0.19,0.02,1.74,0.107,0,"-8.411320755",0.141,0.184,"8.411320755",-0.034,-0.03399999999999999,-0.041,-0.031,30.2,"35.0",12.72356353241086,-13.648473430032753,36.17418821995654,0.4423076923076923,32.56500583709905,39.781725816127725
64,687231,"Hernaiz, Darell",170,37.6,0.115,0,0.167,0.115,0.104,0.154,0.16,3,26,78.6,19.4,2253,88.3,88.11,19,64,0,-0.20000000000000284,6.35,108,151,117,147,304,317,285,"4.795","-4.795","62.1","7.0",26,18,3,0,0,0,8,30.8,0,0,2.54469,0.43641,0.29266,-0.41609,"89.3",178,5.555555555555555,0,0,5.65,0.05,0.34,2.22,0.115,0,"-7.4921875",0.16,0.193,"7.4921875",-0.045,-0.045,-0.078,-0.05,29.7,"35.3",6.0469341387204985,-0.19702456689007675,32.629391342528315,0.4426229508196721,39.79472789428015,27.198491697454244
147,645277,"Albies, Ozzie",391,37.6,0.212,0.03,0.264,0.242,0.2,0.181,0.192,14,66,80.4,6.9,2076,87.4,87.81,50,147,0,0.3999999999999915,6.52,113,149,120,150,301,324,299,"7.775","-7.775","62.9","7.3",67,53,12,2,0,0,14,20.9,0,0,2.71544,0.30544,0.42986,-0.42986,"90.1",111,9.433962264150944,0,0,5.84,-0.24,-0.02,1.58,0.209,0,"-5.289115646",0.189,0.23,"5.289115646",0.02,0.01999999999999999,0.012,0.019,34,"38.5",10.749594803305213,-3.5364456760917506,35.33779552871069,0.5555555555555556,31.644533305122703,36.70881344624906
97,694208,"Ballesteros, Moisés",258,37.6,0.154,0.103,0.217,0.256,0.179,0.254,0.219,6,39,88.3,16.5,2223,89.9,90.27,41,97,0,0.3999999999999915,6.57,118,147,127,152,292,324,302,"5.658","-5.658","66.8","6.8",39,24,4,1,0,1,15,38.5,0,0,2.35361,0.51536,0.39186,-0.28216,"91.6",139,41.66666666666667,20.833333333333336,12.82051282051282,5.74,-1.24,0.06,2.52,0.154,5,"-5.832989691",0.219,0.377,"5.832989691",-0.065,-0.065,-0.121,-0.075,42.3,"36.9",7.627145741476633,5.2014453917962795,27.52711709894215,0.5416666666666666,37.99448143655819,33.31172768360562
97,702222,"Crawford, Justin",258,37.6,0.179,0.103,0.269,0.282,0.2,0.188,0.191,7,39,82.1,1.7,2121,88.9,88.91,33,97,0,0,6.45,114,147,102,149,283,317,299,"5.037","-5.037","65.5","7.1",39,26,4,2,1,0,13,33.3,0,0,2.36969,0.5624,0.44021,-0.34417,"90.6",131,26.923076923076923,0,0,5.69,-1.41,0.12,2.12,0.179,0,"-5.192783505",0.191,0.242,"5.192783505",-0.012,-0.01200000000000001,0.04,0.012,34,"36.7",6.287599753303965,8.976009724727316,29.49803721247418,0.5463917525773195,41.848545634522665,21.757767633195744
100,687859,"Johnston, Troy",267,37.5,0.261,0.174,0.407,0.435,0.302,0.22,0.214,12,46,82.2,11.8,2343,87.3,87.55,39,100,0,0.29999999999999716,6.35,118,147,117,152,293,329,305,"0.706","-0.706","66.0","6.6",46,28,6,5,0,1,18,39.1,0,0,2.8202,0.31505,0.2266,-0.154,"90.3",157,25,0,0,5.73,-1.5,0.13,2.19,0.261,0,"-0.706",0.214,0.293,"0.706",0.047,0.047000000000000014,0.142,0.082,39,"37.0",11.082203432710484,-0.2970570795245423,34.971001570834964,0.31313131313131315,33.84711165769915,33.177494583786284
12,675659,"Jones, Greg",32,37.5,0,0,0,0,0,0.087,0.093,0,9,59.2,49,2252,90.8,91.01,7,12,0,0.20000000000000284,6.45,105,147,108,147,286,316,294,"1.882","-1.882","61.6","6.2",9,3,0,0,0,0,6,66.7,0,0,1.95917,0.83167,0.60417,-0.60417,"88.0",170,0,0,0,5.78,-0.85,0.12,2.62,0,0,"-15.683333333",0.093,0.105,"15.683333333",-0.093,-0.093,-0.105,-0.087,58.3,"36.4",0.8620411634303213,3.262448476109625,31.974183793150544,0.3333333333333333,33.607867497807334,25.312029601878763
18,624512,"McGuire, Reese",48,37.5,0.125,0,0.333,0.125,0.113,0.132,0.141,1,8,58.8,4.5,2100,88.4,88.51,9,18,0,0.09999999999999432,6.36,109,147,117,152,286,323,299,"1.115","-1.115","64.8","7.7",9,4,1,0,0,0,5,55.6,0,0,2.32056,0.62833,0.56889,-0.55222,"88.0",132,0,0,0,5.97,-1.25,-0.15,2.49,0.125,0,"-6.194444444",0.141,0.157,"6.194444444",-0.016,-0.015999999999999986,-0.032,-0.019,50,"42.2",11.73487682070244,-2.8588146401651575,29.58287522322217,0.5882352941176471,36.24176631880686,29.66377409055347
9,665953,"Chaparro, Andrés",24,37.5,0.286,0.143,0.333,0.429,0.312,0.342,0.308,2,7,92.8,17,2119,90.6,90.27,1,9,0,-0.29999999999999716,6.23,111,154,124,149,302,326,296,"0.292","-0.292","66.6","6.8",7,6,1,1,0,0,1,14.3,0,0,1.74222,1.06556,0.78222,-0.52889,"93.6",210,50,0,0,5.78,1.5,0.29,2.47,0.286,0,"-3.244444444",0.308,0.49,"3.244444444",-0.022,-0.02200000000000002,-0.061,-0.03,11.1,"32.7",3.6767308257776627,0.8963341326954812,29.994124975656398,0.4444444444444444,40.47196526046351,25.50462692600721
123,680776,"Duran, Jarren",328,37.5,0.13,0.019,0.269,0.148,0.124,0.154,0.163,7,54,81.4,8.2,2244,89.4,89.54,69,123,0,0.09999999999999432,6.5,121,147,119,152,283,322,305,"9.964","-9.964","69.3","7.5",54,26,6,1,0,0,28,51.9,0,0,2.43114,0.47431,0.2535,-0.24488,"90.6",123,23.076923076923077,0,0,5.74,-1.15,0.14,2.11,0.13,0,"-8.100813008",0.163,0.192,"8.100813008",-0.033,-0.033,-0.044,-0.03,56.1,"38.1",7.533356008935435,-1.631650166553511,26.55225813838086,0.4180327868852459,37.96616060174583,33.86819841844777
6,663609,"Baker, Luken",16,37.5,0.333,0,1,0.333,0.3,0.195,0.21,1,3,106.8,6,2382,89.3,88.37,4,6,0,-0.8999999999999915,5.93,107,153,126,146,300,320,284,"0.234","-0.234","70.0","8.5",3,1,1,0,0,0,2,66.7,0,0,2.47,0.46833,0.01,0.36667,"97.4",205,100,0,0,5.74,0.31,0.2,2.24,0.333,0,"-3.9",0.21,0.239,"3.9",0.123,0.12300000000000003,0.094,0.105,66.7,"30.0",17.979893480627773,-22.498422090853865,27.074430186306554,0.16666666666666666,41.442568019432635,38.70642091886608
75,676356,"DeLuca, Jonny",200,37.5,0.233,0.1,0.35,0.333,0.248,0.174,0.188,7,30,72.5,3,2099,88.5,88.52,30,75,0,0,6.49,105,150,115,143,292,321,286,"3.707","-3.707","67.3","7.8",31,21,4,3,0,0,10,32.3,0,0,2.464,0.50053,0.48013,-0.31107,"90.0",86,14.285714285714285,0,0,5.73,0.5,0.17,2.12,0.233,0,"-4.942666667",0.188,0.208,"4.942666667",0.045,0.04500000000000001,0.125,0.074,40,"36.4",7.1265782598821845,-4.9217502762676775,22.385792863054608,0.5753424657534246,38.148430136843665,31.646038135787794
80,691777,"Muncy, Max",214,37.4,0.034,0,0.143,0.034,0.031,0.02,0.021,1,29,68.9,-0.7,2265,87.9,87.81,48,80,0,-0.10000000000000853,6.4,104,150,121,146,304,325,291,"7.653","-7.653","68.8","7.7",29,7,1,0,0,0,22,75.9,0,0,2.59362,0.41329,0.1745,-0.18925,"89.3",84,0,0,0,5.78,-1.02,0.26,1.94,0.034,0,"-9.56625",0.021,0.024,"9.56625",0.013,0.013000000000000001,0.01,0.011,60,"38.3",13.468529479326298,-9.687498125906579,31.46835382938508,0.5,37.893035765976215,35.32487673277033
62,686681,"Massey, Michael",166,37.3,0.045,0,0.077,0.045,0.039,0.13,0.106,1,22,83.2,23.2,2199,90.1,90.2,23,62,0,0.10000000000000853,6.39,112,145,114,150,293,325,298,"5.818","-5.818","66.5","7.0",23,13,1,0,0,0,10,43.5,0,0,2.3029,0.54161,0.52968,-0.41968,"90.4",138,30.76923076923077,0,0,5.68,-0.99,0.14,2,0.043,0,"-9.383870968",0.114,0.144,"9.383870968",-0.061,-0.07100000000000001,-0.099,-0.091,37.1,"36.3",14.312071703076159,-3.4616628230254354,35.49052493255413,0.4666666666666667,39.43799976364175,29.950033635007497
95,694212,"Basallo, Samuel",255,37.3,0.22,0.073,0.36,0.293,0.226,0.215,0.216,9,41,87.8,6.9,2279,88.5,88.73,50,95,0,0.20000000000000284,6.49,119,146,128,151,300,327,298,"4.535","-4.535","71.1","7.6",41,25,6,3,0,0,16,39,0,0,2.60442,0.35558,0.17298,-0.18191,"92.5",139,41.66666666666667,4.166666666666666,2.4390243902439024,5.75,-1.32,-0.07,2.23,0.22,1,"-4.773684211",0.216,0.278,"4.773684211",0.004,0.0040000000000000036,0.015,0.011,52.6,"37.9",13.590121386965098,-6.000102558191161,31.725306084387128,0.4105263157894737,34.37846537655387,35.62135965996558
72,663743,"Fortes, Nick",193,37.3,0.343,0.029,0.48,0.371,0.32,0.219,0.231,12,35,79,5.9,2213,90.5,90.74,23,72,0,0.20000000000000284,6.52,108,152,118,148,297,321,287,"1.545","-1.545","67.8","7.4",35,25,11,1,0,0,10,28.6,0,0,2.13667,0.7025,0.58278,-0.25222,"91.2",138,24,0,0,5.79,0.43,0.13,2.67,0.343,0,"-2.145833333",0.231,0.269,"2.145833333",0.112,0.11200000000000002,0.102,0.101,31.9,"37.0",3.559359882824435,-1.9306197462092318,16.335647185737955,0.4927536231884058,38.97523252552667,26.13694634248245
74,807713,"Shaw, Matt",199,37.2,0.206,0.118,0.273,0.324,0.232,0.212,0.22,7,34,80,14.2,2237,90.3,90.44,21,74,0,0.10000000000000853,6.58,107,149,117,145,299,322,290,"3.202","-3.202","63.1","7.0",34,23,5,1,0,1,11,32.4,0,0,2.20297,0.64918,0.49324,-0.30054,"89.7",151,21.73913043478261,0,0,5.73,0.64,0.21,2.17,0.206,0,"-4.327027027",0.22,0.269,"4.327027027",-0.014,-0.014000000000000012,0.055,0.02,28.4,"38.6",10.83899024258436,-1.4109477989042252,28.42650714160517,0.6486486486486487,38.49415875616006,30.82863620479997
13,606992,"Haase, Eric",35,37.1,0.2,0,0.5,0.2,0.18,0.197,0.219,1,5,73.4,15.5,2462,89.9,90.15,7,13,0,0.19999999999998863,6.55,104,150,118,145,300,324,292,"0.601","-0.601","66.8","6.9",5,2,1,0,0,0,3,60,0,0,2.12923,0.74385,0.59,0.11615,"88.0",147,0,0,0,5.93,-1.21,-0.18,2.29,0.2,0,"-4.623076923",0.219,0.232,"4.623076923",-0.019,-0.01899999999999999,-0.032,-0.017,53.8,"40.8",13.168954690624785,-2.483517409983208,29.782140667785576,0.6153846153846154,34.43866930028782,27.000869790123765
46,620443,"Torrens, Luis",124,37.1,0.217,0.087,0.294,0.304,0.229,0.18,0.186,5,23,84.7,-4.5,2259,88.8,88.73,16,46,0,-0.09999999999999432,6.36,106,148,119,146,301,320,289,"2.405","-2.405","65.7","6.9",23,17,3,2,0,0,6,26.1,0,0,2.47413,0.47674,0.28311,0.06267,"91.2",114,29.411764705882355,0,0,5.85,-0.51,0,2.37,0.217,0,"-5.22826087",0.186,0.23,"5.22826087",0.031,0.031,0.074,0.049,34.8,"41.3",9.207695080427653,6.406685283131006,29.956583375364332,0.5227272727272727,38.56858163538841,26.21923166322879
124,647304,"Naylor, Josh",334,37.1,0.236,0.036,0.325,0.273,0.223,0.223,0.244,13,55,84.5,17.1,2254,88,88.05,42,124,0,0.09999999999999432,6.4,116,146,118,151,292,322,297,"5.673","-5.673","64.9","7.4",56,40,11,2,0,0,16,28.6,0,0,2.64379,0.3541,0.27645,-0.15613,"90.6",124,25,0,0,5.77,-0.73,-0.16,2.39,0.232,0,"-4.575",0.24,0.273,"4.575",-0.008,-0.00799999999999998,0,0,33.9,"38.2",9.44028752492788,-7.643298272664751,26.942205200361,0.4583333333333333,36.08609200872683,26.544108133675245
140,671218,"Ramos, Heliot",377,37.1,0.149,0.064,0.333,0.213,0.155,0.122,0.13,7,47,78.5,11.5,2296,90.6,91.06,71,140,0,0.5,6.52,107,152,123,148,303,324,292,"9.908","-9.908","68.5","6.7",48,21,4,3,0,0,27,56.3,0,0,2.2405,0.57264,0.33814,0.04414,"88.9",122,14.285714285714285,0,0,5.89,-0.66,0.04,2.38,0.146,0,"-7.077142857",0.127,0.157,"7.077142857",0.019,0.01899999999999999,0.056,0.033,50.7,"39.0",8.113458637798034,6.664250464327747,32.94858921386414,0.48175182481751827,37.754121342784615,24.299260711765676
114,804606,"Griffin, Konnor",308,37,0.133,0,0.286,0.133,0.115,0.119,0.12,6,45,81.2,8,2319,88,88.21,68,114,0,0.20000000000000284,6.44,105,149,118,145,307,321,293,"8.944","-8.944","68.1","7.9",47,21,6,0,0,0,26,55.3,0,0,2.76281,0.23531,0.08105,0.00404,"89.8",120,10,0,0,5.67,-0.93,0.08,1.86,0.128,0,"-7.845614035",0.127,0.136,"7.845614035",0.013,0.0010000000000000009,-0.003,-0.004,59.6,"37.9",11.736697917250076,-6.237635514921098,33.67190274762241,0.3963963963963964,40.25880221947992,35.85643839333044
64,665966,"Narváez, Carlos",173,37,0.08,0.04,0.25,0.12,0.087,0.084,0.084,2,25,84.8,21.1,2318,88.3,88.4,32,64,0,0.10000000000000853,6.39,108,151,122,148,292,321,291,"5.244","-5.244","65.7","7.5",25,8,1,1,0,0,17,68,0,0,2.54438,0.42762,0.10031,0.02031,"89.8",123,25,0,0,5.73,-1.13,0.06,2.03,0.08,0,"-8.19375",0.084,0.112,"8.19375",-0.004,-0.0040000000000000036,0.008,0.003,50,"38.3",10.537183979747027,-0.49680547314969303,31.655541471468904,0.4444444444444444,38.56064112901166,34.43420669000206
75,686780,"Pagés, Pedro",203,36.9,0.161,0.097,0.308,0.258,0.184,0.111,0.093,5,31,71.7,12.9,2263,88.9,88.93,36,75,0,0,6.41,109,150,120,147,305,323,289,"4.385","-4.385","66.5","6.9",32,15,4,0,0,1,17,53.1,0,0,2.4384,0.4872,0.3732,-0.01187,"90.5",115,13.333333333333334,6.666666666666667,3.125,5.62,-0.66,-0.12,2.27,0.161,1,"-5.846666667",0.093,0.165,"5.846666667",0.068,0.068,0.093,0.073,48,"35.8",11.6864995620165,-5.313675712679047,30.773729401187374,0.4246575342465753,35.09593822055583,36.42896747180295
32,694192,"Chourio, Jackson",87,36.8,0.154,0,0.286,0.154,0.139,0.026,0.028,2,13,78.6,3.3,2053,89.3,89.8,14,32,0,0.5,6.45,107,144,116,142,306,323,290,"1.701","-1.701","67.6","7.0",13,7,2,0,0,0,6,46.2,0,0,2.33062,0.55,0.38938,0.25313,"88.1",118,0,0,0,5.72,-1.1,-0.1,2.33,0.154,0,"-5.315625",0.028,0.033,"5.315625",0.126,0.126,0.121,0.113,43.8,"41.1",6.894226235681792,3.6587264411747977,27.560582823976933,0.4375,37.206010255599324,28.755666084178753
39,657136,"Wong, Connor",106,36.8,0.235,0.118,0.308,0.353,0.257,0.172,0.152,4,17,82.4,9.4,2291,90,90.03,15,39,0,0,6.44,109,149,112,146,290,319,288,"1.762","-1.762","68.8","7.3",17,13,2,2,0,0,4,23.5,0,0,2.20462,0.64564,0.24795,-0.25462,"90.3",158,30.76923076923077,0,0,5.87,-1.03,0.29,2.24,0.235,0,"-4.517948718",0.152,0.247,"4.517948718",0.083,0.08299999999999999,0.106,0.085,38.5,"40.6",11.691981982494275,-4.244833761568972,30.554819871972004,0.4864864864864865,39.72223003502431,34.321235519010195
4,640902,"Pereda, Jhonny",11,36.4,0,0,0,0,0,0.051,0.055,0,2,52.8,15,2007,86.9,87.72,2,4,0,0.9000000000000057,6.6,102,153,130,148,298,318,282,"0.426","-0.426","70.2","7.8",2,1,0,0,0,0,1,50,0,0,2.495,0.52,0.51,-0.51,"88.0",164,0,0,0,5.6,1.79,-0.3,1.9,0,0,"-10.65",0.055,0.069,"10.65",-0.055,-0.055,-0.069,-0.051,50,"39.6",12.608183129295432,-8.579032088007557,34.72471164712614,0.25,32.93135570060739,32.677755652689484
4,660710,"Durán, Rodolfo",11,36.4,0,0,,0,0,0,,0,2,,,1853,91,91.1,2,4,0,0.09999999999999432,6.27,100,152,119,147,307,319,294,"0.379","-0.379","64.2","6.9",2,0,0,0,0,0,2,100,0,0,2.645,0.1475,0.1475,-0.4225,"88.0",3,,,,5.34,0.04,0.85,2.23,0,,"-9.475",,,"9.475",,,,0,50,"33.2",9.835502583960327,8.495567987466494,23.59555353193217,0.75,45.79099199292727,25.671033559411775
91,699912,"Fernandez, Jose",250,36.4,0.161,0.032,0.294,0.194,0.158,0.131,0.14,5,31,77.1,12.1,2232,87.4,87.32,39,91,0,-0.10000000000000853,6.33,106,152,119,147,302,326,290,"5.772","-5.772","71.0","8.0",31,17,4,1,0,0,14,45.2,0,0,2.67571,0.35,0.28769,-0.18857,"89.6",114,23.52941176470588,0,0,5.76,-0.28,0.16,2.14,0.161,0,"-6.342857143",0.14,0.157,"6.342857143",0.021,0.02099999999999999,0.037,0.027,42.9,"36.5",10.290448796238893,-9.912091595289887,32.49765264469911,0.5227272727272727,39.74273888459889,32.67559063524582
89,672724,"Peraza, Oswald",245,36.3,0.179,0,0.318,0.179,0.162,0.211,0.227,7,39,69.4,-1.6,2242,88.6,88.53,46,89,0,-0.09999999999999432,6.31,106,151,115,146,303,322,286,"6.722","-6.722","68.1","8.0",40,23,7,0,0,0,17,42.5,0,0,2.64607,0.29888,0.31348,-0.15978,"89.1",85,8.695652173913043,0,0,5.76,-0.57,0.24,1.95,0.179,0,"-7.552808989",0.227,0.255,"7.552808989",-0.048,-0.048000000000000015,-0.076,-0.049,51.7,"35.9",9.603716652984481,-6.871808870237447,29.25083451513466,0.5,40.16855612132718,31.408948907807616
141,701538,"Merrill, Jackson",388,36.3,0.13,0.074,0.212,0.204,0.145,0.124,0.128,7,54,80.1,6.2,2261,89.1,89.14,60,141,0,0,6.39,118,145,115,150,292,325,306,"9.337","-9.337","68.3","7.7",56,35,3,4,0,0,21,37.5,0,0,2.58113,0.33688,0.28887,-0.2717,"90.4",108,29.411764705882355,0,0,5.66,-1.12,0.04,1.93,0.13,0,"-6.621985816",0.128,0.157,"6.621985816",0.002,0.0020000000000000018,0.047,0.021,42.6,"36.2",11.181278111907073,-4.816723136956046,40.289300419786564,0.39344262295081966,36.340841980024535,29.55683813656123
47,624428,"Frazier, Adam",130,36.2,0.118,0,0.333,0.118,0.106,0.11,0.115,2,17,75.7,-5.5,2275,89.3,89.33,22,47,0,0,6.37,117,146,116,151,281,313,293,"3","-3","57.8","6.8",17,6,2,0,0,0,11,64.7,0,0,2.43447,0.4666,0.30609,-0.16217,"89.1",99,0,0,0,5.7,-1.77,-0.02,1.97,0.118,0,"-6.382978723",0.115,0.136,"6.382978723",0.003,0.002999999999999989,-0.018,-0.004,46.8,"36.4",15.11262235970115,-5.609121485701917,40.42019034799672,0.3191489361702128,31.641303695918566,25.803560982870305
129,621439,"Buxton, Byron",357,36.1,0.19,0.155,0.296,0.345,0.229,0.191,0.158,11,58,84.9,19.5,2259,88.7,88.78,73,129,0,0.09999999999999432,6.51,106,152,122,145,302,328,294,"4.786","-4.786","68.3","8.2",59,30,8,0,0,3,29,49.2,0,0,2.4486,0.50349,0.35566,-0.01783,"92.5",162,36.666666666666664,13.333333333333334,6.779661016949152,5.81,-0.74,0.34,2.25,0.186,4,"-3.710077519",0.155,0.301,"3.710077519",0.032,0.031,0.044,0.038,56.6,"38.2",14.971228519839787,-11.610909104592489,33.61504079871261,0.4957983193277311,39.70151842115298,31.077324278303013
13,596117,"Stubbs, Garrett",36,36.1,0.333,0,0.5,0.333,0.258,0.162,0.195,2,6,92.7,25.8,2300,87.6,87.27,6,13,0,-0.29999999999999716,6.19,117,149,103,151,292,316,295,"0.434","-0.434","63.8","7.3",7,4,2,0,0,0,3,42.9,0,0,2.96615,0.05923,-0.01462,0.01462,"94.4",173,50,0,0,5.84,-1.78,0.07,1.84,0.286,0,"-3.338461538",0.169,0.233,"3.338461538",0.138,0.11699999999999997,0.1,0.096,46.2,"41.2",11.414700112211818,-5.841097109758223,29.15103919076468,0.6153846153846154,33.273944601960345,29.294042247069232
49,695336,"Saggese, Thomas",136,36,0.077,0,0.133,0.077,0.069,0.184,0.163,2,26,86.3,11.5,2279,88.6,88.55,21,49,0,-0.09999999999999432,6.37,113,151,118,148,312,321,287,"5.383","-5.383","66.1","7.0",26,15,2,0,0,0,11,42.3,0,0,2.48878,0.47286,0.21204,-0.00796,"91.6",147,33.33333333333333,6.666666666666667,3.8461538461538463,5.85,-1.09,-0.08,2.1,0.077,1,"-10.985714286",0.163,0.268,"10.985714286",-0.086,-0.08600000000000001,-0.191,-0.115,42.9,"40.2",10.377545797084462,2.075683255078517,35.761567607630795,0.3541666666666667,35.01894518775866,28.609571232053316
109,678882,"Rafaela, Ceddanne",304,35.9,0.255,0,0.406,0.255,0.23,0.164,0.172,13,51,76.9,6,2227,89.8,89.66,43,109,0,-0.09999999999999432,6.37,106,150,112,146,289,319,290,"4.19","-4.19","64.9","7.2",51,32,13,0,0,0,19,37.3,0,0,2.28477,0.58624,0.53009,0.27769,"89.7",130,16.666666666666664,0,0,5.65,-0.8,0.04,2.37,0.255,0,"-3.844036697",0.172,0.205,"3.844036697",0.083,0.08300000000000002,0.05,0.066,39.4,"36.0",9.395467143922325,1.8474546643265448,30.86861783906982,0.5462962962962963,35.539867379213185,29.655494402567236
93,669477,"Schmitt, Casey",259,35.9,0.179,0.077,0.368,0.256,0.191,0.123,0.125,7,39,75.9,18.7,2315,89.6,89.98,43,93,0,0.4000000000000057,6.55,108,152,123,147,302,324,293,"4.451","-4.451","66.1","7.5",39,19,4,3,0,0,20,51.3,0,0,2.34366,0.53903,0.17075,-0.09978,"89.5",131,21.052631578947366,0,0,5.85,-0.47,0.24,2.17,0.179,0,"-4.786021505",0.125,0.158,"4.786021505",0.054,0.05399999999999999,0.098,0.068,46.2,"40.1",9.719107318115164,-9.435519094561984,32.689706118636394,0.5268817204301075,34.656294875831605,32.863885425419895
104,657757,"Sheets, Gavin",290,35.9,0.156,0.044,0.206,0.2,0.157,0.155,0.152,7,45,80.6,12.1,2138,91.5,91.63,32,104,0,0.09999999999999432,6.49,117,146,126,152,291,325,305,"7.529","-7.529","69.0","7.6",45,34,5,2,0,0,11,24.4,0,0,2.2225,0.53615,0.62308,-0.64615,"90.3",144,20.588235294117645,2.941176470588235,2.2222222222222223,5.58,-1.68,-0.18,2.32,0.156,1,"-7.239423077",0.152,0.206,"7.239423077",0.004,0.0040000000000000036,-0.006,0.002,30.8,"34.1",8.114997928426757,-5.35889000167052,27.77712843407338,0.38461538461538464,39.24958572154657,30.88845055347117
118,643289,"Dubón, Mauricio",330,35.8,0.2,0.145,0.297,0.345,0.235,0.193,0.186,11,55,83.3,11.8,2260,90.1,90.44,39,118,0,0.30000000000001137,6.47,107,151,112,148,306,321,290,"3.897","-3.897","64.1","7.5",55,37,4,6,1,0,18,32.7,0,0,2.20593,0.6322,0.3559,0.03197,"90.2",157,21.62162162162162,2.7027027027027026,1.8181818181818181,5.79,-0.61,0.02,2.43,0.2,1,"-3.302542373",0.186,0.262,"3.302542373",0.014,0.014000000000000012,0.083,0.042,33.1,"39.2",4.671648045466426,3.2411753427097896,29.836769280574075,0.3391304347826087,36.489778785611556,26.37904626404966
121,695734,"Lile, Daylen",338,35.8,0.197,0.049,0.308,0.246,0.196,0.169,0.171,12,61,78.9,15.6,2259,89.5,89.65,51,121,0,0.09999999999999432,6.5,114,146,115,150,289,319,300,"7.068","-7.068","66.4","7.6",61,39,9,3,0,0,22,36.1,0,0,2.36521,0.52066,0.37427,-0.24419,"90.2",133,25.64102564102564,0,0,5.82,-0.14,-0.17,2.02,0.197,0,"-5.841322314",0.171,0.217,"5.841322314",0.026,0.025999999999999995,0.029,0.027,42.1,"36.5",13.94820130363102,-1.3295692071882306,39.763642074147704,0.512396694214876,35.97818505149506,30.089416832272658
20,467793,"Santana, Carlos",56,35.7,0.125,0,0.5,0.125,0.113,0.107,0.118,1,8,77.7,44.5,2325,90.4,90.68,11,20,0,0.29999999999999716,6.53,120,147,130,152,296,321,298,"1.439","-1.439","68.7","7.8",8,2,1,0,0,0,6,75,0,0,2.0925,0.7195,0.3845,-0.3845,"88.8",152,0,0,0,5.94,-1.46,0.18,2.09,0.125,0,"-7.195",0.118,0.123,"7.195",0.007,0.007000000000000006,0.002,0.006,55,"44.3",17.78497128694348,-12.85022933876206,29.68596756829213,0.55,33.0181341480048,37.49823797731086
15,691740,"Susac, Daniel",42,35.7,0.5,0.25,0.667,0.75,0.546,0.37,0.397,2,4,71.5,12.7,2291,86.7,86.9,6,15,0,0.20000000000000284,6.59,106,145,123,141,305,322,283,"-0.095","0.095","67.9","8.3",4,3,1,1,0,0,1,25,0,0,2.806,0.324,0.126,0.14733,"89.0",119,0,0,0,5.67,0.37,-0.02,1.38,0.5,0,"0.633333333",0.397,0.439,"-0.633333333",0.103,0.10299999999999998,0.311,0.176,40,"34.2",18.3305218740752,-15.800034529102401,42.65531216007209,0.5333333333333333,39.174702266425605,38.758038546686535
141,681624,"Pages, Andy",395,35.7,0.217,0.13,0.276,0.348,0.237,0.222,0.217,10,46,81.1,15.9,2294,88.1,88.36,58,141,0,0.30000000000001137,6.42,110,152,124,147,301,322,295,"5.831","-5.831","66.3","7.7",48,31,8,0,0,2,17,35.4,0,0,2.55284,0.448,0.1317,-0.0405,"90.1",136,29.03225806451613,0,0,5.68,-1.18,0.18,2.02,0.208,0,"-4.135460993",0.221,0.275,"4.135460993",0,-0.013000000000000012,0.073,0.015,41.1,"36.9",7.224772379960699,-2.9887088154874166,41.10998526806846,0.375886524822695,38.25506883272456,30.217619815877324
76,686668,"Doyle, Brenton",213,35.7,0.056,0,0.182,0.056,0.05,0.069,0.073,2,36,79.2,8.7,2311,88,88.14,48,76,0,0.09999999999999432,6.34,108,151,116,146,308,327,294,"8.657","-8.657","68.1","7.6",36,11,2,0,0,0,25,69.4,0,0,2.60579,0.37329,0.16987,-0.13513,"88.8",113,10,0,0,5.69,-0.01,0.17,1.96,0.056,0,"-11.390789474",0.073,0.084,"11.390789474",-0.017,-0.016999999999999994,-0.028,-0.019,63.2,"35.0",15.582097138615145,-4.605188778497469,30.07511499517174,0.5733333333333334,40.13676908952171,31.647307280469864
100,643217,"Benintendi, Andrew",280,35.7,0.171,0.029,0.375,0.2,0.165,0.164,0.173,6,35,76.3,19.2,2258,87.8,87.71,46,100,0,-0.09999999999999432,6.34,118,146,116,151,291,325,299,"6.053","-6.053","63.8","7.1",35,16,5,1,0,0,19,54.3,0,0,2.6599,0.4476,0.2176,-0.2448,"89.4",119,12.5,0,0,5.82,-1.04,-0.14,1.9,0.171,0,"-6.053",0.173,0.199,"6.053",-0.002,-0.001999999999999974,0.001,0.001,46,"36.2",17.93341126420558,-4.882700680420213,32.798861877308205,0.3939393939393939,34.54526835249257,35.15924485367167
21,805249,"Kemp, Otto",59,35.6,0,0,0,0,0,0.033,0.035,0,7,64,1.5,2026,85.9,85.85,16,21,0,0,6.29,107,152,122,147,298,325,290,"2.33","-2.33","67.0","7.9",7,2,0,0,0,0,5,71.4,0,0,2.80333,0.33905,0.50286,-0.41238,"90.4",51,0,0,0,5.81,0.76,-0.12,1.48,0,0,"-11.095238095",0.035,0.041,"11.095238095",-0.035,-0.035,-0.041,-0.033,76.2,"41.1",16.55898381392888,-17.560869890892107,36.53563902624152,0.38095238095238093,30.39041787002028,41.6448353309716
21,664059,"Haggerty, Sam",59,35.6,0.143,0,0.5,0.143,0.129,0.084,0.079,1,7,86.1,17,2220,87.1,87.43,12,21,0,0.30000000000001137,6.6,108,149,112,149,291,320,288,"1.472","-1.472","64.8","6.9",7,2,1,0,0,0,5,71.4,0,0,2.91048,0.14048,0.15381,-0.15381,"88.7",135,0,0,0,5.77,0.22,0.06,1.88,0.143,0,"-7.00952381",0.079,0.112,"7.00952381",0.064,0.06399999999999999,0.031,0.045,57.1,"33.9",8.55921406848994,-10.745938403665987,32.49224509260412,0.5238095238095238,36.30059220068265,31.0541526240273
27,680718,"Barger, Addison",76,35.5,0,0,0,0,0,0.067,0.074,0,9,76.6,-14.6,2344,92.2,92.2,9,27,0,0,6.41,118,147,125,151,289,326,308,"3.127","-3.127","70.1","7.1",9,5,0,0,0,0,4,44.4,0,0,2.11926,0.62704,0.41037,-0.57778,"88.9",82,20,0,0,5.88,-1.58,0.12,2.58,0,0,"-11.581481481",0.074,0.08,"11.581481481",-0.074,-0.074,-0.08,-0.067,33.3,"41.2",5.316072136168743,2.2666229959959807,27.417020268906587,0.5,34.040054153244256,26.528475935099046
17,683679,"Rodriguez, Jesus",48,35.4,0.125,0,0.2,0.125,0.113,0.198,0.212,1,8,78.2,10.6,2374,90.9,91.51,6,17,0,0.5999999999999943,6.56,115,151,121,146,299,314,286,"1.632","-1.632","66.0","7.2",8,5,1,0,0,0,3,37.5,0,0,2.20412,0.58529,0.10588,-0.18706,"88.3",165,0,0,0,5.56,-0.85,0.25,2.4,0.125,0,"-9.6",0.212,0.234,"9.6",-0.087,-0.087,-0.109,-0.085,35.3,"40.5",9.179985324678066,-3.0681420422348826,32.24599286313737,0.4117647058823529,37.62996406768316,32.113914173597756
134,607208,"Turner, Trea",380,35.3,0.133,0.022,0.286,0.156,0.129,0.103,0.104,6,45,83.7,14,2198,87.7,87.67,62,134,0,0,6.34,110,151,120,146,299,323,290,"9.865","-9.865","68.6","7.9",45,21,5,1,0,0,24,53.3,0,0,2.64813,0.35463,0.38173,0.06925,"91.6",130,14.285714285714285,0,0,5.74,-0.85,-0.11,2.06,0.133,0,"-7.361940299",0.104,0.132,"7.361940299",0.029,0.029000000000000012,0.024,0.026,46.3,"36.5",12.751087923416753,-12.382511933584007,26.5096525692888,0.782258064516129,38.64156771927484,34.71175149416755
136,547180,"Harper, Bryce",385,35.3,0.148,0.074,0.229,0.222,0.161,0.131,0.135,8,54,80.3,11.2,2253,86.9,86.9,65,136,0,0,6.4,118,147,130,152,295,327,302,"8.056","-8.056","70.3","7.7",54,35,5,2,1,0,19,35.2,0,0,2.86676,0.20149,0.09963,-0.19051,"90.3",128,20,0,0,5.68,-0.15,-0.16,1.73,0.148,0,"-5.923529412",0.135,0.167,"5.923529412",0.013,0.012999999999999984,0.055,0.03,47.8,"35.3",16.94298449500434,-9.169074875066398,37.83452269024978,0.3805970149253731,40.25313092837501,37.501164399771994
42,664034,"France, Ty",119,35.3,0.125,0,0.222,0.125,0.113,0.131,0.137,2,16,81.7,7.4,2260,89.6,89.83,19,42,0,0.20000000000000284,6.5,111,152,123,148,305,323,295,"2.417","-2.417","66.7","7.5",16,9,2,0,0,0,7,43.8,0,0,2.595,0.30238,0.26667,0.1719,"90.2",116,22.22222222222222,0,0,5.67,-0.28,0.01,1.99,0.125,0,"-5.754761905",0.137,0.164,"5.754761905",-0.012,-0.01200000000000001,-0.039,-0.018,45.2,"37.4",11.446177293858982,4.572463105982929,36.53749306787789,0.3157894736842105,36.22857573384372,27.282876482166333
42,669134,"Campusano, Luis",119,35.3,0.105,0.053,0.222,0.158,0.115,0.091,0.095,2,19,86.3,7.2,2329,89.1,88.9,23,42,0,-0.19999999999998863,6.39,110,151,120,146,299,322,298,"2.498","-2.498","63.5","7.7",19,9,1,1,0,0,10,52.6,0,0,2.56881,0.36571,0.06857,0.05524,"91.3",116,44.44444444444444,0,0,5.64,-1.28,0.46,1.97,0.105,0,"-5.947619048",0.095,0.113,"5.947619048",0.01,0.009999999999999995,0.045,0.024,54.8,"34.3",11.399009824106011,-9.792271016348735,25.568266552206453,0.6410256410256411,40.6250358019578,30.28601945477645
44,682877,"Brito, Juan",125,35.2,0.15,0.05,0.375,0.2,0.154,0.119,0.125,3,20,83,7.4,2187,86.5,86.71,23,44,0,0.20000000000000284,6.52,107,149,118,148,293,317,292,"3.239","-3.239","66.8","8.0",20,8,2,1,0,0,12,60,0,0,2.85955,0.24465,0.25233,-0.25233,"90.8",109,12.5,0,0,5.6,0.26,-0.02,1.56,0.15,0,"-7.361363636",0.125,0.145,"7.361363636",0.025,0.024999999999999994,0.055,0.035,52.3,"33.5",17.71367229933306,-15.623478522087227,34.64966054330784,0.5227272727272727,35.06147065923379,40.746644228554814
119,606466,"Marte, Ketel",339,35.1,0.111,0.111,0.139,0.222,0.143,0.226,0.21,6,54,93.1,5,2123,88.4,88.3,47,119,0,-0.10000000000000853,6.31,115,147,120,149,296,327,302,"8.904","-8.904","71.9","7.9",54,37,3,1,1,1,17,31.5,0,0,2.58227,0.38898,0.55101,-0.55101,"93.4",109,48.64864864864865,5.405405405405405,3.7037037037037033,5.75,-0.45,-0.08,1.89,0.111,2,"-7.482352941",0.21,0.318,"7.482352941",-0.099,-0.09899999999999999,-0.096,-0.083,39.5,"38.7",11.37768473358971,-10.57962600547231,32.12452492896114,0.5046728971962616,33.172854389750825,37.96516763789433
102,662139,"Varsho, Daulton",291,35.1,0.233,0.093,0.333,0.326,0.246,0.215,0.21,10,43,79.2,7.8,2239,89.4,89.55,34,102,0,0.19999999999998863,6.43,116,146,118,152,297,326,297,"3.059","-3.059","68.8","7.4",43,28,8,1,0,1,15,34.9,0,0,2.39853,0.52314,0.21168,-0.11129,"90.3",143,32.142857142857146,7.142857142857142,4.651162790697675,5.84,-0.93,-0.01,2.37,0.233,2,"-2.999019608",0.21,0.286,"2.999019608",0.023,0.02300000000000002,0.04,0.031,33.3,"41.1",7.535438409307924,2.033422036247567,26.307564086393167,0.47368421052631576,37.335102597536114,25.83049541187095
147,686948,"Baldwin, Drake",419,35.1,0.317,0.183,0.5,0.5,0.358,0.233,0.204,19,60,87.8,7.1,2182,88.1,88.21,54,147,0,0.10000000000000853,6.37,119,148,127,151,299,326,307,"-1.075","1.075","69.9","7.5",60,35,14,2,0,3,25,41.7,0,0,2.70728,0.3376,0.28163,-0.09986,"91.1",127,37.142857142857146,14.285714285714285,8.333333333333332,5.79,-0.59,-0.09,1.84,0.317,5,"0.731292517",0.204,0.346,"-0.731292517",0.113,0.11300000000000002,0.154,0.125,36.7,"38.1",14.907169216481128,-0.12327340013777865,34.35849339220546,0.4178082191780822,37.41030650502585,31.384810247538017
13,600869,"Candelario, Jeimer",37,35.1,0.167,0.167,0.333,0.333,0.214,0.145,0.155,1,6,82.9,18,2252,88.7,88.59,7,13,0,-0.10000000000000853,6.32,117,150,120,151,302,318,296,"0.865","-0.865","62.6","7.8",6,3,0,1,0,0,3,50,0,0,2.21769,0.73231,0.52077,-0.52077,"88.5",215,0,0,0,5.71,0.51,-0.32,2.28,0.167,0,"-6.653846154",0.155,0.185,"6.653846154",0.012,0.01200000000000001,0.148,0.069,53.8,"33.1",12.649730908351374,-8.245441928804588,32.58313841778359,0.46153846153846156,38.7219090034969,28.742032695276276
28,669289,"Espinal, Santiago",80,35,0.083,0.083,0.1,0.167,0.107,0.114,0.126,1,12,66.8,-6.2,2163,86.4,86.44,7,28,0,0,6.26,104,149,114,147,299,317,289,"2.463","-2.463","62.7","7.9",14,12,0,1,0,0,2,14.3,0,0,2.69821,0.43393,0.27464,-0.32464,"89.7",100,16.666666666666664,0,0,5.55,1.06,-0.09,2.06,0.083,0,"-8.796428571",0.126,0.133,"8.796428571",-0.043,-0.043,0.034,-0.007,25,"31.0",10.035979858110231,-2.2691594488345217,36.57913059499577,0.76,36.37086764454072,32.643017783517706
82,666139,"Lowe, Josh",234,35,0.103,0.026,0.174,0.128,0.1,0.174,0.185,4,39,82.8,20.2,2285,87.7,87.59,34,82,0,-0.10000000000000853,6.28,110,145,119,149,291,321,298,"7.423","-7.423","68.8","7.6",40,23,3,1,0,0,17,42.5,0,0,2.81573,0.24185,0.14793,-0.09207,"89.7",130,21.73913043478261,0,0,5.55,-1.47,0.1,1.85,0.1,0,"-9.052439024",0.182,0.216,"9.052439024",-0.082,-0.08199999999999999,-0.088,-0.074,41.5,"32.3",12.415360985320728,-7.9208744454715205,38.62717235741144,0.41975308641975306,36.974102576373895,35.27483899670308
70,671976,"Peters, Tristan",200,35,0.269,0.038,0.368,0.308,0.257,0.269,0.288,7,26,78.7,3.7,2248,89.1,88.87,23,70,0,-0.19999999999998863,6.29,118,145,105,152,287,322,297,"2.09","-2.09","61.4","6.7",27,20,6,1,0,0,7,25.9,0,0,2.46857,0.447,0.40343,-0.37943,"91.7",111,20,0,0,5.91,-1.51,0.09,2,0.269,0,"-2.985714286",0.288,0.329,"2.985714286",-0.019,-0.01899999999999996,-0.021,-0.012,32.9,"37.8",12.158548253529384,-12.158359060077752,31.74981351008399,0.5,37.03764482526801,34.214026007703076
37,656537,"Hill, Derek",106,34.9,0.167,0.167,0.182,0.333,0.216,0.304,0.264,3,18,72.7,9.8,2211,88,87.93,18,37,0,-0.09999999999999432,6.26,99,148,102,146,305,324,290,"0.497","-0.497","64.0","6.8",19,13,2,0,0,1,6,31.6,0,0,2.54676,0.44583,0.38297,0.03649,"90.1",150,23.076923076923077,7.6923076923076925,5.263157894736842,5.91,0.3,-0.04,2.11,0.167,1,"-1.343243243",0.264,0.448,"1.343243243",-0.097,-0.097,-0.115,-0.088,48.6,"36.8",15.34546417838886,-3.426426787088907,39.36172529878686,0.2857142857142857,36.902755066871414,32.42880267240113
16,700246,"Williams, Carson",46,34.8,0,0,0,0,0,0.069,0.072,0,8,63.1,29.3,2167,89.6,89.44,8,16,0,-0.19999999999998863,6.44,112,152,122,148,308,323,293,"2.078","-2.078","69.7","7.5",8,3,0,0,0,0,5,62.5,0,0,2.29875,0.61688,0.75688,0.35563,"89.5",129,0,0,0,5.51,-0.69,0.03,2.52,0,0,"-12.9875",0.072,0.081,"12.9875",-0.072,-0.072,-0.081,-0.069,50,"30.0",12.938677881794444,-2.350780344524401,32.62895382030057,0.5,39.553822289272205,26.845196352665262
70,687401,"Ortiz, Joey",202,34.7,0.152,0,0.294,0.152,0.137,0.122,0.132,5,33,74.5,11.6,2230,89.2,89.44,24,70,0,0.20000000000000284,6.43,104,147,115,146,300,314,284,"4.863","-4.863","65.1","7.1",34,18,5,0,0,0,16,47.1,0,0,2.24629,0.67957,0.17871,-0.081,"89.3",121,16.666666666666664,0,0,5.68,-0.22,0.05,2.59,0.152,0,"-6.947142857",0.132,0.145,"6.947142857",0.02,0.01999999999999999,0.007,0.015,34.3,"38.5",2.1622581905664946,-2.7731335209411037,27.74488520041444,0.32857142857142857,36.46006428239209,23.550600987059255
141,683002,"Henderson, Gunnar",406,34.7,0.086,0.034,0.185,0.121,0.091,0.119,0.128,5,58,82.5,3.4,2246,88.3,88.43,62,141,0,0.10000000000000853,6.44,119,147,124,151,298,326,301,"11.831","-11.831","69.3","7.4",58,27,3,2,0,0,31,53.4,0,0,2.63426,0.33794,0.32507,-0.38164,"89.9",113,25.925925925925924,0,0,5.72,-0.9,-0.13,2.2,0.086,0,"-8.390780142",0.128,0.146,"8.390780142",-0.042,-0.04200000000000001,-0.025,-0.028,44,"35.2",13.176214563709365,-2.629065964222931,31.165573070021125,0.39285714285714285,34.483324564720746,35.388028575947914
52,500743,"Rojas, Miguel",150,34.7,0.182,0.091,0.25,0.273,0.198,0.15,0.163,4,22,75.4,-0.3,2198,87.8,87.78,13,52,0,0,6.3,104,148,117,145,299,315,287,"2.606","-2.606","64.7","7.2",22,16,2,2,0,0,6,27.3,0,0,2.48904,0.50365,0.22885,-0.12923,"89.7",118,6.25,0,0,5.75,0.42,-0.14,2.16,0.182,0,"-5.011538462",0.163,0.182,"5.011538462",0.019,0.01899999999999999,0.091,0.048,25,"37.4",11.880922092549643,-12.282842060865615,31.148410489218463,0.5510204081632653,34.44510176349092,39.92411992139415
69,592663,"Realmuto, J.T.",199,34.7,0.286,0.029,0.385,0.314,0.268,0.268,0.274,10,35,81.6,4.5,2092,87.3,87.41,25,69,0,0.10000000000000853,6.44,107,153,123,148,299,323,290,"1.621","-1.621","68.9","7.7",35,26,9,1,0,0,9,25.7,0,0,2.7271,0.3142,0.41261,-0.01551,"91.8",171,23.076923076923077,0,0,5.62,-0.69,0.32,2.04,0.286,0,"-2.349275362",0.274,0.343,"2.349275362",0.012,0.011999999999999955,-0.029,0,36.2,"34.9",13.977791559446743,-4.7075710997426015,33.10191380697253,0.5538461538461539,40.095239836255296,31.337728756719546
113,672640,"Lopez, Otto",327,34.6,0.302,0.038,0.471,0.34,0.286,0.204,0.218,16,53,79.7,-6.6,2304,87.5,87.24,48,113,0,-0.29999999999999716,6.33,105,152,119,147,305,318,286,"0.282","-0.282","65.3","7.0",53,34,14,2,0,0,19,35.8,0,0,2.73372,0.30319,0.09416,-0.08372,"89.4",93,11.76470588235294,0,0,5.68,-0.61,0.4,1.77,0.302,0,"-0.249557522",0.218,0.247,"0.249557522",0.084,0.08399999999999999,0.093,0.082,42.5,"37.0",7.650430322274802,-4.5256407808371275,29.345466631142617,0.43636363636363634,41.02828763421711,33.7964998208054
46,687221,"Rushing, Dalton",133,34.6,0.2,0.15,0.333,0.35,0.24,0.238,0.198,4,20,81.8,12.9,2168,86,86.15,24,46,0,0.20000000000000284,6.32,114,139,116,143,293,324,303,"1.996","-1.996","68.8","7.7",20,10,3,0,0,1,10,50,0,0,2.9637,0.23022,0.22,-0.27957,"90.9",140,20,10,5,5.69,-0.79,-0.09,1.91,0.2,1,"-4.339130435",0.198,0.362,"4.339130435",0.002,0.0020000000000000018,-0.012,0.002,52.2,"35.8",14.842679428222114,-5.059806028789357,35.240419725673746,0.45652173913043476,37.575826267352426,33.58219369600625
133,682928,"Abrams, CJ",384,34.6,0.241,0.13,0.314,0.37,0.268,0.278,0.25,13,54,86.4,4.1,2227,87.2,87.36,59,133,0,0.20000000000000284,6.45,116,145,117,149,293,321,301,"2.515","-2.515","67.1","7.8",54,37,10,1,0,2,17,31.5,0,0,2.87128,0.2355,0.11,-0.31818,"92.4",111,45.94594594594595,8.108108108108109,5.555555555555555,5.82,-0.23,-0.17,1.83,0.241,3,"-1.890977444",0.25,0.397,"1.890977444",-0.009,-0.009000000000000008,-0.027,-0.01,44.4,"36.1",14.136145942846364,-8.792188912639945,30.386274728870436,0.5503875968992248,40.118410787400094,34.26395829873181
20,692216,"Kayfus, CJ",58,34.5,0,0,0,0,0,0.008,0.009,0,7,87.1,-21,2218,88.5,88.41,15,20,0,-0.09999999999999432,6.46,114,145,111,152,283,311,292,"1.826","-1.826","62.4","6.6",7,1,0,0,0,0,6,85.7,0,0,2.493,0.4745,0.51,-0.437,"89.1",190,0,0,0,5.63,-1.31,-0.03,2.08,0,0,"-9.13",0.009,0.01,"9.13",-0.009,-0.009,-0.01,-0.008,75,"32.0",16.38551250499818,-7.166741605411264,36.63965091284046,0.25,30.385587569082617,33.72339179087699
78,664728,"Isbel, Kyle",226,34.5,0.156,0.031,0.294,0.188,0.153,0.114,0.121,5,32,64.1,8.7,2244,89.4,89.32,31,78,0,-0.10000000000000853,6.37,110,145,104,149,289,322,301,"6.622","-6.622","64.6","6.9",36,21,4,1,0,0,15,41.7,0,0,2.60397,0.30808,0.32564,-0.10436,"89.1",120,14.285714285714285,0,0,5.78,-1.15,0.1,2.15,0.156,0,"-8.48974359",0.121,0.14,"8.48974359",0.035,0.035,0.048,0.039,39.7,"38.7",-0.26565063731862093,-5.391643992005467,26.09549887414024,0.44594594594594594,35.78700405669836,29.393682837276863
31,545341,"Grichuk, Randal",90,34.4,0.133,0.067,0.286,0.2,0.146,0.227,0.211,2,15,86.6,11.4,2057,88.2,87.76,13,31,0,-0.4000000000000057,6.34,107,148,119,144,295,329,291,"2.782","-2.782","69.2","7.5",15,7,1,1,0,0,8,53.3,0,0,2.31935,0.66581,0.68613,-0.28032,"91.1",148,42.857142857142854,14.285714285714285,6.666666666666667,5.85,0.51,-0.06,2.23,0.133,1,"-8.974193548",0.211,0.318,"8.974193548",-0.078,-0.07799999999999999,-0.118,-0.081,41.9,"39.8",9.13875782224793,-1.5298983994535633,26.08622941561039,0.6774193548387096,37.16155932331131,30.78890684114559
118,676475,"Burleson, Alec",344,34.3,0.304,0.054,0.386,0.357,0.289,0.272,0.248,17,56,88,8.1,2136,88.1,87.95,28,118,0,-0.09999999999999432,6.34,112,144,119,148,299,327,307,"2.068","-2.068","68.0","7.5",57,44,14,3,0,0,13,22.8,0,0,2.66288,0.32551,0.43958,-0.58093,"91.6",170,38.63636363636363,9.090909090909092,7.017543859649122,5.64,-1.08,-0.29,2.03,0.298,4,"-1.752542373",0.246,0.389,"1.752542373",0.056,0.05199999999999999,-0.032,0.017,23.7,"36.0",12.648127506075047,4.102260229906928,35.57810972280575,0.5775862068965517,34.15258153886013,29.733986689035042
114,686797,"Lee, Brooks",332,34.3,0.125,0,0.192,0.125,0.113,0.145,0.151,5,40,77.2,3.4,2260,88.2,88.16,43,114,0,0,6.43,113,148,118,149,292,322,293,"7.273","-7.273","62.3","7.1",40,26,5,0,0,0,14,35,0,0,2.59561,0.395,0.35526,-0.35526,"89.8",114,15.384615384615385,0,0,5.82,-0.55,-0.06,2.03,0.125,0,"-6.379824561",0.151,0.181,"6.379824561",-0.026,-0.025999999999999995,-0.056,-0.032,37.7,"39.4",9.743721934746146,-5.416947564898354,30.801055624366555,0.5315315315315315,36.6705612891585,29.25633868779977
13,624431,"Trevino, Jose",38,34.2,0,0,0,0,0,0.039,0.043,0,7,71.5,13.4,2226,86.4,86.46,6,13,0,0.09999999999999432,6.39,101,151,117,147,301,322,288,"2.003","-2.003","66.1","7.5",7,5,0,0,0,0,2,28.6,0,0,2.76154,0.36,0.53077,-0.04308,"88.0",100,0,0,0,5.87,-0.59,0.23,1.96,0,0,"-15.407692308",0.043,0.045,"15.407692308",-0.043,-0.043,-0.045,-0.039,46.2,"38.0",10.420609278605342,-7.550827902855694,23.76330799104022,0.7692307692307693,43.807613551043545,31.709193315082473
40,663368,"Perkins, Blake",117,34.2,0.053,0,0.091,0.053,0.047,0.071,0.076,1,19,75.3,19.2,2135,87.7,87.52,13,40,0,-0.20000000000000284,6.28,102,142,109,144,290,319,291,"4.009","-4.009","63.0","6.9",19,11,1,0,0,0,8,42.1,0,0,2.91475,0.64525,0.49125,-0.48325,"89.0",114,18.181818181818183,0,0,5.86,0.19,-0.03,2.3,0.053,0,"-10.0225",0.076,0.089,"10.0225",-0.023,-0.023,-0.036,-0.024,32.5,"42.2",6.182615109705544,-7.762605259060097,29.261168947353326,0.6666666666666666,37.41654752754474,24.913976773181606
62,666023,"Fermin, Freddy",182,34.1,0.125,0.042,0.231,0.167,0.123,0.115,0.121,3,24,79.2,8.5,2332,90,90.38,30,62,0,0.4000000000000057,6.55,111,149,117,144,301,322,290,"4.189","-4.189","62.4","7.3",25,13,2,1,0,0,12,48,0,0,2.33565,0.52161,0.25148,0.2459,"89.0",174,7.6923076923076925,0,0,5.59,-1.18,0.12,2.13,0.12,0,"-6.756451613",0.117,0.151,"6.756451613",0.004,0.002999999999999989,0.016,0.008,48.4,"35.4",12.439727847329957,-5.292586120560871,33.283174152609014,0.4745762711864407,35.463319502159734,29.96798730296337
102,676609,"Caballero, José",300,34,0.182,0.045,0.258,0.227,0.181,0.176,0.183,8,44,72,-4.3,2197,90.1,89.94,35,102,0,-0.19999999999998863,6.43,101,150,107,145,294,319,287,"3.714","-3.714","62.5","6.4",44,31,6,2,0,0,13,29.5,0,0,2.17569,0.68108,0.48422,-0.02422,"90.2",100,16.129032258064516,0,0,5.75,-0.13,0.19,2.35,0.182,0,"-3.641176471",0.183,0.221,"3.641176471",-0.001,-0.0010000000000000009,0.006,0.005,34.3,"39.1",7.8197902935492065,-2.3199490466718893,30.114799085447128,0.504950495049505,34.37481016187982,32.38202744827342
84,677649,"Duran, Ezequiel",247,34,0.344,0.219,0.588,0.563,0.395,0.204,0.206,11,32,84.4,4.9,2172,89,89.13,45,84,0,0.09999999999999432,6.44,105,150,114,147,306,324,289,"-0.5","0.5","65.8","7.0",33,19,6,4,0,1,14,42.4,0,0,2.44893,0.48333,0.2425,0.05798,"90.6",116,36.84210526315789,0,0,5.73,-1.21,0.22,2.16,0.344,0,"0.595238095",0.206,0.267,"-0.595238095",0.138,0.13799999999999998,0.296,0.191,53.6,"35.5",8.777158603706233,4.584403528042186,26.892914488162923,0.3902439024390244,36.58031220322058,31.18686587214174
18,805904,"Cole, Zach",53,34,0.2,0.1,0.5,0.3,0.218,0.123,0.137,2,10,81.8,22,2517,88.9,88.68,12,18,0,-0.20000000000000284,6.33,114,141,116,147,278,321,296,"1.13","-1.13","71.9","7.5",10,4,1,1,0,0,6,60,0,0,2.78056,0.17778,-0.42444,0.24778,"89.3",109,0,0,0,5.9,-1.2,0.54,1.51,0.2,0,"-6.277777778",0.137,0.148,"6.277777778",0.063,0.063,0.152,0.095,66.7,"44.6",13.846805339046435,-12.165695078067332,37.351022989830746,0.35294117647058826,34.66483124558788,29.336150989161617
61,543877,"Vázquez, Christian",180,33.9,0.192,0.077,0.333,0.269,0.203,0.127,0.135,5,26,74.8,13.9,2325,91.3,91.26,20,61,0,0,6.36,108,151,121,147,293,319,283,"2.124","-2.124","59.5","6.4",28,17,3,2,0,0,11,39.3,0,0,2.05115,0.72295,0.41295,0.24574,"89.4",137,5.88235294117647,0,0,5.89,-1.15,-0.06,2.38,0.192,0,"-3.481967213",0.135,0.158,"3.481967213",0.057,0.056999999999999995,0.111,0.076,32.8,"40.6",9.62918745489651,4.759093157468275,26.389727940475737,0.6166666666666667,35.86361172186372,32.50092151478734
108,691781,"House, Brady",319,33.9,0.143,0,0.261,0.143,0.129,0.175,0.173,6,42,80.8,-6.2,2275,89.6,89.69,51,108,0,0.10000000000000853,6.41,106,151,122,146,304,321,289,"7.552","-7.552","68.4","7.5",42,23,6,0,0,0,19,45.2,0,0,2.38889,0.58832,0.37449,-0.06084,"90.7",95,21.73913043478261,4.3478260869565215,2.380952380952381,5.96,-0.7,0.03,2.36,0.143,1,"-6.992592593",0.173,0.227,"6.992592593",-0.03,-0.03,-0.084,-0.046,47.2,"41.0",9.567504395466672,3.8539148832593693,35.86473402495247,0.4672897196261682,37.15505272659119,28.088407453028893
52,543309,"Higashioka, Kyle",154,33.8,0.174,0,0.333,0.174,0.157,0.147,0.159,4,23,76.4,3.5,2290,89.8,89.81,25,52,0,0,6.43,106,151,122,148,305,326,294,"2.793","-2.793","66.8","7.3",23,12,4,0,0,0,11,47.8,0,0,2.42846,0.44635,0.30135,0.09327,"90.5",102,16.666666666666664,0,0,5.65,-1.37,0.27,2.07,0.174,0,"-5.371153846",0.159,0.176,"5.371153846",0.015,0.014999999999999986,-0.002,0.01,48.1,"33.2",13.165372369948294,-8.339437300784157,33.49520177114687,0.6078431372549019,35.32365519209305,29.8364141782465
66,682668,"Acuña, Luisangel",196,33.7,0.103,0,0.167,0.103,0.093,0.157,0.164,3,29,83.2,5.3,2180,87.6,87.61,31,66,0,0,6.39,106,148,106,146,303,319,286,"6.124","-6.124","64.0","7.3",29,18,3,0,0,0,11,37.9,0,0,2.41924,0.60682,0.59364,-0.07,"90.7",113,38.88888888888889,0,0,5.97,-0.27,0.25,2.22,0.103,0,"-9.278787879",0.164,0.197,"9.278787879",-0.061,-0.06100000000000001,-0.094,-0.064,47,"41.8",8.582370751227625,0.3459095518987795,24.59313105219344,0.7846153846153846,37.74292493605598,30.89814355220085
50,678218,"Valenzuela, Brandon",149,33.6,0.176,0.235,0.5,0.412,0.251,0.194,0.162,3,17,87.6,30,2167,87.8,87.84,28,50,0,0,6.41,116,149,124,148,297,324,291,"2.193","-2.193","67.7","7.8",17,5,1,1,0,1,12,70.6,0,0,2.5204,0.5734,0.39755,-0.39755,"90.2",151,40,20,5.88235294117647,5.82,0.08,-0.12,2.07,0.176,1,"-4.386",0.162,0.295,"4.386",0.014,0.013999999999999985,0.117,0.057,56,"43.5",11.510466933523697,-10.600600651539839,33.33449569550359,0.5102040816326531,36.67003444256669,35.71074506536103
142,665833,"Cruz, Oneil",424,33.5,0.136,0,0.316,0.136,0.123,0.189,0.174,6,44,92.8,-1.2,2312,88.7,88.65,80,142,0,-0.10000000000000853,6.31,118,146,124,150,303,325,303,"9.137","-9.137","73.7","7.7",44,19,6,0,0,0,25,56.8,0,0,2.56056,0.42842,0.25965,-0.24739,"92.4",118,44.44444444444444,11.11111111111111,4.545454545454546,5.73,-0.86,-0.18,2.19,0.136,2,"-6.434507042",0.174,0.267,"6.434507042",-0.038,-0.03799999999999998,-0.131,-0.066,56.3,"38.3",7.928810180456351,-6.126995346764919,34.18456214872792,0.3597122302158273,37.189357256723504,34.32285650174183
122,669127,"Langeliers, Shea",364,33.5,0.255,0.157,0.393,0.412,0.286,0.256,0.233,13,51,84.4,14.4,2217,88.1,88.1,57,122,0,0,6.44,106,149,122,144,305,325,297,"3.882","-3.882","73.7","7.5",52,30,9,2,0,2,22,42.3,0,0,2.62,0.3718,0.21322,-0.13091,"90.6",141,23.333333333333332,10,5.769230769230769,5.81,-0.96,0.28,1.94,0.25,3,"-3.181967213",0.229,0.374,"3.181967213",0.022,0.02099999999999999,0.038,0.03,46.7,"38.8",14.25371697723825,-8.14529365664898,31.58116746706829,0.5431034482758621,42.179178855016126,37.92509640201106
139,677951,"Witt Jr., Bobby",415,33.5,0.218,0,0.316,0.218,0.197,0.164,0.173,12,55,85.3,11.3,2311,88.8,88.88,49,139,0,0.10000000000000853,6.4,107,151,123,147,310,328,293,"6.149","-6.149","68.6","6.9",55,38,12,0,0,0,17,30.9,0,0,2.51108,0.43956,0.14158,-0.10561,"90.4",114,33.33333333333333,0,0,5.75,-0.72,0.23,2.2,0.218,0,"-4.423741007",0.173,0.201,"4.423741007",0.045,0.04500000000000001,0.017,0.033,35.3,"39.2",5.4201454775743825,0.086941811366544,27.45592471899692,0.48507462686567165,36.776188398300626,27.158975261406056
100,650333,"Arraez, Luis",299,33.4,0.222,0.089,0.244,0.311,0.233,0.251,0.256,10,45,82.1,18.7,2308,90.7,91.05,13,100,0,0.29999999999999716,6.53,119,149,117,151,277,312,299,"3.176","-3.176","60.1","5.8",45,41,7,2,1,0,4,8.9,0,0,2.1889,0.622,0.38,0.024,"89.5",145,12.195121951219512,0,0,5.87,-0.46,0.06,2.25,0.222,0,"-3.176",0.256,0.318,"3.176",-0.034,-0.034,-0.007,-0.018,13,"40.6",9.54832423413839,1.6537508937983556,36.57128459509265,0.6122448979591837,33.363316931218826,33.293005566194566
123,691023,"Walker, Jordan",368,33.4,0.22,0.195,0.318,0.415,0.274,0.244,0.22,9,41,88.2,20,2265,88.3,88.14,59,123,0,-0.20000000000000284,6.38,109,151,122,147,312,328,297,"2.827","-2.827","73.7","8.3",41,24,5,2,0,2,17,41.5,0,0,2.58081,0.40325,0.24894,0.02699,"92.8",147,29.166666666666668,12.5,7.317073170731707,5.67,-0.82,-0.06,2.34,0.22,3,"-2.298373984",0.22,0.352,"2.298373984",0,0,0.063,0.03,48,"36.3",10.360472435881034,-9.720770041873976,31.261920078689926,0.6065573770491803,38.44269909085451,34.274188830168654
1,506702,"León, Sandy",3,33.3,,,,,,,,,,,,2601,91.6,91.2,0,1,0,-0.3999999999999915,6.3,110,155,117,151,305,324,295,"0.039","-0.039","71.4","7.6",,,,,,,,,,,1.01,1.73,0.97,-0.97,"99.3",341,,,,5.64,1.67,-0.87,2.22,,,"-3.9",,,"3.9",,,,,0,"43.5",26.570574792196926,-19.022933241058876,44.73863301523053,0,26.64072744976241,44.30984425278098
100,693307,"Dingler, Dillon",300,33.3,0.079,0.026,0.12,0.105,0.081,0.157,0.148,3,38,80.6,3.4,2203,88.3,88.5,36,100,0,0.20000000000000284,6.49,106,152,123,147,301,327,291,"7.772","-7.772","67.1","7.7",39,25,2,1,0,0,13,33.3,0,0,2.5322,0.4335,0.3764,-0.1358,"90.4",78,28.000000000000004,4,2.564102564102564,5.71,-0.2,0.03,1.86,0.079,1,"-7.772",0.148,0.215,"7.772",-0.069,-0.06899999999999999,-0.11,-0.076,36,"39.5",12.687456556064893,-0.14569884712135223,43.16261448953364,0.47959183673469385,37.30167993986446,28.388866021728557
10,645302,"Robles, Victor",30,33.3,0.25,0,0.5,0.25,0.225,0.124,0.134,1,4,74.4,10,2024,89.6,89.43,4,10,0,-0.19999999999998863,6.34,101,146,112,146,289,314,283,"0.485","-0.485","66.8","6.7",4,2,1,0,0,0,2,50,0,0,2.037,0.858,0.659,-0.403,"88.0",186,0,0,0,5.85,1.44,-0.3,2.39,0.25,0,"-4.85",0.134,0.162,"4.85",0.116,0.11599999999999999,0.088,0.101,40,"41.4",10.154118149349149,-3.70855640246596,31.669675935932037,0.1,38.05402222322703,22.7423545665513
26,682818,"Piñango, Yohendrick",78,33.3,0.313,0.063,0.357,0.375,0.305,0.32,0.342,5,16,86.4,1.6,2281,88.4,88.56,5,26,0,0.19999999999998863,6.5,118,148,114,153,296,330,299,"0.395","-0.395","70.6","7.3",16,14,4,1,0,0,2,12.5,0,0,2.50192,0.45385,0.24385,-0.23,"92.6",95,28.57142857142857,0,0,5.76,-1.01,0.31,2,0.313,0,"-1.519230769",0.342,0.387,"1.519230769",-0.029,-0.029000000000000026,-0.012,-0.015,19.2,"41.9",4.415139233512749,-7.311596463705326,31.44989986938339,0.4090909090909091,34.258900256140954,32.89090245979791
5,669717,"Wilson, Will",15,33.3,0,0,,0,0,0,,0,1,,,2129,91.1,91.34,4,5,0,0.20000000000000284,6.32,118,154,122,145,293,319,284,"0.435","-0.435","54.4","6.8",1,0,0,0,0,0,1,100,0,0,2.082,0.662,0.148,-0.36,"92.0",195,,,,6.27,-0.7,0.21,2.13,0,,"-8.7",,,"8.7",,,,0,80,"56.2",10.818852674645502,0.7316824309157965,26.253407338116162,0.4,41.273512956419886,26.13739096624318
30,516782,"Marte, Starling",90,33.3,0.3,0,0.5,0.3,0.27,0.199,0.216,3,10,86.3,12.3,2144,86.7,86.6,13,30,0,-0.10000000000000853,6.28,106,152,118,147,308,330,292,"0.899","-0.899","65.2","7.6",10,6,3,0,0,0,4,40,0,0,2.37067,0.71067,0.35233,-0.36167,"88.6",130,0,0,0,5.82,1.27,0.15,2.04,0.3,0,"-2.996666667",0.216,0.24,"2.996666667",0.084,0.08399999999999999,0.06,0.071,43.3,"39.9",13.513879560516143,-9.130922508258902,34.263277947716354,0.3793103448275862,38.673781202921056,29.471001936941207
19,691176,"Domínguez, Jasson",57,33.3,0.4,0,1,0.4,0.361,0.358,0.383,2,5,84.8,19.5,2175,90.3,90.58,10,19,0,0.29999999999999716,6.53,121,149,118,152,296,327,298,"0.468","-0.468","72.7","7.5",5,2,2,0,0,0,3,60,0,0,2.24368,0.58421,0.38789,-0.38789,"90.6",174,50,0,0,5.79,-0.89,0.16,2.32,0.4,0,"-2.463157895",0.383,0.433,"2.463157895",0.017,0.017000000000000015,-0.033,0.003,52.6,"40.1",7.154179365076718,-1.9149296350889053,28.067760866533018,0.42105263157894735,33.997246410981674,26.599182037121775
2,683021,"Stefanic, Michael",6,33.3,0.5,0,0.5,0.5,0.451,0.089,0.099,1,2,88.8,-17.5,1678,91.1,89.95,0,2,0,-1,5.6,101,148,116,143,310,319,289,"-0.268","0.268","63.2","6.1",2,2,1,0,0,0,0,0,0,0,2.13,0.63,0.615,-0.615,"89.8",8,0,0,0,6.07,1.3,0.42,2.2,0.5,0,"13.4",0.099,0.106,"-13.4",0.401,0.401,0.394,0.362,0,"43.8",-2.1703388833044235,20.660306504990686,27.599651217571136,0,42.65040168322584,18.131424173833953
118,514888,"Altuve, Jose",356,33.1,0.2,0,0.308,0.2,0.18,0.19,0.19,8,40,72.6,0.4,2331,89,88.94,47,118,0,-0.09999999999999432,6.39,108,152,110,145,289,322,289,"5.228","-5.228","63.6","7.6",41,27,8,0,0,0,14,34.1,0,0,2.68669,0.24508,0.13873,0.26924,"89.5",91,15.384615384615385,3.8461538461538463,2.4390243902439024,5.75,-0.74,-0.11,1.78,0.2,1,"-4.430508475",0.19,0.25,"4.430508475",0.01,0.010000000000000009,-0.05,-0.01,39.8,"36.5",14.042930302748752,-5.592957731776957,28.601152613029917,0.46017699115044247,40.03928505228935,28.193941455562996
120,642715,"Adames, Willy",364,33,0.185,0.037,0.435,0.222,0.181,0.156,0.166,10,54,77.2,10.7,2292,90.2,90.44,55,120,0,0.20000000000000284,6.5,110,152,123,146,299,323,292,"7.455","-7.455","67.3","8.2",54,23,8,2,0,0,31,57.4,0,0,2.32708,0.52311,0.26941,-0.04202,"89.7",95,21.73913043478261,0,0,5.86,-0.77,0.2,2.21,0.185,0,"-6.2125",0.166,0.191,"6.2125",0.019,0.01899999999999999,0.031,0.025,45.8,"39.8",15.257902106655205,-3.961009619616032,32.83330289737935,0.5714285714285714,39.866067298801,30.201908369217673
131,686469,"Pasquantino, Vinnie",398,32.9,0.167,0.021,0.25,0.188,0.155,0.178,0.18,8,48,81.8,8.9,2226,89.2,89.08,36,131,0,-0.10000000000000853,6.31,117,145,126,150,295,328,301,"8.157","-8.157","64.5","7.0",49,32,7,1,0,0,17,34.7,0,0,2.45214,0.47403,0.3313,-0.25863,"90.6",146,21.875,3.125,2.0408163265306123,5.77,-0.61,-0.15,2.36,0.163,1,"-6.226717557",0.177,0.24,"6.226717557",-0.013,-0.013999999999999985,-0.052,-0.023,27.5,"39.9",9.618855987887839,-6.678557974944678,27.6957443023945,0.5307692307692308,40.84880506031677,30.633834555395232
136,668227,"Arozarena, Randy",413,32.9,0.148,0.074,0.219,0.222,0.16,0.219,0.197,8,54,91,2.1,2309,88.2,88.34,43,136,0,0.09999999999999432,6.44,108,151,122,148,300,325,294,"7.045","-7.045","66.4","7.2",55,33,6,1,0,1,22,40,0,0,2.51676,0.45581,0.06873,-0.00022,"90.6",130,39.39393939393939,6.0606060606060606,3.6363636363636362,5.73,-0.93,0.63,2.11,0.145,2,"-5.180147059",0.199,0.312,"5.180147059",-0.049,-0.05400000000000002,-0.09,-0.059,31.6,"38.9",8.636629725103266,4.454313220925486,25.86777551964734,0.578125,39.234669275707965,28.487004711696862
26,642215,"Wilson, Weston",79,32.9,0,0,0,0,0,0.004,0.005,0,7,78.6,58,1989,87.4,87.25,17,26,0,0,6.38,105,148,123,148,295,323,286,"2.343","-2.343","64.2","7.3",7,2,0,0,0,0,5,71.4,0,0,2.65885,0.37731,0.53692,-0.52462,"89.3",134,0,0,0,5.65,1.26,-0.09,2.1,0,0,"-9.011538462",0.005,0.006,"9.011538462",-0.005,-0.005,-0.006,-0.004,65.4,"37.9",14.141554003189,-3.847466580548298,36.55351306689285,0.6,37.09843441181097,34.47912232906871
41,593871,"Polanco, Jorge",125,32.8,0.15,0,0.231,0.15,0.135,0.175,0.186,3,20,78.4,7.8,2139,88.6,88.59,15,41,0,0,6.49,112,148,115,150,292,320,295,"3.637","-3.637","64.5","7.0",20,13,3,0,0,0,7,35,0,0,2.30098,0.65756,0.49244,-0.49244,"88.1",125,0,0,0,5.77,-0.72,-0.07,2.27,0.15,0,"-8.870731707",0.186,0.21,"8.870731707",-0.036,-0.036000000000000004,-0.06,-0.04,36.6,"39.6",4.355292907220704,-5.1751187347936565,29.56860900367655,0.4878048780487805,37.05012846584926,26.454045285001587
81,668901,"Vientos, Mark",247,32.8,0.313,0.063,0.476,0.375,0.305,0.241,0.238,10,32,83.8,8.8,2189,88.5,88.45,36,81,0,-0.09999999999999432,6.35,107,153,125,148,304,325,293,"2.153","-2.153","68.9","7.5",32,21,8,2,0,0,11,34.4,0,0,2.47679,0.47815,0.40395,0.0963,"90.7",128,28.57142857142857,4.761904761904762,3.125,5.84,-0.69,0.02,2.11,0.313,1,"-2.658024691",0.238,0.321,"2.658024691",0.075,0.07500000000000001,0.054,0.064,44.4,"39.1",13.889270316155004,-3.120959635160924,32.14356420309319,0.654320987654321,35.90136616630295,30.94504402126839
89,681481,"Carpenter, Kerry",272,32.7,0.081,0.081,0.154,0.162,0.105,0.114,0.104,3,37,88.6,14.8,2354,87.3,87.38,45,89,0,0.10000000000000853,6.43,116,147,127,153,297,329,298,"7.556","-7.556","67.4","7.7",37,14,2,0,0,1,23,62.2,0,0,2.83461,0.19759,0.16045,-0.10562,"91.1",120,46.15384615384615,7.6923076923076925,2.7027027027027026,5.75,-1.37,0.29,1.8,0.081,1,"-8.48988764",0.104,0.164,"8.48988764",-0.023,-0.022999999999999993,-0.002,-0.009,50.6,"39.1",21.289304722581516,-5.268182682311673,38.990337818462734,0.26436781609195403,35.855258262332,29.361580138133302
35,641680,"Heim, Jonah",107,32.7,0.167,0.056,0.2,0.222,0.171,0.167,0.17,3,18,77.5,16.5,2042,86.7,86.66,8,35,0,0,6.29,110,147,120,145,306,329,303,"2.659","-2.659","67.2","7.6",18,15,2,1,0,0,3,16.7,0,0,2.76857,0.30676,0.36314,-0.36314,"90.0",107,20,0,0,5.98,0.67,0.13,2.16,0.167,0,"-7.597142857",0.17,0.218,"7.597142857",-0.003,-0.0030000000000000027,0.004,0.004,22.9,"41.0",8.757871244108738,2.83020723379727,27.62075021436182,0.6571428571428571,41.062624227172826,27.84636840621637
17,666624,"Morel, Christopher",52,32.7,0.083,0.083,0.167,0.167,0.107,0.093,0.094,1,12,75.1,35.3,2190,87.2,86.76,7,17,0,-0.4000000000000057,6.24,107,151,122,146,303,323,295,"2.139","-2.139","69.7","8.0",12,6,0,1,0,0,6,50,0,0,2.93941,0.13625,0.19765,0.34,"92.3",63,33.33333333333333,0,0,5.75,-0.66,-0.07,1.79,0.083,0,"-12.582352941",0.094,0.127,"12.582352941",-0.011,-0.010999999999999996,0.04,0.014,41.2,"37.9",12.590501176385725,-7.509362695172595,25.56436781731432,0.7647058823529411,35.76336219017275,36.05083605893867
42,663698,"Bart, Joey",129,32.6,0.174,0.043,0.333,0.217,0.173,0.169,0.142,4,23,79.5,-1.7,2239,87.9,88,18,42,0,0.09999999999999432,6.4,109,152,122,147,308,321,292,"2.199","-2.199","71.5","7.6",23,12,3,1,0,0,11,47.8,0,0,2.61,0.3861,0.25952,-0.48714,"90.8",111,16.666666666666664,8.333333333333332,4.3478260869565215,5.87,0.21,0.31,1.84,0.174,1,"-5.235714286",0.142,0.252,"5.235714286",0.032,0.032,-0.035,0.004,42.9,"42.6",13.585021382547712,-9.41336073128106,35.46307472549133,0.3333333333333333,38.05280517081959,39.744592225812156
149,687263,"Neto, Zach",460,32.4,0.175,0.032,0.407,0.206,0.169,0.153,0.158,11,63,79.2,15.5,2322,87.9,87.73,77,149,0,-0.20000000000000284,6.35,109,152,118,145,303,325,291,"9.065","-9.065","65.9","7.1",63,27,10,0,1,0,36,57.1,0,0,2.63074,0.3725,-0.05628,-0.1998,"89.7",133,18.51851851851852,0,0,5.79,-0.9,0.59,1.96,0.175,0,"-6.083892617",0.158,0.195,"6.083892617",0.017,0.016999999999999987,0.011,0.016,51.7,"37.5",21.691253988345885,-4.8451433961500685,39.549954957421406,0.3103448275862069,36.311550276545574,37.41616468004665
133,663586,"Riley, Austin",410,32.4,0.113,0.094,0.179,0.208,0.139,0.132,0.111,6,53,86.4,13.7,2272,88.8,89.11,64,133,0,0.29999999999999716,6.45,106,150,122,145,310,328,299,"11.154","-11.154","70.5","7.5",53,29,3,2,0,1,24,45.3,0,0,2.4194,0.51211,0.27684,-0.09654,"91.6",129,37.93103448275862,3.4482758620689653,1.8867924528301887,5.87,-0.3,0.12,2.19,0.113,1,"-8.386466165",0.111,0.199,"8.386466165",0.002,0.0020000000000000018,0.009,0.007,48.1,"39.5",12.809431098286613,-4.798740593455248,31.73225924492217,0.4090909090909091,38.42657052872265,36.40055584007716
91,802415,"Simpson, Chandler",282,32.3,0.25,0.038,0.277,0.288,0.235,0.198,0.214,13,52,75.7,-5,2223,89.7,89.73,16,91,0,0,6.47,104,142,93,143,269,307,289,"4.122","-4.122","59.2","6.3",54,48,12,0,1,0,6,11.1,0,0,2.33407,0.56899,0.487,-0.30278,"88.6",99,2.083333333333333,0,0,5.69,-0.07,0.06,2.42,0.245,0,"-4.52967033",0.213,0.241,"4.52967033",0.036,0.032,0.047,0.037,17.6,"34.0",4.847628094816849,3.1310713667158963,28.1370221955018,0.40229885057471265,38.8365789165832,19.763408840205056
116,646240,"Devers, Rafael",359,32.3,0.167,0.056,0.25,0.222,0.165,0.155,0.154,9,54,82.6,6.7,2246,90.5,90.7,39,116,0,0.20000000000000284,6.54,115,147,128,151,292,326,305,"7.406","-7.406","67.7","7.6",56,36,6,3,0,0,20,35.7,0,0,2.28284,0.55851,0.40267,-0.09784,"90.8",134,25,2.7777777777777777,1.7857142857142856,5.84,-0.19,0.06,2.12,0.161,1,"-6.384482759",0.149,0.216,"6.384482759",0.013,0.01200000000000001,0.006,0.01,33.6,"37.7",10.124542357463934,2.5169163888514117,31.87157324836256,0.5826086956521739,33.298247886999846,30.097727090608483
68,681351,"O'Hoppe, Logan",211,32.2,0.074,0,0.133,0.074,0.067,0.098,0.104,2,27,79.5,8.4,2362,87.8,87.43,33,68,0,-0.3999999999999915,6.32,110,152,122,147,303,324,293,"6.386","-6.386","64.5","7.7",27,15,2,0,0,0,12,44.4,0,0,2.64485,0.39662,0.06309,-0.14074,"90.0",112,26.666666666666668,0,0,5.69,-1.17,0.41,2.16,0.074,0,"-9.391176471",0.104,0.123,"9.391176471",-0.03,-0.03,-0.049,-0.031,48.5,"34.5",16.68551608703669,-6.765415950786983,31.723850463952978,0.5223880597014925,40.284599278236996,35.32455558578166
79,666152,"Hamilton, David",245,32.2,0.147,0,0.278,0.147,0.133,0.114,0.121,5,34,66.4,4.9,2095,88,88.05,31,79,0,0,6.4,111,145,105,150,285,316,297,"6.808","-6.808","56.4","6.7",36,20,5,0,0,0,16,44.4,0,0,2.53076,0.50377,0.45897,-0.28872,"88.4",100,5,0,0,5.77,-1.07,0.26,1.85,0.147,0,"-8.617721519",0.121,0.138,"8.617721519",0.026,0.025999999999999995,0.009,0.019,39.2,"37.1",3.795246807019415,-10.897437475465917,35.521162462243915,0.4230769230769231,34.911859471524515,27.55350128453659
18,695020,"Murray, Tanner",56,32.1,0.3,0,0.5,0.3,0.27,0.133,0.146,3,10,71.4,5.2,2284,88.6,89.04,9,18,0,0.4000000000000057,6.52,106,152,112,147,301,324,293,"0.44","-0.44","66.3","6.9",10,6,3,0,0,0,4,40,0,0,2.01556,0.92778,0.24444,-0.13667,"88.6",100,0,0,0,5.89,1.13,0.19,2.87,0.3,0,"-2.444444444",0.146,0.157,"2.444444444",0.154,0.154,0.143,0.137,50,"38.9",7.819807894553932,-10.445844008137104,24.570052348779605,0.47058823529411764,40.38245564183143,31.75995793100753
97,673962,"Jung, Josh",302,32.1,0.065,0,0.095,0.065,0.058,0.117,0.124,2,31,79.2,18.7,2192,89.5,89.7,35,97,0,0.20000000000000284,6.49,105,151,123,148,309,326,292,"9.156","-9.156","65.6","6.9",31,21,2,0,0,0,10,32.3,0,0,2.41567,0.47979,0.22052,0.12567,"88.8",123,9.523809523809524,0,0,5.71,-1.09,-0.08,2.38,0.065,0,"-9.439175258",0.124,0.146,"9.439175258",-0.059,-0.059,-0.081,-0.059,36.1,"36.2",12.38447344017257,-0.034735710283960275,36.11689476192579,0.3763440860215054,32.452847869293926,30.701291914992375
68,686527,"Canzone, Dominic",212,32.1,0.069,0,0.111,0.069,0.062,0.163,0.168,2,29,82.4,11.3,2229,88,88.06,34,68,0,0.09999999999999432,6.49,115,144,120,150,290,322,299,"6.523","-6.523","71.1","7.5",29,18,2,0,0,0,11,37.9,0,0,2.62382,0.39567,0.37603,-0.41574,"91.1",112,27.77777777777778,0,0,5.7,-1.72,0.03,1.94,0.069,0,"-9.592647059",0.168,0.209,"9.592647059",-0.099,-0.099,-0.14,-0.101,50,"36.5",15.503369241871697,-4.886003739137554,32.19521148429813,0.5074626865671642,37.86873406971593,38.399039146430724
67,673357,"Robert Jr., Luis",209,32.1,0.25,0.15,0.364,0.4,0.285,0.233,0.213,5,20,78.2,12.7,2275,89,89.04,31,67,0,0,6.47,109,150,121,144,297,321,291,"2.213","-2.213","69.5","7.6",20,12,4,0,0,1,8,40,0,0,2.39,0.55,0.28106,0.03409,"90.2",167,16.666666666666664,8.333333333333332,5,5.89,-0.76,0.09,2.32,0.25,1,"-3.302985075",0.213,0.33,"3.302985075",0.037,0.037000000000000005,0.07,0.052,46.3,"41.2",9.46669143050761,-4.7505003029400115,35.69784280628076,0.45454545454545453,38.13013311796778,28.309948710812996
103,621043,"Correa, Carlos",322,32,0.122,0,0.185,0.122,0.11,0.151,0.158,5,41,79.4,4,2255,88.2,88.27,35,103,0,0.09999999999999432,6.45,109,151,122,146,299,323,287,"7.348","-7.348","69.6","7.4",41,27,5,0,0,0,14,34.1,0,0,2.70534,0.28981,0.1833,-0.00039,"88.8",102,7.4074074074074066,0,0,5.78,-0.58,0.21,2.02,0.122,0,"-7.133980583",0.158,0.184,"7.133980583",-0.036,-0.036000000000000004,-0.062,-0.041,34,"37.8",10.121908012223187,-4.21227135216999,36.19558925284625,0.43564356435643564,40.251355856238746,30.048499343946315
31,663330,"Jones, Jahmai",97,32,0.077,0,0.25,0.077,0.069,0.13,0.145,1,13,84,8,2245,85.4,85.16,18,31,0,-0.20000000000000284,6.29,105,152,121,147,303,322,285,"3.001","-3.001","68.6","7.7",13,4,1,0,0,0,9,69.2,0,0,2.79194,0.38548,0.17839,0.07258,"88.6",125,0,0,0,5.68,1.78,0.16,1.82,0.077,0,"-9.680645161",0.145,0.158,"9.680645161",-0.068,-0.06799999999999999,-0.081,-0.061,58.1,"37.1",15.051795789527635,-11.33736977554333,30.842918303245284,0.36666666666666664,36.99675282051709,36.54194819925012
16,672012,"Black, Tyler",50,32,0.222,0,0.333,0.222,0.2,0.214,0.23,2,9,74.7,3.3,2352,89.8,90.31,6,16,0,0.5,6.59,117,141,107,145,287,317,298,"1.141","-1.141","64.8","7.3",9,6,2,0,0,0,3,33.3,0,0,2.41938,0.46333,0.205,-0.205,"89.4",136,0,0,0,5.6,-2.07,0.34,2.23,0.222,0,"-7.13125",0.23,0.26,"7.13125",-0.008,-0.008000000000000007,-0.038,-0.014,37.5,"33.0",8.540658464511948,6.469572332527985,37.32661752761742,0.4,32.67520458296541,24.26977093645518
7,681508,"Gasper, Mickey",22,31.8,0,0,0,0,0,0.14,0.147,0,2,82,4,2100,93.3,93.54,2,7,0,0.20000000000000284,6.37,113,150,116,150,275,317,306,"0.612","-0.612","70.5","6.5",2,1,0,0,0,0,1,50,0,0,1.97143,0.65286,0.47857,-0.47857,"89.8",129,0,0,0,6.02,-0.41,0.17,2.34,0,0,"-8.742857143",0.147,0.159,"8.742857143",-0.147,-0.147,-0.159,-0.14,28.6,"46.1",11.671749463778806,-7.278970808429939,25.594790915125166,0.7142857142857143,35.832357707869946,31.25658355285952
127,664040,"Lowe, Brandon",399,31.8,0.175,0.1,0.316,0.275,0.192,0.171,0.18,7,40,75.9,10.6,2288,87.6,87.69,76,127,0,0.10000000000000853,6.36,120,146,118,151,299,319,297,"6.16","-6.16","64.6","6.9",41,20,5,1,0,1,21,51.2,0,0,2.72409,0.3426,0.17071,-0.20772,"89.2",139,10,0,0,5.68,-0.39,0.09,2.02,0.171,0,"-4.850393701",0.178,0.214,"4.850393701",-0.005,-0.0069999999999999785,0.061,0.021,59.8,"39.4",14.174157049148183,-1.7031772352660726,34.26583241610637,0.4365079365079365,33.08577073212681,33.444245107088456
26,676694,"Meyers, Jake",82,31.7,0.1,0,0.2,0.1,0.09,0.124,0.107,1,10,81.9,-1,2314,91.2,91.18,12,26,0,0,6.31,112,152,114,147,304,326,284,"1.915","-1.915","62.3","6.8",10,5,1,0,0,0,5,50,0,0,2.15577,0.62692,0.53077,-0.15462,"89.0",129,20,0,0,5.9,-0.3,-0.18,2.36,0.1,0,"-7.365384615",0.107,0.181,"7.365384615",-0.007,-0.006999999999999992,-0.081,-0.034,46.2,"37.2",7.141381068864096,-3.657435799640471,34.13806442987541,0.34615384615384615,36.30256731277165,29.71301889581313
32,687957,"Harris, Dustin",101,31.7,0.231,0,0.273,0.231,0.208,0.284,0.311,3,13,72,-6.7,2255,86.9,86.8,6,32,0,-0.10000000000000853,6.61,119,146,115,150,280,318,293,"1.026","-1.026","59.8","6.4",14,12,3,0,0,0,2,14.3,0,0,2.78406,0.33313,0.05906,0.27094,"88.8",82,0,0,0,5.79,-0.16,0.14,2.09,0.231,0,"-3.20625",0.311,0.34,"3.20625",-0.08,-0.07999999999999999,-0.109,-0.076,18.8,"37.9",12.301973631569952,-6.709607637061698,40.15117623324825,0.36666666666666664,30.611626079741225,34.64958436897661
118,701358,"Smith, Cam",373,31.6,0.078,0,0.167,0.078,0.071,0.177,0.164,4,51,76.4,10.8,2325,89.4,89.62,64,118,0,0.19999999999998863,6.5,108,151,122,146,299,323,287,"11.65","-11.65","73.4","7.9",52,24,4,0,0,0,27,51.9,0,0,2.48424,0.40538,0.35556,0.07094,"90.8",136,24,8,3.8461538461538463,5.77,-0.49,-0.01,2.08,0.078,2,"-9.872881356",0.164,0.247,"9.872881356",-0.086,-0.08600000000000001,-0.169,-0.106,54.2,"36.5",13.433566198915138,-6.8330013572651565,36.72122084561967,0.3391304347826087,40.65116776645781,35.04880258549433
119,663538,"Hoerner, Nico",377,31.6,0.107,0,0.14,0.107,0.095,0.183,0.19,6,56,77.2,10.6,2185,90,90.06,29,119,0,0.09999999999999432,6.51,110,150,118,147,299,320,290,"9.158","-9.158","65.0","7.4",57,43,6,0,0,0,14,24.6,0,0,2.34849,0.51151,0.54462,0.20429,"89.4",118,6.976744186046512,0,0,5.66,-0.72,0.13,2.01,0.105,0,"-7.695798319",0.192,0.229,"7.695798319",-0.083,-0.08700000000000001,-0.122,-0.088,24.4,"35.9",6.661893747029595,-4.190058774764983,33.115250628781006,0.42016806722689076,38.30105208755809,26.433857579923956
92,670242,"Wallner, Matt",291,31.6,0.034,0,0.167,0.034,0.031,0.032,0.035,1,29,76,-8.3,2219,87.8,87.82,65,92,0,0,6.45,117,145,126,150,294,327,298,"8.418","-8.418","68.8","7.8",29,6,1,0,0,0,23,79.3,0,0,2.74913,0.25663,0.40435,-0.43261,"89.1",67,16.666666666666664,0,0,5.69,-0.57,-0.44,1.9,0.034,0,"-9.15",0.035,0.037,"9.15",-0.001,-0.0010000000000000009,-0.003,-0.001,70.7,"36.6",11.146046173491314,-7.233248812001778,27.69392108130177,0.5824175824175825,45.49065978044652,37.67814088917329
43,694374,"Tawa, Tim",136,31.6,0.105,0.053,0.154,0.158,0.115,0.182,0.188,2,19,80.8,1.4,2230,87.6,87.56,15,43,0,0,6.25,106,153,117,147,301,323,290,"3.404","-3.404","68.2","7.1",20,14,1,1,0,0,6,30,0,0,2.59163,0.41419,0.15233,0.06442,"90.3",116,23.076923076923077,0,0,5.78,-0.5,0.07,2.03,0.105,0,"-7.91627907",0.188,0.229,"7.91627907",-0.083,-0.083,-0.071,-0.067,34.9,"38.3",9.105966030621591,-9.471027074865718,32.13995162557459,0.5142857142857142,34.36641725179096,32.03248706006259
31,665561,"Marchán, Rafael",98,31.6,0,0,0,0,0,0.102,0.106,0,16,85.7,9.8,2185,88.9,89.22,12,31,0,0.29999999999999716,6.44,115,148,120,151,287,318,292,"3.311","-3.311","63.4","7.7",16,8,0,0,0,0,8,50,0,0,2.45581,0.45258,0.38677,-0.38677,"90.8",113,25,0,0,5.87,-0.98,-0.26,1.75,0,0,"-10.680645161",0.106,0.128,"10.680645161",-0.106,-0.106,-0.128,-0.102,38.7,"38.9",16.554170469115803,-7.1977204976198,35.314490397065406,0.6129032258064516,36.401135022534866,32.58995719260781
6,669087,"Huff, Sam",19,31.6,0,0,,0,0,0,,0,2,,,2155,88.1,88.28,4,6,0,0.20000000000000284,6.55,110,153,122,148,303,324,295,"0.662","-0.662","60.2","7.2",2,0,0,0,0,0,2,100,0,0,2.39667,0.595,0.28167,0.21833,,,,,,6.18,-0.8,-0.15,2.75,0,,"-11.033333333",,,"11.033333333",,,,0,66.7,"45.3",9.117173302503883,-1.3488193301386084,29.371317681098304,0.5,35.93327456959903,30.85065783527862
106,657656,"Laureano, Ramón",337,31.5,0.093,0,0.333,0.093,0.084,0.098,0.105,4,43,72.8,0.2,2244,90.9,91.02,60,106,0,0.09999999999999432,6.37,110,153,122,147,303,324,295,"9.885","-9.885","66.8","7.1",43,12,4,0,0,0,31,72.1,0,0,2.23915,0.57115,0.43868,0.2383,"89.9",134,25,0,0,5.6,-1.12,-0.16,2.27,0.093,0,"-9.325471698",0.105,0.115,"9.325471698",-0.012,-0.011999999999999997,-0.022,-0.014,56.6,"33.7",17.107406001634946,-4.6793663332905355,32.62488009720925,0.40816326530612246,39.091921258473654,34.857236426272216
87,682177,"Schneemann, Daniel",276,31.5,0.188,0.031,0.667,0.219,0.181,0.138,0.143,6,32,76.1,9.9,2146,88,87.98,55,87,0,0,6.41,117,145,113,151,289,321,300,"5","-5","67.4","7.8",32,9,5,1,0,0,23,71.9,0,0,2.54701,0.45812,0.3392,-0.33943,"89.9",132,11.11111111111111,0,0,5.78,-1.16,0.01,1.88,0.188,0,"-5.747126437",0.143,0.175,"5.747126437",0.045,0.04500000000000001,0.044,0.043,63.2,"38.9",17.446985948189646,-7.647067517288362,33.07561864538865,0.5180722891566265,33.20836953780652,38.95696516142401
90,681082,"Stott, Bryson",286,31.5,0.158,0.026,0.24,0.184,0.152,0.187,0.188,6,38,79.7,-7.4,2175,88.6,88.79,26,90,0,0.20000000000000284,6.44,113,146,113,150,287,319,299,"5.453","-5.453","65.5","7.3",39,26,5,1,0,0,13,33.3,0,0,2.62689,0.31611,0.401,-0.35722,"90.2",115,19.230769230769234,3.8461538461538463,2.564102564102564,5.75,-1.53,-0.01,1.93,0.158,1,"-6.058888889",0.188,0.245,"6.058888889",-0.03,-0.03,-0.061,-0.035,28.9,"35.9",10.472351425601394,-3.5410237324406992,32.21709350718298,0.5348837209302325,33.29079486937929,33.431878713697984
91,695506,"Caglianone, Jac",290,31.4,0.086,0,0.188,0.086,0.077,0.123,0.131,3,35,82.1,-12.6,2362,87.6,87.46,47,91,0,-0.09999999999999432,6.27,123,147,130,152,297,328,303,"8.058","-8.058","71.1","8.0",35,16,3,0,0,0,19,54.3,0,0,2.78659,0.23522,-0.01077,-0.14198,"89.8",109,12.5,0,0,5.76,-0.71,-0.23,2.14,0.086,0,"-8.854945055",0.131,0.148,"8.854945055",-0.045,-0.04500000000000001,-0.062,-0.046,51.6,"37.5",10.661391043219133,-2.3865668277621195,28.78270737487024,0.4835164835164835,41.33546649377738,29.696654248574678
117,605137,"Bell, Josh",373,31.4,0.106,0.043,0.167,0.149,0.11,0.159,0.159,5,47,82.2,13.6,2138,88.6,88.91,49,117,0,0.30000000000001137,6.53,113,147,126,149,295,325,295,"8.396","-8.396","67.7","8.7",48,30,3,2,0,0,18,37.5,0,0,2.58521,0.36188,0.47534,-0.47534,"90.4",146,26.666666666666668,3.3333333333333335,2.083333333333333,5.83,-0.72,-0.02,2.27,0.104,1,"-7.176068376",0.156,0.219,"7.176068376",-0.053,-0.052000000000000005,-0.07,-0.049,41.9,"37.6",10.619495614180737,-3.5441945649404625,34.52582048224709,0.49557522123893805,37.27077938946507,26.71039118580446
43,694388,"Loperfido, Joey",138,31.2,0.067,0,0.111,0.067,0.056,0.177,0.203,1,15,85.4,3.1,2223,85.8,85.69,22,43,0,-0.09999999999999432,6.32,120,145,115,148,289,324,301,"3.64","-3.64","68.2","8.1",16,9,1,0,0,0,7,43.8,0,0,3.04186,0.10791,-0.05767,-0.12465,"90.2",111,33.33333333333333,0,0,5.7,-0.91,-0.03,1.64,0.063,0,"-8.465116279",0.191,0.227,"8.465116279",-0.136,-0.128,-0.16,-0.121,51.2,"35.4",19.405050946157314,-1.9429183766482128,39.83570426122718,0.30952380952380953,39.43064329805319,33.097121796897476
81,670042,"Raley, Luke",260,31.2,0.091,0,0.5,0.091,0.082,0.09,0.094,2,22,84.3,19,2104,87.6,87.58,52,81,0,0,6.43,118,145,113,151,299,325,300,"5.823","-5.823","72.9","7.6",22,4,2,0,0,0,18,81.8,0,0,2.81864,0.20802,0.30605,-0.28086,"91.1",121,50,0,0,5.8,-1.96,-0.05,1.76,0.091,0,"-7.188888889",0.094,0.112,"7.188888889",-0.003,-0.0030000000000000027,-0.021,-0.008,64.2,"37.5",18.342024513082002,-8.799009560319172,33.57092467266498,0.425,38.52571743756501,35.43135409355379
28,665161,"Peña, Jeremy",90,31.1,0.286,0.143,0.4,0.429,0.312,0.304,0.326,2,7,72.5,15.8,2356,87.7,87.74,13,28,0,0,6.2,111,153,117,147,305,328,293,"0.718","-0.718","66.4","7.1",7,5,1,1,0,0,2,28.6,0,0,2.5875,0.4,0.06,-0.26889,"89.0",133,20,0,0,5.7,-0.78,0.14,2.16,0.286,0,"-2.564285714",0.326,0.366,"2.564285714",-0.04,-0.040000000000000036,0.063,0.008,46.4,"36.5",8.28960551058613,-2.1760160691723076,31.532428440592035,0.35714285714285715,37.33052989478469,28.32891838973189
103,571448,"Arenado, Nolan",331,31.1,0.231,0.103,0.296,0.333,0.248,0.219,0.212,9,39,78.7,17.3,2289,89,89,41,103,0,0,6.35,103,151,122,146,299,321,292,"3.325","-3.325","66.7","8.6",39,28,7,1,0,1,11,28.2,0,0,2.4566,0.4701,0.23223,0.00039,"90.4",141,14.285714285714285,3.571428571428571,2.564102564102564,5.85,-0.73,0.13,1.97,0.231,1,"-3.22815534",0.212,0.294,"3.22815534",0.019,0.019000000000000017,0.039,0.029,39.8,"39.2",13.681091650866563,-14.647186078572282,33.386610726921205,0.5252525252525253,40.55183032494065,37.33550875980881
91,693304,"Gonzales, Nick",293,31.1,0.343,0.086,0.48,0.429,0.342,0.234,0.244,12,35,76.3,2.4,2306,87.9,88.07,37,91,0,0.19999999999998863,6.42,107,152,118,148,307,317,288,"1.637","-1.637","65.3","7.5",35,25,9,3,0,0,10,28.6,0,0,2.6767,0.48333,0.17308,-0.0667,"89.1",123,8,0,0,5.76,-0.4,0.12,2.12,0.343,0,"-1.798901099",0.244,0.293,"1.798901099",0.099,0.09900000000000003,0.136,0.108,40.7,"41.8",10.58513878203744,-1.4847594173296321,34.04972297185286,0.45454545454545453,35.801703530093256,29.324152945997604
61,672275,"Bailey, Patrick",197,31,0.091,0,0.2,0.091,0.082,0.124,0.135,2,22,81.8,26.3,2224,90.9,91.08,32,61,0,0.19999999999998863,6.44,112,147,112,150,291,323,298,"5.046","-5.046","66.0","7.2",22,10,2,0,0,0,12,54.5,0,0,2.19475,0.59033,0.43262,-0.43262,"89.6",156,11.11111111111111,0,0,5.83,-0.62,-0.07,2.24,0.091,0,"-8.272131148",0.135,0.148,"8.272131148",-0.044,-0.04400000000000001,-0.057,-0.042,52.5,"40.2",4.523078796673017,-5.079345204854038,33.498476395214986,0.3157894736842105,36.84599387862106,27.934016126453905
9,502054,"Pham, Tommy",29,31,0,0,0,0,0,0.036,0.034,0,3,87.7,25,2312,86.2,86.04,6,9,0,-0.20000000000000284,6.32,111,154,119,148,301,320,288,"0.895","-0.895","64.6","7.1",3,1,0,0,0,0,2,66.7,0,0,3.02778,0.10778,0.05111,-0.2,"88.0",104,0,0,0,5.71,0.79,0.22,1.69,0,0,"-9.944444444",0.034,0.055,"9.944444444",-0.034,-0.034,-0.055,-0.036,66.7,"39.7",10.569660054686524,3.633626647952651,33.59788961324105,0.6666666666666666,40.523489853794175,29.225178736931788
26,668670,"Rogers, Jake",84,31,0,0,0,0,0,0.012,0.013,0,9,75.9,47.5,2403,89.8,89.6,10,26,0,-0.20000000000000284,6.28,108,149,116,144,299,325,292,"2.637","-2.637","61.0","7.0",9,4,0,0,0,0,5,55.6,0,0,2.30731,0.55731,0.43731,0.35885,"88.3",101,0,0,0,5.68,-2.02,0.11,2.43,0,0,"-10.142307692",0.013,0.016,"10.142307692",-0.013,-0.013,-0.016,-0.012,38.5,"34.8",12.696262334531895,-12.979364518854313,30.559454540955024,0.5769230769230769,37.19794278220929,31.923843642317063
121,682998,"Carroll, Corbin",390,31,0.208,0.125,0.323,0.333,0.229,0.176,0.174,10,48,86.1,12.9,2291,89.5,89.59,53,121,0,0.09999999999999432,6.4,117,147,118,151,293,327,304,"6.129","-6.129","72.3","7.7",49,31,6,2,2,0,18,36.7,0,0,2.40207,0.49958,0.34645,-0.03702,"91.4",131,32.25806451612903,3.225806451612903,2.0408163265306123,5.82,-0.67,0.29,1.96,0.204,1,"-5.065289256",0.171,0.242,"5.065289256",0.034,0.032999999999999974,0.091,0.053,43.8,"38.6",13.100107229980534,-0.8544748388606396,27.589593998926038,0.6,38.431360045060956,35.11839738325703
119,701398,"Stewart, Sal",385,30.9,0.157,0.059,0.233,0.216,0.165,0.157,0.144,8,51,83.9,15.6,2323,88.9,89.13,42,119,0,0.19999999999998863,6.46,107,151,123,147,304,328,293,"7.572","-7.572","65.9","7.4",51,31,7,0,0,1,20,39.2,0,0,2.40513,0.56475,0.27119,0.18678,"89.4",155,10.344827586206897,6.896551724137931,3.9215686274509802,5.74,-0.78,-0.03,2.49,0.157,2,"-6.36302521",0.144,0.224,"6.36302521",0.013,0.013000000000000012,-0.008,0.008,35.3,"38.4",11.241576948889259,6.533858175045937,31.714681239187225,0.49572649572649574,37.35536503216798,27.473592663611115
4,805347,"Jarvis, Jim",13,30.8,0,0,0,0,0,0.037,0.032,0,2,89.9,28,2042,93.4,93.85,2,4,0,0.3999999999999915,6.58,104,149,125,152,287,313,298,"0.575","-0.575","56.2","5.9",2,1,0,0,0,0,1,50,0,0,1.565,1.0625,0.855,-0.855,"88.9",258,0,0,0,5.44,-1.28,0.12,3.01,0,0,"-14.375",0.032,0.063,"14.375",-0.032,-0.032,-0.063,-0.037,50,"33.8",-1.7504651756148415,14.293644332241705,22.796769435053335,0.25,31.563326603231413,20.288425707001206
56,671289,"Freeman, Tyler",182,30.8,0.455,0.182,0.643,0.636,0.481,0.309,0.31,10,22,74.1,2.3,2232,90.5,90.63,12,56,0,0.09999999999999432,6.35,108,149,115,147,303,326,287,"-2.449","2.449","61.3","6.5",23,16,8,1,0,1,7,30.4,0,0,2.33607,0.48909,0.3525,-0.10179,"90.3",130,37.5,0,0,5.79,-0.47,-0.02,2.23,0.455,0,"4.373214286",0.31,0.404,"-4.373214286",0.145,0.14500000000000002,0.232,0.172,21.4,"37.1",2.4901456814000484,-5.536906220346135,35.62344877007071,0.32075471698113206,36.94601440356769,29.909240111768565
84,656775,"Mullins, Cedric",274,30.7,0.122,0,0.172,0.122,0.11,0.113,0.115,5,41,77.3,21.1,2256,89.1,89.46,25,84,0,0.4000000000000057,6.67,115,144,107,149,288,322,293,"6.992","-6.992","62.2","7.3",42,29,5,0,0,0,12,28.6,0,0,2.27619,0.66735,0.3719,-0.34952,"90.2",150,10,0,0,5.75,-0.75,-0.17,2.22,0.122,0,"-8.323809524",0.115,0.147,"8.323809524",0.007,0.006999999999999992,-0.025,-0.003,29.8,"36.8",13.113701545898369,-11.540259781382833,29.15031093156,0.5357142857142857,34.955602153834676,29.343311535067027
87,682626,"Alvarez, Francisco",283,30.7,0.143,0,0.227,0.143,0.125,0.208,0.205,5,35,82.8,4.6,2260,88.7,88.59,40,87,0,-0.10000000000000853,6.32,107,151,124,147,304,325,293,"6.763","-6.763","69.3","7.4",38,22,5,0,0,0,14,36.8,0,0,2.59816,0.3669,0.28724,0.25621,"90.9",107,17.391304347826086,4.3478260869565215,2.631578947368421,5.79,-0.95,-0.06,1.97,0.139,1,"-7.773563218",0.202,0.286,"7.773563218",-0.062,-0.063,-0.143,-0.083,46,"39.4",11.257399517912365,-3.1420326470171736,28.639634355356705,0.611764705882353,36.43649899430272,29.08002299076898
43,686452,"Millas, Drew",140,30.7,0.125,0,0.333,0.125,0.113,0.118,0.13,2,16,68.9,3.3,2153,88.4,88.35,20,43,0,-0.10000000000000853,6.33,115,146,119,149,283,315,296,"2.899","-2.899","62.3","7.0",16,6,2,0,0,0,10,62.5,0,0,2.60395,0.37256,0.3681,-0.3681,"88.5",126,0,0,0,6,-1.19,0.06,2.09,0.125,0,"-6.741860465",0.13,0.142,"6.741860465",-0.005,-0.0050000000000000044,-0.017,-0.005,46.5,"40.4",9.082944701348149,-8.551979530179036,33.24997598457599,0.2558139534883721,33.28908720548396,29.623556633053056
58,677588,"Tena, José",189,30.7,0.222,0,0.462,0.222,0.2,0.108,0.115,6,27,81.8,29,2148,89.2,89.45,30,58,0,0.29999999999999716,6.45,118,146,110,149,289,321,299,"2.803","-2.803","68.6","7.2",27,13,6,0,0,0,14,51.9,0,0,2.48914,0.41561,0.34534,-0.34121,"90.6",95,15.384615384615385,0,0,5.87,-1.54,0.27,1.84,0.222,0,"-4.832758621",0.115,0.131,"4.832758621",0.107,0.107,0.091,0.092,51.7,"38.8",10.974971796186999,-9.091289181873796,35.98391154995497,0.38596491228070173,31.391694466583314,36.381943617961646
106,677587,"Rocchio, Brayan",345,30.7,0.22,0,0.273,0.22,0.193,0.205,0.224,9,41,74.8,7.5,2120,88.3,88.53,38,106,0,0.20000000000000284,6.48,112,146,110,149,289,317,295,"5.075","-5.075","66.4","7.6",43,34,9,0,0,0,9,20.9,0,0,2.48726,0.49173,0.51171,-0.51171,"89.1",128,12.121212121212121,0,0,5.67,-1.02,-0.09,1.94,0.214,0,"-4.787735849",0.22,0.249,"4.787735849",-0.004,-0.006000000000000005,-0.029,-0.012,35.8,"35.8",9.061713563555937,-7.8220822598624045,27.457262975911465,0.5196078431372549,34.355305890939064,33.60552438193744
84,683357,"Caissie, Owen",274,30.7,0.091,0.03,0.375,0.121,0.093,0.09,0.085,3,33,83.1,8.6,2238,87.5,87.61,50,84,0,0.09999999999999432,6.5,117,147,121,150,291,319,300,"7.347","-7.347","69.6","7.3",33,8,2,1,0,0,25,75.8,0,0,2.7069,0.33036,0.2825,-0.42536,"89.9",124,25,12.5,3.0303030303030303,5.66,-1.46,0.16,1.83,0.091,1,"-8.746428571",0.085,0.122,"8.746428571",0.006,0.0059999999999999915,-0.001,0.003,59.5,"38.2",14.727393425087852,-6.662653170084382,37.441443484820304,0.25,35.34043300741061,36.75196206569428
109,681198,"Rumfield, TJ",355,30.7,0.125,0,0.192,0.125,0.113,0.135,0.144,5,40,72,-0.4,2399,88,88.3,46,109,0,0.29999999999999716,6.46,114,144,125,149,294,327,300,"7.778","-7.778","64.4","6.7",40,26,5,0,0,0,14,35,0,0,2.70046,0.28963,0.02642,-0.12936,"89.4",125,11.538461538461538,0,0,5.68,-0.98,-0.01,1.99,0.125,0,"-7.135779817",0.144,0.168,"7.135779817",-0.019,-0.01899999999999999,-0.043,-0.022,42.2,"35.1",13.313081465551269,-5.828815265299952,35.86668465147736,0.4074074074074074,33.909038285168506,34.6719336268835
67,669701,"Smith, Josh",218,30.7,0.16,0.04,0.308,0.2,0.159,0.135,0.138,4,25,78.5,-3.6,2178,88.7,88.83,28,67,0,0.09999999999999432,6.48,116,144,110,148,287,321,300,"3.612","-3.612","63.5","6.9",25,13,3,1,0,0,12,48,0,0,2.65925,0.27851,0.27388,-0.03388,"90.3",108,15.384615384615385,7.6923076923076925,4,5.84,-0.55,0.04,1.89,0.16,1,"-5.391044776",0.138,0.173,"5.391044776",0.022,0.021999999999999992,0.027,0.024,41.8,"38.7",11.519215328943092,-4.532153662651686,35.80542315876413,0.47692307692307695,34.38345183218741,33.956054424405544
138,608070,"Ramírez, José",450,30.7,0.22,0.12,0.303,0.34,0.245,0.237,0.221,11,50,85.7,18,2090,88.9,89.03,41,138,0,0.09999999999999432,6.47,111,147,126,150,293,321,296,"2.171","-2.171","65.9","7.7",50,34,7,3,0,1,16,32,0,0,2.41725,0.51384,0.42,-0.42,"91.7",150,26.47058823529412,5.88235294117647,4,5.76,-0.76,-0.01,2,0.22,2,"-1.573188406",0.221,0.33,"1.573188406",-0.001,-0.0010000000000000009,0.01,0.008,29.7,"38.3",10.843571625511089,-10.314750017737728,30.858008513665347,0.592,32.51340041546552,33.17997432381618
11,682987,"Jones, Spencer",36,30.6,0,0,,0,0,0,,0,4,,,2419,90,90.06,8,11,0,0.09999999999999432,6.35,119,148,126,151,294,325,308,"1.072","-1.072","70.1","7.9",4,0,0,0,0,0,4,100,0,0,2.27182,0.58636,0.14,-0.28182,"88.0",150,,,,5.75,-0.96,0.13,2.15,0,,"-9.745454545",,,"9.745454545",,,,0,72.7,"40.7",14.267615418756249,-4.57315151096198,41.032938161173455,0.18181818181818182,36.36342686617871,24.22221682566338
41,502671,"Goldschmidt, Paul",134,30.6,0,0,0,0,0,0.218,0.226,0,17,91.5,16,2164,89.1,89.35,12,41,0,0.30000000000001137,6.5,110,152,125,147,301,325,290,"4.915","-4.915","67.4","7.5",17,11,0,0,0,0,6,35.3,0,0,2.51098,0.39707,0.40976,-0.0522,"92.4",162,54.54545454545454,0,0,5.84,0.25,-0.22,2.18,0,0,"-11.987804878",0.226,0.27,"11.987804878",-0.226,-0.226,-0.27,-0.218,29.3,"40.7",10.74758559773903,2.784983681948498,33.643975437845064,0.42105263157894735,40.68051299035878,20.991980067194124
118,575929,"Contreras, Willson",387,30.5,0.128,0,0.316,0.128,0.115,0.116,0.122,6,47,86.6,1.2,2195,88.6,88.67,66,118,0,0.10000000000000853,6.47,107,152,122,147,294,324,295,"9.557","-9.557","70.7","7.9",47,19,6,0,0,0,28,59.6,0,0,2.50746,0.45316,0.3022,-0.13695,"90.0",120,31.57894736842105,0,0,5.77,-0.8,0.46,1.87,0.128,0,"-8.099152542",0.122,0.143,"8.099152542",0.006,0.006000000000000005,-0.015,-0.001,55.9,"38.6",11.894060861747993,-8.557982260265044,33.31231591726175,0.42105263157894735,41.50490193956013,32.74802552511474
63,519317,"Stanton, Giancarlo",208,30.3,0.152,0.03,0.333,0.182,0.148,0.15,0.142,5,33,87.9,20.5,2295,87.8,87.97,38,63,0,0.20000000000000284,6.42,109,152,124,146,304,329,293,"4.365","-4.365","75.1","8.4",33,15,4,1,0,0,18,54.5,0,0,2.60302,0.41111,0.17254,-0.0354,"93.1",174,33.33333333333333,0,0,5.84,-0.53,0.05,2.2,0.152,0,"-6.928571429",0.142,0.205,"6.928571429",0.01,0.010000000000000009,-0.023,-0.002,60.3,"39.4",12.02892798361574,-3.0422046357676558,27.533081260807432,0.5714285714285714,43.6939234657977,27.243375796238997
113,665489,"Guerrero Jr., Vladimir",373,30.3,0.229,0,0.275,0.229,0.207,0.286,0.3,11,48,84.5,4.4,2216,88.9,89.02,31,113,0,0.09999999999999432,6.41,108,152,126,147,308,328,295,"6.717","-6.717","72.7","7.5",48,40,11,0,0,0,8,16.7,0,0,2.49097,0.44673,0.36796,0.1669,"91.7",139,30,0,0,5.86,-0.82,0.06,2.3,0.229,0,"-5.944247788",0.3,0.352,"5.944247788",-0.071,-0.07099999999999998,-0.123,-0.079,27.4,"41.2",4.1508027666308545,-3.0984792182671392,28.363818488809645,0.4336283185840708,37.600737374981726,34.27376240096541
121,660271,"Ohtani, Shohei",399,30.3,0.268,0.196,0.4,0.464,0.319,0.265,0.222,15,56,89.7,9.2,2132,88.5,88.94,55,121,0,0.4000000000000057,6.54,120,147,131,153,297,327,305,"1.899","-1.899","70.6","8.0",56,33,10,2,0,3,23,41.1,0,0,2.57397,0.3775,0.37909,-0.25446,"91.0",139,33.33333333333333,12.121212121212121,7.142857142857142,5.73,-0.77,0.17,2.02,0.268,4,"-1.569421488",0.222,0.404,"1.569421488",0.046,0.04600000000000001,0.06,0.054,45.5,"38.2",15.003238390920574,-3.446820259459719,38.78054141647491,0.4214876033057851,38.26813951870064,28.779793162395407
29,696030,"Osuna, Alejandro",96,30.2,0.333,0,0.444,0.333,0.3,0.231,0.249,4,12,76.1,13.7,2142,87.5,87.67,7,29,0,0.20000000000000284,6.49,111,146,107,150,291,328,304,"-0.164","0.164","68.5","7.3",12,9,4,0,0,0,3,25,0,0,2.60069,0.43138,0.5069,-0.4269,"88.9",125,0,0,0,5.59,-2.08,-0.03,2.09,0.333,0,"0.565517241",0.249,0.275,"-0.565517241",0.084,0.08400000000000002,0.058,0.069,24.1,"34.4",5.951608717474169,-0.9079896052297464,27.438282344478168,0.4,34.223561254071775,29.65167707625585
106,669357,"Gorman, Nolan",351,30.2,0.115,0.135,0.19,0.25,0.157,0.153,0.137,6,52,81.6,14.5,2128,88.5,88.46,63,106,0,0,6.39,119,147,119,151,299,327,303,"8.649","-8.649","68.5","7.8",52,23,3,1,0,2,29,55.8,0,0,2.60906,0.34566,0.40462,-0.50028,"90.8",131,26.08695652173913,8.695652173913043,3.8461538461538463,5.73,-1.01,-0.14,1.79,0.115,2,"-8.159433962",0.137,0.22,"8.159433962",-0.022,-0.022000000000000006,0.03,0.004,59.4,"37.7",21.37651924458211,-9.38975181104845,32.77313135209678,0.32038834951456313,38.75192083041033,37.32116777682875
103,691016,"Soderstrom, Tyler",341,30.2,0.086,0.029,0.158,0.114,0.088,0.131,0.138,3,35,76.2,9.5,2190,89.6,89.51,49,103,0,-0.09999999999999432,6.32,119,145,119,149,296,317,302,"7.898","-7.898","69.3","7.5",35,19,2,1,0,0,16,45.7,0,0,2.48602,0.39243,0.5934,0.02602,"89.6",105,15.789473684210526,0,0,5.76,-0.42,0.28,2.09,0.086,0,"-7.667961165",0.138,0.165,"7.667961165",-0.052,-0.05200000000000002,-0.051,-0.043,47.6,"37.2",12.526645415041541,-6.04418950415172,29.38925825829189,0.4563106796116505,36.89277548070537,30.834535738706002
37,642201,"White, Eli",123,30.1,0.158,0.158,0.182,0.316,0.205,0.181,0.17,3,19,74.1,-9.3,2147,86.5,87.03,16,37,0,0.5,6.48,101,149,112,145,307,325,295,"2.632","-2.632","65.2","7.0",19,12,2,0,0,1,7,36.8,0,0,2.98243,0.35541,0.38722,0.08944,"89.4",104,16.666666666666664,8.333333333333332,5.263157894736842,5.74,0.19,-0.11,2,0.158,1,"-7.113513514",0.17,0.255,"7.113513514",-0.012,-0.01200000000000001,0.061,0.024,43.2,"37.2",6.391808477578075,-0.4035268706433697,35.61088883800096,0.4444444444444444,34.92353388865861,30.287632432371108
109,702284,"Young, Cole",363,30,0.111,0.037,0.188,0.148,0.114,0.149,0.146,6,54,79.2,18.2,2200,89.2,89.32,38,109,0,0.09999999999999432,6.47,116,145,114,150,288,317,298,"9.783","-9.783","65.1","6.9",54,32,5,0,1,0,22,40.7,0,0,2.35,0.55578,0.46009,-0.49587,"89.7",136,15.625,3.125,1.8518518518518516,5.84,-0.85,-0.28,2.08,0.111,1,"-8.975229358",0.146,0.196,"8.975229358",-0.035,-0.03499999999999999,-0.048,-0.035,34.9,"39.4",8.35748558979272,-4.569147943582731,27.55223967038054,0.6055045871559633,33.188933339324606,32.604499691841546
83,643446,"McNeil, Jeff",277,30,0.176,0.029,0.286,0.206,0.165,0.162,0.176,6,34,76,2.2,2116,88.3,88.32,27,83,0,0,6.42,116,145,114,150,285,316,298,"4.954","-4.954","62.0","7.1",36,22,5,1,0,0,14,38.9,0,0,2.58145,0.39289,0.41049,-0.24049,"88.8",100,0,0,0,5.75,-0.72,-0.16,2.09,0.171,0,"-5.968674699",0.172,0.201,"5.968674699",0,-0.0009999999999999731,0.005,0.003,32.5,"36.8",6.252637080497814,0.510769227944098,34.615400763496176,0.3780487804878049,35.7285546723588,27.26386957321266
51,664983,"McCarthy, Jake",170,30,0.389,0.222,0.429,0.611,0.415,0.313,0.291,7,18,69.2,20.9,2314,89.9,90.48,17,51,0,0.5999999999999943,6.56,108,143,98,148,285,323,299,"0.696","-0.696","64.1","6.8",21,17,5,1,0,1,4,19,0,0,2.18333,0.67725,0.26392,-0.37451,"89.9",127,23.52941176470588,5.88235294117647,4.761904761904762,5.61,-1.86,0.08,2.4,0.368,1,"-1.364705882",0.276,0.478,"1.364705882",0.098,0.09199999999999997,0.133,0.102,33.3,"34.5",13.370096584866111,-2.5389842112868277,32.160488074404874,0.42,40.19021225756281,29.376989890789876
70,668904,"Lewis, Royce",233,30,0.065,0,0.154,0.065,0.058,0.099,0.1,2,31,74.6,21.5,2274,87.8,87.76,40,70,0,0,6.43,104,149,120,142,301,324,292,"7.212","-7.212","65.8","8.3",31,13,2,0,0,0,18,58.1,0,0,2.70143,0.30739,0.11843,-0.241,"89.5",111,7.6923076923076925,0,0,5.73,-1.07,0.34,1.91,0.065,0,"-10.302857143",0.1,0.125,"10.302857143",-0.035,-0.035,-0.06,-0.041,57.1,"36.2",11.501021480382828,-11.449446567056889,26.329192232155727,0.6911764705882353,41.14788889944431,31.417580499660065
59,677942,"Alexander, Blaze",197,29.9,0.042,0,0.1,0.042,0.038,0.11,0.112,1,24,81.4,15.3,2240,90,90.11,30,59,0,0.09999999999999432,6.41,108,151,116,148,304,322,287,"6","-6","65.9","7.3",25,11,1,0,0,0,14,56,0,0,2.33661,0.51712,0.47407,0.14051,"90.1",128,27.27272727272727,0,0,5.73,-0.58,0.07,1.99,0.042,0,"-10.169491525",0.112,0.142,"10.169491525",-0.07,-0.07,-0.1,-0.072,50.8,"39.7",11.593842172438299,3.3843291221208083,38.532849511993696,0.42105263157894735,38.36142517238775,27.232148238130392
75,665750,"Taveras, Leody",251,29.9,0.172,0,0.278,0.172,0.155,0.223,0.241,5,29,75.7,1.5,2099,87.1,87.16,27,75,0,0.10000000000000853,6.4,109,145,108,147,295,321,294,"4.446","-4.446","63.4","7.4",30,19,5,0,0,0,11,36.7,0,0,2.7836,0.26627,0.41867,-0.41867,"88.7",96,5.263157894736842,0,0,5.73,-0.38,-0.13,1.92,0.172,0,"-5.928",0.241,0.272,"5.928",-0.069,-0.069,-0.1,-0.068,36,"36.8",10.44438266548163,-13.485815343577686,33.54501532837749,0.410958904109589,37.30455501199019,34.937650180719935
20,656582,"Joe, Connor",67,29.9,0.333,0.222,0.6,0.556,0.385,0.327,0.353,3,9,83.7,27,2166,91.5,91.47,7,20,0,0,6.4,111,151,122,147,296,316,289,"0.495","-0.495","63.7","6.7",9,5,1,2,0,0,4,44.4,0,0,2.0965,0.683,0.553,0.279,"90.7",159,20,0,0,5.66,0.38,-0.42,2.59,0.333,0,"-2.475",0.353,0.39,"2.475",-0.02,-0.019999999999999962,0.166,0.058,35,"34.7",0.44611215758723977,7.600035366104648,29.75963176932134,0.3684210526315789,35.65340652666454,25.8329775230326
62,663604,"Lockridge, Brandon",208,29.8,0.25,0,0.438,0.25,0.225,0.2,0.211,7,28,76,0.3,2214,87.7,87.75,25,62,0,0.09999999999999432,6.38,106,151,115,149,300,318,286,"1.831","-1.831","66.1","6.7",29,17,7,0,0,0,12,41.4,0,0,2.79161,0.53774,0.25532,-0.03597,"89.0",119,12.5,0,0,5.76,-0.17,0.05,2.3,0.25,0,"-2.953225806",0.211,0.246,"2.953225806",0.039,0.03900000000000001,0.004,0.025,40.3,"37.4",5.412821872692603,3.5790368144954217,29.148524818755664,0.47540983606557374,40.20933461061726,27.613532333883526
108,518692,"Freeman, Freddie",362,29.8,0.07,0,0.097,0.07,0.063,0.141,0.133,3,43,85.3,-5.5,2223,87.4,87.54,34,108,0,0.09999999999999432,6.39,116,146,128,151,292,322,304,"10.442","-10.442","67.0","7.0",43,31,3,0,0,0,12,27.9,0,0,2.81185,0.20778,0.23824,-0.07287,"91.0",107,29.03225806451613,3.225806451612903,2.3255813953488373,5.61,-0.49,-0.12,1.97,0.07,1,"-9.668518519",0.133,0.195,"9.668518519",-0.063,-0.063,-0.125,-0.078,31.5,"33.8",9.753489717540164,-1.2437827205331924,42.90895044132299,0.44339622641509435,41.1786947106244,27.722485908639808
61,681297,"Cowser, Colton",205,29.8,0.069,0,0.182,0.069,0.062,0.094,0.102,2,29,67.7,-23.9,2062,87.9,88,35,61,0,0.09999999999999432,6.43,114,143,118,149,295,325,300,"5.525","-5.525","67.7","7.4",29,11,2,0,0,0,18,62.1,0,0,2.93246,0.06534,0.35738,-0.38098,"88.6",81,0,0,0,5.78,-1.58,-0.08,1.86,0.069,0,"-9.057377049",0.102,0.109,"9.057377049",-0.033,-0.03299999999999999,-0.04,-0.032,57.4,"39.6",14.584400949740058,-3.905680210436611,39.32971800046973,0.25,38.366427206130695,37.27245340948023
17,669369,"Johnson, Bryce",57,29.8,0.167,0,0.5,0.167,0.15,0.052,0.058,1,6,45.1,-15.5,2209,87.1,87.04,12,17,0,-0.09999999999999432,6.38,109,150,113,148,291,317,293,"1.53","-1.53","58.9","7.3",6,2,1,0,0,0,4,66.7,0,0,2.85471,0.19647,0.21824,-0.21824,"88.0",10,0,0,0,5.69,0.23,-0.11,1.76,0.167,0,"-9",0.058,0.058,"9",0.109,0.10900000000000001,0.109,0.098,70.6,"39.3",12.202180416231444,-5.6760489357665,40.53410545759924,0.375,32.31012965111191,35.73616039484021
60,678489,"Barrosa, Jorge",202,29.7,0.156,0.188,0.235,0.344,0.212,0.14,0.139,5,32,74,13.5,2213,88.8,88.81,25,60,0,0,6.46,110,148,108,148,289,321,293,"1.816","-1.816","64.0","7.4",33,19,2,1,1,1,14,42.4,0,0,2.40033,0.55831,0.2655,-0.2655,"89.5",155,15.789473684210526,5.263157894736842,3.0303030303030303,5.86,-0.11,-0.13,2.07,0.156,1,"-3.026666667",0.139,0.183,"3.026666667",0.017,0.016999999999999987,0.161,0.072,41.7,"40.0",13.009924173945457,-4.472062199469957,27.446696773463312,0.5087719298245614,35.48008208098086,29.963740258889786
76,665019,"Clemens, Kody",257,29.6,0.233,0.167,0.429,0.4,0.275,0.17,0.16,7,30,88.5,12.8,2275,89.2,89.45,31,76,0,0.29999999999999716,6.57,117,145,121,151,293,326,299,"1.504","-1.504","67.7","7.3",30,15,4,2,0,1,15,50,0,0,2.42868,0.48684,0.21276,-0.23487,"90.4",115,26.666666666666668,6.666666666666667,3.3333333333333335,5.9,-1.11,-0.04,2.17,0.233,1,"-1.978947368",0.16,0.236,"1.978947368",0.073,0.07300000000000001,0.164,0.105,40.8,"40.7",11.936924854710794,-2.800373126115011,28.51566068388155,0.6052631578947368,35.42341567752603,33.86533108442222
56,808975,"Kim, Hyeseong",189,29.6,0.115,0,0.333,0.115,0.104,0.079,0.085,3,26,77.1,6.1,2130,89.4,89.71,35,56,0,0.29999999999999716,6.45,114,147,114,151,285,315,303,"4.812","-4.812","61.7","7.1",26,9,3,0,0,0,17,65.4,0,0,2.34125,0.54179,0.51625,-0.61554,"88.3",144,0,0,0,5.63,-1.6,-0.11,2.22,0.115,0,"-8.592857143",0.085,0.097,"8.592857143",0.03,0.03,0.018,0.025,62.5,"35.7",5.514182650171636,4.011312196614694,39.710260769738305,0.21428571428571427,34.75001673188044,22.08383126507255
113,656811,"O'Hearn, Ryan",382,29.6,0.213,0.128,0.308,0.34,0.242,0.205,0.183,10,47,84.3,6.7,2339,90,89.96,43,113,0,0,6.32,116,147,126,151,299,322,301,"5.839","-5.839","66.2","7.2",47,28,8,0,0,2,19,40.4,0,0,2.43097,0.42027,0.26223,-0.0592,"90.6",116,28.57142857142857,7.142857142857142,4.25531914893617,5.77,-0.81,0.13,2.13,0.213,2,"-5.167256637",0.183,0.295,"5.167256637",0.03,0.03,0.045,0.037,38.1,"40.4",14.159663107119343,-2.7751590398361037,32.83379984344611,0.36363636363636365,38.720002280346684,27.906355171081763
75,573262,"Yastrzemski, Mike",253,29.6,0.182,0.061,0.353,0.242,0.187,0.146,0.155,6,33,84.5,5.4,2220,89.2,89.3,31,75,0,0.09999999999999432,6.39,121,148,119,152,300,327,305,"3.09","-3.09","64.6","7.2",33,17,4,2,0,0,16,48.5,0,0,2.5556,0.48653,0.29547,-0.2432,"90.5",135,29.411764705882355,0,0,5.69,-1.45,-0.01,2.23,0.182,0,"-4.12",0.155,0.184,"4.12",0.027,0.026999999999999996,0.058,0.041,41.3,"37.4",9.932094433360026,0.8263516987254471,29.59311111979059,0.5068493150684932,32.59868352483502,29.811219135461517
38,668723,"Vilade, Ryan",129,29.5,0.316,0.211,0.385,0.526,0.367,0.361,0.339,6,19,90.5,15.2,2174,86.5,86.77,12,38,0,0.29999999999999716,6.57,107,151,122,146,297,323,286,"-0.975","0.975","72.8","7.7",19,14,4,1,0,1,5,26.3,0,0,2.58842,0.54947,0.44842,-0.30895,"92.3",135,35.714285714285715,7.142857142857142,5.263157894736842,5.73,1.13,0.05,1.97,0.316,1,"2.565789474",0.339,0.506,"-2.565789474",-0.023,-0.02300000000000002,0.02,0.006,31.6,"36.5",7.472937561415064,-2.5880726839109007,32.725363955528124,0.5833333333333334,36.3794150004334,32.20487768611936
115,670623,"Paredes, Isaac",390,29.5,0.235,0.059,0.324,0.294,0.234,0.237,0.247,12,51,83.4,21.8,2290,89,88.92,33,115,0,-0.09999999999999432,6.44,108,151,121,143,288,321,288,"4.801","-4.801","63.3","7.8",51,37,9,3,0,0,14,27.5,0,0,2.5933,0.35974,0.19088,-0.22737,"90.1",152,13.513513513513514,0,0,5.84,-0.5,0.41,2,0.235,0,"-4.174782609",0.247,0.298,"4.174782609",-0.012,-0.01200000000000001,-0.004,-0.003,28.7,"38.4",14.93677305473174,-13.023441103581277,33.84200022459645,0.5,37.34586042936682,35.58680012828117
109,665487,"Tatis Jr., Fernando",370,29.5,0.163,0,0.348,0.163,0.147,0.141,0.152,8,49,78.4,-7.3,2239,89.8,90.08,65,109,0,0.29999999999999716,6.5,108,151,122,146,304,327,297,"6.413","-6.413","68.4","7.3",49,23,8,0,0,0,26,53.1,0,0,2.49789,0.36817,0.33917,0.0988,"90.0",57,26.08695652173913,0,0,5.57,-1.35,0.34,2.03,0.163,0,"-5.883486239",0.152,0.169,"5.883486239",0.011,0.01100000000000001,-0.006,0.006,59.6,"34.3",8.2304454299492,2.918139543559123,29.968361284404402,0.5904761904761905,41.73375662489385,29.087090613964637
64,667670,"Rooker, Brent",217,29.5,0.091,0.273,0,0.364,0.19,0.097,0.064,2,22,85.4,24,2243,87.3,87.42,43,64,0,0.10000000000000853,6.44,103,152,125,146,303,326,298,"3.096","-3.096","69.1","7.6",22,7,0,0,0,2,15,68.2,0,0,2.86875,0.15422,0.18203,-0.27734,"90.3",157,28.57142857142857,14.285714285714285,4.545454545454546,5.75,-0.72,0.45,1.63,0.091,1,"-4.8375",0.064,0.166,"4.8375",0.027,0.026999999999999996,0.198,0.093,67.2,"37.3",21.175755411287646,-13.567972526412023,39.16444364174535,0.36507936507936506,39.82706727426309,38.57286147481232
53,680779,"Davis, Henry",180,29.4,0.167,0,0.375,0.167,0.15,0.129,0.114,3,18,84.9,18.8,2282,87.9,87.7,24,53,0,-0.20000000000000284,6.18,106,151,118,145,306,318,287,"3.272","-3.272","68.8","7.3",18,8,3,0,0,0,10,55.6,0,0,2.72642,0.65491,0.2434,-0.04151,"91.0",134,37.5,12.5,5.555555555555555,5.98,-0.9,0.28,2.23,0.167,1,"-6.173584906",0.114,0.187,"6.173584906",0.053,0.053000000000000005,-0.02,0.021,45.3,"42.9",9.828965038642844,-5.8919045936990955,25.968545286319227,0.5660377358490566,38.98624873939239,30.72246338718836
20,672356,"Arias, Gabriel",68,29.4,0,0,0,0,0,0.013,0.014,0,6,66,-3,2135,88.7,89.11,14,20,0,0.3999999999999915,6.63,104,152,118,148,301,317,290,"1.684","-1.684","68.8","7.1",6,1,0,0,0,0,5,83.3,0,0,2.521,0.44421,0.1555,-0.0535,"88.0",179,0,0,0,5.76,-0.98,0.19,2.16,0,0,"-8.42",0.014,0.015,"8.42",-0.014,-0.014,-0.015,-0.013,70,"42.8",7.592894037699286,10.47649846784736,29.7772656075036,0.3157894736842105,40.46112989065402,28.248075874960968
50,694671,"Langford, Wyatt",170,29.4,0.111,0.111,0.2,0.222,0.142,0.096,0.1,2,18,85.2,21.4,2093,88.9,88.97,22,50,0,0.09999999999999432,6.47,106,148,119,143,302,323,291,"3.497","-3.497","68.4","6.7",18,10,0,2,0,0,8,44.4,0,0,2.6754,0.2966,0.4524,0.0568,"90.8",117,20,0,0,5.7,-0.38,-0.36,2.14,0.111,0,"-6.994",0.1,0.125,"6.994",0.011,0.010999999999999996,0.097,0.046,44,"34.2",8.32526923688911,-6.956377550477105,31.956916898812842,0.38,32.390823809459526,30.826358853530433
72,641857,"McMahon, Ryan",246,29.3,0,0,0,0,0,0.04,0.045,0,26,66.2,-11.7,2311,89.8,89.96,47,72,0,0.20000000000000284,6.48,120,145,118,151,289,323,299,"7.265","-7.265","68.0","7.3",26,7,0,0,0,0,19,73.1,0,0,2.36472,0.51113,0.24264,-0.19181,"88.9",137,0,0,0,5.79,-0.95,0.06,2.07,0,0,"-10.090277778",0.045,0.048,"10.090277778",-0.045,-0.045,-0.048,-0.04,65.3,"39.1",10.679360209667527,1.7010408118913187,37.19600960455885,0.4057971014492754,38.67934332445496,26.520030010050537
81,810938,"Williamson, Ben",277,29.2,0.206,0.059,0.292,0.265,0.207,0.215,0.224,7,34,78.4,2,2234,89,89.33,23,81,0,0.29999999999999716,6.57,108,149,121,147,298,319,285,"3.437","-3.437","66.1","6.9",35,25,6,0,1,0,10,28.6,0,0,2.34889,0.58444,0.29802,-0.24296,"90.8",135,20,0,0,5.82,0.09,-0.02,2.29,0.206,0,"-4.243209877",0.224,0.272,"4.243209877",-0.018,-0.018000000000000016,-0.007,-0.008,28.4,"38.4",3.617617597058072,5.800409119914992,29.02036115437072,0.45454545454545453,39.9291781635741,27.049024033778842
121,691406,"Caminero, Junior",415,29.2,0.22,0.271,0.2,0.492,0.306,0.333,0.268,13,59,83.7,5.2,2264,89.3,89.35,39,121,0,0.10000000000000853,6.54,105,151,124,147,300,328,294,"1.575","-1.575","75.5","8.6",59,45,7,1,0,5,14,23.7,0,0,2.39851,0.51421,0.2676,0.09521,"91.9",121,28.888888888888886,13.333333333333334,10.16949152542373,5.86,-0.64,-0.1,2.29,0.22,6,"-1.301652893",0.268,0.522,"1.301652893",-0.048,-0.048000000000000015,-0.03,-0.027,32.2,"38.8",7.07689657559771,-5.790261384239669,22.933612137089927,0.603448275862069,36.19120469622877,37.14755228275559
118,666018,"Aranda, Jonathan",406,29.1,0.304,0.179,0.359,0.482,0.344,0.315,0.291,17,56,84.2,13.7,2178,89.9,89.73,36,118,0,-0.20000000000000284,6.56,111,145,123,150,286,324,298,"-0.07","0.07","68.1","7.5",56,42,13,1,0,3,14,25,0,0,2.25458,0.62474,0.50339,-0.32763,"91.3",149,26.190476190476193,7.142857142857142,5.357142857142857,5.73,-1,-0.1,2.1,0.304,3,"0.059322034",0.291,0.442,"-0.059322034",0.013,0.013000000000000012,0.04,0.029,30.5,"36.3",9.966577818051741,0.977683981047234,34.452023281499464,0.5470085470085471,37.738086744272586,27.89021888037969
38,656716,"McKinstry, Zach",131,29,0,0,0,0,0,0.082,0.081,0,15,76.7,8.9,2366,88.3,88.55,12,38,0,0.29999999999999716,6.47,120,146,119,152,290,325,297,"4.043","-4.043","65.1","6.8",15,7,0,0,0,0,8,53.3,0,0,2.55053,0.40816,0.15105,-0.25526,"89.2",116,0,0,0,5.45,-1.56,0.09,2.17,0,0,"-10.639473684",0.081,0.099,"10.639473684",-0.081,-0.081,-0.099,-0.082,31.6,"32.5",9.771179188370894,0.3734348138055945,37.6914872624448,0.2972972972972973,34.44673952113726,28.3489742005689
51,678391,"Vivas, Jorbit",176,29,0.222,0,0.444,0.222,0.2,0.128,0.141,4,18,69.5,-11.2,2173,90.5,91.11,19,51,0,0.5999999999999943,6.61,118,145,112,148,283,315,296,"2.591","-2.591","63.3","7.1",19,10,4,0,0,0,9,47.4,0,0,2.3851,0.42686,0.3749,-0.2851,"89.1",99,10,0,0,5.76,-1.41,0.04,2.16,0.222,0,"-5.080392157",0.141,0.15,"5.080392157",0.081,0.08100000000000002,0.072,0.072,37.3,"37.9",2.62229314264718,3.3748976231366914,31.862876242515803,0.3137254901960784,33.78378778671166,25.686225290489432
38,672016,"Clarke, Denzel",131,29,0,0,0,0,0,0.067,0.07,0,11,75.3,-3,2247,90.1,89.96,23,38,0,-0.09999999999999432,6.36,99,149,108,147,305,324,292,"3.695","-3.695","68.4","7.1",11,3,0,0,0,0,8,72.7,0,0,2.23474,0.63447,0.42368,0.06,"88.0",82,0,0,0,5.9,-0.61,-0.02,2.17,0,0,"-9.723684211",0.07,0.081,"9.723684211",-0.07,-0.07,-0.081,-0.067,60.5,"39.1",0.04260144982229419,-15.754281259984205,33.14504592167845,0.3684210526315789,36.44328965811272,31.305045384889635
9,701305,"Dezenzo, Zach",31,29,0.143,0.143,0.25,0.286,0.183,0.356,0.255,1,7,85.3,13,2369,90.6,89.87,3,9,0,-0.6999999999999886,6.09,114,154,120,147,298,322,286,"0.618","-0.618","73.1","7.9",7,4,0,1,0,0,3,42.9,0,0,2.49,0.34444,0.35889,-0.39444,"96.2",188,50,25,14.285714285714285,5.65,0.1,0.41,1.97,0.143,1,"-6.866666667",0.255,0.6,"6.866666667",-0.112,-0.11200000000000002,-0.314,-0.173,33.3,"32.9",13.756388560750452,-0.15053349421392248,39.34741623691447,0.5555555555555556,41.207953779828955,29.60468838579203
113,666969,"García, Adolis",389,29,0.12,0.06,0.263,0.18,0.132,0.111,0.113,6,50,84.4,11.3,2298,88.2,88.36,62,113,0,0.20000000000000284,6.48,107,152,124,146,303,327,294,"8.753","-8.753","67.7","7.8",50,20,5,0,0,1,30,60,0,0,2.63381,0.34044,0.22743,-0.06248,"90.3",114,30,0,0,5.67,-0.74,0.16,2.06,0.12,0,"-7.746017699",0.113,0.143,"7.746017699",0.007,0.006999999999999992,0.037,0.021,54.9,"36.8",12.62356320822456,-7.019620150332801,29.587275607415194,0.5892857142857143,37.38495285976382,35.376761175108555
108,592518,"Machado, Manny",374,28.9,0.125,0.146,0.154,0.271,0.167,0.193,0.184,6,48,82.2,10.1,2342,89,89.34,40,108,0,0.29999999999999716,6.51,109,151,124,146,301,326,297,"5.097","-5.097","68.1","7.7",50,29,3,1,0,2,21,42,0,0,2.63667,0.30491,0.13444,-0.01833,"90.5",139,27.586206896551722,6.896551724137931,4,5.56,-1.16,-0.01,2.25,0.122,2,"-4.719444444",0.181,0.275,"4.719444444",-0.059,-0.059,-0.004,-0.026,37,"34.9",7.057102013713822,0.18269504912831336,27.81794076971817,0.5670103092783505,38.51766231261293,29.104572901591375
55,663647,"Hayes, Ke'Bryan",190,28.9,0.143,0.143,0.176,0.286,0.185,0.183,0.167,4,28,87,17.3,2338,90.1,90.15,24,55,0,0.10000000000000853,6.48,109,151,119,148,305,324,288,"2.585","-2.585","65.3","6.7",28,18,2,1,0,1,10,35.7,0,0,2.23564,0.62418,0.35685,0.18204,"91.4",113,29.411764705882355,11.76470588235294,7.142857142857142,5.71,-1.03,0.01,2.23,0.143,2,"-4.7",0.167,0.259,"4.7",-0.024,-0.02400000000000002,0.027,0.002,43.6,"39.4",5.462245837903096,-5.644495985622896,25.842854683357686,0.6296296296296297,35.77865920599161,35.83526952094343
39,669004,"Melendez, MJ",135,28.9,0.167,0.167,0.286,0.333,0.216,0.191,0.152,3,18,88,4,2258,90.7,90.94,18,39,0,0.20000000000000284,6.39,113,143,115,150,301,330,299,"1.836","-1.836","67.4","7.7",18,8,2,0,0,1,10,55.6,0,0,2.17436,0.62641,0.44,-0.37282,"91.6",160,50,12.5,5.555555555555555,5.96,-1.7,-0.16,2.47,0.167,1,"-4.707692308",0.152,0.299,"4.707692308",0.015,0.015000000000000013,0.034,0.025,46.2,"39.8",13.877018845532092,-2.6763830104534736,26.590632123178903,0.5641025641025641,37.80294965953191,29.416283069771772
103,572233,"Walker, Christian",356,28.9,0.162,0.027,0.4,0.189,0.156,0.153,0.147,6,37,85.8,13.5,2316,89.2,89.18,60,103,0,0,6.38,108,152,122,146,294,325,290,"5.386","-5.386","69.0","7.5",37,15,5,1,0,0,22,59.5,0,0,2.4467,0.47718,0.10913,-0.03767,"90.2",148,26.666666666666668,6.666666666666667,2.7027027027027026,5.84,-0.9,0.14,2.29,0.162,1,"-5.229126214",0.147,0.208,"5.229126214",0.015,0.015000000000000013,-0.019,0.003,58.3,"38.3",10.660328737657307,-7.7244142253265125,27.72797456124247,0.4854368932038835,37.154978457744335,33.163591499895475
74,691723,"Mayo, Coby",257,28.8,0.065,0,0.2,0.065,0.058,0.084,0.09,2,31,75.1,0.9,2337,87.5,87.38,44,74,0,-0.09999999999999432,6.39,109,151,124,145,303,324,291,"7.611","-7.611","70.1","7.6",31,10,2,0,0,0,21,67.7,0,0,2.67149,0.36082,-0.06671,-0.38616,"90.4",131,20,0,0,5.64,-0.87,0.54,2.08,0.065,0,"-10.285135135",0.09,0.101,"10.285135135",-0.025,-0.024999999999999994,-0.036,-0.026,59.5,"36.6",16.28891496697588,-19.380760402417298,37.41562096363523,0.4142857142857143,40.02082069672995,38.12576383438254
115,608369,"Seager, Corey",399,28.8,0.098,0,0.227,0.098,0.087,0.102,0.101,5,51,77.7,4.2,2205,89,89.12,68,115,0,0.09999999999999432,6.47,115,147,131,151,297,328,304,"11.297","-11.297","68.0","6.9",52,22,5,0,0,0,30,57.7,0,0,2.57765,0.35496,0.34417,-0.19809,"88.7",113,9.090909090909092,4.545454545454546,1.9230769230769231,5.68,-0.71,-0.11,1.85,0.096,1,"-9.823478261",0.102,0.129,"9.823478261",-0.003,-0.0059999999999999915,-0.031,-0.015,59.1,"34.8",17.723033864232658,-1.4799708463987524,34.58329774858732,0.4649122807017544,38.36597867282433,35.853183175243615
47,687551,"Gilbert, Drew",163,28.8,0.05,0,0.1,0.05,0.045,0.081,0.088,1,20,72.2,8.7,2321,91.6,91.56,24,47,0,0,6.32,118,146,110,150,288,319,298,"5.335","-5.335","66.5","7.6",20,10,1,0,0,0,10,50,0,0,2.2066,0.5417,0.47851,-0.30489,"88.2",101,0,0,0,5.85,-0.98,0.09,2.19,0.05,0,"-11.35106383",0.088,0.099,"11.35106383",-0.038,-0.03799999999999999,-0.049,-0.036,51.1,"38.3",3.091835420729811,-3.760497868157986,26.871499948771373,0.4222222222222222,38.43408361753689,27.587465819853712
100,808982,"Lee, Jung Hoo",349,28.7,0.25,0.1,0.333,0.35,0.265,0.248,0.266,10,40,81.2,2.4,2296,89.9,90.23,31,100,0,0.29999999999999716,6.51,118,147,115,151,283,317,299,"2.999","-2.999","63.5","7.7",40,28,8,1,0,1,12,30,0,0,2.3411,0.5137,0.3164,-0.3302,"89.2",131,14.285714285714285,0,0,5.8,-0.68,-0.16,2.03,0.25,0,"-2.999",0.266,0.304,"2.999",-0.016,-0.016000000000000014,0.046,0.017,31,"40.0",6.016954997771486,-6.5774976337201645,36.71047035691198,0.32323232323232326,31.019635449061603,30.509899917674414
87,700932,"Manzardo, Kyle",303,28.7,0.179,0.026,0.389,0.205,0.172,0.168,0.177,7,39,78.6,9.1,2155,88.2,88.5,44,87,0,0.29999999999999716,6.61,115,145,122,151,291,319,299,"6.088","-6.088","67.3","8.4",39,18,6,1,0,0,21,53.8,0,0,2.60161,0.38805,0.28267,-0.30593,"90.7",143,22.22222222222222,0,0,5.62,-1.03,0.15,1.73,0.179,0,"-6.997701149",0.177,0.208,"6.997701149",0.002,0.0020000000000000018,-0.003,0.004,50.6,"36.5",20.565756947579978,-6.605953643206005,38.65597780498369,0.30120481927710846,38.83775737739703,38.87838045520038
57,680728,"Del Castillo, Adrian",199,28.6,0.156,0.031,0.278,0.188,0.153,0.153,0.149,5,32,85.1,7.2,2255,88.8,88.71,27,57,0,-0.09999999999999432,6.38,115,147,123,151,291,325,301,"4.104","-4.104","65.5","6.8",32,18,4,1,0,0,14,43.8,0,0,2.59667,0.35263,0.34579,-0.26789,"90.7",134,29.411764705882355,5.88235294117647,3.125,5.75,-1.6,0,2.19,0.156,1,"-7.2",0.149,0.206,"7.2",0.007,0.007000000000000006,-0.018,0,47.4,"36.8",13.680317739994347,2.0305204410489264,33.937571048798425,0.43636363636363634,37.91716678831422,35.10062243260631
82,683146,"Baty, Brett",287,28.6,0.077,0,0.222,0.077,0.067,0.101,0.107,2,26,79.9,-0.3,2109,88.5,88.61,40,82,0,0.09999999999999432,6.5,122,146,119,151,291,324,300,"6.596","-6.596","69.6","7.8",27,9,2,0,0,0,18,66.7,0,0,2.49341,0.46402,0.39939,-0.36695,"90.1",79,11.11111111111111,0,0,5.82,-1.46,0.1,2.07,0.074,0,"-8.043902439",0.105,0.123,"8.043902439",-0.03,-0.031,-0.046,-0.034,48.8,"39.3",14.246392963551665,-3.6401543957186187,37.37623722525801,0.47560975609756095,36.39905921631299,32.32562847530053
2,693409,"Prieto, César",7,28.6,0,0,,0,0,0,,0,1,,,1633,89.6,88.65,2,2,0,-0.8999999999999915,5.7,109,141,105,140,281,318,295,"0.321","-0.321","80.5","7.6",1,0,0,0,0,0,1,100,0,0,2.99,-0.15,1.53,-1.53,,,,,,5.56,-0.96,-0.51,1.04,0,,"-16.05",,,"16.05",,,,0,100,"35.7",10.802901740014189,-3.6828233667721895,27.498868720005433,1,36.94425818928812,29.020887587131245
48,686894,"Wiemer, Joey",168,28.6,0.2,0.4,0.333,0.6,0.338,0.267,0.186,5,25,95.1,14.4,2176,88.2,88.22,27,48,0,0,6.38,104,151,121,147,300,322,292,"-0.027","0.027","62.8","7.3",25,9,1,1,0,3,16,64,0,0,2.68375,0.28667,0.23375,-0.26833,"92.5",170,44.44444444444444,33.33333333333333,12,5.85,0.3,-0.11,1.99,0.2,3,"0.05625",0.186,0.452,"-0.05625",0.014,0.014000000000000012,0.148,0.071,56.3,"35.9",8.547163610267246,-2.441829787394746,24.794182770299926,0.4782608695652174,36.920187994892906,32.099205426072636
2,683079,"Martinez, Omar",7,28.6,0,0,0,0,0,0.044,0.043,0,1,78.1,39,2192,93.4,93.8,0,2,0,0.3999999999999915,6.65,103,151,143,153,299,327,297,"0.388","-0.388","72.4","9.5",1,1,0,0,0,0,0,0,0,0,1.765,0.86,1.375,-1.375,"88.0",273,0,0,0,5.68,-2.29,-0.96,3.25,0,0,"-19.4",0.043,0.061,"19.4",-0.043,-0.043,-0.061,-0.044,0,"35.6",7.397197781007932,6.867024871663547,22.560592478090598,1,46.97801664687965,24.242164355209262
66,663837,"Vierling, Matt",231,28.6,0.071,0.071,0.111,0.143,0.092,0.199,0.213,2,28,77.4,8.8,2306,87.7,87.92,18,66,0,0.20000000000000284,6.51,106,150,122,145,298,324,286,"5.342","-5.342","67.6","7.6",28,18,0,2,0,0,10,35.7,0,0,2.54788,0.47431,0.11215,-0.14631,"89.7",122,16.666666666666664,0,0,5.63,-0.55,0.23,2.17,0.071,0,"-8.093939394",0.213,0.241,"8.093939394",-0.142,-0.14200000000000002,-0.098,-0.107,27.3,"37.7",11.229545235325512,-4.5458169778963535,31.26723332381276,0.5692307692307692,37.638925665420054,33.73185120259795
2,691620,"Quero, Jeferson",7,28.6,0,0,0,0,0,0.291,0.306,0,1,85.6,2,2366,86.7,85.75,1,2,0,-0.9000000000000057,5.95,87,147,122,138,307,328,282,"0.337","-0.337","71.9","7.6",1,1,0,0,0,0,0,0,0,0,2.905,0.17,-0.71,0.71,"88.0",58,0,0,0,5.75,2.08,-1.49,1.75,0,0,"-16.85",0.306,0.355,"16.85",-0.306,-0.306,-0.355,-0.291,50,"38.0",22.958536950111288,-29.630083035816455,30.701761006106537,0.5,23.650016691966883,47.66314683740636
29,641555,"Escarra, J.C.",102,28.4,0.222,0,0.5,0.222,0.2,0.211,0.231,2,9,84.2,24.8,2175,88,88.23,18,29,0,0.20000000000000284,6.65,118,146,120,152,289,322,295,"1.253","-1.253","64.2","7.3",9,4,2,0,0,0,5,55.6,0,0,2.5569,0.43034,0.31276,-0.10655,"89.0",153,0,0,0,5.69,-0.94,0.03,2.25,0.222,0,"-4.320689655",0.231,0.249,"4.320689655",-0.009,-0.009000000000000008,-0.027,-0.011,62.1,"35.6",10.304305581740149,-6.908505419777317,28.403766418022077,0.5172413793103449,39.33120116110018,30.526999872253807
19,518595,"d'Arnaud, Travis",67,28.4,0,0,0,0,0,0.087,0.093,0,9,86.7,12.8,2099,87.8,87.6,11,19,0,-0.20000000000000284,6.28,105,153,124,148,300,323,290,"2.24","-2.24","65.6","7.6",9,5,0,0,0,0,4,44.4,0,0,2.38211,0.65053,0.87684,-0.19684,"89.9",108,20,0,0,5.66,-0.13,0.29,2.21,0,0,"-11.789473684",0.093,0.108,"11.789473684",-0.093,-0.093,-0.108,-0.087,57.9,"34.9",10.925596413826057,4.206999083065625,28.418516005149137,0.3157894736842105,42.118032355508966,30.52891241107241
96,607043,"Nimmo, Brandon",339,28.3,0.2,0.125,0.304,0.325,0.228,0.23,0.219,8,40,79.2,1.3,2208,88.9,89.14,41,96,0,0.19999999999998863,6.55,118,147,117,151,295,325,304,"4.695","-4.695","67.9","7.1",40,24,6,0,1,1,16,40,0,0,2.53823,0.39656,0.20832,-0.12558,"91.9",124,25,4.166666666666666,2.5,5.74,-0.92,0.17,2.04,0.2,1,"-4.890625",0.219,0.313,"4.890625",-0.019,-0.01899999999999999,0.012,-0.002,42.7,"36.9",8.632295994942778,-1.6975115684270365,31.250834699351337,0.5894736842105263,37.205713103218265,30.350224429773803
36,595978,"Hedges, Austin",127,28.3,0.385,0.077,0.714,0.462,0.376,0.295,0.32,5,13,81.4,11.3,2353,88.6,88.59,19,36,0,0,6.34,108,152,122,147,299,319,288,"-0.421","0.421","65.3","7.5",13,7,4,1,0,0,6,46.2,0,0,2.38694,0.5725,0.12556,-0.05833,"90.5",156,14.285714285714285,0,0,5.93,-0.3,-0.16,1.9,0.385,0,"1.169444444",0.32,0.353,"-1.169444444",0.065,0.065,0.109,0.081,52.8,"38.2",10.731698711594438,-10.875282086944704,27.4663601617557,0.5806451612903226,35.07386638521525,36.203528956493365
68,691785,"Mayer, Marcelo",241,28.2,0.148,0.037,0.267,0.185,0.148,0.13,0.139,4,27,77.1,-7.1,2164,88,88.2,35,68,0,0.20000000000000284,6.53,115,146,122,152,281,322,304,"5.088","-5.088","70.2","7.9",27,15,3,1,0,0,12,44.4,0,0,2.50412,0.49582,0.49853,-0.44294,"90.6",95,26.666666666666668,0,0,5.67,-1.77,-0.13,2.13,0.148,0,"-7.482352941",0.139,0.157,"7.482352941",0.009,0.00899999999999998,0.028,0.018,51.5,"36.9",9.707959807868493,-5.085821696739039,30.467633825199187,0.34328358208955223,36.890646614349954,30.693036265544798
99,665862,"Chisholm Jr., Jazz",352,28.1,0.05,0.075,0.059,0.125,0.075,0.11,0.11,2,40,86,8.4,2129,88.4,88.77,44,99,0,0.3999999999999915,6.55,117,144,111,150,293,326,296,"9.504","-9.504","67.5","7.9",40,18,1,0,0,1,22,55,0,0,2.53242,0.45691,0.42541,-0.35541,"90.6",142,27.77777777777778,0,0,5.76,-0.81,-0.13,2.09,0.05,0,"-9.6",0.11,0.145,"9.6",-0.06,-0.06,-0.02,-0.035,44.4,"38.1",15.34555772919398,-10.702823780825371,30.26040628876903,0.5157894736842106,36.499286933158935,32.968818296980125
9,669288,"Johnson, Daniel",32,28.1,0,0,0,0,0,0.157,0.168,0,4,94.1,11,2526,89.3,89.28,4,9,0,0,6.38,115,148,110,151,285,324,295,"1.052","-1.052","71.0","7.7",4,2,0,0,0,0,2,50,0,0,2.43,0.47111,0.08444,-0.1,"90.4",138,50,0,0,5.91,-1.2,0.05,2.1,0,0,"-11.688888889",0.168,0.2,"11.688888889",-0.168,-0.168,-0.2,-0.157,44.4,"41.8",14.275116285815287,-10.270447465827017,27.951065304678973,0.6666666666666666,37.19432121310192,34.111704571479585
83,543760,"Semien, Marcus",295,28.1,0.179,0.026,0.333,0.205,0.172,0.114,0.122,7,39,78.9,9.6,2301,87.8,87.79,36,83,0,0,6.39,107,151,119,145,300,322,292,"4.544","-4.544","62.2","8.0",39,21,6,1,0,0,18,46.2,0,0,2.70361,0.29952,0.08554,-0.08096,"88.9",142,9.523809523809524,0,0,5.72,-0.95,0.54,1.89,0.179,0,"-5.474698795",0.122,0.141,"5.474698795",0.057,0.056999999999999995,0.064,0.058,43.4,"36.3",15.694773212149986,-4.042158131526476,34.145180522408,0.5783132530120482,37.86444059348795,30.17348356148531
72,663616,"Larnach, Trevor",257,28,0.276,0.069,0.471,0.345,0.275,0.183,0.185,8,29,82,7.2,2167,88.5,88.65,34,72,0,0.20000000000000284,6.53,117,147,129,151,292,325,299,"0.965","-0.965","66.5","7.4",29,17,6,2,0,0,12,41.4,0,0,2.47139,0.4938,0.56625,-0.55125,"90.3",145,17.647058823529413,0,0,5.87,-0.91,-0.24,2.16,0.276,0,"-1.340277778",0.185,0.234,"1.340277778",0.091,0.09100000000000003,0.111,0.092,47.2,"38.7",8.680149220484237,-15.677990349062839,32.900121978370485,0.38571428571428573,37.62006930659503,38.843328559860545
97,695657,"Montgomery, Colson",346,28,0.051,0,0.133,0.051,0.046,0.092,0.091,2,39,81.9,10.5,2128,89,89.06,60,97,0,0.09999999999999432,6.39,115,144,124,150,294,327,299,"10.628","-10.628","72.5","7.8",39,15,2,0,0,0,24,61.5,0,0,2.54732,0.38158,0.45113,-0.34309,"89.6",125,20,0,0,5.76,-0.83,-0.21,2.23,0.051,0,"-10.956701031",0.091,0.123,"10.956701031",-0.04,-0.04,-0.072,-0.046,61.9,"35.8",14.747616370183747,-8.58410865732678,33.577212506392904,0.4270833333333333,38.23897534721303,33.87599634942632
58,553993,"Suárez, Eugenio",207,28,0.12,0.04,0.25,0.16,0.123,0.112,0.115,3,25,76.2,24.6,2368,88.7,88.81,30,58,0,0.09999999999999432,6.58,105,151,121,145,299,328,294,"2.902","-2.902","63.2","7.7",25,12,2,1,0,0,13,52,0,0,2.53638,0.4231,0.27155,-0.02431,"88.8",147,9.090909090909092,0,0,5.72,-0.55,0.47,2.07,0.12,0,"-5.003448276",0.115,0.143,"5.003448276",0.005,0.0049999999999999906,0.017,0.011,51.7,"38.6",17.11443522190168,-3.4558111158559983,37.96883110561758,0.38596491228070173,37.47022948389399,33.33064108740893
46,694377,"Yorke, Nick",164,28,0.091,0,0.154,0.091,0.082,0.149,0.152,2,22,74.6,20.6,2163,88.6,88.55,17,46,0,-0.09999999999999432,6.4,108,152,121,149,309,316,288,"4.521","-4.521","67.2","7.4",22,13,2,0,0,0,9,40.9,0,0,2.25522,0.71822,0.34761,-0.25065,"89.0",155,15.384615384615385,0,0,5.78,0.21,0.13,2.31,0.091,0,"-9.82826087",0.152,0.198,"9.82826087",-0.061,-0.061,-0.107,-0.067,37,"41.1",4.093246842848536,5.292751541282708,33.02794576630517,0.41304347826086957,35.28892949663563,25.042858713884737
24,678009,"Meadows, Parker",86,27.9,0.222,0,0.5,0.222,0.2,0.054,0.06,2,9,76.8,-1,2142,88.6,88.7,9,24,0,0.10000000000000853,6.43,110,144,108,151,293,326,292,"1.261","-1.261","68.0","7.4",9,4,2,0,0,0,5,55.6,0,0,2.76958,0.17625,0.52042,-0.52042,"88.1",54,0,0,0,5.73,-1.97,-0.33,2.07,0.222,0,"-5.254166667",0.06,0.064,"5.254166667",0.162,0.162,0.158,0.146,37.5,"37.2",9.460979457599374,-3.8650754499023607,29.6856858037904,0.4166666666666667,40.41842507167411,34.015805844036755
127,621566,"Olson, Matt",455,27.9,0.236,0.145,0.375,0.382,0.269,0.194,0.166,13,55,85.2,9.3,2289,87.5,87.8,47,127,0,0.29999999999999716,6.44,118,147,133,152,299,327,307,"4.633","-4.633","68.2","7.7",55,33,7,5,0,1,22,40,0,0,2.74913,0.34063,0.13583,-0.04575,"91.1",145,18.181818181818183,9.090909090909092,5.454545454545454,5.76,-0.54,0.08,1.93,0.236,3,"-3.648031496",0.166,0.29,"3.648031496",0.07,0.06999999999999998,0.092,0.075,37,"37.3",12.288753137917404,-5.288595121525572,35.52405491232711,0.38095238095238093,38.90634408823154,38.044313630510466
93,694384,"Schanuel, Nolan",335,27.8,0.171,0.143,0.25,0.314,0.21,0.135,0.138,6,35,77.9,15,2235,90.6,90.56,33,93,0,0,6.41,116,146,122,151,286,318,298,"3.631","-3.631","62.6","6.8",35,21,3,2,0,1,14,40,0,0,2.28602,0.5486,0.40387,-0.36516,"88.6",135,4.761904761904762,0,0,5.9,-1.38,-0.28,2.51,0.171,0,"-3.904301075",0.138,0.173,"3.904301075",0.033,0.033,0.141,0.075,35.5,"38.4",5.634017932357781,0.1652860988641008,31.99864431065061,0.46511627906976744,36.56203240009657,30.942722067596964
35,676439,"Feduccia, Hunter",126,27.8,0.182,0,0.4,0.182,0.164,0.156,0.16,2,11,77.4,-3.4,2217,90.2,90.63,13,35,0,0.3999999999999915,6.67,122,146,123,151,280,318,299,"2.097","-2.097","64.5","7.3",11,5,2,0,0,0,6,54.5,0,0,2.22371,0.61629,0.46857,-0.384,"88.6",128,20,0,0,5.92,-1.76,-0.16,2.16,0.182,0,"-5.991428571",0.16,0.197,"5.991428571",0.022,0.021999999999999992,-0.015,0.008,37.1,"39.2",14.024170284681558,-6.473554360161239,33.24826154736573,0.4411764705882353,34.93292832186783,34.332020803176114
61,700337,"Quero, Edgar",220,27.7,0,0,0,0,0,0.074,0.071,0,26,83.5,2.6,2286,90.1,90.07,27,61,0,0,6.41,111,148,122,150,292,321,298,"7.176","-7.176","64.1","6.8",26,13,0,0,0,0,13,50,0,0,2.07885,0.77984,0.45885,-0.45885,"90.1",100,7.6923076923076925,0,0,5.76,-0.46,0.02,2.3,0,0,"-11.763934426",0.071,0.1,"11.763934426",-0.071,-0.071,-0.1,-0.074,44.3,"34.5",7.19621259031476,6.734458760346147,26.643745582471205,0.5901639344262295,37.837360767220105,25.673569713413066
74,669224,"Wells, Austin",267,27.7,0.118,0.176,0.143,0.294,0.176,0.139,0.121,2,17,84.6,8.4,2263,89.2,89.66,32,74,0,0.5,6.59,118,147,120,152,288,322,297,"3.964","-3.964","66.5","7.6",17,8,1,0,0,1,9,52.9,0,0,2.43068,0.4827,0.27216,-0.20541,"91.0",149,25,0,0,5.89,-0.2,-0.01,2.35,0.118,0,"-5.356756757",0.121,0.205,"5.356756757",-0.003,-0.0030000000000000027,0.089,0.037,43.2,"39.7",13.588552703115697,-7.26127357851662,30.680862370339153,0.4520547945205479,32.103864684750505,29.435982396689354
13,676724,"Young, Jared",47,27.7,0.5,0,0.5,0.5,0.451,0.202,0.217,2,4,62.3,-14.5,2282,87.5,87.72,4,13,0,0.20000000000000284,6.59,111,144,115,149,295,324,302,"0.326","-0.326","70.0","7.5",4,4,2,0,0,0,0,0,0,0,3.01923,0.01077,-0.22538,0.22538,"88.8",88,0,0,0,5.53,-1.76,0.3,1.79,0.5,0,"-2.507692308",0.217,0.24,"2.507692308",0.283,0.28300000000000003,0.26,0.249,30.8,"35.8",11.122328475037552,-7.061482845445534,31.84575911077387,0.75,36.27937639209984,31.378170635881236
114,670541,"Alvarez, Yordan",411,27.7,0.196,0.078,0.281,0.275,0.208,0.249,0.23,10,51,88.4,16,2257,88.2,88.1,45,114,0,-0.10000000000000853,6.43,117,146,133,152,293,329,301,"4.955","-4.955","71.9","7.9",51,33,8,1,0,1,18,35.3,0,0,2.81018,0.19464,0.23237,-0.29781,"91.5",161,43.75,3.125,1.9607843137254901,5.77,-0.47,-0.08,1.87,0.196,1,"-4.346491228",0.23,0.349,"4.346491228",-0.034,-0.034,-0.074,-0.041,39.5,"37.6",13.326888700643364,-10.89218073333056,37.0377076733838,0.3893805309734513,38.91259080971225,39.32931658168642
28,596103,"Slater, Austin",101,27.7,0.091,0,0.25,0.091,0.082,0.052,0.054,1,11,78.7,5.5,2215,89.7,89.36,15,28,0,-0.29999999999999716,6.34,102,151,120,148,303,322,286,"2.322","-2.322","67.6","7.0",11,4,1,0,0,0,7,63.6,0,0,2.11357,0.76679,0.65893,-0.55107,"88.4",107,0,0,0,5.79,1.97,-0.04,2.41,0.091,0,"-8.292857143",0.054,0.061,"8.292857143",0.037,0.037,0.03,0.03,53.6,"38.1",13.790511392219967,-1.6959731706143775,34.247526596245805,0.42857142857142855,33.88727901891131,30.5905782513865
71,596019,"Lindor, Francisco",257,27.6,0.2,0.08,0.333,0.28,0.211,0.174,0.154,5,25,90,3.5,2078,89,89,31,71,0,0,6.39,119,149,116,151,293,320,296,"3.004","-3.004","70.6","7.6",25,15,3,2,0,0,10,40,0,0,2.4362,0.48957,0.71634,-0.71634,"90.5",105,40,13.333333333333334,8,5.69,-0.88,-0.09,1.84,0.2,2,"-4.230985915",0.154,0.252,"4.230985915",0.046,0.04600000000000001,0.028,0.037,43.7,"35.8",13.7123694664455,-3.1506113081813534,34.5182354267443,0.5588235294117647,36.67070480286445,31.190033962989993
67,608348,"Kelly, Carson",243,27.6,0.13,0,0.25,0.13,0.118,0.143,0.146,3,23,85.9,0.4,2271,89,89.21,32,67,0,0.20000000000000284,6.5,107,150,121,146,300,323,293,"5.167","-5.167","67.3","7.1",23,12,3,0,0,0,11,47.8,0,0,2.45179,0.48672,0.31045,-0.11433,"89.9",107,25,0,0,5.67,-0.18,0.09,2.06,0.13,0,"-7.711940299",0.146,0.186,"7.711940299",-0.016,-0.015999999999999986,-0.056,-0.025,47.8,"35.7",13.059469253531724,-6.177621980685217,34.148123913221255,0.41935483870967744,39.47718393991269,31.887813371739572
81,701807,"Benge, Carson",295,27.5,0.158,0.026,0.25,0.184,0.152,0.188,0.186,6,38,84,7.2,2186,89.3,89.26,28,81,0,0,6.38,114,147,117,151,291,324,302,"5.277","-5.277","66.0","6.4",38,24,5,1,0,0,14,36.8,0,0,2.34963,0.55963,0.50713,-0.53612,"90.4",131,29.166666666666668,4.166666666666666,2.631578947368421,5.83,-1.26,-0.31,2.22,0.158,1,"-6.514814815",0.186,0.247,"6.514814815",-0.028,-0.027999999999999997,-0.063,-0.036,34.6,"36.9",4.034028040199642,8.404246235773067,30.702251118298957,0.4375,38.56635447490005,31.14725105260771
103,624585,"Soler, Jorge",374,27.5,0.077,0,0.25,0.077,0.069,0.08,0.085,3,39,71.5,26.5,2448,87.8,87.65,71,103,0,-0.20000000000000284,6.33,109,152,123,146,303,324,295,"9.724","-9.724","69.0","8.4",39,12,3,0,0,0,27,69.2,0,0,2.68417,0.32728,0.03,-0.23252,"90.0",124,16.666666666666664,0,0,5.74,-0.78,0.42,2.02,0.077,0,"-9.440776699",0.085,0.098,"9.440776699",-0.008,-0.008000000000000007,-0.021,-0.011,68.9,"36.2",18.209488244779156,-15.094515583878211,34.08897257658326,0.36,43.25951058749614,34.56301023532677
61,668939,"Rutschman, Adley",222,27.5,0.292,0.167,0.35,0.458,0.326,0.239,0.246,7,24,81,10.3,2152,87.9,87.97,14,61,0,0.09999999999999432,6.45,111,147,126,149,298,322,290,"0.384","-0.384","66.8","7.2",24,20,3,4,0,0,4,16.7,0,0,2.65721,0.34951,0.47377,-0.47377,"90.2",119,25,0,0,5.54,-0.12,-0.01,2.17,0.292,0,"-0.629508197",0.246,0.3,"0.629508197",0.046,0.045999999999999985,0.158,0.087,23,"34.0",10.116105655842365,-8.678023599921552,32.50732846060883,0.4482758620689655,34.784852749044184,29.97784755951611
60,605170,"Caratini, Victor",220,27.3,0.125,0,0.375,0.125,0.113,0.093,0.1,3,24,79.6,0.9,2116,89.2,89.27,32,60,0,0.09999999999999432,6.42,111,147,124,148,296,322,293,"4.402","-4.402","68.1","7.0",24,8,3,0,0,0,16,66.7,0,0,2.27283,0.63183,0.52083,-0.52083,"89.3",108,12.5,0,0,5.94,-0.09,0.06,2.21,0.125,0,"-7.336666667",0.1,0.109,"7.336666667",0.025,0.024999999999999994,0.016,0.02,53.3,"42.0",10.009271651845928,3.8194053892070547,34.811812157435206,0.40350877192982454,37.321940801018314,33.49639530863442
34,592885,"Yelich, Christian",125,27.2,0.077,0,0.2,0.077,0.069,0.047,0.051,1,13,71.1,-26.4,2392,88.7,88.98,20,34,0,0.29999999999999716,6.46,110,147,118,150,293,323,301,"2.109","-2.109","65.8","7.5",13,5,1,0,0,0,8,61.5,0,0,2.44235,0.48824,0.07412,-0.30059,"88.6",81,20,0,0,5.68,-0.14,-0.06,1.8,0.077,0,"-6.202941176",0.051,0.054,"6.202941176",0.026,0.026000000000000002,0.023,0.022,58.8,"41.8",12.254075254137799,2.510156995501706,37.68742158712133,0.24242424242424243,39.04920781811454,29.78682996550837
43,680700,"Palacios, Richie",158,27.2,0.19,0.048,0.267,0.238,0.181,0.224,0.187,4,21,83.4,5.7,2216,89.4,89.5,16,43,0,0.09999999999999432,6.38,118,143,111,147,283,319,293,"1.885","-1.885","62.9","7.0",22,15,3,1,0,0,7,31.8,0,0,2.21512,0.6793,0.53698,-0.54023,"90.2",157,20,6.666666666666667,4.545454545454546,5.85,-1.35,-0.02,2.43,0.182,1,"-4.38372093",0.186,0.342,"4.38372093",0.003,-0.0040000000000000036,-0.104,-0.043,37.2,"36.8",6.420962191373583,-6.202336670530501,23.282163457787675,0.36585365853658536,35.8879267668941,28.633478958694532
71,650859,"Rengifo, Luis",262,27.1,0.133,0.033,0.19,0.167,0.133,0.204,0.199,4,30,81.6,1,2255,88.4,88.65,26,71,0,0.19999999999998863,6.5,113,146,112,147,289,318,294,"4.869","-4.869","68.0","7.3",30,21,3,1,0,0,9,30,0,0,2.51676,0.44282,0.21423,-0.21423,"90.6",127,33.33333333333333,4.761904761904762,3.3333333333333335,5.76,-0.24,-0.13,1.89,0.133,1,"-6.857746479",0.199,0.27,"6.857746479",-0.066,-0.066,-0.103,-0.071,36.6,"40.8",8.663860510317363,-1.3540302850795496,34.42982281621164,0.37681159420289856,33.66100247646989,29.386211515012143
93,661388,"Contreras, William",344,27,0.156,0.044,0.226,0.2,0.157,0.216,0.227,7,45,82.5,11.7,2280,88.8,88.98,33,93,0,0.20000000000000284,6.48,106,150,123,148,306,324,295,"7.338","-7.338","68.6","7.1",45,31,5,2,0,0,14,31.1,0,0,2.49731,0.58237,0.21473,0.16333,"90.6",123,25.806451612903224,0,0,5.75,-0.54,0,2.28,0.156,0,"-7.890322581",0.227,0.266,"7.890322581",-0.071,-0.07100000000000001,-0.066,-0.059,35.5,"38.7",10.921472464951222,-2.1811524937180633,26.861364202930584,0.5652173913043478,36.969916763990106,32.21326590847849
14,691783,"Lawlar, Jordan",52,26.9,0.167,0,0.333,0.167,0.15,0.187,0.206,1,6,68.3,27,2379,90.4,90.49,8,14,0,0.09999999999999432,6.37,105,151,121,146,298,324,296,"1.462","-1.462","58.8","6.8",6,3,1,0,0,0,3,50,0,0,2.22286,0.64692,0.075,-0.00071,"88.7",179,0,0,0,6.03,-1.17,-0.05,2.54,0.167,0,"-10.442857143",0.206,0.216,"10.442857143",-0.039,-0.03899999999999998,-0.049,-0.037,57.1,"42.3",13.283433797291591,-18.589660410204537,34.924977349095855,0.2857142857142857,35.34339562997386,31.397620957881806
51,665804,"Amaya, Miguel",190,26.8,0.238,0.19,0.444,0.429,0.289,0.189,0.162,5,21,78.6,24.7,2212,88.8,88.75,23,51,0,-0.09999999999999432,6.46,107,150,120,146,297,321,291,"1.097","-1.097","65.7","7.5",21,10,3,1,0,1,11,52.4,0,0,2.55431,0.54216,0.43157,-0.20333,"90.3",137,10,10,4.761904761904762,5.79,-0.18,0.19,2.15,0.238,1,"-2.150980392",0.162,0.281,"2.150980392",0.076,0.07599999999999998,0.148,0.1,45.1,"35.7",12.880363068089874,-9.582163186377244,33.06017205248342,0.66,38.551137475607156,27.646423766381574
82,670770,"Friedl, TJ",306,26.8,0.056,0.028,0.143,0.083,0.061,0.094,0.093,2,36,74,13.6,2163,89.9,89.93,44,82,0,0,6.46,113,145,107,152,288,321,295,"8.027","-8.027","64.4","6.6",36,14,1,1,0,0,22,61.1,0,0,2.30707,0.5611,0.69037,-0.62378,"88.7",142,7.6923076923076925,0,0,5.68,-1.16,-0.16,2.13,0.056,0,"-9.78902439",0.093,0.121,"9.78902439",-0.037,-0.037,-0.038,-0.033,53.7,"36.9",8.426763702538022,-8.778344044465417,29.135746596068785,0.6049382716049383,34.781814634587676,37.95301073628138
92,695600,"Jensen, Carter",345,26.7,0.135,0.027,0.385,0.162,0.132,0.107,0.112,5,37,80.6,12.3,2288,88.9,88.9,51,92,0,0,6.42,120,146,123,152,296,327,302,"6.712","-6.712","69.0","7.1",37,13,4,1,0,0,24,64.9,0,0,2.48446,0.4562,0.2263,-0.1963,"90.1",127,23.076923076923077,0,0,5.77,-1.5,-0.1,1.95,0.135,0,"-7.295652174",0.112,0.134,"7.295652174",0.023,0.023000000000000007,0.028,0.025,55.4,"37.7",5.684502019071505,-4.5080059956264265,24.12708053342324,0.45652173913043476,37.15413932452266,37.36386035959184
80,681393,"Norby, Connor",301,26.6,0.071,0.036,0.182,0.107,0.078,0.103,0.114,2,28,66.4,3.5,2342,88.8,88.67,42,80,0,-0.09999999999999432,6.41,101,151,121,146,302,318,289,"6.872","-6.872","64.0","7.1",28,11,1,1,0,0,17,60.7,0,0,2.42763,0.52287,0.28963,-0.17862,"89.0",104,0,0,0,5.68,-0.27,0.3,2.16,0.071,0,"-8.59",0.114,0.122,"8.59",-0.043,-0.04300000000000001,-0.015,-0.025,52.5,"37.1",19.00119073997077,2.46339369247048,39.16432478093823,0.25316455696202533,38.48774009846025,31.11765675463782
58,663993,"Lowe, Nathaniel",218,26.6,0.111,0.111,0.118,0.222,0.144,0.167,0.162,3,27,77.2,13.7,2284,89.7,89.74,18,58,0,0,6.46,122,147,127,151,293,326,302,"4.138","-4.138","69.0","7.5",27,18,2,0,0,1,9,33.3,0,0,2.36552,0.54121,0.43966,-0.37483,"89.9",133,26.666666666666668,0,0,5.72,-0.68,0.22,2.32,0.111,0,"-7.134482759",0.162,0.225,"7.134482759",-0.051,-0.051000000000000004,-0.003,-0.023,31,"35.6",9.108356671592155,2.345406801880106,30.997997777135446,0.631578947368421,35.859806201956985,29.466196684263405
67,682663,"Ramírez, Agustín",252,26.6,0.111,0,0.188,0.111,0.1,0.165,0.175,3,27,81.7,8.6,2357,87.6,87.43,37,67,0,-0.19999999999998863,6.44,107,151,124,146,305,320,289,"6.763","-6.763","70.9","8.0",27,16,3,0,0,0,11,40.7,0,0,2.67403,0.37258,0.14104,-0.02403,"92.4",129,12.5,0,0,5.67,-0.84,0.21,1.82,0.111,0,"-10.094029851",0.175,0.199,"10.094029851",-0.064,-0.06399999999999999,-0.088,-0.065,55.2,"37.2",13.008982929532527,-13.117571506802815,23.69180747017531,0.6417910447761194,42.70388749662593,37.300979220749866
94,677800,"Abreu, Wilyer",355,26.5,0.265,0.163,0.344,0.429,0.302,0.26,0.246,13,49,77.9,5.3,2196,88.5,88.55,31,94,0,0,6.42,116,147,126,152,284,323,302,"-0.39","0.39","69.0","7.1",49,34,10,0,1,2,15,30.6,0,0,2.49372,0.51064,0.42043,-0.24617,"90.3",138,23.52941176470588,2.941176470588235,2.0408163265306123,5.72,-0.75,0.11,2.06,0.265,1,"0.414893617",0.246,0.354,"-0.414893617",0.019,0.019000000000000017,0.075,0.042,33,"36.2",7.824584719362929,-0.0166526211145257,33.986400216742794,0.425531914893617,34.65653072703532,28.831379756134996
9,670097,"Short, Zack",34,26.5,0,0,0,0,0,0.011,0.012,0,3,27.5,79,2339,89.3,89.33,4,9,0,0,6.37,109,148,113,146,299,321,283,"0.69","-0.69","63.1","7.0",3,1,0,0,0,0,2,66.7,0,0,2.40667,0.48889,0.07556,0.24667,"90.7",97,0,0,0,5.95,-0.37,-0.61,1.8,0,0,"-7.666666667",0.012,0.012,"7.666666667",-0.012,-0.012,-0.012,-0.011,44.4,"44.9",13.710690356134302,-17.339427140809825,36.51211792147442,0.2222222222222222,29.16500549033728,37.83425122319102
71,702332,"Durbin, Caleb",268,26.5,0.235,0.176,0.259,0.412,0.281,0.201,0.194,8,34,76.4,8,2244,89,89.09,20,71,0,0.09999999999999432,6.36,106,150,111,146,288,316,286,"1.37","-1.37","63.4","6.6",34,28,4,3,0,1,6,17.6,0,0,2.39577,0.6769,0.49214,0.227,"90.3",120,22.22222222222222,0,0,5.66,-1.18,0.08,2.29,0.235,0,"-1.929577465",0.194,0.273,"1.929577465",0.041,0.04099999999999998,0.139,0.08,28.2,"35.5",7.770378774813535,-0.6396116177080311,27.1407005235706,0.6521739130434783,35.95087987508431,27.32326950361162
88,593428,"Bogaerts, Xander",333,26.4,0.171,0.029,0.273,0.2,0.165,0.199,0.211,6,35,78.8,11.5,2278,91,91.23,34,88,0,0.20000000000000284,6.53,108,151,123,145,300,322,292,"5.176","-5.176","63.8","7.0",35,22,5,1,0,0,13,37.1,0,0,2.27898,0.53736,0.53307,0.27943,"89.0",131,13.636363636363635,0,0,5.64,-1.26,-0.04,2.41,0.171,0,"-5.881818182",0.211,0.241,"5.881818182",-0.04,-0.03999999999999998,-0.041,-0.034,38.6,"35.2",9.097435862636566,0.4621431895793677,32.88063500193835,0.4155844155844156,36.18853621433957,30.145248127336558
86,650490,"Díaz, Yandy",327,26.3,0.268,0.024,0.324,0.293,0.251,0.258,0.272,11,41,79.4,11.7,2248,88.3,88.54,19,86,0,0.20000000000000284,6.5,108,151,126,148,304,326,291,"2.523","-2.523","67.9","8.0",41,34,10,1,0,0,7,17.1,0,0,2.45174,0.5186,0.15718,-0.23694,"90.6",143,14.705882352941178,0,0,5.85,-0.34,0.14,2.29,0.268,0,"-2.93372093",0.272,0.314,"2.93372093",-0.004,-0.0040000000000000036,-0.021,-0.007,22.1,"39.0",3.825310858744455,8.758512929968507,22.192459994814197,0.49411764705882355,39.81376556455881,27.840018591431487
96,542303,"Ozuna, Marcell",367,26.2,0.128,0.077,0.211,0.205,0.146,0.171,0.153,5,39,83.6,26.5,2309,88.6,88.71,50,96,0,0.10000000000000853,6.38,106,152,122,146,307,321,293,"7.318","-7.318","70.5","7.6",39,20,4,0,0,1,19,48.7,0,0,2.53458,0.40579,0.17505,-0.06347,"90.5",155,15,5,2.564102564102564,5.77,-0.46,0.25,1.97,0.128,1,"-7.622916667",0.153,0.247,"7.622916667",-0.025,-0.024999999999999994,-0.042,-0.025,52.1,"38.8",17.818575187298695,-7.867394839902696,37.91812192017918,0.3763440860215054,37.306068139823594,35.563117320121115
88,606192,"Hernández, Teoscar",336,26.2,0.208,0.042,0.385,0.25,0.204,0.174,0.185,10,48,82.7,3.2,2226,88.8,89.01,42,88,0,0.20000000000000284,6.37,106,152,125,147,303,324,297,"5.958","-5.958","68.0","7.6",48,26,8,2,0,0,22,45.8,0,0,2.44784,0.5083,0.34148,0.02648,"90.9",125,20,0,0,5.72,-0.58,-0.06,2.21,0.208,0,"-6.770454545",0.185,0.214,"6.770454545",0.023,0.022999999999999993,0.036,0.03,47.7,"38.6",12.022192272178314,0.9299351531897821,34.243201109955706,0.5172413793103449,37.464552275427096,30.390469851854277
110,671056,"Herrera, Iván",420,26.2,0.149,0.043,0.25,0.191,0.15,0.105,0.111,7,47,80.8,4,2207,89.2,89.31,43,110,0,0.09999999999999432,6.46,108,151,123,147,311,325,294,"8.937","-8.937","70.3","7.7",47,28,5,2,0,0,19,40.4,0,0,2.44264,0.47817,0.36009,0.14536,"90.3",114,21.428571428571427,0,0,5.72,-0.52,0.15,2.24,0.149,0,"-8.124545455",0.111,0.129,"8.124545455",0.038,0.03799999999999999,0.062,0.045,39.1,"38.7",7.938089775754122,-1.8200080072601719,29.090539752240677,0.4392523364485981,37.04558006889272,33.5461004409662
12,664238,"Moore, Dylan",46,26.1,0,0,,0,0,0,,0,4,,,2161,89.5,89.44,6,12,0,-0.09999999999999432,6.17,111,154,123,148,295,321,292,"1.05","-1.05","68.8","7.1",4,0,0,0,0,0,4,100,0,0,2.09667,0.7625,0.615,-0.225,"90.0",195,,,,5.91,1.22,-0.49,2.28,0,,"-8.75",,,"8.75",,,,0,50,"37.5",12.387801678322573,-17.511972771087756,31.123146949897524,0.4166666666666667,32.58490200191661,32.22993257384112
94,656305,"Chapman, Matt",361,26,0.152,0.043,0.28,0.196,0.154,0.128,0.129,7,46,84.5,7.8,2231,89,89.15,42,94,0,0.09999999999999432,6.45,104,149,122,145,302,323,292,"7","-7","70.9","7.4",46,25,5,2,0,0,21,45.7,0,0,2.51713,0.42215,0.27957,0.06383,"90.8",104,25,0,0,5.86,-0.77,0.22,2.3,0.152,0,"-7.446808511",0.129,0.165,"7.446808511",0.023,0.022999999999999993,0.031,0.026,44.7,"37.8",5.13450503600172,-2.2832651491978857,24.142853015195445,0.4725274725274725,39.287722303583166,26.19550860297437
107,624413,"Alonso, Pete",414,25.8,0.104,0.042,0.227,0.146,0.11,0.137,0.127,5,48,87.6,4.6,2375,87.8,87.67,56,107,0,-0.09999999999999432,6.4,109,152,126,147,305,327,292,"9.964","-9.964","69.3","7.3",48,22,3,2,0,0,26,54.2,0,0,2.80121,0.21991,0.03514,-0.18972,"90.6",130,18.181818181818183,4.545454545454546,2.083333333333333,5.73,-1.11,0.27,2.08,0.104,1,"-9.312149533",0.127,0.193,"9.312149533",-0.023,-0.023000000000000007,-0.047,-0.027,52.3,"37.7",13.447204038393107,-2.4057455338201175,33.294901779357645,0.6116504854368932,38.12400521368327,30.439356248087563
24,701678,"Lee, Hao-Yu ",93,25.8,0.167,0,0.4,0.167,0.15,0.092,0.1,2,12,74.4,-10,2354,88.7,88.81,16,24,0,0.09999999999999432,6.42,109,151,122,148,297,326,288,"1.556","-1.556","61.6","6.9",12,5,2,0,0,0,7,58.3,0,0,2.30292,0.66478,0.16208,-0.27375,"89.2",98,20,0,0,5.59,-0.15,0.06,2.05,0.167,0,"-6.483333333",0.1,0.11,"6.483333333",0.067,0.067,0.057,0.058,66.7,"39.6",7.429811608377046,3.88076218629427,24.39333176615665,0.4583333333333333,36.10402711372027,27.44019557800302
104,683737,"Busch, Michael",405,25.7,0.122,0.024,0.25,0.146,0.119,0.121,0.125,5,41,73.5,2.9,2283,90,90.11,47,104,0,0.09999999999999432,6.44,115,145,120,150,293,325,301,"7.964","-7.964","60.8","6.8",41,20,4,1,0,0,21,51.2,0,0,2.24317,0.60683,0.43602,-0.1065,"90.2",101,5,5,2.4390243902439024,5.64,-0.66,0.21,2.24,0.122,1,"-7.657692308",0.125,0.153,"7.657692308",-0.003,-0.0030000000000000027,-0.007,-0.002,45.2,"36.3",15.88036229942985,-2.6482373268679593,35.08698837293151,0.44660194174757284,34.43396239927537,32.67167547619596
61,694728,"Matthews, Brice",237,25.7,0.08,0,0.25,0.08,0.072,0.055,0.056,2,25,72.9,15.7,2244,88.9,88.93,40,61,0,0,6.42,106,152,112,146,294,321,287,"6.031","-6.031","65.7","7.1",25,8,2,0,0,0,17,68,0,0,2.41377,0.54067,0.27197,-0.08738,"88.4",162,0,0,0,5.78,-0.4,0.27,2.1,0.08,0,"-9.886885246",0.056,0.07,"9.886885246",0.024,0.024,0.01,0.017,65.6,"38.8",14.152441688568322,-2.487259765713567,32.0980418250025,0.2459016393442623,36.451242841278976,32.56835282719908
80,683083,"Nuñez, Nasim",311,25.7,0.1,0,0.188,0.1,0.09,0.114,0.117,3,30,77.9,0.6,2227,89,89.06,33,80,0,0.09999999999999432,6.47,111,146,105,147,286,313,292,"6.731","-6.731","59.2","6.4",31,17,3,0,0,0,14,45.2,0,0,2.38562,0.54278,0.40262,-0.40262,"89.0",116,11.76470588235294,0,0,5.73,-0.61,0.04,2.16,0.1,0,"-8.41375",0.117,0.147,"8.41375",-0.017,-0.017,-0.047,-0.024,41.3,"36.2",3.5880577301666174,8.32998486157862,30.50678668304966,0.43037974683544306,37.19626044210029,25.53826929084563
22,691011,"Romo, Drew",86,25.6,0,0,0,0,0,0.048,0.051,0,11,66.1,-25.3,2124,89.6,89.41,12,22,0,-0.19999999999998863,6.28,120,146,116,149,291,322,295,"1.919","-1.919","60.3","7.0",11,4,0,0,0,0,7,63.6,0,0,2.50136,0.38364,0.59591,-0.59591,"88.6",73,0,0,0,5.69,-1.24,0.08,2.23,0,0,"-8.722727273",0.051,0.055,"8.722727273",-0.051,-0.051,-0.055,-0.048,54.5,"35.5",12.424004725265252,-1.372866069131711,32.93455220237088,0.4090909090909091,35.56846478764952,31.208788175562773
57,670764,"Walls, Taylor",223,25.6,0.167,0.042,0.333,0.208,0.166,0.143,0.142,4,24,70.8,7.8,2169,90.3,90.55,22,57,0,0.20000000000000284,6.56,105,146,105,147,283,318,290,"3.305","-3.305","58.5","6.6",25,13,3,1,0,0,12,48,0,0,2.20456,0.63,0.52439,-0.52439,"89.0",125,15.384615384615385,0,0,5.8,-0.24,0.08,2.34,0.167,0,"-5.798245614",0.142,0.188,"5.798245614",0.025,0.025000000000000022,0.02,0.023,38.6,"40.3",13.42502244215502,-3.576803681640757,33.04399934057895,0.5,35.11581217083895,27.465594341123047
51,666310,"Naylor, Bo",199,25.6,0.115,0.077,0.2,0.192,0.133,0.26,0.203,3,26,91.5,22.8,2199,88.3,88.4,18,51,0,0.10000000000000853,6.5,121,146,122,152,290,320,299,"3.418","-3.418","68.2","7.9",26,15,1,2,0,0,11,42.3,0,0,2.62608,0.353,0.3044,-0.2644,"92.0",152,46.666666666666664,13.333333333333334,7.6923076923076925,5.63,-1.41,0.24,1.94,0.115,2,"-6.701960784",0.203,0.411,"6.701960784",-0.088,-0.08800000000000001,-0.219,-0.127,35.3,"33.5",13.092548572161393,-12.085255566138807,31.776402396492006,0.43137254901960786,37.63928368410727,36.25028876451206
54,543807,"Springer, George",212,25.5,0.056,0,0.125,0.056,0.05,0.186,0.157,1,18,74.3,6.3,2337,88.5,88.64,29,54,0,0.09999999999999432,6.44,106,151,123,146,302,327,293,"4.956","-4.956","64.2","7.5",18,8,1,0,0,0,10,55.6,0,0,2.48259,0.48942,0.04685,-0.15093,"89.1",127,12.5,12.5,5.555555555555555,5.71,-0.84,0.5,2.12,0.056,1,"-9.177777778",0.157,0.278,"9.177777778",-0.101,-0.101,-0.222,-0.136,53.7,"37.7",11.32768728537736,0.3236701720172481,33.58429848485585,0.4339622641509434,40.7554533680847,22.605272832903438
65,630105,"Cronenworth, Jake",255,25.5,0.04,0,0.1,0.04,0.036,0.074,0.08,1,25,76.1,-0.4,2184,89.8,89.63,35,65,0,-0.20000000000000284,6.43,115,148,112,150,285,322,304,"6.138","-6.138","67.1","7.5",25,10,1,0,0,0,15,60,0,0,2.47738,0.40538,0.49635,-0.35825,"89.9",107,10,0,0,5.64,-1.13,0.08,1.86,0.04,0,"-9.443076923",0.08,0.088,"9.443076923",-0.04,-0.04,-0.048,-0.038,53.8,"35.2",12.462909868522345,-8.577306717321113,33.30776362402542,0.2727272727272727,36.81058305307533,34.40509282052787
60,592626,"Pederson, Joc",236,25.4,0.036,0.036,0.071,0.071,0.044,0.082,0.067,1,28,82.4,12.4,2058,89.1,89.34,31,60,0,0.20000000000000284,6.6,120,146,123,151,297,326,302,"6.94","-6.94","62.6","7.2",29,14,0,1,0,0,15,51.7,0,0,2.51817,0.42119,0.28467,-0.20467,"90.5",184,28.57142857142857,0,0,5.72,-1.66,-0.24,2.28,0.034,0,"-11.566666667",0.066,0.127,"11.566666667",-0.031,-0.032,-0.056,-0.038,51.7,"36.9",7.2264268514794505,3.9678177227298295,27.753709602744223,0.5,35.63916940505782,24.503441271720522
30,602104,"Urías, Ramón",118,25.4,0,0,0,0,0,0.053,0.055,0,14,79.1,22.5,2285,89.2,88.93,10,30,0,-0.29999999999999716,6.22,104,150,119,146,309,321,290,"3.641","-3.641","62.8","7.0",14,10,0,0,0,0,4,28.6,0,0,2.47767,0.43467,0.37833,0.04967,"88.5",71,0,0,0,5.76,-0.63,-0.12,2.18,0,0,"-12.136666667",0.055,0.067,"12.136666667",-0.055,-0.055,-0.067,-0.053,33.3,"39.3",13.129607959878614,7.224926706476158,30.146730307703123,0.8,35.121000070322715,26.964276125822586
88,691026,"Winn, Masyn",346,25.4,0.119,0.048,0.185,0.167,0.124,0.161,0.175,5,42,77,12.3,2308,88.1,88.26,32,88,0,0.20000000000000284,6.39,110,151,116,147,305,319,290,"4.378","-4.378","64.6","7.3",42,27,4,0,1,0,15,35.7,0,0,2.63614,0.3542,0.06125,0.0117,"89.1",118,11.11111111111111,0,0,5.67,-0.99,0.31,2.16,0.119,0,"-4.975",0.175,0.194,"4.975",-0.056,-0.055999999999999994,-0.027,-0.037,36.4,"36.4",6.286370746608313,-1.085577417271131,26.411721731064564,0.4367816091954023,35.65790382252725,32.66565235600197
46,680977,"Donovan, Brendan",182,25.3,0.136,0.045,0.231,0.182,0.14,0.17,0.183,3,22,75.6,10,2273,89.7,89.77,18,46,0,0.09999999999999432,6.47,120,147,119,153,288,320,300,"3.957","-3.957","64.1","6.9",22,13,2,1,0,0,9,40.9,0,0,2.39957,0.48065,0.45696,-0.43652,"89.5",116,16.666666666666664,0,0,5.83,-1.06,-0.12,2.02,0.136,0,"-8.602173913",0.183,0.205,"8.602173913",-0.047,-0.046999999999999986,-0.023,-0.03,39.1,"39.7",10.824253763156536,0.15522678750781282,29.309448336285808,0.5869565217391305,38.295192184939225,24.725050254676166
87,660670,"Acuña Jr., Ronald",344,25.3,0.195,0.122,0.286,0.317,0.216,0.184,0.178,8,41,81,13,2167,90.5,90.89,35,87,0,0.4000000000000057,6.51,109,151,123,147,310,329,301,"5.013","-5.013","69.6","7.5",42,28,4,3,1,0,14,33.3,0,0,2.14391,0.66954,0.51609,0.28598,"90.6",95,21.428571428571427,3.571428571428571,2.380952380952381,5.86,-0.91,-0.17,2.09,0.19,1,"-5.762068966",0.183,0.227,"5.762068966",0.017,0.007000000000000006,0.09,0.032,40.2,"39.4",9.67588445119403,5.0781143096392505,39.34801317356797,0.4523809523809524,31.742201206415583,31.291808527174478
23,677870,"Jiménez, Leo",91,25.3,0.143,0.143,0.167,0.286,0.16,0.413,0.213,1,7,91.9,7.5,2209,89.1,88.67,6,23,0,-0.3999999999999915,6.21,111,150,121,146,302,320,286,"1.275","-1.275","69.3","7.5",8,6,0,1,0,0,2,25,0,0,2.23522,0.69391,0.33435,-0.25522,"91.5",189,66.66666666666666,33.33333333333333,25,5.67,0.66,0.33,2.13,0.125,2,"-5.543478261",0.25,0.624,"5.543478261",-0.07,-0.125,-0.338,-0.253,26.1,"37.7",7.497784286922834,-0.8915928494196632,28.01106001764645,0.5652173913043478,40.971134964731824,31.817486555701638
116,592450,"Judge, Aaron",461,25.2,0.098,0.024,0.222,0.122,0.097,0.112,0.12,4,41,78.1,2.3,2248,87.8,87.65,63,116,0,-0.20000000000000284,6.47,107,153,126,147,306,333,296,"8.46","-8.46","69.3","8.0",41,18,3,1,0,0,23,56.1,0,0,2.66112,0.35852,0.26826,0.09574,"91.0",110,27.77777777777778,0,0,5.82,-0.74,-0.14,2.3,0.098,0,"-7.293103448",0.12,0.134,"7.293103448",-0.022,-0.021999999999999992,-0.012,-0.015,54.3,"40.7",12.670047305842358,-6.0102295731487265,39.006563277220756,0.3274336283185841,40.873041411996354,30.26785643329466
83,571970,"Muncy, Max",331,25.1,0.161,0,0.455,0.161,0.145,0.139,0.146,5,31,81.6,6.5,2213,88.2,88.47,42,83,0,0.29999999999999716,6.4,118,146,126,152,295,324,303,"5.591","-5.591","67.3","7.0",31,11,5,0,0,0,20,64.5,0,0,2.63988,0.33063,0.26108,-0.29916,"88.6",117,18.181818181818183,0,0,5.72,-0.44,-0.2,2.06,0.161,0,"-6.736144578",0.146,0.172,"6.736144578",0.015,0.015000000000000013,-0.011,0.006,50.6,"35.7",17.479938094964957,-8.374585946055081,32.693386706770745,0.43037974683544306,40.30101434314168,39.1699846439848
8,671286,"Rodríguez, Johnathan",32,25,0,0,,0,0,0,,0,3,,,2198,86.5,86.43,4,8,0,-0.09999999999999432,6.46,113,153,128,149,299,326,299,"0.829","-0.829","70.4","8.5",3,0,0,0,0,0,3,100,0,0,3.05125,0.03875,0.28625,-0.28625,"88.1",55,,,,5.61,1.09,0.03,1.62,0,,"-10.3625",,,"10.3625",,,,0,50,"42.4",11.949245222276222,-9.812867671884582,32.75754243970509,0.625,38.93976850924177,37.10378225245088
15,691788,"Mack, Joe",60,25,0,0,0,0,0,0.001,0.001,0,5,67.8,74,2191,84.5,84.42,7,15,0,-0.09999999999999432,6.37,113,147,125,152,296,320,296,"1.418","-1.418","71.9","7.8",5,1,0,0,0,0,4,80,0,0,3.158,0.08133,0.07733,-0.32133,"88.0",89,0,0,0,5.69,-0.48,-0.21,1.7,0,0,"-9.453333333",0.001,0.002,"9.453333333",-0.001,-0.001,-0.002,-0.001,46.7,"36.7",17.59031310010299,-10.76905732764291,31.43949320832479,0.4,37.403965596573016,36.73709581635345
11,690984,"Halpin, Petey",44,25,0,0,0,0,0,0.024,0.021,0,4,86.8,31.5,2544,84.7,84.38,7,11,0,-0.29999999999999716,6.09,106,137,97,144,284,322,297,"1.228","-1.228","64.3","8.5",4,2,0,0,0,0,2,50,0,0,3.15182,0.05545,-0.20182,0.12727,"89.0",151,0,0,0,6.09,-0.58,-0.25,1.51,0,0,"-11.163636364",0.021,0.04,"11.163636364",-0.021,-0.021,-0.04,-0.024,63.6,"39.8",12.096783482168005,-18.364174405828226,36.915895018399695,0.36363636363636365,36.145130088277824,37.70728430729263
12,694362,"Dunn, Blake",48,25,0.167,0,0.25,0.167,0.15,0.215,0.23,1,6,62.1,23.8,2344,88,87.82,5,12,0,-0.20000000000000284,6.3,99,151,106,149,304,320,282,"1.554","-1.554","58.5","6.0",6,4,1,0,0,0,2,33.3,0,0,2.5625,0.47909,0.14917,0.03083,"88.6",147,0,0,0,5.75,0.15,0.16,2.37,0.167,0,"-12.95",0.23,0.267,"12.95",-0.063,-0.063,-0.1,-0.065,41.7,"38.1",3.7710877695269778,16.23486769392407,29.293718771337396,0.5,38.889279805126975,31.972642599093565
71,689414,"Hicks, Liam",285,24.9,0.303,0.091,0.346,0.394,0.309,0.28,0.273,10,33,78.9,18,2189,89.1,89.07,18,71,0,0,6.39,116,145,117,149,287,316,298,"0.04","-0.04","61.5","6.5",33,27,9,0,0,1,6,18.2,0,0,2.30324,0.61845,0.44423,-0.48732,"89.6",153,14.814814814814813,3.7037037037037033,3.0303030303030303,5.7,-0.86,-0.29,2.34,0.303,1,"-0.056338028",0.273,0.375,"0.056338028",0.03,0.02999999999999997,0.019,0.029,25.4,"38.2",5.214398025021958,-3.793645139833222,30.684474290694702,0.42028985507246375,36.67285159031406,28.365507551072596
67,696285,"Young, Jacob",269,24.9,0.276,0.276,0.333,0.552,0.357,0.277,0.265,8,29,77.9,14.1,2264,88.5,88.79,27,67,0,0.29999999999999716,6.46,104,149,108,147,302,318,287,"-0.109","0.109","63.9","7.0",30,21,4,2,0,2,9,30,0,0,2.53119,0.40537,0.37224,-0.11045,"89.5",130,19.047619047619047,9.523809523809524,6.666666666666667,5.78,-0.49,-0.1,2.14,0.276,2,"0.162686567",0.265,0.381,"-0.162686567",0.011,0.01100000000000001,0.171,0.08,40.3,"35.1",10.278315214482845,-0.3556312634587425,30.85425464188118,0.5076923076923077,39.874156282814866,28.6083528480167
87,691720,"Karros, Kyle",351,24.8,0.235,0.088,0.444,0.324,0.246,0.199,0.212,8,34,78.4,17.2,2337,88.5,88.71,44,87,0,0.20000000000000284,6.4,108,151,121,147,305,325,290,"3.895","-3.895","64.9","7.0",34,18,5,3,0,0,16,47.1,0,0,2.44747,0.54663,0.20453,-0.17895,"89.5",137,11.11111111111111,0,0,5.76,-0.33,0.09,2.44,0.235,0,"-4.477011494",0.212,0.242,"4.477011494",0.023,0.022999999999999993,0.082,0.047,50.6,"35.7",8.291722337647771,-5.120497451329821,35.969701571735904,0.38823529411764707,38.31210508600234,28.55034158732605
100,682985,"Greene, Riley",403,24.8,0.268,0.122,0.5,0.39,0.289,0.207,0.186,11,41,81.6,6.8,2183,88.4,88.51,51,100,0,0.09999999999999432,6.43,121,147,126,152,293,329,300,"2.885","-2.885","71.0","7.3",41,21,8,2,0,1,20,48.8,0,0,2.5111,0.4531,0.488,-0.3598,"91.2",124,23.809523809523807,9.523809523809524,4.878048780487805,5.68,-0.77,-0.05,2.11,0.268,2,"-2.885",0.186,0.298,"2.885",0.082,0.08200000000000002,0.092,0.082,51,"37.4",15.45935034426899,-0.3619739965110226,44.08801551334072,0.28865979381443296,34.06062710138939,33.83862537264718
41,687093,"Grissom, Vaughn",166,24.7,0.313,0,0.385,0.313,0.282,0.244,0.257,5,16,82.3,4.7,2229,88.1,87.8,16,41,0,-0.29999999999999716,6.26,107,152,123,148,304,321,287,"0.451","-0.451","66.2","7.8",16,13,5,0,0,0,3,18.8,0,0,2.54561,0.44683,0.44805,-0.21195,"90.0",123,23.076923076923077,0,0,6.01,0.44,0.49,2.09,0.313,0,"-1.1",0.257,0.304,"1.1",0.056,0.055999999999999994,0.009,0.038,39,"39.3",13.53017181562731,-4.344194656039432,35.798677678469524,0.48717948717948717,41.79239014838517,29.931113996490836
86,663656,"Tucker, Kyle",350,24.6,0.129,0.065,0.235,0.194,0.136,0.178,0.176,4,31,81.3,14.7,2165,89.2,89.44,40,86,0,0.20000000000000284,6.41,119,146,125,152,296,323,301,"5.966","-5.966","61.6","7.5",32,17,2,2,0,0,15,46.9,0,0,2.53047,0.36523,0.45988,-0.30058,"90.6",114,29.411764705882355,0,0,5.76,-0.95,-0.08,2,0.125,0,"-6.937209302",0.177,0.212,"6.937209302",-0.047,-0.05199999999999999,-0.018,-0.042,46.5,"36.9",12.046990012581432,-8.411204742553162,36.15751201967867,0.3764705882352941,37.02627098989351,29.750731057610455
89,805367,"Meidroth, Chase",362,24.6,0.146,0.073,0.238,0.22,0.157,0.112,0.094,6,41,77.2,1.7,2232,89.7,89.76,32,89,0,0.09999999999999432,6.37,107,149,111,147,303,321,288,"6.133","-6.133","59.8","6.2",43,23,5,0,0,1,20,46.5,0,0,2.29809,0.58292,0.50404,0.28135,"90.7",123,13.043478260869565,4.3478260869565215,2.3255813953488373,5.83,-0.81,-0.08,2.31,0.143,1,"-6.891011236",0.101,0.138,"6.891011236",0.052,0.04199999999999998,0.082,0.045,36,"39.2",8.273515062919234,4.347054646925418,31.20772955899396,0.5057471264367817,35.14583657925238,28.26711551359269
111,656941,"Schwarber, Kyle",452,24.6,0.156,0.2,0.357,0.356,0.218,0.144,0.126,7,45,89.6,26.6,2222,88,88.14,61,111,0,0.09999999999999432,6.4,120,146,130,152,299,329,297,"5.325","-5.325","68.8","7.6",45,16,2,3,0,2,29,64.4,0,0,2.77108,0.21883,0.26586,-0.21649,"91.7",126,31.25,6.25,2.2222222222222223,5.68,-0.48,-0.07,1.77,0.156,1,"-4.797297297",0.126,0.211,"4.797297297",0.03,0.03,0.145,0.074,55,"34.3",16.90280675664825,-13.691545297614825,29.665607813444968,0.6095238095238096,34.75856076596669,38.30888387656513
100,682829,"De La Cruz, Elly",408,24.5,0.238,0.119,0.391,0.357,0.261,0.196,0.192,10,42,89.9,15,2225,87.7,87.75,54,100,0,0,6.48,111,147,119,150,296,328,301,"4.118","-4.118","70.3","7.1",42,24,7,2,0,1,18,42.9,0,0,2.848,0.17717,0.2986,-0.2986,"91.8",149,33.33333333333333,4.166666666666666,2.380952380952381,5.74,-0.77,0,1.98,0.238,1,"-4.118",0.192,0.261,"4.118",0.046,0.045999999999999985,0.096,0.065,54,"36.7",11.449849280516707,-3.958372233099829,35.1313510341246,0.45918367346938777,36.12577597745474,39.80484019621597
52,687363,"Scott II, Victor",213,24.4,0.05,0,0.333,0.05,0.045,0.045,0.049,1,20,69.4,-41,2170,87,86.83,38,52,0,-0.20000000000000284,6.36,108,146,94,149,288,318,301,"5.119","-5.119","63.9","6.7",20,3,1,0,0,0,17,85,0,0,2.94519,0.125,0.1925,-0.06904,"89.1",58,0,0,0,5.56,-1.07,0.09,1.7,0.05,0,"-9.844230769",0.049,0.053,"9.844230769",0.001,0.0010000000000000009,-0.003,0,73.1,"33.9",12.480897654551049,-7.551281185848338,33.9857791026078,0.49019607843137253,32.58943596428422,33.84552485340828
33,655316,"Monasterio, Andruw",135,24.4,0.091,0.091,0.167,0.182,0.116,0.104,0.096,1,11,66.9,29.3,2116,88.6,88.12,12,33,0,-0.5,6.18,105,148,112,140,289,319,287,"2.059","-2.059","64.9","7.0",11,6,0,1,0,0,5,45.5,0,0,2.70182,0.34656,0.47182,-0.04394,"89.0",135,16.666666666666664,0,0,5.78,-0.01,0.27,1.99,0.091,0,"-6.239393939",0.096,0.144,"6.239393939",-0.005,-0.0050000000000000044,0.038,0.012,36.4,"38.7",13.707991967172227,-1.4987131204631323,34.79246953319765,0.5151515151515151,36.9594475321307,36.66302447992747
99,672960,"Okamoto, Kazuma",405,24.4,0.114,0,0.364,0.114,0.103,0.081,0.087,4,35,74.7,11.7,2291,88.4,88.48,58,99,0,0.09999999999999432,6.47,106,152,125,147,302,328,292,"7.19","-7.19","65.1","8.0",35,11,4,0,0,0,24,68.6,0,0,2.56818,0.40657,0.18222,0.11677,"90.8",91,9.090909090909092,0,0,5.74,-1.49,0.24,2.03,0.114,0,"-7.262626263",0.087,0.1,"7.262626263",0.027,0.02700000000000001,0.014,0.022,58.6,"38.1",16.94848450433046,-9.371595837972304,29.695854197371304,0.375,38.49334535644048,31.95896166133749
17,681546,"Outman, James",70,24.3,0.091,0,0.25,0.091,0.082,0.108,0.116,1,11,78.4,-6.8,2194,86.4,86.59,12,17,0,0.19999999999998863,6.6,116,142,115,148,291,324,294,"1.896","-1.896","66.2","8.3",11,4,1,0,0,0,7,63.6,0,0,3.10647,0,0.27824,-0.35471,"89.8",46,25,0,0,5.65,-1.93,-0.06,1.44,0.091,0,"-11.152941176",0.116,0.13,"11.152941176",-0.025,-0.02500000000000001,-0.039,-0.026,70.6,"33.2",22.59905666134112,-13.633517743860503,36.16436979256819,0.3125,37.45731297573711,38.86578605876095
44,681807,"Fry, David",182,24.2,0.125,0,0.25,0.125,0.113,0.163,0.176,2,16,87.5,2.1,2206,87.5,87.62,17,44,0,0.09999999999999432,6.51,104,149,120,144,298,320,288,"3.818","-3.818","64.5","8.8",16,8,2,0,0,0,8,50,0,0,2.58864,0.455,0.46114,-0.16386,"90.8",88,37.5,0,0,5.77,0.67,0.27,2,0.125,0,"-8.677272727",0.176,0.196,"8.677272727",-0.051,-0.05099999999999999,-0.071,-0.05,38.6,"36.6",16.833422081756407,-4.182710484518283,31.085359458585007,0.5853658536585366,44.08187712159211,25.80470982591311
80,668715,"Steer, Spencer",330,24.2,0.132,0.079,0.238,0.211,0.149,0.116,0.12,5,38,79.7,20.8,2324,88.9,89.07,34,80,0,0.19999999999998863,6.51,105,152,118,146,302,325,292,"5.941","-5.941","66.6","7.3",38,21,2,3,0,0,17,44.7,0,0,2.486,0.45438,0.29595,0.18,"90.1",144,5.263157894736842,0,0,5.68,-1.07,0.11,2.11,0.132,0,"-7.42625",0.12,0.147,"7.42625",0.012,0.01200000000000001,0.064,0.033,42.5,"36.0",13.274570135120939,-0.5415122816258882,29.32986208274688,0.5769230769230769,35.98558359242736,29.998165121833505
70,671732,"Butler, Lawrence",289,24.2,0.054,0,0.118,0.054,0.049,0.122,0.128,2,37,85.5,-1.4,2129,88,87.91,33,70,0,-0.09999999999999432,6.36,118,145,115,151,292,323,302,"8.723","-8.723","67.9","7.2",37,17,2,0,0,0,20,54.1,0,0,2.75286,0.34319,0.45429,-0.20343,"93.1",122,41.17647058823529,0,0,5.66,-1.25,0.09,2.16,0.054,0,"-12.461428571",0.128,0.15,"12.461428571",-0.074,-0.07400000000000001,-0.096,-0.073,47.1,"34.2",7.901063077654862,1.767218393974995,31.898087094858273,0.391304347826087,38.87013851729216,27.231312471428666
13,666211,"Trammell, Taylor",54,24.1,0.286,0,0.667,0.286,0.258,0.182,0.197,2,7,87.6,3.7,2224,88.2,87.94,7,13,0,-0.29999999999999716,6.27,120,146,119,152,290,324,299,"0.429","-0.429","67.8","7.9",7,3,2,0,0,0,4,57.1,0,0,2.85538,0.14077,0.01077,-0.17231,"92.3",156,33.33333333333333,0,0,5.86,-1.59,-0.33,1.98,0.286,0,"-3.3",0.197,0.218,"3.3",0.089,0.08899999999999997,0.068,0.076,53.8,"33.1",8.991452058238249,-6.205169888313121,29.398357040724353,0.5384615384615384,38.695523851301594,32.49875011320411
57,665742,"Soto, Juan",237,24.1,0.037,0.111,0,0.148,0.077,0.17,0.117,1,27,83.7,-4.5,2214,88.8,88.69,27,57,0,-0.09999999999999432,6.31,113,142,123,148,295,328,305,"4.465","-4.465","62.5","7.1",27,13,0,0,0,1,14,51.9,0,0,2.5414,0.40339,0.39088,-0.08491,"90.6",84,38.46153846153847,23.076923076923077,11.11111111111111,5.9,-0.1,-0.13,2.07,0.037,3,"-7.833333333",0.117,0.29,"7.833333333",-0.08,-0.08000000000000002,-0.142,-0.093,47.4,"40.5",15.882778322515035,2.5015523042710406,28.26057367547138,0.6415094339622641,40.07890184461944,23.236144446674043
70,664761,"Bohm, Alec",290,24.1,0.25,0.111,0.276,0.361,0.269,0.235,0.243,9,36,80,3.4,2218,89.3,89.45,22,70,0,0.10000000000000853,6.46,110,152,124,149,305,324,290,"0.225","-0.225","67.4","7.2",36,30,7,1,0,1,6,16.7,0,0,2.45414,0.442,0.33114,-0.13914,"89.8",123,20.689655172413794,3.4482758620689653,2.7777777777777777,5.72,-0.53,0.07,2.25,0.25,1,"-0.321428571",0.243,0.296,"0.321428571",0.007,0.007000000000000006,0.065,0.034,31.4,"36.1",6.6448716004789565,2.488196176652385,29.71518869134588,0.45588235294117646,38.31918868977535,27.542621667592577
93,621020,"Swanson, Dansby",388,24,0.026,0.026,0.048,0.051,0.032,0.113,0.104,1,39,80.4,8.8,2230,88.2,88.36,47,93,0,0.20000000000000284,6.5,105,148,118,142,299,322,294,"10.184","-10.184","65.2","7.4",40,21,0,1,0,0,19,47.5,0,0,2.54989,0.52882,0.30968,-0.00882,"89.8",111,23.809523809523807,4.761904761904762,2.5,5.6,-0.45,0.06,2.19,0.025,1,"-10.950537634",0.102,0.167,"10.950537634",-0.078,-0.07699999999999999,-0.116,-0.081,50.5,"34.7",13.437544155458646,-0.25938153778278017,34.42855774835731,0.5268817204301075,36.58190519672249,32.36578664485354
55,678554,"Mead, Curtis",229,24,0.19,0.048,0.308,0.238,0.19,0.162,0.165,4,21,85.3,5.5,2285,90.2,90.34,18,55,0,0.09999999999999432,6.36,109,151,122,145,304,320,290,"2.934","-2.934","66.8","7.0",21,13,3,1,0,0,8,38.1,0,0,2.15145,0.68255,0.40891,-0.18709,"90.6",122,46.15384615384615,0,0,5.9,-0.01,0.15,2.25,0.19,0,"-5.334545455",0.165,0.208,"5.334545455",0.025,0.024999999999999994,0.03,0.028,32.7,"39.2",6.8298395262038545,-7.022055626795147,31.457049195834056,0.42592592592592593,35.99851992854777,31.367862194495412
101,664023,"Happ, Ian",423,23.9,0.2,0.029,0.467,0.229,0.191,0.123,0.123,7,35,79.6,12.5,2207,87.4,87.38,56,101,0,0,6.41,114,147,123,149,295,324,298,"4.993","-4.993","68.3","7.1",35,15,6,1,0,0,20,57.1,0,0,2.78644,0.24832,0.2857,-0.2857,"91.6",94,33.33333333333333,6.666666666666667,2.857142857142857,5.67,-0.81,0.19,1.86,0.2,1,"-4.943564356",0.123,0.159,"4.943564356",0.077,0.07700000000000001,0.07,0.068,55.4,"34.4",15.71050834973445,-11.004082750480942,34.59867033756815,0.38,33.7763058104408,37.31586360877477
60,687637,"Beavers, Dylan",251,23.9,0.214,0.071,0.429,0.286,0.22,0.109,0.114,6,28,74.6,0.1,2224,88,88.34,28,60,0,0.29999999999999716,6.56,113,145,115,151,296,321,297,"2.92","-2.92","65.6","7.6",29,15,4,2,0,0,14,48.3,0,0,2.71633,0.27367,0.13898,-0.10847,"90.0",110,26.666666666666668,0,0,5.8,-1.17,-0.04,1.86,0.214,0,"-4.866666667",0.114,0.134,"4.866666667",0.1,0.09999999999999999,0.152,0.111,46.7,"38.9",10.273340528040181,-9.374713930892177,39.45034544589709,0.4067796610169492,35.630165653056764,33.893816639590696
40,672761,"Pérez, Wenceel",168,23.8,0.143,0,0.222,0.143,0.129,0.135,0.13,2,14,83.2,16.6,2119,88.9,89.11,13,40,0,0.19999999999998863,6.45,113,148,116,149,292,325,294,"2.895","-2.895","68.6","6.9",14,9,2,0,0,0,5,35.7,0,0,2.3745,0.5495,0.58385,-0.58385,"90.8",119,33.33333333333333,0,0,5.57,-0.7,0.07,2.22,0.143,0,"-7.2375",0.13,0.181,"7.2375",0.013,0.012999999999999984,-0.038,-0.006,32.5,"39.5",7.0583345082465225,-6.92647944738223,28.852567827134067,0.375,32.05531507632497,28.61854354162479
87,641355,"Bellinger, Cody",366,23.8,0.146,0.122,0.2,0.268,0.173,0.174,0.171,6,41,83,25.3,2187,89.2,89.26,25,87,0,0.09999999999999432,6.51,119,147,122,152,294,325,297,"5.386","-5.386","65.9","7.7",42,30,2,3,1,0,12,28.6,0,0,2.35138,0.57558,0.44483,-0.17839,"89.9",178,24.137931034482758,0,0,5.8,-0.6,-0.22,2.53,0.143,0,"-6.190804598",0.168,0.242,"6.190804598",-0.025,-0.025000000000000022,0.026,-0.001,28.7,"41.1",12.370669991331694,1.8160821622218917,32.05010908114328,0.5882352941176471,32.738182518985994,27.88215657498539
18,672284,"Kelenic, Jarred",76,23.7,0,0,0,0,0,0.012,0.013,0,6,77.2,-8,2023,89.7,89.6,14,18,0,-0.10000000000000853,6.39,111,145,121,148,298,330,304,"1.836","-1.836","68.9","7.9",6,1,0,0,0,0,5,83.3,0,0,2.52833,0.34556,0.65,-0.65333,"88.0",80,0,0,0,6.03,-1.4,0.08,1.55,0,0,"-10.2",0.013,0.014,"10.2",-0.013,-0.013,-0.014,-0.012,77.8,"39.0",17.47828531783037,-10.420186133885878,33.617385449985086,0.3888888888888889,41.31618642446095,37.34473063074726
55,666126,"Cortes, Carlos",232,23.7,0.4,0.35,0.375,0.75,0.499,0.445,0.38,8,20,84.4,4.9,2162,89.4,89.42,17,55,0,0,6.43,115,146,119,151,290,319,300,"-1.215","1.215","65.0","6.9",20,18,5,1,0,2,2,10,0,0,2.46655,0.43891,0.40091,-0.32345,"90.6",121,31.25,12.5,10,5.81,-1.57,0.09,2.16,0.4,2,"2.209090909",0.38,0.666,"-2.209090909",0.02,0.020000000000000018,0.084,0.054,30.9,"36.5",9.826144591510591,0.39112530223731484,25.69871986633085,0.5370370370370371,39.65468901022998,27.355597016138805
99,802139,"Wetherholt, JJ",420,23.6,0.163,0.116,0.231,0.279,0.192,0.209,0.17,7,43,85.2,14.9,2192,89.8,89.77,39,99,0,0,6.4,118,146,115,151,298,324,304,"4.577","-4.577","64.7","7.4",43,27,4,2,0,1,16,37.2,0,0,2.18778,0.68786,0.39636,-0.21879,"90.4",159,34.61538461538461,7.6923076923076925,4.651162790697675,5.63,-0.52,-0.18,2.3,0.163,2,"-4.623232323",0.17,0.326,"4.623232323",-0.007,-0.007000000000000006,-0.047,-0.017,39.4,"38.0",12.420703614535268,4.072797242066779,30.701219405498833,0.5555555555555556,37.31903393237567,27.535456134496314
72,680777,"Jeffers, Ryan",306,23.5,0.087,0.043,0.143,0.13,0.095,0.117,0.112,2,23,87.1,18.9,2290,89.4,89.69,23,72,0,0.29999999999999716,6.54,108,152,124,147,304,324,287,"5.152","-5.152","66.6","7.3",23,14,1,1,0,0,9,39.1,0,0,2.40625,0.48472,0.38042,0.07676,"90.9",135,28.57142857142857,7.142857142857142,4.3478260869565215,5.83,-0.6,0.29,2.29,0.087,1,"-7.155555556",0.112,0.159,"7.155555556",-0.025,-0.02500000000000001,-0.029,-0.022,31.9,"37.0",10.077982561423276,-1.8466573893881848,27.492699505501836,0.45588235294117646,37.68263741101193,30.381463141499736
65,673548,"Suzuki, Seiya",277,23.5,0.167,0.167,0.231,0.333,0.216,0.219,0.186,4,24,79.6,13.6,2300,89.4,89.66,35,65,0,0.29999999999999716,6.54,104,149,122,146,302,324,295,"3.111","-3.111","65.2","7.2",24,14,2,1,0,1,10,41.7,0,0,2.46231,0.44828,0.30908,0.16569,"89.7",110,21.428571428571427,7.142857142857142,4.166666666666666,5.59,-0.81,0.27,2.1,0.167,1,"-4.786153846",0.186,0.333,"4.786153846",-0.019,-0.01899999999999999,0,-0.003,53.8,"35.1",10.570502247792334,-3.162888480159361,30.790810231602475,0.5846153846153846,39.22882263951869,33.445232227347965
95,805300,"Marsee, Jakob",408,23.3,0.028,0.028,0.067,0.056,0.036,0.076,0.079,1,36,78.1,21.5,2284,90,90.1,41,95,0,0.09999999999999432,6.45,119,148,112,151,287,318,298,"9.2","-9.2","64.0","6.7",36,15,0,1,0,0,21,58.3,0,0,2.24032,0.62368,0.39798,-0.43436,"89.2",134,6.666666666666667,0,0,5.74,-0.7,0.09,2.13,0.028,0,"-9.684210526",0.079,0.099,"9.684210526",-0.051,-0.051000000000000004,-0.043,-0.04,43.2,"39.2",7.953978300847049,-8.115456035893583,29.660005037845472,0.5591397849462365,34.87634056440331,35.44218446695313
72,687462,"Horwitz, Spencer",309,23.3,0.226,0.032,0.318,0.258,0.209,0.177,0.181,7,31,78.4,9.8,2358,88.7,88.79,24,72,0,0.09999999999999432,6.38,115,146,120,151,295,318,299,"2.563","-2.563","64.0","6.9",32,22,6,1,0,0,10,31.3,0,0,2.59819,0.51264,0.23493,-0.19577,"89.5",140,13.636363636363635,0,0,5.76,-1.08,-0.02,2.19,0.219,0,"-3.559722222",0.185,0.213,"3.559722222",0.045,0.034,0.045,0.032,33.3,"39.0",10.075680180232824,-2.904191034970141,33.51351697802701,0.3380281690140845,34.02745318130135,29.994289461161287
56,690993,"Keith, Colt",240,23.3,0.172,0,0.313,0.172,0.155,0.138,0.148,5,29,73.7,7.2,2160,89.4,89.73,26,56,0,0.29999999999999716,6.5,112,145,125,151,293,329,300,"4.702","-4.702","65.5","6.6",29,16,5,0,0,0,13,44.8,0,0,2.22107,0.66571,0.49554,-0.36232,"89.3",124,12.5,0,0,5.72,-1.48,0.15,2.34,0.172,0,"-8.396428571",0.148,0.168,"8.396428571",0.024,0.023999999999999994,0.004,0.017,46.4,"38.6",9.441165174230177,1.6474980802280403,31.200897455002206,0.43636363636363634,36.871531402465266,28.478161800957054
37,641598,"Garver, Mitch",160,23.1,0.1,0,0.25,0.1,0.09,0.08,0.088,1,10,64.5,-30.3,2339,87.6,87.7,22,37,0,0.10000000000000853,6.39,110,151,124,146,298,324,294,"2.072","-2.072","65.3","7.4",10,4,1,0,0,0,6,60,0,0,2.58324,0.43459,0.0773,-0.20595,"88.8",98,0,0,0,5.83,0.29,0.12,2.02,0.1,0,"-5.6",0.088,0.094,"5.6",0.012,0.01200000000000001,0.006,0.01,59.5,"39.4",16.092695537158114,-10.08830732434958,28.038360027152486,0.5675675675675675,38.98572003766389,34.24310614053155
86,807712,"Keaschall, Luke",373,23.1,0.056,0.028,0.1,0.083,0.061,0.067,0.069,2,36,72.8,21.2,2266,88.6,88.67,28,86,0,0.10000000000000853,6.52,107,151,119,145,301,321,286,"7.679","-7.679","63.6","6.8",36,20,1,1,0,0,16,44.4,0,0,2.53093,0.42341,0.46233,0.05488,"89.4",107,5.263157894736842,0,0,5.67,-0.5,0.08,2.18,0.056,0,"-8.929069767",0.069,0.083,"8.929069767",-0.013,-0.013000000000000005,0,-0.006,32.6,"35.4",8.050572793533384,-3.302117361324241,35.66732159095251,0.5125,37.22519108165569,32.47071624190451
84,680757,"Kwan, Steven",365,23,0.162,0.054,0.2,0.216,0.167,0.156,0.169,6,37,72,8.6,2190,88.7,88.7,14,84,0,0,6.41,115,147,107,151,280,312,295,"5.676","-5.676","59.0","6.7",38,31,4,2,0,0,7,18.4,0,0,2.32333,0.63571,0.4506,-0.20869,"88.7",117,6.451612903225806,0,0,5.7,-0.3,-0.02,2.04,0.162,0,"-6.757142857",0.169,0.189,"6.757142857",-0.007,-0.007000000000000006,0.027,0.011,16.7,"36.1",6.790496796615876,-11.482541142395995,35.65072989208082,0.4155844155844156,32.34166971321976,31.6590325737078
48,803011,"Antonacci, Sam",209,23,0.158,0,0.25,0.158,0.142,0.21,0.227,3,19,81.5,1.5,2104,89.3,89.39,14,48,0,0.10000000000000853,6.45,116,148,111,151,288,324,300,"3.904","-3.904","65.9","6.8",19,12,3,0,0,0,7,36.8,0,0,2.33021,0.57125,0.6175,-0.31083,"89.8",129,8.333333333333332,0,0,5.78,-1.15,0.22,2.27,0.158,0,"-8.133333333",0.227,0.249,"8.133333333",-0.069,-0.069,-0.091,-0.068,29.2,"36.3",12.628299055642227,5.597850774268329,40.09463724598015,0.4666666666666667,32.0077530914293,31.50996389185679
40,688363,"Pauley, Graham",175,22.9,0.182,0.091,0.267,0.273,0.198,0.175,0.179,4,22,77.3,18.7,2270,88.5,88.34,17,40,0,-0.20000000000000284,6.34,115,146,118,149,292,319,296,"2.081","-2.081","65.5","7.5",22,15,2,2,0,0,7,31.8,0,0,2.76625,0.19462,0.39051,-0.31718,"89.9",115,6.666666666666667,0,0,5.84,-1.65,0.01,1.75,0.182,0,"-5.2025",0.179,0.222,"5.2025",0.003,0.0030000000000000027,0.051,0.023,42.5,"39.5",14.072102633055781,-10.50805129949558,31.44908260545113,0.475,34.186914286174435,37.190987646709665
96,668804,"Reynolds, Bryan",419,22.9,0.026,0,0.083,0.026,0.024,0.053,0.057,1,38,83.4,7.3,2331,88.1,88.1,60,96,0,0,6.37,111,148,121,149,304,322,297,"10.372","-10.372","66.5","7.2",38,12,1,0,0,0,26,68.4,0,0,2.65552,0.33611,0.09375,-0.09375,"89.8",79,8.333333333333332,0,0,5.81,-0.49,0.1,1.87,0.026,0,"-10.804166667",0.057,0.065,"10.804166667",-0.031,-0.031000000000000003,-0.039,-0.029,62.5,"41.5",12.280844938324737,-0.9249456730523284,39.197925830233544,0.40625,34.06947282916035,27.06052585052006
111,695578,"Wood, James",487,22.8,0.085,0.085,0.188,0.17,0.11,0.146,0.132,4,47,85.5,12.7,2262,88.3,88.42,67,111,0,0.10000000000000853,6.42,120,148,127,151,297,325,303,"8.978","-8.978","68.5","7.5",47,17,2,1,0,1,30,63.8,0,0,2.59198,0.37793,0.15505,-0.06009,"91.2",135,35.294117647058826,11.76470588235294,4.25531914893617,5.82,0.09,0.13,2.07,0.085,2,"-8.088288288",0.132,0.208,"8.088288288",-0.047,-0.047,-0.038,-0.036,60.4,"37.0",13.628335502999478,0.5371392582623628,41.63129231771266,0.32727272727272727,35.20568850110738,34.9723136228101
69,669257,"Smith, Will",304,22.7,0.242,0.03,0.333,0.273,0.23,0.175,0.188,8,33,79.3,16.5,2294,90.1,90.41,24,69,0,0.30000000000001137,6.45,110,152,125,148,304,323,295,"2.739","-2.739","64.1","7.2",33,24,7,1,0,0,9,27.3,0,0,2.28638,0.56435,0.38304,0.23696,"88.9",139,8.333333333333332,0,0,5.71,-1.44,0.05,2.26,0.242,0,"-3.969565217",0.188,0.216,"3.969565217",0.054,0.05399999999999999,0.057,0.055,34.8,"36.4",11.943925519262374,2.7558270188518867,34.85119689400259,0.5522388059701493,37.45329421832769,28.963317449290283
32,457705,"McCutchen, Andrew",142,22.5,0.125,0,0.333,0.125,0.113,0.074,0.08,2,16,84.2,6.3,2247,88.3,88.29,20,32,0,0,6.42,108,151,121,145,302,322,287,"2.515","-2.515","63.3","7.7",16,6,2,0,0,0,10,62.5,0,0,2.51563,0.48031,0.165,-0.2425,"90.7",87,33.33333333333333,0,0,5.81,-0.31,0.27,2.11,0.125,0,"-7.859375",0.08,0.088,"7.859375",0.045,0.045,0.037,0.039,62.5,"37.6",17.907598114452455,-6.127555623672611,35.20405963091328,0.5625,40.408010526382306,29.346110158377797
51,690976,"Freeland, Alex",227,22.5,0.167,0,0.308,0.167,0.15,0.173,0.155,4,24,85.9,4.4,2131,88.1,88.41,25,51,0,0.30000000000001137,6.42,115,146,112,151,295,323,303,"4.29","-4.29","62.9","6.8",25,14,4,0,0,0,11,44,0,0,2.5802,0.4502,0.2602,-0.2602,"92.0",109,35.714285714285715,7.142857142857142,4,5.91,-1.35,0.2,2.12,0.167,1,"-8.411764706",0.155,0.251,"8.411764706",0.012,0.01200000000000001,-0.084,-0.023,49,"39.7",10.964599608983336,-0.3673975153467831,28.60392321389638,0.46808510638297873,34.06212533566251,31.88710132302302
45,643376,"Jansen, Danny",201,22.4,0.217,0.043,0.417,0.261,0.212,0.188,0.201,5,23,90.9,0.5,2221,88.6,88.79,24,45,0,0.20000000000000284,6.56,108,153,123,147,301,323,291,"2.871","-2.871","63.8","7.2",23,12,4,1,0,0,11,47.8,0,0,2.57867,0.39622,0.258,-0.14511,"91.4",117,33.33333333333333,0,0,5.6,-1.02,0.45,1.86,0.217,0,"-6.38",0.201,0.234,"6.38",0.016,0.015999999999999986,0.027,0.024,53.3,"36.1",16.414656607251636,-8.782640862178495,30.75696237914236,0.4772727272727273,42.52322464964468,38.62648899501036
78,672695,"Perdomo, Geraldo",348,22.4,0.182,0.091,0.231,0.273,0.197,0.23,0.241,6,33,83.7,9.4,1989,88.3,88.17,17,78,0,-0.09999999999999432,6.28,114,149,112,149,293,322,292,"3.895","-3.895","60.7","6.9",33,26,4,1,1,0,7,21.2,0,0,2.51974,0.45117,0.63429,-0.63429,"90.3",128,30.76923076923077,0,0,5.71,-0.1,-0.02,1.99,0.182,0,"-4.993589744",0.241,0.285,"4.993589744",-0.059,-0.059,-0.012,-0.033,21.8,"35.1",5.632247551469065,-1.7097000023394515,36.24745896068773,0.5,37.55046126236531,26.197991102899476
51,657041,"Thomas, Lane",228,22.4,0.308,0,0.364,0.308,0.277,0.382,0.392,4,13,79.2,16,2283,90,90.14,14,51,0,0.09999999999999432,6.49,107,151,123,147,302,327,295,"1.627","-1.627","67.6","6.6",13,11,4,0,0,0,2,15.4,0,0,2.11784,0.7564,0.45804,-0.07216,"90.4",142,36.36363636363637,0,0,5.82,-0.32,-0.07,2.44,0.308,0,"-3.190196078",0.392,0.488,"3.190196078",-0.084,-0.08400000000000002,-0.18,-0.105,27.5,"40.3",8.981183071288655,2.285240001202694,26.249279987609896,0.6,36.71048149527261,25.548819422544575
12,683734,"Vaughn, Andrew",54,22.2,0,0,0,0,0,0.162,0.175,0,4,75.2,-4,1789,86.8,87.02,8,12,0,0.20000000000000284,6.45,96,152,126,146,309,323,297,"1.178","-1.178","53.1","6.7",4,2,0,0,0,0,2,50,0,0,2.60917,0.47583,0.49917,0.2475,"89.7",106,0,0,0,5.92,0.44,-0.21,1.88,0,0,"-9.816666667",0.175,0.194,"9.816666667",-0.175,-0.175,-0.194,-0.162,66.7,"45.7",7.371715960817607,2.848324317806404,29.595742191966814,0.36363636363636365,35.55679375422318,27.110886399802073
35,664702,"Straw, Myles",158,22.2,0.25,0,0.357,0.25,0.225,0.221,0.233,5,20,76,12.9,2197,91.2,91.13,8,35,0,-0.10000000000000853,6.31,105,151,111,147,303,320,282,"1.452","-1.452","62.8","6.7",20,14,5,0,0,0,6,30,0,0,2.176,0.59971,0.50143,0.19514,"90.5",129,21.428571428571427,0,0,5.8,0.04,-0.27,2.49,0.25,0,"-4.148571429",0.233,0.27,"4.148571429",0.017,0.016999999999999987,-0.02,0.004,22.9,"38.3",6.885101046026588,-8.019931045952136,31.22436646092656,0.5,30.69671937867213,28.74874102113833
80,680574,"McLain, Matt",360,22.2,0.059,0.029,0.111,0.088,0.064,0.144,0.151,2,34,80.6,9.6,2302,89.5,89.5,35,80,0,0,6.46,105,150,115,145,304,325,289,"7.833","-7.833","66.6","6.9",34,18,1,1,0,0,16,47.1,0,0,2.3475,0.54988,0.33487,0.08313,"89.7",132,16.666666666666664,0,0,5.77,-0.78,0.28,2.16,0.059,0,"-9.79125",0.151,0.181,"9.79125",-0.092,-0.092,-0.093,-0.08,43.8,"37.9",10.87666247406171,0.4799082356985976,29.41568605421281,0.5316455696202531,38.30982304792253,31.082690393215294
35,807799,"Yoshida, Masataka",159,22,0.158,0,0.176,0.158,0.142,0.146,0.155,3,19,74.3,15,2289,87.5,87.81,7,35,0,0.29999999999999716,6.57,119,147,127,152,280,319,302,"2.796","-2.796","66.2","7.3",19,17,3,0,0,0,2,10.5,0,0,2.72771,0.30314,0.172,-0.176,"90.1",106,17.647058823529413,0,0,5.77,-1.05,-0.04,2.05,0.158,0,"-7.988571429",0.155,0.178,"7.988571429",0.003,0.0030000000000000027,-0.02,-0.004,20,"37.9",10.157824575962081,-4.228819627882395,31.535488048071898,0.5428571428571428,33.851725587062866,32.82249336790843
37,641933,"O'Neill, Tyler",169,21.9,0.067,0,0.167,0.067,0.06,0.08,0.084,1,15,85.5,36.5,2274,90.1,90.41,23,37,0,0.30000000000001137,6.55,111,153,126,148,302,325,291,"3.537","-3.537","68.8","7.4",15,6,1,0,0,0,9,60,0,0,2.32162,0.52892,0.41919,-0.03486,"91.9",176,33.33333333333333,0,0,5.64,0.44,0.04,1.97,0.067,0,"-9.559459459",0.084,0.102,"9.559459459",-0.017,-0.017,-0.035,-0.02,62.2,"36.0",18.104849317415667,-14.761106143394233,33.98017099676414,0.42857142857142855,33.630153637516734,36.04889740165785
39,641584,"Fraley, Jake",178,21.9,0.2,0.067,0.333,0.267,0.206,0.163,0.139,3,15,73,10,2192,91.1,91.36,20,39,0,0.30000000000001137,6.57,113,145,117,151,287,321,293,"2.464","-2.464","66.3","7.0",15,9,2,1,0,0,6,40,0,0,2.00231,0.78103,0.74026,-0.68744,"88.9",143,11.11111111111111,11.11111111111111,6.666666666666667,5.84,-1.54,-0.24,2.37,0.2,1,"-6.317948718",0.139,0.245,"6.317948718",0.061,0.061,0.022,0.043,51.3,"36.5",8.22473636928263,-4.200422183240153,36.501855105614325,0.3055555555555556,37.46601955292469,25.752118812920994
65,686217,"Frelick, Sal",297,21.9,0.107,0.036,0.167,0.143,0.11,0.156,0.167,3,28,77,-1.9,2274,89.7,90.07,18,65,0,0.3999999999999915,6.52,113,147,108,149,284,315,297,"5.917","-5.917","60.9","6.8",29,18,2,1,0,0,10,34.5,0,0,2.33062,0.75154,0.34812,-0.0625,"90.0",141,15.789473684210526,0,0,5.75,-0.44,0.08,2.47,0.107,0,"-9.103076923",0.167,0.189,"9.103076923",-0.06,-0.06000000000000001,-0.046,-0.046,27.7,"40.9",3.847656936826493,2.5759257016606214,25.10446119951785,0.3492063492063492,35.32560301321258,22.848335204174038
77,700250,"Rice, Ben",355,21.7,0.071,0.036,0.154,0.107,0.078,0.112,0.119,2,28,84.6,5.5,2238,87.7,87.51,40,77,0,-0.20000000000000284,6.36,119,146,124,151,294,326,297,"6.134","-6.134","64.0","7.5",28,13,1,1,0,0,15,53.6,0,0,2.80221,0.22013,0.14922,-0.08532,"90.7",124,30.76923076923077,0,0,5.88,-0.67,-0.15,2.09,0.071,0,"-7.966233766",0.119,0.139,"7.966233766",-0.048,-0.048,-0.032,-0.034,51.9,"39.2",11.397326133798902,-3.9777566716910977,32.42728261589203,0.5,38.05586583729134,27.990049569582954
95,808959,"Murakami, Munetaka",437,21.7,0.081,0.081,0.222,0.162,0.105,0.086,0.063,3,37,79.9,-5.7,2234,86.9,86.87,64,95,0,0,6.35,114,146,130,151,296,329,304,"8.164","-8.164","70.8","8.1",37,10,2,0,0,1,27,73,0,0,2.87421,0.38379,0.24904,-0.26649,"92.3",115,30,10,2.7027027027027026,5.89,-0.52,-0.11,1.87,0.081,1,"-8.593684211",0.063,0.141,"8.593684211",0.018,0.018000000000000002,0.021,0.019,67.4,"38.1",22.893565175733784,-9.726358985393624,35.689879710223494,0.2736842105263158,38.0452931731617,37.74104654445548
31,668709,"Bleday, JJ",143,21.7,0.182,0,0.222,0.182,0.164,0.25,0.27,2,11,81.2,23.6,2045,86.5,86.69,14,31,0,0.20000000000000284,6.44,112,145,117,152,296,325,299,"2.072","-2.072","67.0","7.3",11,9,2,0,0,0,2,18.2,0,0,2.73516,0.35,0.48581,-0.39742,"89.1",113,11.11111111111111,0,0,5.62,-0.83,0.29,1.81,0.182,0,"-6.683870968",0.27,0.304,"6.683870968",-0.088,-0.08800000000000002,-0.122,-0.086,45.2,"33.5",10.792908619855204,-10.696545535284551,35.03920285328154,0.36666666666666664,38.20205423900209,33.422360635215355
60,701350,"Anthony, Roman",278,21.6,0.148,0,0.308,0.148,0.134,0.163,0.167,4,27,82.7,13.4,2250,88.5,88.5,35,60,0,0,6.43,123,148,127,153,284,324,304,"5.286","-5.286","72.5","7.6",27,13,4,0,0,0,14,51.9,0,0,2.616,0.36155,0.41583,-0.41383,"90.6",149,23.076923076923077,0,0,5.74,-1.05,-0.19,2.08,0.148,0,"-8.81",0.167,0.207,"8.81",-0.019,-0.019000000000000017,-0.059,-0.029,58.3,"38.5",14.15963455988031,-4.141769312521756,33.5676356321187,0.46551724137931033,35.2612213123137,38.849878009629116
100,701762,"Kurtz, Nick",464,21.6,0.065,0.097,0.125,0.161,0.097,0.145,0.108,2,31,90.2,6.7,2160,88.9,88.93,59,100,0,0,6.42,118,147,131,152,301,327,305,"7.515","-7.515","73.3","7.9",31,9,1,0,0,1,22,71,0,0,2.6388,0.297,0.4909,0.1425,"92.5",125,55.55555555555556,11.11111111111111,3.225806451612903,5.78,-0.33,0.25,2.06,0.065,1,"-7.515",0.108,0.237,"7.515",-0.043,-0.043,-0.076,-0.048,59,"37.8",15.170232851080366,-2.1187654205862083,38.624202391559415,0.41237113402061853,35.28453484934047,26.65630353501849
36,681715,"Hernández, Heriberto",169,21.3,0.077,0,0.143,0.077,0.069,0.098,0.105,1,13,71.9,16.1,2318,90,89.81,17,36,0,-0.20000000000000284,6.32,106,148,122,145,300,320,289,"2.893","-2.893","69.7","7.6",13,7,1,0,0,0,6,46.2,0,0,2.01306,0.84972,0.37111,-0.06944,"89.7",132,14.285714285714285,0,0,5.76,0.47,0,2.49,0.077,0,"-8.036111111",0.105,0.117,"8.036111111",-0.028,-0.027999999999999997,-0.04,-0.029,47.2,"40.0",12.123167001728742,0.5449954058950313,26.10822707818005,0.6,37.35449737086273,30.447278966214792
25,608701,"Refsnyder, Rob",118,21.2,0,0,0,0,0,0.026,0.028,0,10,77.7,1,2204,88.1,88.12,14,25,0,0,6.37,106,147,119,142,301,323,290,"2.937","-2.937","63.0","7.5",10,4,0,0,0,0,6,60,0,0,2.4224,0.5724,0.3728,-0.4872,"88.0",109,0,0,0,5.78,1.08,0.15,2.23,0,0,"-11.748",0.028,0.035,"11.748",-0.028,-0.028,-0.035,-0.026,56,"38.8",14.2700680015521,3.5361609171944197,32.09775589219269,0.52,38.81551768382804,26.29909129293987
83,669364,"Edwards, Xavier",391,21.2,0.316,0.158,0.379,0.474,0.345,0.253,0.245,12,38,78.4,-2.1,2211,88.2,87.95,28,83,0,-0.29999999999999716,6.31,114,147,105,147,288,314,292,"0.083","-0.083","63.5","6.6",39,31,9,1,1,1,8,20.5,0,0,2.57084,0.40506,0.51723,-0.51723,"90.7",113,22.58064516129032,3.225806451612903,2.564102564102564,5.71,-0.42,-0.1,2.05,0.316,1,"-0.1",0.245,0.341,"0.1",0.071,0.07100000000000001,0.133,0.092,33.7,"37.2",8.964578469415356,-6.038162108129818,27.058003689362533,0.5625,34.70443089839935,33.47762711336071
56,660162,"Moncada, Yoán",266,21.1,0.053,0,0.2,0.053,0.047,0.067,0.07,1,19,81,20.4,2250,87.7,87.55,33,56,0,-0.10000000000000853,6.29,115,148,125,151,298,323,297,"5.289","-5.289","66.1","7.6",19,5,1,0,0,0,14,73.7,0,0,2.59857,0.40571,0.37286,-0.37286,"88.5",135,0,0,0,5.74,-0.92,0.08,2.05,0.053,0,"-9.444642857",0.07,0.083,"9.444642857",-0.017,-0.017000000000000008,-0.03,-0.02,58.9,"36.1",15.440385857575501,-7.4114008054379195,37.77055872180616,0.2909090909090909,36.26035763302535,35.84788798167012
48,663886,"Stephenson, Tyler",229,21,0,0,0,0,0,0.05,0.043,0,21,77,28.3,2247,89.1,89.41,30,48,0,0.30000000000001137,6.55,104,150,120,147,304,326,292,"5.845","-5.845","63.0","7.4",21,6,0,0,0,0,15,71.4,0,0,2.36938,0.54417,0.35187,0.17979,"90.1",163,16.666666666666664,16.666666666666664,4.761904761904762,5.7,-0.88,0.1,2.37,0,1,"-12.177083333",0.043,0.076,"12.177083333",-0.043,-0.043,-0.076,-0.05,62.5,"38.4",14.053943967919139,2.3124267927987887,37.363499337760345,0.5,38.682272743654565,28.68394276218739
79,668930,"Turang, Brice",378,20.9,0.167,0,0.273,0.167,0.15,0.225,0.234,6,36,80.7,-0.7,2241,90.6,90.82,21,79,0,0.20000000000000284,6.41,112,145,111,149,291,320,302,"5.337","-5.337","63.4","6.5",37,23,6,0,0,0,14,37.8,0,0,2.21468,0.59423,0.43557,-0.25203,"90.7",143,22.727272727272727,0,0,5.76,-1,-0.03,2.37,0.167,0,"-6.755696203",0.234,0.283,"6.755696203",-0.067,-0.067,-0.116,-0.075,26.6,"38.1",7.829859784572886,6.766324808542257,35.548544694232596,0.44155844155844154,34.28341294456951,29.483324576298905
5,663967,"Salazar, César",24,20.8,0,0,0,0,0,0.085,0.089,0,1,77.8,33,2617,87.1,85.92,1,5,0,-1.1999999999999886,5.74,125,148,126,152,280,317,295,"0.273","-0.273","62.9","6.5",1,1,0,0,0,0,0,0,0,0,2.684,0.398,-0.214,-1.066,"88.0",184,0,0,0,5.36,0.55,-0.31,2.66,0,0,"-5.46",0.089,0.126,"5.46",-0.089,-0.089,-0.126,-0.085,20,"39.1",14.55454806381317,-3.1477589305408475,26.53940926655986,0.6,36.64330944190609,32.13964982136884
66,694497,"Carter, Evan",317,20.8,0.167,0.125,0.273,0.292,0.2,0.152,0.145,4,24,76,27.9,2215,89.5,89.61,35,66,0,0.09999999999999432,6.47,117,147,113,151,292,325,299,"4.426","-4.426","67.2","7.2",24,12,3,0,0,1,12,50,0,0,2.46909,0.42652,0.32136,-0.20591,"90.0",107,25,8.333333333333332,4.166666666666666,5.7,-0.95,0.02,2.06,0.167,1,"-6.706060606",0.145,0.209,"6.706060606",0.022,0.02200000000000002,0.083,0.048,53,"36.4",10.203427068543485,-10.205671450219992,32.69286374848422,0.43548387096774194,34.62987582145158,35.450642229147185
27,624424,"Conforto, Michael",132,20.5,0.154,0.077,0.5,0.231,0.168,0.144,0.154,2,13,84.8,16.5,2308,88.6,88.57,16,27,0,0,6.37,124,147,126,153,295,327,301,"2.015","-2.015","69.1","7.5",13,4,1,1,0,0,9,69.2,0,0,2.51074,0.4337,0.53741,-0.53741,"88.6",110,0,0,0,5.68,-2.02,0.12,1.9,0.154,0,"-7.462962963",0.154,0.176,"7.462962963",0,0,0.055,0.024,59.3,"34.6",18.98014212632586,-3.817935735738776,32.3416378639924,0.56,37.437411991767775,33.02540447754954
54,666397,"Julien, Edouard",265,20.4,0.12,0,0.375,0.12,0.108,0.129,0.123,3,25,85.8,6,2297,88,88.35,33,54,0,0.4000000000000057,6.43,119,146,116,151,293,330,306,"4.651","-4.651","65.9","7.1",25,8,3,0,0,0,17,68,0,0,2.61685,0.36889,0.12537,-0.21722,"90.7",137,37.5,12.5,4,5.73,-1.48,-0.08,2.12,0.12,1,"-8.612962963",0.123,0.175,"8.612962963",-0.003,-0.0030000000000000027,-0.055,-0.021,61.1,"36.1",15.434201343446574,3.829356646531735,41.80552731701561,0.24528301886792453,39.11516805069718,28.60859270322662
28,680869,"Gelof, Zack",137,20.4,0.125,0.25,0.25,0.375,0.203,0.24,0.208,1,8,81.9,-5.2,2268,87.3,87.24,11,28,0,-0.09999999999999432,6.34,106,151,115,146,300,320,291,"1.114","-1.114","69.6","7.5",9,5,0,0,1,0,4,44.4,0,0,2.88607,0.37,0.15464,-0.07393,"92.6",149,60,0,0,5.92,-0.99,0.17,1.96,0.125,0,"-3.978571429",0.208,0.36,"3.978571429",-0.083,-0.08299999999999999,0.015,-0.037,39.3,"42.7",17.084701312081815,-1.9354018598768024,30.908607104724307,0.7307692307692307,41.32106164455227,28.711042995516284
60,656555,"Hoskins, Rhys",297,20.2,0.042,0,0.067,0.042,0.038,0.12,0.112,1,24,81.9,16.5,2167,87.2,87.27,21,60,0,0.09999999999999432,6.43,108,152,125,147,301,323,292,"6.038","-6.038","66.5","8.6",24,15,1,0,0,0,9,37.5,0,0,2.57017,0.48883,0.3265,-0.1365,"91.4",122,26.666666666666668,0,0,5.8,-0.56,0.18,1.94,0.042,0,"-10.063333333",0.112,0.163,"10.063333333",-0.07,-0.07,-0.121,-0.082,35,"39.9",16.73268791412528,-5.670790407982253,33.20751851993484,0.40350877192982454,39.05132795948503,34.88361087649976
49,596142,"Sánchez, Gary",244,20.1,0.115,0.154,0.154,0.269,0.164,0.192,0.164,3,26,81.4,8.1,2219,88.5,88.59,26,49,0,0.09999999999999432,6.42,105,153,125,147,300,325,294,"3.449","-3.449","67.1","7.5",26,14,1,1,0,1,12,46.2,0,0,2.56082,0.39878,0.26857,0.07224,"90.9",128,28.57142857142857,7.142857142857142,3.8461538461538463,5.8,-0.04,0.07,1.84,0.115,1,"-7.03877551",0.164,0.286,"7.03877551",-0.049,-0.049,-0.017,-0.028,53.1,"39.8",13.454164298157707,-12.404056382988372,30.45214712181718,0.5714285714285714,36.23044503598035,40.83897694314104
1,682848,"Rodríguez, Endy",5,20,1,1,1,2,1.281,0.393,0.311,1,1,97.9,22,2721,89,89.8,0,1,0,0.7999999999999972,6.6,125,149,92,152,290,317,300,"-0.756","0.756","75.8","8.1",1,1,0,1,0,0,0,0,0,0,2.59,0.27,-0.54,0.54,"97.9",313,100,0,0,5.08,-1.81,0.37,1.48,1,0,"75.6",0.311,0.632,"-75.6",0.689,0.6890000000000001,1.368,0.888,0,,19.27708236871379,-10.70408702474232,41.6460399373137,1,28.97121617441239,34.59274515478801
7,680474,"Schuemann, Max",35,20,0.333,0.333,0.5,0.667,0.427,0.152,0.167,1,3,81,-1,1977,89.7,90.11,3,7,0,0.3999999999999915,6.61,113,153,118,149,307,319,283,"-0.235","0.235","67.5","6.9",3,2,0,1,0,0,1,33.3,0,0,2.11143,0.78143,0.50143,0.42429,"90.5",76,50,0,0,5.82,-0.02,-0.08,2.66,0.333,0,"3.357142857",0.167,0.19,"-3.357142857",0.166,0.166,0.477,0.275,42.9,"39.9",7.978532902002424,10.354142459569172,28.342149736541238,0.42857142857142855,39.0682029201294,22.606579563848264
37,666181,"Benson, Will",185,20,0.2,0.067,0.333,0.267,0.206,0.103,0.105,3,15,86.4,30.3,2233,89.1,89.28,15,37,0,0.20000000000000284,6.55,116,146,120,152,295,326,298,"2.33","-2.33","67.2","7.6",15,9,2,1,0,0,6,40,0,0,2.62892,0.30865,0.46676,-0.47973,"88.6",170,11.11111111111111,0,0,5.65,-1.61,-0.47,2.36,0.2,0,"-6.297297297",0.105,0.13,"6.297297297",0.095,0.09500000000000001,0.137,0.103,40.5,"34.3",14.154470952489477,-7.477780718712812,36.614842499179026,0.4864864864864865,40.78914667408496,28.968615433553545
71,672580,"Garcia, Maikel",355,20,0.061,0.061,0.091,0.121,0.078,0.163,0.172,2,33,79.2,7.4,2285,91.2,91.33,26,71,0,0.09999999999999432,6.45,106,150,116,144,307,326,291,"7.778","-7.778","65.6","7.0",33,22,0,2,0,0,11,33.3,0,0,2.06465,0.73271,0.39958,0.16014,"90.0",141,22.727272727272727,0,0,5.68,-1.08,0.27,2.56,0.061,0,"-10.954929577",0.172,0.199,"10.954929577",-0.111,-0.11099999999999999,-0.078,-0.085,36.6,"36.4",5.029499471123736,3.4172368171965486,25.373291064800625,0.44285714285714284,37.63168689227348,31.37427376948912
74,608324,"Bregman, Alex",374,19.8,0.31,0.241,0.412,0.552,0.375,0.27,0.237,9,29,84.2,21.2,2289,88.5,88.57,25,74,0,0.09999999999999432,6.53,105,152,122,147,300,323,295,"-0.525","0.525","63.7","7.3",29,19,6,1,0,2,10,34.5,0,0,2.62459,0.3273,0.27473,0.07851,"90.5",125,36.84210526315789,5.263157894736842,3.4482758620689653,5.63,-0.84,0.22,1.92,0.31,1,"0.709459459",0.237,0.397,"-0.709459459",0.073,0.07300000000000001,0.155,0.105,33.8,"34.9",17.209620412823163,-9.012185973851667,28.333074164606575,0.5205479452054794,36.51576913408429,35.01261063512233
79,805808,"McGonigle, Kevin",408,19.4,0.226,0.161,0.318,0.387,0.264,0.249,0.231,7,31,86.3,12.6,2247,88.4,88.6,20,79,0,0.19999999999998863,6.5,120,147,121,153,291,326,297,"1.757","-1.757","66.5","6.9",31,22,3,3,1,0,9,29,0,0,2.53924,0.42103,0.54103,-0.19872,"90.9",147,27.27272727272727,4.545454545454546,3.225806451612903,5.75,-0.94,-0.08,1.8,0.226,1,"-2.224050633",0.231,0.348,"2.224050633",-0.005,-0.0050000000000000044,0.039,0.015,25.3,"40.5",15.635467103818927,0.0770343445128927,38.67392579307865,0.4155844155844156,36.914215174491375,36.73006294174498
21,665877,"Fermín, José",110,19.1,0.25,0.375,0.167,0.625,0.374,0.155,0.136,2,8,78.5,35.6,2304,88.7,88.66,3,21,0,0,6.43,108,151,115,147,301,322,286,"-1.203","1.203","61.4","7.3",8,7,1,0,0,1,1,12.5,0,0,2.41381,0.54238,0.18905,-0.28905,"89.3",148,28.57142857142857,0,0,5.55,0.59,0.37,2.33,0.25,0,"5.728571429",0.136,0.225,"-5.728571429",0.114,0.11399999999999999,0.4,0.219,14.3,"36.3",8.788075664602209,-1.9961234482410977,30.331424256283956,0.65,42.947298873222735,26.725255620782065
55,641343,"Bauers, Jake",289,19,0.095,0,0.2,0.095,0.086,0.177,0.188,2,21,75.7,2.1,2223,87,87.27,29,55,0,0.29999999999999716,6.55,117,146,116,152,294,323,301,"4.232","-4.232","71.6","7.9",21,10,2,0,0,0,11,52.4,0,0,2.92927,0.346,0.18764,0.02327,"90.4",96,20,0,0,5.8,-1.01,0.17,2,0.095,0,"-7.694545455",0.188,0.217,"7.694545455",-0.093,-0.093,-0.122,-0.091,52.7,"38.6",15.273763190129076,-7.805242656114782,35.17366402060013,0.41818181818181815,34.61568887121072,32.04739538308368
61,800050,"DeLauter, Chase",322,18.9,0.259,0.148,0.286,0.407,0.292,0.236,0.238,7,27,83.8,2.1,2128,89.2,89.22,20,61,0,0,6.42,113,144,124,150,289,321,299,"2.632","-2.632","65.6","7.6",27,22,5,1,0,1,5,18.5,0,0,2.34213,0.65271,0.56475,-0.26934,"91.8",102,31.818181818181817,4.545454545454546,3.7037037037037033,5.68,-0.69,0.15,2.2,0.259,1,"-4.314754098",0.238,0.304,"4.314754098",0.021,0.02100000000000002,0.103,0.056,32.8,"35.8",5.462136976106097,-3.5310335244490676,28.292556674043087,0.47540983606557374,35.90710834899583,29.746422048769304
34,676914,"Schneider, Davis",181,18.8,0.063,0.063,0.167,0.125,0.08,0.133,0.143,1,16,77.3,0.5,2068,86.8,87.02,17,34,0,0.20000000000000284,6.52,106,151,120,144,301,325,292,"3.716","-3.716","64.3","7.3",16,6,0,1,0,0,10,62.5,0,0,2.74235,0.42176,0.21382,-0.36618,"91.0",42,50,0,0,5.74,0.35,0.14,1.91,0.063,0,"-10.929411765",0.143,0.16,"10.929411765",-0.08,-0.07999999999999999,-0.035,-0.053,50,"36.9",21.39686381802349,-6.755537430777504,34.43961859095501,0.28125,35.83930404888902,36.12191113291887
3,703607,"Bolte, Henry",16,18.8,,,,,,,,,,,,2292,90.3,89.67,2,3,0,-0.5999999999999943,5.97,107,134,112,137,302,319,296,"0.169","-0.169","77.4","7.7",,,,,,,,,,,2.43333,0.37667,0.37667,0.64333,"88.0",149,,,,6.24,-0.69,-0.42,2.77,,,"-5.633333333",,,"5.633333333",,,,,66.7,"43.5",10.354072762880339,5.877358618978944,29.178700657530115,1,32.82639817337982,23.538291512982724
84,545361,"Trout, Mike",446,18.8,0.086,0.029,0.375,0.114,0.088,0.058,0.057,3,35,86.9,6.1,2240,89.4,89.33,47,84,0,-0.10000000000000853,6.31,108,152,126,147,306,328,294,"8.003","-8.003","69.0","8.0",35,8,2,1,0,0,27,77.1,0,0,2.37464,0.52301,0.43286,0.02929,"89.5",103,28.57142857142857,0,0,5.82,-0.78,0.44,1.94,0.086,0,"-9.527380952",0.057,0.077,"9.527380952",0.029,0.02899999999999999,0.037,0.03,56,"37.7",10.964259740371599,-7.114921091211004,34.52241152382811,0.3974358974358974,37.89797945298714,29.91818748664457
47,660844,"Rivas, Leo",254,18.5,0,0,0,0,0,0.042,0.045,0,17,69,-0.2,2210,88.9,89.18,22,47,0,0.29999999999999716,6.5,111,146,111,148,290,317,293,"4.857","-4.857","53.0","6.4",18,6,0,0,0,0,12,66.7,0,0,2.18681,0.73617,0.35532,-0.35532,"88.6",107,0,0,0,5.75,-0.55,0.14,2.16,0,0,"-10.334042553",0.045,0.052,"10.334042553",-0.045,-0.045,-0.052,-0.042,46.8,"36.9",11.670263358969569,-10.714226015389032,35.79997384241149,0.36363636363636365,30.948747624338154,30.339805204114008
23,669743,"Call, Alex",125,18.4,0.25,0,0.2,0.25,0.18,0.148,0.195,1,4,84.6,5.6,2284,89,88.98,5,23,0,0,6.15,108,153,123,147,303,321,291,"1.217","-1.217","55.1","6.3",5,5,1,0,0,0,0,0,0,0,2.44174,0.45783,0.18957,0.01391,"88.9",111,20,0,0,5.89,-0.53,0.28,1.95,0.2,0,"-5.291304348",0.161,0.215,"5.291304348",0.055,0.03900000000000001,0.035,0.032,21.7,"39.1",3.5369903258881066,-0.36828728079750395,31.940019874883344,0.34782608695652173,39.05561517703429,28.241088606512957
56,669003,"Mitchell, Garrett",308,18.2,0.087,0.13,0.2,0.217,0.13,0.116,0.08,2,23,85.9,8.8,2265,87.3,87.42,36,56,0,0.10000000000000853,6.42,112,146,110,150,288,321,301,"3.278","-3.278","71.2","7.7",23,6,1,0,0,1,17,73.9,0,0,2.79036,0.24179,0.28286,-0.10393,"89.8",74,33.33333333333333,16.666666666666664,4.3478260869565215,5.76,-0.98,0.06,1.72,0.087,1,"-5.853571429",0.08,0.201,"5.853571429",0.007,0.006999999999999992,0.016,0.014,64.3,"39.8",14.44633072946392,-3.0319147942105547,33.457863964147684,0.509090909090909,37.50920791962612,33.70529209905754
21,663697,"India, Jonathan",117,17.9,0,0,0,0,0,0.115,0.125,0,8,65.5,14.8,2218,90.5,90.41,7,21,0,-0.09999999999999432,6.33,105,153,125,147,305,324,290,"1.383","-1.383","60.5","7.2",8,5,0,0,0,0,3,37.5,0,0,2.17333,0.6419,0.36714,-0.20143,"88.0",125,0,0,0,5.75,-0.74,0.36,2.04,0,0,"-6.585714286",0.125,0.142,"6.585714286",-0.125,-0.125,-0.142,-0.115,33.3,"40.6",9.420109209193692,-9.188368827975477,31.668990019065596,0.5,40.64612456110251,32.37783638309134
66,679529,"Torkelson, Spencer",373,17.7,0.057,0,0.2,0.057,0.052,0.076,0.071,2,35,80.5,16.7,2287,88.4,88.58,38,66,0,0.19999999999998863,6.5,109,152,124,147,298,328,293,"7.87","-7.87","68.9","8.0",35,10,2,0,0,0,25,71.4,0,0,2.48515,0.47485,0.1603,-0.03364,"90.8",150,20,0,0,5.67,-0.94,0.15,1.93,0.057,0,"-11.924242424",0.071,0.109,"11.924242424",-0.014,-0.013999999999999992,-0.052,-0.024,57.6,"38.5",17.536410030843246,-12.10742477643194,38.49938854864205,0.4461538461538462,39.06916348497663,33.92178243398334
3,690291,"Jung, Jace",17,17.6,0,0,,0,0,0,,0,1,,,2058,86.8,87.57,1,3,0,0.7999999999999972,6.97,128,147,122,154,284,329,298,"0.295","-0.295","57.1","7.8",1,0,0,0,0,0,1,100,0,0,2.62333,0.44667,0.88333,-0.88333,"94.1",68,,,,5.6,-2.6,0.39,0.9,0,,"-9.833333333",,,"9.833333333",,,,0,33.3,"40.9",17.424353167377006,-11.135416430841524,41.786572862218556,0.6666666666666666,30.829960899447386,37.915594719403344
14,669707,"Triolo, Jared",81,17.3,0.167,0,0.5,0.167,0.15,0.199,0.22,1,6,71.6,-19,2210,87.3,87.64,8,14,0,0.29999999999999716,6.52,106,150,116,147,301,317,283,"1.119","-1.119","64.2","8.0",6,2,1,0,0,0,4,66.7,0,0,2.51357,0.51286,0.20429,-0.31714,"89.5",81,0,0,0,5.61,-0.86,0.45,2.01,0.167,0,"-7.992857143",0.22,0.23,"7.992857143",-0.053,-0.05299999999999999,-0.063,-0.049,57.1,"35.0",9.82714679030048,-6.148392133069302,38.42130259260586,0.5,40.54617863531328,31.355167017364497
57,641487,"Crawford, J.P.",337,16.9,0.2,0.133,0.25,0.333,0.233,0.184,0.176,6,30,78.1,6.9,2259,88.2,88.25,17,57,0,0,6.45,116,146,113,151,286,317,298,"1.581","-1.581","70.1","7.7",30,21,4,1,0,1,9,30,0,0,2.76684,0.23,0.20702,-0.10596,"90.5",132,19.047619047619047,4.761904761904762,3.3333333333333335,5.79,-0.52,0.06,1.83,0.2,1,"-2.773684211",0.176,0.25,"2.773684211",0.024,0.02400000000000002,0.083,0.049,29.8,"37.4",14.337444059115745,-7.6276915646094405,36.135218457091014,0.5,36.05955046681868,41.495401873102544
66,678246,"Vargas, Miguel",394,16.8,0.107,0,0.136,0.107,0.09,0.159,0.152,3,28,77.1,5,2289,87.7,87.75,13,66,0,0.09999999999999432,6.3,107,149,120,144,300,325,293,"5.289","-5.289","67.0","7.7",30,22,3,0,0,0,8,26.7,0,0,2.68939,0.32621,0.27091,0.09455,"90.9",111,13.636363636363635,0,0,5.79,-0.63,0.03,1.98,0.1,0,"-8.013636364",0.166,0.187,"8.013636364",-0.045,-0.066,-0.08,-0.069,19.7,"36.2",13.246913486481063,-5.03176872984199,37.064256011595305,0.6190476190476191,37.609556731785425,35.931263925047865
22,683953,"Bazzana, Travis",131,16.8,0.111,0,0.2,0.111,0.1,0.128,0.14,1,9,90.1,9.6,2310,85.7,85.51,10,22,0,-0.20000000000000284,6.4,116,147,110,152,293,321,303,"2.115","-2.115","63.0","8.1",9,5,1,0,0,0,4,44.4,0,0,2.99727,0.19364,0.22545,-0.06727,"91.7",125,40,0,0,5.82,-0.44,0.22,1.57,0.111,0,"-9.613636364",0.14,0.151,"9.613636364",-0.029,-0.029000000000000012,-0.04,-0.028,45.5,"41.5",11.125463299943606,-10.701699871315089,34.37794789606654,0.5,33.538550374129066,38.651037305415656
53,650402,"Torres, Gleyber",317,16.7,0.348,0,0.4,0.348,0.313,0.307,0.309,8,23,73,-5.6,2333,88.4,88.58,16,53,0,0.19999999999998863,6.45,105,151,122,147,300,323,288,"1.101","-1.101","62.6","7.0",23,20,8,0,0,0,3,13,0,0,2.45887,0.49642,0.21132,-0.14528,"89.2",110,15,5,4.3478260869565215,5.73,-0.92,0.22,2.13,0.348,1,"-2.077358491",0.309,0.395,"2.077358491",0.039,0.03899999999999998,-0.047,0.006,30.2,"38.7",8.045519417237083,6.436284522675663,35.65326426842236,0.5849056603773585,37.344242255141104,28.232755440509717
1,686475,"Tolbert, Tyler",6,16.7,0,0,,0,0,0,,0,1,,,2090,83.3,83.3,1,1,0,0,6.3,110,152,126,147,312,319,292,"0.228","-0.228","73.1","7.6",1,0,0,0,0,0,1,100,0,0,2.68,0.61,-0.68,-0.68,,,,,,5.95,-2,1.3,1.93,0,,"-22.8",,,"22.8",,,,0,100,"38.4",19.36477428091006,-19.419291024641776,28.296773359549956,1,45.88921307694307,44.76856038143302
6,823550,"Song, Sung-Mun",36,16.7,0,0,,0,0,0,,0,2,,,2005,89.4,89.78,3,6,0,0.3999999999999915,6.75,125,147,113,152,283,320,302,"0.506","-0.506","66.6","8.0",2,0,0,0,0,0,2,100,0,0,2.745,0.14667,0.59,-0.59,"93.4",9,,,,5.67,-1.84,-0.3,1.7,0,,"-8.433333333",,,"8.433333333",,,,0,50,"39.5",10.773025611681245,-5.702974972614939,25.274616097301582,0.8333333333333334,38.10466773291619,31.106522681445817
44,686555,"Collins, Isaac",265,16.6,0,0,0,0,0,0.043,0.035,0,22,69.1,24.8,2182,89,89.1,26,44,0,0.09999999999999432,6.44,110,149,114,148,297,325,294,"6.002","-6.002","64.9","6.8",22,5,0,0,0,0,17,77.3,0,0,2.43409,0.49136,0.24705,-0.24705,"91.0",90,20,0,0,5.93,-0.52,0.05,1.99,0,0,"-13.640909091",0.035,0.064,"13.640909091",-0.035,-0.035,-0.064,-0.043,59.1,"42.3",9.2864908472612,-15.73835619377059,27.380890690869677,0.5116279069767442,35.90056804549148,35.52844054494759
19,679845,"Loftin, Nick",119,16,0,0,0,0,0,0.111,0.113,0,9,77.3,20.9,2414,90.5,90.61,1,19,0,0.09999999999999432,6.39,106,153,119,147,304,326,295,"2.665","-2.665","66.5","7.0",9,8,0,0,0,0,1,11.1,0,0,2.40368,0.42421,0.37368,0.24842,"88.9",92,12.5,0,0,5.77,-0.74,-0.16,2.28,0,0,"-14.026315789",0.113,0.141,"14.026315789",-0.113,-0.113,-0.141,-0.111,5.3,"40.7",4.473001387866256,-2.480364056342424,30.681052854255462,0.5263157894736842,35.65510512667712,28.633959868199753
23,667472,"Myers, Dane",144,16,0.222,0,0.4,0.222,0.2,0.166,0.18,2,9,75.8,8.8,2225,87.6,87.6,5,23,0,0,6.39,108,150,116,146,304,325,291,"0.423","-0.423","63.5","6.8",9,5,2,0,0,0,4,44.4,0,0,2.71,0.31043,0.29091,0.11727,"89.6",118,0,0,0,5.7,0.67,-0.36,2.2,0.222,0,"-1.839130435",0.18,0.198,"1.839130435",0.042,0.04200000000000001,0.024,0.034,21.7,"41.2",8.8173779647236,-2.4638204280172684,30.71714800056321,0.38095238095238093,34.76769340402051,27.528088460755903
11,605141,"Betts, Mookie",69,15.9,0,0,0,0,0,0.178,0.194,0,6,79.4,2.2,2220,88.8,89.65,4,11,0,0.9000000000000057,6.69,98,141,116,136,297,319,292,"1.858","-1.858","60.3","6.9",6,5,0,0,0,0,1,16.7,0,0,2.58273,0.32091,0.15818,-0.27818,"91.0",82,20,0,0,6.06,-1.23,0.17,2.16,0,0,"-16.890909091",0.194,0.217,"16.890909091",-0.194,-0.194,-0.217,-0.178,36.4,"43.5",5.332245025369752,-0.966848077381552,31.859177324126012,0.5,38.97306593491974,29.168260446010528
43,668885,"Martin, Austin",286,15,0.267,0,0.4,0.267,0.24,0.176,0.186,4,15,74.4,17.6,2238,88.9,89.29,19,43,0,0.3999999999999915,6.54,106,150,109,145,302,319,287,"1.666","-1.666","62.8","6.8",15,10,4,0,0,0,5,33.3,0,0,2.39698,0.55048,0.43558,-0.03512,"89.0",137,10,0,0,6.04,-0.41,0.01,2.2,0.267,0,"-3.874418605",0.186,0.218,"3.874418605",0.081,0.08100000000000002,0.049,0.064,44.2,"41.3",12.88300724992796,-6.042369165750556,38.33300718525668,0.4722222222222222,34.72198059089613,31.790448184049815
50,663757,"Grisham, Trent",343,14.6,0.118,0.176,0.125,0.294,0.176,0.134,0.091,2,17,84.9,32.1,2253,90,90.11,25,50,0,0.09999999999999432,6.5,118,146,112,152,293,326,297,"3.85","-3.85","63.4","7.3",17,9,1,0,0,1,8,47.1,0,0,2.2684,0.5818,0.3132,-0.2236,"91.8",132,22.22222222222222,11.11111111111111,5.88235294117647,5.73,-0.89,0.16,2.09,0.118,1,"-7.7",0.091,0.233,"7.7",0.027,0.026999999999999996,0.061,0.042,50,"37.3",14.807269045153133,-2.7128866326778116,29.064067429789645,0.38,37.542727909799225,26.57047716967624
3,664731,"Higgins, P.J.",21,14.3,0,0,,0,0,0,,0,3,,,2571,87.3,86.6,3,3,0,-0.7000000000000028,6.13,110,154,124,149,305,320,288,"0.748","-0.748","50.3","6.8",3,0,0,0,0,0,3,100,0,0,2.72,0.30333,-1.03,-1.03,,,,,,5.69,-2.06,0.86,1.43,0,,"-24.933333333",,,"24.933333333",,,,0,100,"34.5",16.45806035130225,-5.281349754138057,29.99037364450466,0.6666666666666666,50.03637109702049,35.45116887644184
3,656976,"Smith, Pavin",22,13.6,0,0,0,0,0,0,0.001,0,1,86.5,47,2626,91.9,93,1,3,0,1.0999999999999943,6.97,111,147,126,152,285,314,303,"0.362","-0.362","69.6","7.1",1,1,0,0,0,0,0,0,0,0,2.18667,0.53667,0.34333,-0.34333,"88.0",132,0,0,0,6.12,-1.09,-0.1,2.99,0,0,"-12.066666667",0.001,0.001,"12.066666667",-0.001,-0.001,-0.001,0,33.3,"51.0",11.903431532306495,3.4704415297729145,24.954928220212402,1,39.912805345988225,23.639814953967434
6,668952,"Kreidler, Ryan",47,12.8,1,0,1,1,0.901,0.596,0.649,1,1,74.8,15,2347,88.4,87.35,2,6,0,-1,5.63,109,154,114,148,298,322,284,"-0.289","0.289","71.4","7.9",1,1,1,0,0,0,0,0,0,0,2.285,0.65333,0.40667,-0.04333,"88.1",135,0,0,0,5.8,0.73,-0.01,2.8,1,0,"4.816666667",0.649,0.697,"-4.816666667",0.351,0.351,0.303,0.305,33.3,"28.5",16.056105180272283,-11.185257082027164,29.241931741208084,0.5,40.319991307540114,38.72318933177809
1,669899,"Ward, Ryan",8,12.5,,,,,,,,,,,,2233,79.4,79.7,0,1,0,0.29999999999999716,6.3,126,148,140,152,301,338,312,"0.061","-0.061","70.4","8.8",,,,,,,,,,,3.92,-0.32,-0.11,0.11,"88.0",2,,,,6.22,-2.71,-0.37,1.09,,,"-6.1",,,"6.1",,,,,0,"46.9",24.432344017649687,-18.400592072199235,30.187280444891154,0,39.45941241903161,44.18838719992935
1,660644,"Bruján, Vidal",8,12.5,,,,,,,,,,,,2081,89.4,90.7,0,1,0,1.2999999999999972,6.4,105,152,118,143,308,344,288,"0","0","65.3","6.3",,,,,,,,,,,1.88,0.91,0.13,-0.13,"88.0",196,,,,5.76,2.39,0.6,3.58,,,"0",,,"0",,,,,0,"43.3",9.27514830908046,21.076560717070247,19.824772817991562,1,42.43190806492676,18.382457752095274
6,669397,"Allen, Nick",49,12.2,0.333,0,0.5,0.333,0.3,0.128,0.13,1,3,84,-2.5,2206,82.7,82,3,6,0,-0.7000000000000028,5.73,114,153,105,149,299,314,279,"0.286","-0.286","62.9","6.2",3,2,1,0,0,0,1,33.3,0,0,4.42333,1.17667,0.19,0.44,"88.8",23,0,0,0,6.06,-0.33,-0.52,2.76,0.333,0,"-4.766666667",0.13,0.15,"4.766666667",0.203,0.203,0.183,0.172,50,"44.7",6.083257321369022,-1.6915814188535214,27.515653370297652,0.2,30.944776074167255,29.96603284563822
3,814439,"Waldschmidt, Ryan",27,11.1,0,0,,0,0,0,,0,1,,,2111,87.4,88,2,3,0,0.5999999999999943,6.77,101,152,117,146,314,329,284,"0.226","-0.226","69.4","6.5",1,0,0,0,0,0,1,100,0,0,2.83333,0.17333,0.36,-0.77333,"88.0",4,,,,5.33,1.06,-0.46,2.32,0,,"-7.533333333",,,"7.533333333",,,,0,66.7,"28.0",7.119737612231713,-13.132419497053993,36.41042661107424,0,28.741846808814127,25.424966775914104
1,666185,"Carlson, Dylan",9,11.1,,,,,,,,,,,,2320,80.2,80.3,1,1,0,0.09999999999999432,6.5,93,123,105,121,295,325,294,"0.06","-0.06","53.6","6.9",,,,,,,,,,,4.12,-0.55,-1.22,1.22,,,,,,5.53,1.14,-1.19,1.74,,,"-6",,,"6",,,,,100,"47.8",14.217857173826268,-6.3739054866121405,39.74716953149216,1,21.593345944337607,28.60156628429023
2,673490,"Kim, Ha-Seong",18,11.1,0,0,,0,0,0,,0,1,,,2336,91.3,92.6,1,2,0,1.2999999999999972,6.9,87,155,116,150,308,335,306,"0.244","-0.244","53.0","5.2",1,0,0,0,0,0,1,100,0,0,1.745,0.975,0.2,0.2,"88.0",209,,,,5.31,-1.35,-0.48,3.51,0,,"-12.2",,,"12.2",,,,0,50,"28.1",0.24529026878049276,35.0909292532743,19.937216932644283,0,28.81343263818615,17.541874918364236
50,621493,"Ward, Taylor",462,10.8,0.188,0,0.375,0.188,0.169,0.202,0.216,3,16,75,11.8,2335,89.3,89.3,22,50,0,0,6.34,110,151,125,147,306,325,291,"3.208","-3.208","59.2","6.7",16,8,3,0,0,0,8,50,0,0,2.4216,0.4826,-0.0026,-0.0922,"88.9",138,0,0,0,5.84,-0.79,0.35,2.11,0.188,0,"-6.416",0.216,0.241,"6.416",-0.028,-0.027999999999999997,-0.053,-0.033,44,"39.7",4.805944568403415,3.8291949881534393,28.294187435904167,0.4375,38.636121964986636,29.137962133316925
2,805999,"Ewing, A.J.",33,6.1,,,,,,,,,,,,1720,80.9,81.2,1,2,0,0.29999999999999716,6.7,126,147,126,150,292,321,306,"0.035","-0.035","33.9","6.3",,,,,,,,,,,4.09,-0.565,-0.14,0.14,,,,,,5.44,-2.26,0.2,1.22,,,"-1.75",,,"1.75",,,,,50,"34.3",11.582383985663329,4.3689762083179495,44.0471203600392,1,34.04572534400752,27.640809019522184