"pitch_type","game_date","release_speed","release_pos_x","release_pos_z","player_name","batter","pitcher","events","description","spin_dir","spin_rate_deprecated","break_angle_deprecated","break_length_deprecated","zone","des","game_type","stand","p_throws","home_team","away_team","type","hit_location","bb_type","balls","strikes","game_year","pfx_x","pfx_z","plate_x","plate_z","on_3b","on_2b","on_1b","outs_when_up","inning","inning_topbot","hc_x","hc_y","tfs_deprecated","tfs_zulu_deprecated","umpire","sv_id","vx0","vy0","vz0","ax","ay","az","sz_top","sz_bot","hit_distance_sc","launch_speed","launch_angle","effective_speed","release_spin_rate","release_extension","game_pk","fielder_2","fielder_3","fielder_4","fielder_5","fielder_6","fielder_7","fielder_8","fielder_9","release_pos_y","estimated_ba_using_speedangle","estimated_woba_using_speedangle","woba_value","woba_denom","babip_value","iso_value","launch_speed_angle","at_bat_number","pitch_number","pitch_name","home_score","away_score","bat_score","fld_score","post_away_score","post_home_score","post_bat_score","post_fld_score","if_fielding_alignment","of_fielding_alignment","spin_axis","delta_home_win_exp","delta_run_exp","bat_speed","swing_length","estimated_slg_using_speedangle","delta_pitcher_run_exp","hyper_speed","home_score_diff","bat_score_diff","home_win_exp","bat_win_exp","age_pit_legacy","age_bat_legacy","age_pit","age_bat","n_thruorder_pitcher","n_priorpa_thisgame_player_at_bat","pitcher_days_since_prev_game","batter_days_since_prev_game","pitcher_days_until_next_game","batter_days_until_next_game","api_break_z_with_gravity","api_break_x_arm","api_break_x_batter_in","arm_angle","attack_angle","attack_direction","swing_path_tilt","intercept_ball_minus_batter_pos_x_inches","intercept_ball_minus_batter_pos_y_inches"
"ST","2026-05-14","84.7","2.69","5.46","Luzardo, Jesús",575929,666200,,"called_strike",,,,,7,,"R","R","L","BOS","PHI","S",,,2,0,2026,"-0.2","0.26",-0.33058960727254755,1.6332934100836183,655316,,,1,6,"Bot",,,,,,,-6.500886693025185,-123.1324240586794,-2.8346256743640383,-0.6352742107046843,25.575723994783868,-29.12188785743371,3.229658793,1.62992126,,,,"83.7",2133,"5.8",824762,592663,547180,624641,664761,607208,694025,669016,666969,"54.69",,,,,,,,46,3,"Sweeper",0,0,0,0,0,0,0,0,"Infield shade","Standard",340,"-0.004","-0.055",,,,"0.055",,0,0,0.664,0.664,28,34,29,34,3,2,,,,,"2.93","-0.2","0.2",,,,,,
"FF","2026-05-14","94.9","2.45","5.71","Luzardo, Jesús",655316,666200,,"called_strike",,,,,4,,"R","R","L","BOS","PHI","S",,,2,1,2026,"1","1.18",-0.7159410040536134,2.1896678434680146,,,,0,6,"Bot",,,,,,,-10.33484633141282,-137.66711383232413,-5.916994017157566,15.060128074662726,31.978962368478868,-16.000357557528858,3.148039698,1.588730315,,,,"93.8",2164,"5.9",824762,592663,547180,624641,664761,607208,694025,669016,666969,"54.61",,,,,,,,44,4,"4-Seam Fastball",0,0,0,0,0,0,0,0,"Standard","Standard",128,"-0.01","-0.073",,,,"0.073",,0,0,0.581,0.581,28,29,29,29,3,2,,,,,"1.38","1","-1",,,,,,
"CH","2026-05-14","84.6","-1.25","5.28","Sheehan, Emmet",687551,686218,"walk","ball",,,,,14,"Drew Gilbert challenged (pitch result), call on the field was overturned: Drew Gilbert walks.","R","L","R","LAD","SF","B",,,3,2,2026,"-1.4","-0.06",0.5393824708546895,1.152983898168336,,,,1,5,"Top",,,,,,,6.985843299111943,-122.96379512991982,-2.9056429560269468,-15.584544802333761,24.701276526905964,-32.42979320437855,3.059399606,1.543996063,,,,"84.9",1463,"6.6",823950,687221,518692,808975,571970,500743,606192,681624,663656,"53.93",,0.704857,"0.7",1,0,0,,34,7,"Changeup",2,0,0,2,0,2,0,2,"Infield shade","Standard",264,"-0.028","0.339",,,,"-0.339",,2,-2,0.775,0.22499999999999998,26,25,27,26,2,1,,,,,"3.26","1.4","-1.4",,,,,,
"CH","2026-05-14","86.2","-1.96","5.9","McGreevy, Michael",666126,700241,,"ball",,,,,14,,"R","L","R","ATH","STL","B",,,1,1,2026,"-1.26","0.04",0.13870484850549203,1.2919014087908858,,,669127,2,6,"Bot",,,,,,,7.531334480347798,-125.2754668640777,-4.495480667358423,-14.852167943106911,26.289366591269193,-31.025374454977662,2.990067257,1.509005906,,,,"86",1843,"6.3",825008,671056,665877,802139,669357,691026,701675,687363,691023,"54.18",,,,,,,,49,3,"Changeup",1,3,1,3,3,1,1,3,"Standard","Standard",235,"0.005","0.054",,,,"-0.054",,-2,-2,0.218,0.218,25,29,26,29,3,2,,,,,"3.05","1.26","-1.26",,,,,,
"FC","2026-05-14","88.7","2.3","5.8","Suarez, Ranger",607208,624133,"strikeout","called_strike",,,,,8,"Trea Turner challenged (pitch result), call on the field was confirmed: Trea Turner called out on strikes.","R","R","L","BOS","PHI","S",2,,1,2,2026,"-0.17","0.57",0.1889362479921784,1.6842451636884963,664761,592663,694025,2,5,"Top",,,,,,,-4.717472962069784,-129.02845295186347,-4.9633094892073135,-0.8928885980849192,26.845629235049145,-24.975400205021742,3.244578412,1.637450787,,,,"88.3",2074,"6.1",824762,665966,575929,643396,702332,596115,680776,678882,677800,"54.44",,0,"0",1,0,0,,33,5,"Cutter",0,0,0,0,0,0,0,0,"Standard","Standard",151,"0.069","-0.202",,,,"0.202",,0,0,0.498,0.502,30,33,31,33,3,2,,,,,"2.33","-0.17","0.17",,,,,,
"SI","2026-05-14","93.5","-4.12","5.28","McLean, Nolan",682985,690997,,"called_strike",,,,,1,,"R","L","R","NYM","DET","S",,,2,0,2026,"-1.39","0.43",-0.7239755621942208,3.3899121888234447,,,,0,6,"Top",,,,,,,11.683161088452897,-135.61679103274236,0.11871803615843302,-19.726492231707898,29.574620365175345,-27.171124562093407,3.303379265,1.667125984,,,,"92.9",2198,"6.1",823630,663584,668901,543760,683146,666182,621438,805999,701807,"54.39",,,,,,,,44,3,"Sinker",6,3,3,6,3,6,3,6,"Infield shade","Standard",225,"0.009","-0.072",,,,"0.072",,3,-3,0.85,0.15000000000000002,24,25,25,26,3,2,,,,,"2.2","1.39","-1.39",,,,,,
"SL","2026-05-14","85.3","-2.28","5.07","Castillo, Luis",701358,622491,,"ball",,,,,14,,"R","R","R","HOU","SEA","B",,,0,1,2026,"0.1","0.19",0.8761960836902295,1.8032763252643695,,,,0,5,"Bot",,,,,,,7.012913982920385,-124.01400800737927,-1.518820010852386,-0.4501157925224707,25.87715017526279,-30.100849426682565,3.348138123,1.689714567,,,,"83.8",2339,"5.5",824196,641598,647304,702284,680977,641487,668227,670042,686527,"55.03",,,,,,,,39,2,"Slider",1,5,1,5,5,1,1,5,"Standard","Standard",95,"0.002","0.031",,,,"-0.031",,-4,-4,0.119,0.119,33,23,34,23,2,1,,,,,"2.96","-0.1","-0.1",,,,,,
"FF","2026-05-14","89.9","3.33","5.5","Lopez, Jacob",650968,682052,,"ball",,,,,13,,"R","R","L","ATH","STL","B",,,0,1,2026,"0.77","1.26",-0.9670376061954916,1.8401259467625573,,691026,669357,2,4,"Top",,,,,,,-12.236558265395454,-130.35530593782588,-5.650427769301651,11.113614854706618,24.718176124623035,-16.657332290821547,3.165592192,1.597588583,,,,"90.9",2202,"6.9",825008,669127,701762,643446,680869,687231,691016,703607,666126,"53.64",,,,,,,,29,2,"4-Seam Fastball",1,0,0,1,0,1,0,1,"Standard","Standard",134,"-0.005","0.018",,,,"-0.018",,1,-1,0.637,0.363,28,29,28,29,2,1,,,,,"1.55","0.77","-0.77",,,,,,
"SL","2026-05-14","77.5","3.67","5.11","Lopez, Jacob",665877,682052,,"called_strike",,,,,7,,"R","R","L","ATH","STL","S",,,1,0,2026,"-0.46","0.33",-0.6776113265760969,1.7620198087207894,,691026,669357,1,4,"Top",,,,,,,-8.419438672616288,-112.55082302307349,-0.494097648542581,-2.1296262475050516,23.094024111691297,-29.536863373206064,3.137508202,1.583415354,,,,"78.1",2324,"7.1",825008,669127,701762,643446,680869,687231,691016,703607,666126,"53.39",,,,,,,,28,2,"Slider",1,0,0,1,0,1,0,1,"Standard","Standard",279,"0.011","-0.045",,,,"0.045",,1,-1,0.562,0.43799999999999994,28,27,28,27,2,1,,,,,"3.52","-0.46","0.46",,,,,,
"FC","2026-05-14","90.4","-2.7","5.54","Bolton, Cody",641487,675989,"strikeout","called_strike",,,,,1,"J.P. Crawford challenged (pitch result), call on the field was confirmed: J.P. Crawford called out on strikes.","R","L","R","HOU","SEA","S",2,,3,2,2026,"0.54","0.61",-0.6789364816766117,2.951799576930386,647304,,668227,2,9,"Top",,,,,,,3.8316546411734342,-131.68333237676666,-1.6685645089354768,5.459644372913146,27.451886749647667,-24.980164355302744,3.219127297,1.624606299,,,,"91",2378,"6.5",824196,663967,572233,514888,670623,669699,805904,694728,701358,"53.95",,0,"0",1,0,0,,75,6,"Cutter",3,8,8,3,8,3,8,3,"Standard","Standard",169,"0.002","-0.278",,,,"0.278",,-5,5,0.006,0.994,28,31,28,31,2,4,,,,,"2.17","-0.54","0.54",,,,,,
"SL","2026-05-14","88.5","-1.11","5.68","Canning, Griffin",686217,656288,"strikeout","called_strike",,,,,1,"Sal Frelick challenged (pitch result), call on the field was confirmed: Sal Frelick called out on strikes.","R","L","R","MIL","SD","S",2,,2,2,2026,"-0.01","-0.41",-0.792280378290037,2.64516235009796,650859,669003,,2,1,"Bot",,,,,,,0.7772405463041745,-128.94579428281898,-0.3094261432137433,-0.234920414007337,25.247346543927293,-36.90924351458033,3.062910105,1.545767717,,,,"88.6",2801,"6.2",823789,666023,657757,665487,592518,593428,657656,669369,592206,"54.34",,0,"0",1,0,0,,13,5,"Slider",3,0,3,0,0,3,3,0,"Standard","Standard",46,"-0.026","-0.219",,,,"0.219",,3,3,0.804,0.804,30,26,30,26,1,0,,,,,"3.3","0.01","-0.01",,,,,,
"SL","2026-05-14","86.8","-1.09","6.15","Kent, Zak",668709,687849,,"called_strike",,,,,3,,"R","L","R","CIN","WSH","S",,,2,1,2026,"0.44","-0.14",0.5746353471606374,3.221572172914592,,,682829,2,7,"Bot",,,,,,,3.006374605452048,-126.52305934518606,-0.39184074835336113,4.193765288301598,24.17294218279892,-33.76245938515516,3.286704396,1.65871063,,,,"87.2",2727,"6.3",824517,686452,671277,677588,691781,683083,695734,696285,686894,"54.22",,,,,,,,59,4,"Slider",9,0,9,0,0,9,9,0,"Infield shade","Standard",89,"0","-0.093",,,,"0.093",,9,9,0.999,0.999,28,28,28,29,1,3,,,,,"3.13","-0.44","0.44",,,,,,
"FF","2026-05-14","92.3","-0.99","6.23","Kent, Zak",668709,687849,,"ball",,,,,13,,"R","L","R","CIN","WSH","B",,,1,0,2026,"-0.1","1.11",-0.5426156022143137,1.444203495666595,,,682829,2,7,"Bot",,,,,,,1.3500805198837222,-134.29891763140762,-8.606119335896494,-1.5282488292219978,26.86911892304837,-17.086962918505705,3.286704396,1.65871063,,,,"92.6",2575,"6.3",824517,686452,671277,677588,691781,683083,695734,696285,686894,"54.18",,,,,,,,59,2,"4-Seam Fastball",9,0,9,0,0,9,9,0,"Infield shade","Standard",191,"0","0.048",,,,"-0.048",,9,9,0.999,0.999,28,28,28,29,1,3,,,,,"1.55","0.1","-0.1",,,,,,
"SI","2026-05-14","91.8","2.66","5.71","Garrett, Braxton",807712,666129,,"called_strike",,,,,9,,"R","R","L","MIN","MIA","S",,,1,1,2026,"1.19","0.85",0.3214001977918144,1.8887061484032686,668885,686797,680777,2,1,"Bot",,,,,,,-8.540848526155933,-133.43614067619208,-5.502976792143224,16.063317509828074,27.631796892389826,-21.05598121998376,3.213861549,1.621948819,,,,"92.6",2218,"6.7",823709,689414,666624,669364,691594,672640,669065,805300,683357,"53.76",,,,,,,,11,3,"Sinker",0,0,0,0,0,0,0,0,"Infield shade","Standard",126,"-0.018","-0.05",,,,"0.05",,0,0,0.568,0.568,28,23,29,24,1,0,,,,,"1.86","1.19","-1.19",,,,,,
"SI","2026-05-14","92.9","-1.39","5.3","Roupp, Landen",687221,694738,"strikeout","called_strike",,,,,1,"Dalton Rushing challenged (pitch result), call on the field was confirmed: Dalton Rushing called out on strikes.","R","L","R","LAD","SF","S",2,,2,2,2026,"-1.49","0.19",-0.46369888281987226,3.2234741558554347,571970,606192,,0,2,"Bot",,,,,,,5.651141090087181,-135.11264693566457,0.26849155962957405,-19.50602488554692,31.11227414984505,-30.191116564913695,3.191920932,1.610875984,,,,"92.5",2014,"6.2",823950,606992,646240,650333,656305,642715,671218,687551,808982,"54.31",,0,"0",1,0,0,,14,5,"Sinker",1,0,1,0,0,1,1,0,"Strategic","Standard",241,"-0.036","-0.268",,,,"0.268",,1,1,0.768,0.768,27,25,28,25,1,0,,,,,"2.47","1.49","-1.49",,,,,,
"SL","2026-05-14","88.4","-1.17","6.11","Kent, Zak",701398,687849,,"ball",,,,,13,,"R","R","R","CIN","WSH","B",,,2,2,2026,"0.33","-0.11",-0.5659613330205959,1.3065528921144098,,,682829,0,7,"Bot",,,,,,,0.7661247030400599,-128.77839264151228,-5.164253811309813,3.469151378017583,26.112416917907556,-32.60212717724067,3.239312664,1.634793307,,,,"88.6",2660,"6.3",824517,686452,671277,677588,691781,683083,695734,696285,686894,"54.22",,,,,,,,57,5,"Slider",9,0,9,0,0,9,9,0,"Standard","Standard",87,"0","0.113",,,,"-0.113",,9,9,0.999,0.999,28,22,28,23,1,3,,,,,"3.02","-0.33","-0.33",,,,,,
"CU","2026-05-14","79.6","-2.51","5.97","Bolton, Cody",686527,675989,,"called_strike",,,,,1,,"R","L","R","HOU","SEA","S",,,0,0,2026,"1.17","-0.92",-0.8078895434864344,2.8439759671098175,,641487,,0,8,"Top",,,,,,,1.4619745327419484,-115.79187608065392,1.9655854274243536,10.054222130375447,25.00234630472115,-41.059231488558176,3.208595801,1.619291339,,,,"79",2655,"6.2",824196,663967,572233,514888,670623,669699,805904,694728,701358,"54.26",,,,,,,,63,1,"Curveball",3,8,8,3,8,3,8,3,"Standard","Standard",53,"0","-0.043",,,,"0.043",,-5,5,0.013,0.987,28,28,28,29,1,3,,,,,"4.57","-1.17","1.17",,,,,,
"SI","2026-05-14","95.1","-1.77","5.79","Davila, Nick",514888,689546,,"ball",,,,,11,,"R","R","R","HOU","SEA","B",,,2,2,2026,"-1.51","0.5",-0.4265180751695672,3.0853492007539094,,663967,,2,7,"Bot",,,,,,,6.9112698663806995,-138.26825812741188,-2.342289291194893,-20.92239909038339,34.13535837521712,-25.395612021029454,2.926000656,1.476673228,,,,"94.5",2038,"6.2",824196,641598,647304,702284,680977,641487,668227,670042,686527,"54.27",,,,,,,,60,6,"Sinker",3,7,3,7,7,3,3,7,"Standard","Standard",243,"0.005","0.057",,,,"-0.057",,-4,-4,0.051,0.051,27,36,28,36,1,3,,,,,"2.04","1.51","1.51",,,,,,
"FF","2026-05-14","97.2","-1.56","6.34","Brown, Ben",642086,676962,,"ball",,,,,13,,"R","L","R","ATL","CHC","B",,,0,2,2026,"-0.82","1.19",-0.975716277161285,2.3198197896271067,,671739,663586,1,2,"Bot",,,,,,,3.450476483862778,-141.29425801780775,-7.7650453980583025,-11.739660361233067,33.3016279726002,-14.649546009186778,3.176123688,1.602903543,,,,"97.2",2230,"6.4",824926,665804,683737,663538,608324,621020,664023,691718,807713,"54.09",,,,,,,,17,3,"4-Seam Fastball",0,0,0,0,0,0,0,0,"Infield shade","Standard",217,"0.005","0.014",,,,"-0.014",,0,0,0.574,0.574,26,31,27,31,1,0,,,,,"1.23","0.82","-0.82",,,,,,
"SI","2026-05-14","96.2","-2.74","5.12","Castillo, Luis",670623,622491,,"ball",,,,,14,,"R","R","R","HOU","SEA","B",,,1,0,2026,"-1.65","0.27",0.1865882589890917,1.3617290891104157,,,670541,2,1,"Bot",,,,,,,11.301758692470361,-139.5363534854047,-4.687217608442355,-24.153156136894037,31.73009112154849,-27.76817008928765,3.180511811,1.60511811,,,,"94.9",2195,"5.7",824196,641598,647304,702284,680977,641487,668227,670042,686527,"54.75",,,,,,,,10,2,"Sinker",0,3,0,3,3,0,0,3,"Standard","Standard",241,"0.004","0.048",,,,"-0.048",,-3,-3,0.244,0.244,33,27,34,27,1,0,,,,,"2.21","1.65","1.65",,,,,,
"SI","2026-05-14","99.6","-2.04","5.43","Mey, Luis",671277,682825,"walk","ball",,,,,13,"Luis García Jr. challenged (pitch result), call on the field was overturned: Luis García Jr. walks. Drew Millas to 2nd.","R","L","R","CIN","WSH","B",,,3,1,2026,"-1.35","0.31",-0.29630902812502735,1.4287822926973006,,,686452,1,8,"Top",,,,,,,8.000321293959054,-144.50505027024965,-5.963027229795951,-20.901217302413617,40.83689578362378,-26.440651357364164,3.248088911,1.639222441,,,,"99.1",2426,"6.7",824517,624431,701398,668715,663647,680574,666181,667472,694362,"53.84",,0.704857,"0.7",1,0,0,,63,5,"Sinker",11,0,0,11,0,11,0,11,"Infield shade","Standard",217,"0","0.18",,,,"-0.18",,11,-11,0.999,0.0010000000000000009,25,26,25,26,1,3,,,,,"2.04","1.35","-1.35",,,,,,
"CH","2026-05-14","86.5","1.91","5.46","Romero, JoJo",667670,668941,,"ball",,,,,12,,"R","R","L","ATH","STL","B",,,2,1,2026,"0.45","-0.12",1.0421403793099857,2.8706123919867985,701762,,691016,2,7,"Bot",,,,,,,-2.929181728530711,-125.99404356627441,0.4052991730664155,5.392886842412302,24.146429287962285,-33.74223064901393,3.363935368,1.697687008,,,,"85.1",1164,"5.2",825008,671056,665877,802139,669357,691026,701675,687363,691023,"55.29",,,,,,,,60,4,"Changeup",4,3,4,3,3,4,4,3,"Standard","Standard",92,"0.004","0.065",,,,"-0.065",,1,1,0.791,0.791,29,31,30,32,1,3,,,,,"3.15","0.45","-0.45",,,,,,
"SI","2026-05-14","96.1","-1.68","5.88","Davila, Nick",805904,689546,,"called_strike",,,,,9,,"R","L","R","HOU","SEA","S",,,0,0,2026,"-1.57","0.56",0.7544705580146891,1.9558519551994005,,,663967,1,7,"Bot",,,,,,,9.931968129979904,-139.462775724871,-5.760883641460676,-22.761985145379764,34.374233226138514,-23.623095826905818,3.281438648,1.65605315,,,,"95.2",2136,"6.1",824196,641598,647304,702284,680977,641487,668227,670042,686527,"54.36",,,,,,,,59,1,"Sinker",3,7,3,7,7,3,3,7,"Infield shade","Standard",244,"-0.003","-0.04",,,,"0.04",,-4,-4,0.073,0.073,27,25,28,26,1,3,,,,,"1.94","1.57","-1.57",,,,,,
"SL","2026-05-14","88.8","-1.7","5.95","Davila, Nick",663967,689546,"walk","ball",,,,,13,"César Salazar challenged (pitch result), call on the field was overturned: César Salazar walks.","R","L","R","HOU","SEA","B",,,3,2,2026,"0.02","-0.24",-0.863666500368911,2.166460954159711,,,,1,7,"Bot",,,,,,,1.98567451366624,-129.36172216608222,-2.5180827890869315,-0.21546356247529186,25.644559320180452,-34.62276136401679,3.053256234,1.540895669,,,,"88.6",2056,"6",824196,641598,647304,702284,680977,641487,668227,670042,686527,"54.48",,0.704857,"0.7",1,0,0,,58,6,"Slider",3,7,3,7,7,3,3,7,"Infield shade","Standard",31,"0.017","0.339",,,,"-0.339",,-4,-4,0.056,0.056,27,30,28,30,1,2,,,,,"3.12","-0.02","0.02",,,,,,
"FC","2026-05-14","86.3","2.74","5.84","Griffin, Foster",701398,656492,,"ball",,,,,13,,"R","R","L","CIN","WSH","B",,,1,0,2026,"-0.57","0.59",-0.05321184429418141,1.3113502391606966,,,,2,1,"Bot",,,,,,,-5.355381871641881,-125.51177583763562,-5.492051734874041,-4.9718471107026545,25.68893808225892,-25.0039220147812,3.239312664,1.634793307,,,,"86",2220,"6.2",824517,686452,671277,683083,691781,682928,695734,696285,695578,"54.32",,,,,,,,6,2,"Cutter",0,0,0,0,0,0,0,0,"Standard","Standard",185,"0.003","0.065",,,,"-0.065",,0,0,0.511,0.511,30,22,31,23,1,0,,,,,"2.48","-0.57","0.57",,,,,,
"FF","2026-05-14","93.6","-3.01","4.67","Kimbrel, Craig",679529,518886,,"ball",,,,,12,,"R","R","R","NYM","DET","B",,,0,0,2026,"-1.04","1.45",0.8442988200245991,2.575787917708601,,,,1,9,"Top",,,,,,,12.225585210672378,-135.60844922179237,-2.6559912801804666,-15.771487693930919,33.30140168130469,-13.96485871578043,3.232291667,1.63125,,,,"93.7",2367,"6.8",823630,663584,668901,543760,683146,666182,621438,805999,701807,"53.66",,,,,,,,73,1,"4-Seam Fastball",9,4,4,9,4,9,4,9,"Standard","Standard",224,"0","0.039",,,,"-0.039",,5,-5,0.998,0.0020000000000000018,38,26,38,27,1,3,,,,,"1.2","1.04","1.04",,,,,,
"FF","2026-05-14","93.9","-2.56","5.89","Montero, Keider",666182,672456,"strikeout","called_strike",,,,,7,"Bo Bichette challenged (pitch result), call on the field was confirmed: Bo Bichette called out on strikes.","R","R","R","NYM","DET","S",2,,2,2,2026,"-0.56","1.27",-0.5075632007423336,1.670853856976126,,,701807,0,1,"Bot",,,,,,,6.495498142750146,-136.413173750013,-7.788144884750003,-8.454885508309541,30.383304090162895,-14.801433772442731,3.162081693,1.595816929,,,,"93.8",2193,"6.4",823630,668670,679529,669398,690993,805808,682985,672761,656716,"54.13",,0,"0",1,0,0,,8,8,"4-Seam Fastball",0,3,0,3,3,0,0,3,"Standard","Standard",214,"-0.028","-0.201",,,,"0.201",,-3,-3,0.298,0.298,25,28,26,28,1,0,,,,,"1.33","0.56","0.56",,,,,,
"ST","2026-05-14","85.7","-1.6","5.67","Svanson, Matt",643446,694335,,"called_strike",,,,,4,,"R","L","R","ATH","STL","S",,,1,1,2026,"0.87","0.31",-0.7671966071732674,2.4623591974853025,,,703607,1,8,"Bot",,,,,,,0.15528456013215414,-124.86937869143246,-1.7464348958226403,9.02939581751069,25.19129234147956,-28.778572148216018,3.213861549,1.621948819,,,,"85.3",2210,"6",825008,671056,676475,802139,669357,691026,701675,687363,691023,"54.52",,,,,,,,68,3,"Sweeper",4,3,4,3,3,4,4,3,"Standard","Standard",79,"-0.004","-0.056",,,,"0.056",,1,1,0.866,0.866,27,34,27,34,1,3,,,,,"2.78","-0.87","0.87",,,,,,
"SL","2026-05-14","88","-1.63","6","Davila, Nick",663967,689546,,"ball",,,,,11,,"R","L","R","HOU","SEA","B",,,1,1,2026,"-0.03","-0.43",-0.669063518958314,3.343478552938977,,,,1,7,"Bot",,,,,,,2.328610859399515,-128.07439473804737,0.7561560121052475,-0.7853956959592657,27.57140890530185,-37.247832829838345,3.053256234,1.540895669,,,,"87.3",2085,"5.9",824196,641598,647304,702284,680977,641487,668227,670042,686527,"54.56",,,,,,,,58,3,"Slider",3,7,3,7,7,3,3,7,"Infield shade","Standard",48,"0.003","0.055",,,,"-0.055",,-4,-4,0.052,0.052,27,30,28,30,1,2,,,,,"3.38","0.03","-0.03",,,,,,
"FF","2026-05-14","93.1","-0.75","5.84","Leiter Jr., Mark",687363,643410,,"ball",,,,,13,,"R","L","R","ATH","STL","B",,,1,2,2026,"-0.41","1.39",-0.5985991749465069,1.4138353986581025,,,,0,7,"Top",,,,,,,1.3136532687937867,-135.55229305606755,-8.551337517566829,-5.377627426897322,25.8252977133144,-13.430711936492171,3.136630577,1.582972441,,,,"94.1",1980,"6.6",825008,669127,701762,643446,680869,687231,691016,703607,666126,"53.93",,,,,,,,50,5,"4-Seam Fastball",1,3,3,1,3,1,3,1,"Infield shade","Standard",209,"-0.003","0.043",,,,"-0.043",,-2,2,0.19,0.81,35,25,35,25,1,2,,,,,"1.21","0.41","-0.41",,,,,,
"SI","2026-05-14","92","2.8","5.74","Newcomb, Sean",679845,656794,,"ball",,,,,12,,"R","R","L","CWS","KC","B",,,0,0,2026,"1.41","0.42",0.3351851992014958,3.3925814074723735,,,521692,0,8,"Top",,,,,,,-9.17131647690198,-133.6303592761974,-0.7846462918621702,18.934470558676985,32.14255652554697,-27.194517480693413,3.18226706,1.606003937,,,,"90.5",2245,"5.7",824602,700337,808959,805367,678246,682668,545341,656537,672284,"54.76",,,,,,,,62,1,"Sinker",5,2,2,5,2,5,2,5,"Standard","Standard",127,"-0.008","0.04",,,,"-0.04",,3,-3,0.885,0.11499999999999999,33,27,33,28,1,3,,,,,"2.31","1.41","-1.41",,,,,,
"SI","2026-05-14","94.7","-2.07","6.23","Brubaker, JT",606192,664141,,"ball",,,,,14,,"R","R","R","LAD","SF","B",,,0,1,2026,"-1.44","0.91",0.9689290017015648,2.394029601533013,,,,0,8,"Bot",,,,,,,10.968795939462067,-137.37206751477066,-6.089349185677341,-20.628254858571655,30.895642129042315,-19.414948266631615,3.199819554,1.614862205,,,,"93.6",2258,"5.9",823950,606992,646240,650333,656305,642715,671218,687551,808982,"54.63",,,,,,,,63,2,"Sinker",5,2,5,2,2,5,5,2,"Strategic","Standard",220,"0","0.031",,,,"-0.031",,3,3,0.972,0.972,32,33,33,34,1,3,,,,,"1.65","1.44","1.44",,,,,,
"FF","2026-05-14","95","-0.78","6.04","Davis, Tyler",672580,699823,,"ball",,,,,11,,"R","R","R","CWS","KC","B",,,0,1,2026,"-0.85","1.53",-0.8388762613992006,2.734874554237916,664728,,,0,7,"Top",,,,,,,1.7943319871961072,-138.20058715374404,-6.289748018075693,-11.223651341296241,33.2772396266219,-11.334943588654081,3.262130906,1.646309055,,,,"95.4",2357,"6.7",824602,700337,808959,805367,678246,682668,545341,656537,672284,"53.76",,,,,,,,55,2,"4-Seam Fastball",5,1,1,5,1,5,1,5,"Standard","Standard",207,"-0.003","0.034",,,,"-0.034",,4,-4,0.899,0.10099999999999998,27,26,28,26,1,3,,,,,"1.01","0.85","0.85",,,,,,
"FF","2026-05-14","96.3","-1.51","6.57","Burns, Chase",695578,695505,,"ball",,,,,12,,"R","L","R","CIN","WSH","B",,,0,1,2026,"-0.56","1.62",0.5594807698963556,3.7925228651221055,,,,0,1,"Top",,,,,,,6.698811550104852,-140.042542602542,-5.306209203955079,-8.909586656384075,33.148752529650174,-9.926864085599162,3.488558071,1.760580709,,,,"96.1",2675,"6.3",824517,624431,701398,680574,663647,682829,668715,667472,694362,"54.18",,,,,,,,1,2,"4-Seam Fastball",0,0,0,0,0,0,0,0,"Infield shade","Standard",210,"-0.002","0.031",,,,"-0.031",,0,0,0.503,0.497,23,23,23,24,1,0,,,,,"0.85","0.56","-0.56",,,,,,
"SI","2026-05-14","95.2","2.65","5.41","Hall, DL",592518,669084,,"called_strike",,,,,1,,"R","R","L","MIL","SD","S",,,0,0,2026,"1.27","0.68",-0.8119103232756302,3.3685928442249464,,,,0,6,"Top",,,,,,,-11.998594763813632,-138.19753038710527,-1.1130810961418192,18.831557531657662,28.953107752850457,-23.333514243218318,3.313910761,1.672440945,,,,"96.5",1980,"7",823789,596142,683734,668930,650859,666152,694192,669003,686217,"53.49",,,,,,,,50,1,"Sinker",7,0,0,7,0,7,0,7,"Standard","Standard",147,"0.001","-0.039",,,,"0.039",,7,-7,0.985,0.015000000000000013,27,33,28,34,1,2,,,,,"1.83","1.27","-1.27",,,,,,
"CU","2026-05-13","82.4","-1.19","6.18","Nelson, Ryne",696030,669194,,"ball",,,,,14,,"R","L","R","TEX","AZ","B",,,2,2,2026,"0.69","-0.27",0.48233031884376154,1.379167024669019,,,,1,7,"Bot",,,,,,,2.404910893607001,-120.08288163644225,-3.6652113214883073,6.245858920705029,22.60325752767609,-34.26073774203689,3.073441601,1.551082677,,,,"83.2",2750,"6.7",822900,672515,545121,606466,571448,672695,666971,814439,682998,"53.79",,,,,,,,57,5,"Curveball",3,2,3,2,2,3,3,2,"Standard","Standard",44,"0.005","0.104",,,,"-0.104",,1,1,0.768,0.768,28,23,28,24,3,2,5,1,,,"3.6","-0.69","0.69","54.9",,,,,
"SI","2026-05-13","94.7","0.4","5.91","Valdez, Framber",683146,664285,,"called_strike",,,,,7,,"R","L","L","NYM","DET","S",,,0,1,2026,"1.19","0.35",-0.40896323917006727,1.6644416063423144,,,668901,2,6,"Bot",,,,,,,-4.765138336982456,-137.69800668029202,-5.896207619294973,16.197338835093944,31.835970884942288,-26.626253534396326,3.327952756,1.679527559,,,,"93.9",2205,"6",823631,693307,679529,656716,805808,670097,682985,663837,672761,"54.53",,,,,,,,51,2,"Sinker",1,2,1,2,2,1,1,2,"Infield shade","Standard",142,"-0.01","-0.055",,,,"0.055",,-1,-1,0.343,0.343,32,26,33,27,3,2,8,1,,,"2.21","1.19","1.19","41.1",,,,,
"ST","2026-05-13","81.1","-1.65","5.22","McCullers Jr., Lance",663728,621121,,"ball",,,,,11,,"R","L","R","HOU","SEA","B",,,1,1,2026,"1.9","0.61",-0.9619580851669831,2.8963796727291458,,,647304,2,5,"Top",,,,,,,-2.1763074939532774,-118.0385852966348,0.47692070455435354,18.115992204573043,24.80323539589584,-26.849934729073418,3.282316273,1.656496063,,,,"80.2",2788,"5.9",824195,543877,572233,514888,670623,669699,701305,694728,805904,"54.61",,,,,,,,37,3,"Sweeper",0,1,1,0,1,0,1,0,"Infield shade","Standard",74,"-0.003","0.054",,,,"-0.054",,-1,1,0.392,0.608,32,29,33,30,3,2,7,1,,,"2.88","-1.9","1.9","28.0",,,,,
"FF","2026-05-13","94.3","1.64","6.06","Detmers, Reid",682657,672282,"strikeout","called_strike",,,,,9,"Angel Martínez challenged (pitch result), call on the field was confirmed: Angel Martínez called out on strikes.","R","R","L","CLE","LAA","S",2,,1,2,2026,"1.01","1.64",0.33084951771548554,1.6590720316902923,,,,1,5,"Bot",,,,,,,-5.657293824286673,-136.88975228938048,-9.157567529553011,13.977783941564075,32.43265597740849,-9.665939818680584,3.177878937,1.60378937,,,,"94.1",2210,"6.5",824438,665861,687093,672724,660162,687263,669326,545361,666176,"54.02",,0,"0",1,0,0,,38,4,"4-Seam Fastball",3,2,3,2,2,3,3,2,"Standard","Standard",143,"-0.011","-0.18",,,,"0.18",,1,1,0.682,0.682,26,24,27,24,3,2,5,1,,,"0.95","1.01","-1.01","43.5",,,,,
"FC","2026-05-13","92.7","-1.24","6.17","Nelson, Ryne",694497,669194,,"ball",,,,,14,,"R","L","R","TEX","AZ","B",,,1,1,2026,"0.16","1.37",0.24947135595523073,1.5342907425657837,,,,0,5,"Bot",,,,,,,3.4256713037066975,-134.70806828843334,-8.890048201577867,1.2719686584798642,28.841382628736227,-13.752647319133063,3.315666011,1.673326772,,,,"93.4",2434,"6.8",822900,672515,545121,606466,571448,672695,666971,814439,682998,"53.74",,,,,,,,35,3,"Cutter",0,0,0,0,0,0,0,0,"Standard","Standard",186,"0.006","0.055",,,,"-0.055",,0,0,0.566,0.566,28,23,28,24,2,1,5,1,,,"1.29","-0.16","0.16","57.9",,,,,
"CU","2026-05-13","79.1","1.12","5.41","Messick, Parker",624585,800048,,"ball",,,,,13,,"R","R","L","CLE","LAA","B",,,1,0,2026,"-1.29","-0.58",-0.8586561900606849,1.9400122527227053,,,,2,4,"Top",,,,,,,-1.8227417744573982,-115.20654894545395,0.5693097081461671,-11.103231075713241,22.376282756935268,-37.69514112135281,3.354281496,1.692814961,,,,"79.2",2337,"6.4",824438,595978,656555,683953,682177,677587,681807,682657,800050,"54.07",,,,,,,,27,2,"Curveball",3,0,0,3,0,3,0,3,"Standard","Standard",312,"-0.002","0.065",,,,"-0.065",,3,-3,0.85,0.15000000000000002,25,34,26,34,2,1,5,1,,,"4.23","-1.29","1.29","43.8",,,,,
"FF","2026-05-13","96","-1.11","6.11","Meyer, Max",668885,676974,"strikeout","called_strike",,,,,3,"Austin Martin challenged (pitch result), call on the field was confirmed: Austin Martin called out on strikes.","R","R","R","MIN","MIA","S",2,,0,2,2026,"-0.73","1.76",0.6238503091471457,3.0402865383622277,,,,1,3,"Bot",,,,,,,6.202966516084442,-139.51153024944657,-6.29065715699875,-11.055285857820351,35.36278428493336,-8.043383345198077,3.12960958,1.579429134,,,,"95.3",2756,"6.2",823710,691788,681393,669364,677870,672640,669065,805300,683357,"54.28",,0,"0",1,0,0,,28,3,"4-Seam Fastball",2,4,2,4,4,2,2,4,"Infield shade","Standard",216,"-0.011","-0.163",,,,"0.163",,-2,-2,0.293,0.293,27,27,27,27,2,1,6,1,,,"0.75","0.73","0.73","42.6",,,,,
"SI","2026-05-13","92.6","-2.08","5.57","Lugo, Seth",805367,607625,,"ball",,,,,14,,"R","R","R","CWS","KC","B",,,1,1,2026,"-1.41","0.58",0.8451445932991308,2.0007959291441866,,808959,678246,2,1,"Bot",,,,,,,10.411570972706194,-134.42191873189353,-4.340889480509361,-19.28167208203376,28.756146984114064,-24.369527388893356,3.068175853,1.548425197,,,,"92",2348,"6.1",824603,553869,686469,679845,672580,677951,686555,657041,516782,"54.44",,,,,,,,8,3,"Sinker",0,0,0,0,0,0,0,0,"Standard","Standard",231,"0.005","0.03",,,,"-0.03",,0,0,0.541,0.541,36,24,37,25,1,0,6,1,,,"2.09","1.41","1.41","23.6",,,,,
"FF","2026-05-13","93.9","1.75","5.68","Schultz, Noah",521692,702273,,"ball",,,,,13,,"R","R","L","CWS","KC","B",,,0,0,2026,"1.01","0.62",-0.8757282269580098,2.4352473894464257,,,,0,2,"Top",,,,,,,-8.94736886633524,-136.45005918303113,-3.8872437282198624,14.543953158446168,28.206813566723568,-23.733141787191467,3.312155512,1.671555118,,,,"93.8",2491,"6.2",824603,691011,808959,805367,678246,695657,803011,671976,672284,"54.35",,,,,,,,9,1,"4-Seam Fastball",0,0,0,0,0,0,0,0,"Infield shade","Standard",122,"-0.004","0.041",,,,"-0.041",,0,0,0.5,0.5,22,36,23,36,1,0,7,1,,,"1.96","1.01","-1.01","13.7",,,,,
"SI","2026-05-13","92.1","-1.74","5.35","Irvin, Jake",668715,663623,,"ball",,,,,12,,"R","R","R","CIN","WSH","B",,,2,2,2026,"-1.39","0.56",0.8642196742560069,2.793783116095571,,668709,,2,1,"Bot",,,,,,,9.753388456143195,-133.76120456402128,-1.723220852084686,-18.780517749358182,27.829102651960962,-25.259708400644186,3.096259843,1.562598425,,,,"93.6",2271,"7.2",824519,660688,678554,683083,691781,682928,695578,696285,686894,"53.28",,,,,,,,8,6,"Sinker",1,0,1,0,0,1,1,0,"Standard","Standard",219,"0.005","0.057",,,,"-0.057",,1,1,0.628,0.628,29,28,29,29,1,0,6,1,,,"2.13","1.39","1.39","29.0",,,,,
"FF","2026-05-13","93.4","-1.49","5.75","Sulser, Cole",678218,642121,,"ball",,,,,12,,"R","L","R","TOR","TB","B",,,2,2,2026,"-0.62","1.68",0.9128942759774529,2.4348564209056507,,,,1,9,"Bot",,,,,,,7.518133053374401,-135.7875989318829,-6.3482681842697675,-9.279868608574617,29.54181529935851,-10.175869911132033,3.219127297,1.624606299,,,,"93.8",2319,"6.5",822815,676439,666018,680700,810938,670764,802415,656775,641584,"53.95",,,,,,,,74,8,"4-Seam Fastball",1,1,1,1,1,1,1,1,"Infield shade","Standard",210,"0.015","0.104",,,,"-0.104",,0,0,0.575,0.575,36,25,36,26,1,0,1,1,,,"0.94","0.62","-0.62","47.3",,,,,
"CH","2026-05-13","91.6","-1.9","5.91","Suarez, Robert",664023,663158,"walk","ball",,,,,14,"Ian Happ challenged (pitch result), call on the field was overturned: Ian Happ walks.","R","L","R","ATL","CHC","B",,,3,2,2026,"-1.31","0.62",0.48608617585641634,1.4576835086116,,608324,,2,8,"Top",,,,,,,8.927239540826665,-133.04741972409445,-6.589454392643967,-17.390259897311605,25.94287830853421,-23.57135257121178,3.136630577,1.582972441,,,,"93",1873,"7",824928,506702,621566,645277,663586,673490,643289,671739,640492,"53.49",,0.704857,"0.7",1,0,0,,54,6,"Changeup",1,1,1,1,1,1,1,1,"Strategic","Standard",238,"-0.011","0.134",,,,"-0.134",,0,0,0.526,0.474,35,31,35,32,1,3,3,1,,,"2.08","1.31","-1.31","39.2",,,,,
"CU","2026-05-13","79.1","0.91","6.04","Sabrowski, Erik",545361,681870,"strikeout","called_strike",,,,,7,"Mike Trout challenged (pitch result), call on the field was confirmed: Mike Trout called out on strikes.","R","R","L","CLE","LAA","S",2,,3,2,2026,"-0.59","-1.05",-0.39518341626248044,1.636290723152075,,687093,,1,8,"Top",,,,,,,-1.690939944526794,-115.22979068907664,-0.6215788405710295,-4.986451794603406,20.843160442322215,-41.611975236483126,3.243700787,1.637007874,,,,"79.8",2808,"6.7",824438,595978,656555,683953,682177,677587,682657,690984,800050,"53.83",,0,"0",1,0,0,,58,6,"Curveball",4,2,2,4,2,4,2,4,"Standard","Standard",331,"0.066","-0.295",,,,"0.295",,2,-2,0.828,0.17200000000000004,28,34,29,35,1,3,1,1,,,"4.67","-0.59","0.59","49.7",,,,,
"SI","2026-05-13","91.2","3.59","5.02","Sisk, Evan",664954,681895,,"ball",,,,,13,,"R","L","L","PIT","COL","B",,,2,2,2026,"1.18","0.53",-0.14146981723724683,1.3254064329451714,,,,1,7,"Top",,,,,,,-11.965939295601558,-132.27179563706542,-4.386588702394688,16.333327923440745,26.221390906269022,-25.17618912767458,3.174368438,1.602017717,,,,"92.3",1971,"7",823386,680779,687462,664040,693304,804606,668804,665833,656811,"53.54",,,,,,,,53,5,"Sinker",4,6,6,4,6,4,6,4,"Standard","Standard",130,"-0.005","0.104",,,,"-0.104",,-2,2,0.203,0.7969999999999999,29,32,29,32,1,2,4,4,,,"2.21","1.18","1.18","19.8",,,,,
"SI","2026-05-13","95.9","-1.25","6.19","Keller, Brad",702332,641745,"strikeout","called_strike",,,,,6,"Caleb Durbin challenged (pitch result), call on the field was confirmed: Caleb Durbin called out on strikes.","R","R","R","BOS","PHI","S",2,,3,2,2026,"-1.12","0.82",0.7079127690197775,2.108228853576766,,,,1,7,"Bot",,,,,,,7.620365486646915,-139.447084762858,-6.816342643371366,-16.350118809523313,30.043985960608325,-20.081593690578238,2.947063648,1.48730315,,,,"95.4",2377,"6",824763,592663,547180,681082,664761,624641,669016,702222,666969,"54.54",,0,"0",1,0,0,,51,7,"Sinker",3,1,3,1,1,3,3,1,"Standard","Standard",199,"-0.01","-0.332",,,,"0.332",,2,2,0.878,0.878,30,26,31,26,1,2,5,1,,,"1.65","1.12","1.12","46.7",,,,,
"FC","2026-05-13","88.4","2.48","5.41","Alexander, Tyler",672515,641302,,"called_strike",,,,,2,,"R","R","L","TEX","AZ","S",,,1,0,2026,"0.1","0.88",-0.0069398122871145995,3.137727586949759,,699912,,1,8,"Top",,,,,,,-6.213866272623661,-128.67599199787142,-1.1987334141602792,2.251537233719661,24.079783808524652,-22.290438484978907,3.071686352,1.55019685,,,,"89",2354,"6.4",822900,643376,669394,677649,673962,608369,696030,694497,607043,"54.07",,,,,,,,61,2,"Cutter",3,2,2,3,2,3,2,3,"Standard","Standard",158,"0.009","-0.042",,,,"0.042",,1,-1,0.691,0.30900000000000005,31,26,32,26,1,3,2,1,,,"2.01","0.1","-0.1","33.4",,,,,
"FC","2026-05-13","85.1","3.31","5.08","Yarbrough, Ryan",665750,642232,"strikeout","called_strike",,,,,1,"Leody Taveras challenged (pitch result), call on the field was confirmed: Leody Taveras called out on strikes.","R","R","L","BAL","NYY","S",2,,3,2,2026,"0.36","0.72",-0.6145340831626418,3.291635092919473,,,641933,0,6,"Bot",,,,,,,-9.803429657612881,-123.64722978293955,0.7706733826357548,5.417377853999664,21.759198187581614,-25.04161099059252,3.286704396,1.65871063,,,,"85.5",2128,"6.3",824841,641555,700250,665862,641857,683011,641355,663757,682987,"54.16",,0,"0",1,0,0,,45,6,"Cutter",5,0,5,0,0,5,5,0,"Standard","Standard",134,"-0.004","-0.315",,,,"0.315",,5,5,0.978,0.978,34,27,35,28,1,2,7,1,,,"2.4","0.36","-0.36","15.1",,,,,
"FF","2026-05-13","96.1","-2.31","5.42","Perkins, Jack",665877,678022,,"called_strike",,,,,9,,"R","R","R","ATH","STL","S",,,2,1,2026,"-0.93","1.41",0.39153970392026927,1.501702503896553,,,,1,9,"Top",,,,,,,9.188536479865876,-139.3399298155735,-7.724213385846262,-14.349738107307187,34.407791302716724,-12.119057559113367,3.137508202,1.583415354,,,,"95.4",2362,"6.3",825010,641680,701762,683021,680869,687231,667670,703607,671732,"54.19",,,,,,,,74,4,"4-Seam Fastball",6,2,2,6,2,6,2,6,"Standard","Standard",225,"0.002","-0.07",,,,"0.07",,4,-4,0.993,0.007000000000000006,26,27,27,27,1,0,5,1,,,"1.09","0.93","0.93","35.0",,,,,
"SI","2026-05-13","95.7","-1.44","5.45","Iglesias, Raisel",683737,628452,,"ball",,,,,14,,"R","L","R","ATL","CHC","B",,,2,1,2026,"-1.45","0.66",0.3264638503934514,1.4341583966894245,,,,0,9,"Top",,,,,,,7.881357846341865,-139.19630883344058,-6.26398621997535,-20.591452894053308,29.167318242658833,-22.448320360788266,3.166469816,1.598031496,,,,"95.4",2384,"6",824928,686948,621566,645277,663586,673490,643289,671739,573262,"54.49",,,,,,,,62,4,"Sinker",4,1,1,4,1,4,1,4,"Strategic","Standard",228,"-0.012","0.134",,,,"-0.134",,3,-3,0.962,0.038000000000000034,36,28,36,29,1,3,1,1,,,"1.82","1.45","-1.45","29.6",,,,,
"SI","2026-05-13","90.5","-2.62","4.85","Topa, Justin",672640,623437,,"ball",,,,,12,,"R","R","R","MIN","MIA","B",,,1,0,2026,"-1.41","0.57",0.38979803814660596,3.2687515494695503,,,689414,1,6,"Top",,,,,,,10.36513082537501,-131.3318676993006,1.0054804825387182,-18.56548009929976,30.79386219229494,-26.164094993375706,3.136630577,1.582972441,,,,"89.3",2120,"5.9",823710,605170,665019,807712,656484,686797,668885,621439,670242,"54.58",,,,,,,,55,2,"Sinker",4,9,9,4,9,4,9,4,"Infield shade","Standard",247,"-0.001","0.068",,,,"-0.068",,-5,5,0.046,0.954,35,27,35,28,1,3,7,1,,,"2.26","1.41","1.41","9.3",,,,,
"ST","2026-05-13","79","3.44","5.49","Raley, Brooks",663330,548384,,"ball",,,,,12,,"R","R","L","NYM","DET","B",,,0,0,2026,"-0.99","0.62",0.976341015004409,3.112780245857076,,693307,,0,10,"Top",,,,,,,-3.361577844886299,-114.86992575651978,0.7406233734491345,-7.962321300712354,24.556341577067094,-27.18774371272467,3.138385827,1.583858268,,,,"77.5",2778,"5.6",823631,620443,668901,543760,683146,666182,621438,805999,701807,"54.86",,,,,,,,76,1,"Sweeper",2,2,2,2,2,2,2,2,"Standard","Standard",292,"0.162","0.032",,,,"-0.032",,0,0,0.333,0.667,38,28,38,29,1,0,1,1,,,"3.09","-0.99","0.99","27.6",,,,,
"FF","2026-05-12","94.8","-1.59","5.43","Woo, Bryan",701358,693433,,"called_strike",,,,,3,,"R","R","R","HOU","SEA","S",,,0,1,2026,"-0.93","1.29",0.7835857668052864,2.871094354891594,,,,1,6,"Bot",,,,,,,8.17556998822895,-137.65647679414576,-3.6184586417340574,-13.86597723493949,36.10836127024815,-15.314282395909222,3.348138123,1.689714567,,,,"93.3",2311,"6",824197,663728,647304,702284,680977,641487,668227,677594,670042,"54.54",,,,,,,,52,2,"4-Seam Fastball",2,7,2,7,7,2,2,7,"Standard","Standard",228,"-0.002","-0.052",,,,"0.052",,-5,-5,0.043,0.043,26,23,26,23,3,2,6,1,,1,"1.3","0.93","0.93","26.0",,,,,
"FF","2026-05-12","89.9","-2.1","5.56","Flaherty, Jack",682626,656427,,"called_strike",,,,,7,,"R","R","R","NYM","DET","S",,,0,1,2026,"-0.27","1.27",-0.3593258407037196,1.479981197541207,,,,1,4,"Bot",,,,,,,4.860815888552249,-130.80776657858715,-6.696952204145089,-4.080614297297767,25.669996796518905,-16.419820752152738,3.120833333,1.575,,,,"90.7",1964,"6.6",823632,693307,679529,656716,669398,805808,682985,663837,672761,"53.88",,,,,,,,36,2,"4-Seam Fastball",2,2,2,2,2,2,2,2,"Standard","Standard",204,"-0.005","-0.052",,,,"0.052",,0,0,0.53,0.53,30,24,31,25,2,1,6,3,,,"1.54","0.27","0.27","31.3",,,,,
"CH","2026-05-12","85","0.68","6.13","McClanahan, Shane",678218,663556,,"called_strike",,,,,3,,"R","R","L","TOR","TB","S",,,2,1,2026,"1.31","-0.09",0.7604915516578415,3.1666281022962854,672820,662139,,2,5,"Bot",,,,,,,-2.507436539325299,-123.73075363350787,-0.23467687610171206,13.955442317405602,24.753099013226286,-33.21697502135667,3.219127297,1.624606299,,,,"85.8",1465,"6.8",822817,663743,666018,810938,691406,670764,668723,656775,676356,"53.71",,,,,,,,43,4,"Changeup",0,3,0,3,3,0,0,3,"Infield shade","Standard",111,"-0.013","-0.064",,,,"0.064",,-3,-3,0.206,0.206,29,25,29,26,2,1,6,1,,1,"3.24","1.31","-1.31","37.6",,,,,
"SI","2026-05-12","93.1","-1.62","6.4","Mikolas, Miles",680574,571945,,"ball",,,,,14,,"R","R","R","CIN","WSH","B",,,1,0,2026,"-1.23","0.91",0.49726387938780325,1.2798316893887398,682829,701398,668709,0,4,"Bot",,,,,,,8.080370246741325,-135.1759150556031,-9.11158569780209,-16.819318470135148,28.855819297848495,-19.159005218362662,3.047112861,1.537795276,,,,"93",2274,"6.3",824521,660688,671277,683083,691781,682928,695734,696285,695578,"54.18",,,,,,,,34,2,"Sinker",0,3,0,3,3,0,0,3,"Standard","Standard",220,"0.022","0.047",,,,"-0.047",,-3,-3,0.43,0.43,37,26,38,27,2,1,6,2,,1,"1.72","1.23","1.23","43.2",,,,,
"FF","2026-05-12","99.1","-1.61","6.25","Pérez, Eury",807712,691587,"strikeout","called_strike",,,,,9,"Luke Keaschall challenged (pitch result), call on the field was confirmed: Luke Keaschall called out on strikes.","R","R","R","MIN","MIA","S",2,,1,2,2026,"-1.12","1.52",0.6559847856574359,1.9917852648453342,,,,1,4,"Bot",,,,,,,8.859063883066575,-143.70339345445683,-9.605426499010912,-17.624095075734715,35.289943533092135,-8.948654522349274,3.213861549,1.621948819,,,,"99.7",2719,"7",823712,691788,689414,669364,681393,672640,681715,805300,669065,"53.53",,0,"0",1,0,0,,29,4,"4-Seam Fastball",0,0,0,0,0,0,0,0,"Infield shade","Standard",208,"-0.014","-0.18",,,,"0.18",,0,0,0.527,0.527,23,23,23,24,2,1,6,2,,1,"0.83","1.12","1.12","36.1",,,,,
"SI","2026-05-12","94.6","-1.94","5.06","Imai, Tatsuya",668227,837227,,"ball",,,,,12,,"R","R","R","HOU","SEA","B",,,0,2,2026,"-1.32","0.05",0.836460748038016,3.096017924305298,,,,0,4,"Top",,,,,,,10.07374597158964,-137.31667472377006,0.6852016903552371,-19.043463491158285,32.93752194614048,-31.985059210936974,3.127854331,1.578543307,,,,"93.6",1868,"6",824197,543877,572233,514888,670623,669699,701305,694728,701358,"54.49",,,,,,,,29,3,"Sinker",2,2,2,2,2,2,2,2,"Standard","Standard",242,"-0.003","0.024",,,,"-0.024",,0,0,0.511,0.489,28,31,28,31,2,1,32,1,,1,"2.53","1.32","1.32","21.9",,,,,
"SI","2026-05-12","91.1","-1.14","5.02","Singer, Brady",682928,663903,"walk","ball",,,,,14,"CJ Abrams challenged (pitch result), call on the field was overturned: CJ Abrams walks.","R","L","R","CIN","WSH","B",,,3,1,2026,"-1.29","0.82",0.12599408792903177,1.4688434451277663,,,,2,3,"Top",,,,,,,6.013531302406563,-132.51353920087698,-4.573383497383832,-16.504439412604945,30.738680541049128,-21.7706071570133,3.222637795,1.626377953,,,,"91.7",2370,"6.8",824521,663886,668715,680574,663647,682829,668709,670770,666181,"53.66",,0.704857,"0.7",1,0,0,,20,5,"Sinker",0,2,2,0,2,0,2,0,"Infield shade","Standard",223,"-0.006","0.173",,,,"-0.173",,-2,2,0.315,0.685,29,25,30,26,2,1,6,2,,1,"1.95","1.29","-1.29","23.2",,,,,
"SI","2026-05-12","93.3","-2.57","5.71","Holmes, Grant",608324,656550,,"called_strike",,,,,7,,"R","R","R","ATL","CHC","S",,,1,1,2026,"-1.06","0.52",-0.7788650338074272,2.026558558359758,,,,1,4,"Top",,,,,,,6.898318408804995,-135.70600462046005,-4.638868133936765,-14.653561019804718,29.120324648176318,-24.915832563635625,3.126099081,1.57765748,,,,"93",2336,"6.1",824927,686948,621566,645277,663586,673490,643289,671739,573262,"54.41",,,,,,,,23,3,"Sinker",1,0,0,1,0,1,0,1,"Standard","Standard",220,"0.005","-0.064",,,,"0.064",,1,-1,0.653,0.347,30,32,30,32,2,1,11,3,,1,"2.1","1.06","1.06","36.1",,,,,
"FF","2026-05-12","91.7","-1.41","6.62","Mikolas, Miles",682829,571945,,"called_strike",,,,,6,,"R","L","R","CIN","WSH","S",,,0,1,2026,"-0.37","1.23",0.6365181239156819,2.906369361312098,,,,0,4,"Bot",,,,,,,5.910515011623476,-133.35541019135206,-5.971487973907942,-5.741184883458717,29.820851105885634,-16.421013722177914,3.460474081,1.74640748,,,,"91.4",2198,"6.2",824521,660688,671277,683083,691781,682928,695734,696285,695578,"54.26",,,,,,,,31,2,"4-Seam Fastball",0,3,0,3,3,0,0,3,"Infield shade","Standard",214,"-0.006","-0.055",,,,"0.055",,-3,-3,0.212,0.212,37,24,38,24,2,1,6,2,,1,"1.49","0.37","-0.37","45.8",,,,,
"SI","2026-05-12","94.2","-1.73","5.78","Bello, Brayan",664761,678394,,"ball",,,,,11,,"R","R","R","BOS","PHI","B",,,0,0,2026,"-1.2","0.69",-0.836407087250113,3.072064567117649,,,681082,2,4,"Top",,,,,,,4.987615723084788,-137.15871420712406,-2.6960460391654,-16.310008882801256,31.144674897192708,-23.081903593141185,3.406938976,1.719389764,,,,"93.9",2003,"6.1",824764,665966,681508,691785,702332,596115,680776,678882,677800,"54.36",,,,,,,,26,1,"Sinker",0,2,2,0,2,0,2,0,"Standard","Standard",225,"-0.002","0.035",,,,"-0.035",,-2,2,0.292,0.708,27,29,27,30,2,1,7,2,,1,"1.88","1.2","1.2","42.1",,,,,
"FC","2026-05-12","88.8","-1.51","5.75","Lorenzen, Michael",668804,547179,,"called_strike",,,,,1,,"R","L","R","PIT","COL","S",,,1,1,2026,"-0.14","0.55",-0.5156922979525409,3.3844861877716363,,,664040,1,3,"Bot",,,,,,,2.6882636777714053,-129.3906310086723,-0.7931304730332311,-2.139530612353314,24.412279041123277,-26.006299703793662,3.284071522,1.65738189,,,,"88.2",2546,"5.6",823385,696100,681198,666397,650489,678662,664983,666160,671289,"54.89",,,,,,,,21,3,"Cutter",1,0,1,0,0,1,1,0,"Infield shade","Standard",211,"-0.007","-0.056",,,,"0.056",,1,1,0.67,0.67,34,31,34,31,2,1,6,2,,1,"2.31","0.14","-0.14","39.8",,,,,
"SI","2026-05-12","95.5","-2.05","5.34","Yamamoto, Yoshinobu",808982,808967,,"ball",,,,,12,,"R","L","R","LAD","SF","B",,,0,0,2026,"-1.3","0.93",0.8355761823902896,2.629613239724592,,,,2,3,"Top",,,,,,,10.47244491411449,-138.77232226620984,-3.464026128593166,-19.020083199901677,28.98904867183886,-19.539590434550203,3.22351542,1.626820866,,,,"95.8",2272,"6.4",823951,669257,518692,808975,571970,605141,606192,681624,663656,"54.11",,,,,,,,19,1,"Sinker",1,1,1,1,1,1,1,1,"Standard","Standard",215,"-0.001","0.037",,,,"-0.037",,0,0,0.543,0.45699999999999996,27,27,28,28,2,1,8,1,,1,"1.56","1.3","-1.3","37.5",,,,,
"FF","2026-05-12","96.7","-2.43","6.12","Blubaugh, AJ",686527,805123,,"ball",,,,,11,,"R","L","R","HOU","SEA","B",,,1,0,2026,"-1.06","1.59",-0.9755112781595443,2.6795300036629666,668227,670042,641487,1,9,"Top",,,,,,,6.270829133511886,-140.47015908529102,-7.014843814662649,-15.474231984981223,35.275389079075765,-9.73580327903586,3.208595801,1.619291339,,,,"96.2",2380,"6.3",824197,543877,572233,514888,670623,669699,701305,694728,701358,"54.15",,,,,,,,74,2,"4-Seam Fastball",2,9,9,2,9,2,9,2,"Standard","Standard",223,"0","0.034",,,,"-0.034",,-7,7,0.001,0.999,25,28,26,29,2,4,2,1,,1,"0.88","1.06","-1.06","42.2",,,,,
"FF","2026-05-12","95.2","0.74","6.28","McClanahan, Shane",676914,663556,"walk","ball",,,,,12,"Davis Schneider challenged (pitch result), call on the field was overturned: Davis Schneider walks.","R","R","L","TOR","TB","B",,,3,1,2026,"0.77","1.18",0.9538389461406726,2.4142747016928245,,,,1,3,"Bot",,,,,,,-1.214855122552761,-138.5323559448728,-6.955984898462347,10.196015724374899,33.611524509025266,-15.601923462293064,3.045357612,1.536909449,,,,"95.6",2209,"6.7",822817,663743,666018,810938,691406,670764,668723,656775,676356,"53.81",,0.704857,"0.7",1,0,0,,25,5,"4-Seam Fastball",0,3,0,3,3,0,0,3,"Infield shade","Standard",146,"0.016","0.253",,,,"-0.253",,-3,-3,0.223,0.223,29,27,29,27,1,0,6,3,,,"1.35","0.77","-0.77","43.0",,,,,
"FF","2026-05-12","94.9","-2.95","5.16","Lord, Brad",663993,695418,,"ball",,,,,14,,"R","L","R","CIN","WSH","B",,,0,0,2026,"-1.39","0.84",0.9072076657986565,2.2313086517594805,,668709,666181,2,6,"Bot",,,,,,,12.927788623833255,-137.47344633784445,-3.5650821537286603,-20.57064160175206,33.15958039510963,-20.952464434029082,3.366568242,1.699015748,,,,"93.2",2613,"5.8",824521,660688,671277,683083,691781,682928,695734,696285,695578,"54.74",,,,,,,,58,1,"4-Seam Fastball",2,7,2,7,7,2,2,7,"Standard","Standard",253,"0.002","0.024",,,,"-0.024",,-5,-5,0.054,0.054,26,30,26,31,2,0,4,3,,1,"1.74","1.39","-1.39","12.8",,,,,
"SI","2026-05-12","94.8","-1.24","5.71","Houser, Adrian",681624,605288,,"ball",,,,,14,,"R","R","R","LAD","SF","B",,,1,0,2026,"-1.56","0.72",0.2891051759418084,1.49229710840315,,,,0,2,"Bot",,,,,,,7.526881682383274,-137.77695877379972,-6.808794817320105,-21.477396783293532,28.551809015448246,-21.718683004288252,3.23667979,1.633464567,,,,"95.6",2223,"6.6",823951,606992,805811,650333,669477,642715,671218,664056,808982,"53.85",,,,,,,,13,2,"Sinker",1,0,1,0,0,1,1,0,"Infield shade","Standard",228,"0.006","0.077",,,,"-0.077",,1,1,0.659,0.659,33,25,33,26,1,0,6,1,,1,"1.81","1.56","1.56","35.8",,,,,
"FC","2026-05-12","92.5","-0.72","7.03","Wells, Tyler",592450,669330,,"ball",,,,,14,,"R","R","R","BAL","NYY","B",,,0,2,2026,"0.34","1.32",0.4556845315717651,1.5459429926151957,,,502671,2,9,"Top",,,,,,,2.203864998300109,-134.40151776480243,-10.81213090601168,3.6826789661414367,27.08461591948809,-14.090409027216117,3.522785433,1.777854331,,,,"92.6",2513,"6.3",824843,668939,624413,669236,691723,683002,621493,681297,641933,"54.24",,,,,,,,71,3,"Cutter",2,6,6,2,6,2,6,2,"Standard","Standard",191,"0","0.009",,,,"-0.009",,-4,4,0.018,0.982,31,34,32,34,1,4,11,1,,1,"1.34","-0.34","-0.34","53.8",,,,,
"FF","2026-05-12","91.4","-2.24","5.59","Flaherty, Jack",669004,656427,,"called_strike",,,,,7,,"R","L","R","NYM","DET","S",,,1,1,2026,"-0.1","1.33",-0.6356671345368323,1.7554745842871147,,,,0,2,"Bot",,,,,,,4.223281560855327,-132.9161542818115,-6.460692668509335,-2.161055676971251,29.860930018311038,-15.25644665266866,3.228781168,1.629478347,,,,"91.5",2209,"6.5",823632,693307,679529,656716,669398,805808,682985,663837,672761,"53.98",,,,,,,,16,3,"4-Seam Fastball",0,2,0,2,2,0,0,2,"Infield shade","Standard",200,"-0.006","-0.061",,,,"0.061",,-2,-2,0.34,0.34,30,27,31,28,1,0,6,2,,1,"1.42","0.1","-0.1","29.8",,,,,
"SL","2026-05-12","78.7","3.08","6.03","Walker, Josh",680474,677020,,"ball",,,,,11,,"R","R","L","BAL","NYY","B",,,0,0,2026,"-0.44","0.39",-0.4881465759765372,3.461131749759809,,,,0,6,"Top",,,,,,,-6.94054141703189,-114.59014245767484,0.6488944691194636,-2.7648785075957334,18.3607712156454,-28.993211902211,3.194553806,1.612204724,,,,"80.7",1923,"7.3",824843,668939,624413,669236,691723,683002,621493,681297,641933,"53.19",,,,,,,,45,1,"Slider",0,6,6,0,6,0,6,0,"Standard","Standard",265,"0","0.041",,,,"-0.041",,-6,6,0.027,0.973,31,29,32,29,1,2,,1,,,"3.24","-0.44","0.44","41.1",,,,,
"FF","2026-05-12","93.1","1.29","5.76","Samaniego, Tyler",666969,701719,,"called_strike",,,,,7,,"R","R","L","BOS","PHI","S",,,0,0,2026,"0.16","1.1",-0.7740374192405381,1.720699936510747,,,656941,2,8,"Top",,,,,,,-5.654002920028523,-135.32569715439877,-6.864089826144607,3.2179269290407087,31.227150024077996,-17.270181831632648,3.216494423,1.623277559,,,,"93.9",2018,"7",824764,665966,681508,691785,702332,596115,680776,678882,677800,"53.53",,,,,,,,56,1,"4-Seam Fastball",1,2,2,1,2,1,2,1,"Standard","Standard",142,"0.004","-0.042",,,,"0.042",,-1,1,0.283,0.7170000000000001,27,33,27,33,1,3,2,2,,1,"1.54","0.16","-0.16","41.1",,,,,
"SL","2026-05-12","87","-2.32","5.98","Kilian, Caleb",606192,668873,"strikeout","called_strike",,,,,6,"Teoscar Hernández challenged (pitch result), call on the field was confirmed: Teoscar Hernández called out on strikes.","R","R","R","LAD","SF","S",2,,0,2,2026,"0.34","-0.18",0.7677710964339454,2.573133951472861,,,,0,9,"Bot",,,,,,,6.611928402668021,-126.59927912107457,-1.4568542637631974,2.3878812915068584,23.82915672617065,-34.08611269417769,3.199819554,1.614862205,,,,"87.5",2361,"6.4",823951,606992,669477,650333,656305,642715,671218,687551,808982,"54.09",,0,"0",1,0,0,,73,3,"Slider",2,6,2,6,6,2,2,6,"Strategic","Standard",74,"-0.007","-0.165",,,,"0.165",,-4,-4,0.014,0.014,29,33,29,34,1,3,2,1,,1,"3.18","-0.34","-0.34","46.4",,,,,
"CH","2026-05-12","80.4","-2.18","5.89","Gaddis, Hunter",694384,683769,,"ball",,,,,11,,"R","L","R","CLE","LAA","B",,,1,0,2026,"-1.57","0.65",-0.7182978748220539,3.5289465326263882,,545361,,1,5,"Top",,,,,,,6.307354544493163,-116.8348997046864,0.5372896755975578,-15.584831650125164,26.255612198202034,-26.66703702978869,3.290214895,1.660482283,,,,"80.7",2365,"7",824442,672275,700932,683953,608070,677587,680757,682177,682657,"53.47",,,,,,,,35,2,"Changeup",1,0,0,1,0,1,0,1,"Standard","Strategic",254,"-0.007","0.046",,,,"-0.046",,1,-1,0.608,0.392,28,24,28,24,1,2,3,1,,,"2.94","1.57","-1.57","30.8",,,,,
"CH","2026-05-12","85.5","-3.16","5.5","Webb, Jacob",621566,657097,,"called_strike",,,,,8,,"R","L","R","ATL","CHC","S",,,1,0,2026,"-1.62","0.75",-0.19973764207621136,1.597681446738482,,,,2,7,"Bot",,,,,,,10.203888921636077,-124.1157568915408,-4.199258769290708,-18.80620962255744,25.19438885093777,-23.72808803550772,3.37183399,1.701673228,,,,"85.4",2266,"6.4",824927,694208,683737,663538,608324,621020,664023,691718,673548,"54.12",,,,,,,,58,2,"Changeup",5,2,5,2,2,5,5,2,"Infield shade","Standard",245,"0","-0.054",,,,"0.054",,3,3,0.931,0.931,32,32,33,32,1,3,3,2,,1,"2.39","1.62","-1.62","31.1",,,,,
"FC","2026-05-12","90.3","-3.75","5.11","Collyer, Gavin",694374,686560,,"ball",,,,,11,,"R","R","R","TEX","AZ","B",,,2,0,2026,"-0.1","0.15",-0.35171022678383035,3.4320638840559043,,,682998,0,9,"Top",,,,,,,8.532453170766667,-131.30949854118683,1.586676890905875,-2.9134143375413326,27.543281047723468,-30.95973751821424,3.162959318,1.596259843,,,,"90.1",2559,"6.2",822903,543309,669394,677649,673962,608369,664059,694497,696030,"54.35",,,,,,,,68,3,"Cutter",7,1,1,7,1,7,1,7,"Standard","Standard",131,"-0.002","0.14",,,,"-0.14",,6,-6,0.991,0.009000000000000008,25,27,25,27,1,0,3,5,,,"2.64","0.1","0.1","20.3",,,,,
"SL","2026-05-12","88","-1.62","5.73","Lorenzen, Michael",664040,547179,"strikeout","called_strike",,,,,4,"Brandon Lowe challenged (pitch result), call on the field was confirmed: Brandon Lowe called out on strikes.","R","L","R","PIT","COL","S",2,,2,2,2026,"0.32","0.07",-0.8059078633850236,2.3925108055092443,,665833,,0,1,"Bot",,,,,,,1.2763565127356886,-128.13982326881683,-1.9249900554755728,3.216579753961275,26.75631471591761,-31.2089038669828,3.088361221,1.558612205,,,,"87.1",2441,"5.7",823385,696100,681198,666397,650489,678662,664983,666160,671289,"54.8",,0,"0",1,0,0,,5,6,"Slider",0,0,0,0,0,0,0,0,"Standard","Standard",122,"-0.034","-0.286",,,,"0.286",,0,0,0.601,0.601,34,31,34,32,1,0,6,2,,1,"2.87","-0.32","0.32","39.3",,,,,
"FF","2026-05-12","95.9","1.76","5.92","Schweitzer, Tyler",695600,805326,,"ball",,,,,14,,"R","L","L","CWS","KC","B",,,2,2,2026,"0.55","1.27",0.8334808591116958,2.143826008137178,,,,0,6,"Top",,,,,,,-3.6782058144815766,-139.6248215996764,-7.085977846675233,8.05039348888101,29.016896238888037,-14.22335999690131,3.191043307,1.610433071,,,,"96",2380,"6.2",824604,691011,808959,805367,678246,695657,803011,671976,672284,"54.34",,,,,,,,48,5,"4-Seam Fastball",5,2,2,5,2,5,2,5,"Infield shade","Standard",153,"-0.01","0.112",,,,"-0.112",,3,-3,0.867,0.133,25,22,26,23,1,2,3,2,,1,"1.19","0.55","0.55","49.3",,,,,
"SI","2026-05-12","94.3","-2.4","4.85","Warren, Austin",693307,681810,,"ball",,,,,13,,"R","R","R","NYM","DET","B",,,2,0,2026,"-1.69","0.47",-0.5634393839473548,1.264463300904289,,,,1,8,"Top",,,,,,,8.57026712571932,-136.97045790936028,-4.486134180450179,-23.15106551606826,30.198282859446593,-25.38062871421744,3.271784777,1.651181102,,,,"94.7",2396,"6.6",823632,620443,668901,543760,683146,666182,665742,805999,701807,"53.89",,,,,,,,69,3,"Sinker",8,2,2,8,2,8,2,8,"Standard","Standard",237,"-0.001","0.143",,,,"-0.143",,6,-6,0.994,0.006000000000000005,30,27,30,28,1,3,3,2,,1,"2.1","1.69","1.69","24.7",,,,,
"KC","2026-05-12","84.1","2.26","6.05","Pomeranz, Drew",656555,519141,,"ball",,,,,13,,"R","R","L","CLE","LAA","B",,,1,1,2026,"-0.52","-1.05",-0.09255617932474669,1.3265922263388799,,,,0,7,"Bot",,,,,,,-4.289214461620741,-122.40804356086488,-2.1372188828111813,-4.305476632806157,25.876924619793822,-42.48226790743434,3.334096129,1.682627953,,,,"82.9",2295,"5.7",824442,665861,694384,687093,672724,687263,666139,545361,666176,"54.84",,,,,,,,55,3,"Knuckle Curve",2,1,2,1,1,2,2,1,"Standard","Standard",332,"0.004","0.055",,,,"-0.055",,1,1,0.788,0.788,37,33,38,33,1,0,6,1,,1,"4.29","-0.52","0.52","33.9",,,,,
"CU","2026-05-12","81.1","0.25","6.7","Fisher, Braydon",680700,680755,,"called_strike",,,,,1,,"R","L","R","TOR","TB","S",,,0,0,2026,"0.15","-0.93",-0.4331298396387289,3.1428205684338706,,656775,,0,10,"Top",,,,,,,-1.7662249617584924,-118.08022039661235,0.6717041874996317,1.766682370927249,23.20596730847469,-41.216258915299655,3.040091864,1.534251969,,,,"79.7",2458,"5.3",822817,678218,665489,676391,672960,665926,682818,662139,660821,"55.16",,,,,,,,81,1,"Curveball",5,5,5,5,5,5,5,5,"Standard","Standard",24,"0.183","-0.043",,,,"0.043",,0,0,0.333,0.667,25,29,26,29,1,0,1,1,,1,"4.4","-0.15","0.15","49.5",,,,,
"SI","2026-05-11","92.2","-2.76","5.5","Soroka, Michael",677649,647336,,"ball",,,,,11,,"R","R","R","TEX","AZ","B",,,1,1,2026,"-1.13","0.73",-0.8704583820333762,3.111617820137096,,,543309,1,6,"Bot",,,,,,,7.196234683462954,-134.0868384361648,-1.6490524814624101,-15.225490543605815,30.18049367782823,-23.211436034322485,3.126099081,1.57765748,,,,"91.5",2311,"6",822901,672515,545121,606466,571448,672695,666971,814439,682998,"54.51",,,,,,,,42,3,"Sinker",0,1,0,1,1,0,0,1,"Standard","Standard",225,"0.01","0.063",,,,"-0.063",,-1,-1,0.398,0.398,28,27,29,27,3,2,5,1,,1,"1.96","1.13","1.13","25.6",,,,,
"SI","2026-05-11","95.4","-1.89","5.25","McDonald, Trevor",606192,686790,,"ball",,,,,14,,"R","R","R","LAD","SF","B",,,2,0,2026,"-1.29","-0.05",0.886171143729886,2.232348836167321,669257,,,2,4,"Bot",,,,,,,10.253214416107744,-138.69887159276885,-2.020396844643811,-18.869901028434025,29.105794498734976,-32.598408428220694,3.199819554,1.614862205,,,,"96.4",2335,"6.8",823953,683679,669477,650333,656305,642715,671218,664056,808982,"53.7",,,,,,,,34,3,"Sinker",2,1,2,1,1,2,2,1,"Infield shade","Standard",237,"0.003","0.044",,,,"-0.044",,1,1,0.679,0.679,25,33,25,34,2,1,7,2,,1,"2.55","1.29","1.29","32.0",,,,,
"SL","2026-05-11","86.7","-2.25","6.26","Lambert, Peter",647304,663567,"strikeout","called_strike",,,,,9,"Josh Naylor challenged (pitch result), call on the field was confirmed: Josh Naylor called out on strikes.","R","L","R","HOU","SEA","S",2,,1,2,2026,"0.13","0.41",0.7555870144584191,1.8912477041389892,,,,0,3,"Top",,,,,,,6.79892039384989,-126.17155468363075,-4.857126219404277,0.057637515289146506,25.035766033245952,-27.003787127506936,3.110301837,1.569685039,,,,"86.7",2667,"6.2",824199,543877,572233,514888,670623,669699,805904,694728,701358,"54.3",,0,"0",1,0,0,,20,4,"Slider",0,3,3,0,3,0,3,0,"Infield shade","Standard",115,"0.009","-0.189",,,,"0.189",,-3,3,0.21,0.79,29,29,29,29,2,1,6,1,,1,"2.62","-0.13","0.13","51.4",,,,,
"FF","2026-05-11","92.8","0.48","5.92","Cantillo, Joey",687263,676282,,"called_strike",,,,,8,,"R","R","L","CLE","LAA","S",,,1,1,2026,"0.75","1.2",-0.18908651922476805,1.4845805934414322,,,,0,3,"Top",,,,,,,-3.423083220597737,-134.89158803235455,-8.083095083451767,9.885537504557432,29.467231028464372,-15.9098971615712,3.169980315,1.59980315,,,,"94.2",1865,"7.2",824441,681807,700932,683953,608070,677587,680757,682177,800050,"53.3",,,,,,,,20,3,"4-Seam Fastball",2,0,0,2,0,2,0,2,"Standard","Standard",153,"0.006","-0.061",,,,"0.061",,2,-2,0.713,0.28700000000000003,26,25,27,25,2,1,5,1,,1,"1.45","0.75","-0.75","51.8",,,,,
"SL","2026-05-11","87.3","-1.58","6.14","Sasaki, Roki",656305,808963,,"ball",,,,,13,,"R","R","R","LAD","SF","B",,,2,0,2026,"0.06","-0.08",-0.7679923298775849,1.3889036767152132,,,671218,1,2,"Top",,,,,,,1.8260491723836936,-127.19217497107697,-4.985759021685203,0.31375386422856233,24.674645901079323,-32.25517107471454,3.250721785,1.640551181,,,,"89",2021,"7.2",823953,669257,518692,808975,571970,605141,606192,681624,663656,"53.34",,,,,,,,11,3,"Slider",0,1,1,0,1,0,1,0,"Standard","Standard",27,"-0.01","0.097",,,,"-0.097",,-1,1,0.384,0.616,24,33,25,33,1,0,9,1,,1,"3.05","-0.06","-0.06","50.1",,,,,
"FF","2026-05-11","90.2","-2.43","5.25","Yates, Kirby",683953,489446,,"called_strike",,,,,1,,"R","L","R","CLE","LAA","S",,,2,1,2026,"-0.99","0.93",-0.7408264346670015,3.1855030767475174,681807,682177,,1,3,"Bot",,,,,,,6.244426992929661,-131.29783271814955,-1.0972931179179704,-12.683817441169065,24.461286676483216,-21.283860390550828,3.178756562,1.604232283,,,,"90.3",2182,"6",824441,665861,694384,672724,687093,687263,669326,545361,666176,"54.46",,,,,,,,29,4,"4-Seam Fastball",5,0,5,0,0,5,5,0,"Strategic","Standard",232,"-0.003","-0.074",,,,"0.074",,5,5,0.952,0.952,39,23,39,24,1,1,3,1,,1,"1.84","0.99","-0.99","21.7",,,,,
"FF","2026-05-11","93.5","1.03","5.95","Beeks, Jalen",680728,656222,,"called_strike",,,,,1,,"R","L","L","TEX","AZ","S",,,2,1,2026,"0.51","1.14",-0.7576255962400443,3.035330306793103,,,,0,4,"Top",,,,,,,-5.733711586756861,-136.0719436967217,-4.168686290935524,7.530363760841861,27.95780060466874,-17.309453936094805,3.090994095,1.559940945,,,,"94.4",2134,"6.7",822901,543309,669394,677649,673962,608369,696030,694497,607043,"53.81",,,,,,,,24,4,"4-Seam Fastball",0,1,1,0,1,0,1,0,"Standard","Standard",150,"0.007","-0.073",,,,"0.073",,-1,1,0.373,0.627,32,26,33,27,1,1,2,1,2,2,"1.46","0.51","0.51","46.5",,,,,
"FF","2026-05-11","88.7","-2.37","5.21","Yates, Kirby",683953,489446,,"ball",,,,,14,,"R","L","R","CLE","LAA","B",,,0,0,2026,"-1.18","1.09",0.29726757033575724,1.3671871277686973,681807,,682177,1,3,"Bot",,,,,,,8.895526507770587,-128.64917276226183,-5.259637250139257,-15.11784020067865,30.467867296189127,-19.18892206339571,3.178756562,1.604232283,,,,"87.6",2233,"6.1",824441,665861,694384,672724,687093,687263,669326,545361,666176,"54.43",,,,,,,,29,1,"4-Seam Fastball",5,0,5,0,0,5,5,0,"Standard","Standard",239,"0.001","0.029",,,,"-0.029",,5,5,0.948,0.948,39,23,39,24,1,1,3,1,,1,"1.86","1.18","-1.18","20.2",,,,,
"FS","2026-05-11","90","-0.77","6.08","Rodríguez, Yariel",666018,684320,"strikeout","called_strike",,,,,6,"Jonathan Aranda challenged (pitch result), call on the field was confirmed: Jonathan Aranda called out on strikes.","R","L","R","TOR","TB","S",2,,1,2,2026,"-1.12","0.38",0.5956893679078024,2.2624204895073765,,,,1,9,"Top",,,,,,,5.802523159297801,-131.02179257449123,-4.1467518977442,-14.105430278049218,26.680776621180044,-27.146457450470574,3.189288058,1.609547244,,,,"90.7",1390,"6.6",822818,678218,665489,676391,672960,665926,682818,662139,664702,"53.9",,0,"0",1,0,0,,71,4,"Split-Finger",5,8,8,5,8,5,8,5,"Infield shade","Standard",241,"0.002","-0.18",,,,"0.18",,-3,3,0.039,0.961,29,28,29,28,1,4,,1,,1,"2.42","1.12","-1.12","47.2",,,,,
"SL","2026-05-11","88.9","-0.44","5.66","Bigge, Hunter",665489,685801,,"ball",,,,,13,,"R","R","R","TOR","TB","B",,,0,0,2026,"0.36","0.48",-0.20818184421616615,1.3146095018566513,,,,0,8,"Bot",,,,,,,-0.21270225408661989,-129.58764717592183,-5.522222761679045,4.0963196736287415,24.644760437631415,-25.879198087142996,3.208595801,1.619291339,,,,"90.3",2198,"6.8",822818,676439,666018,680700,691406,670764,676356,656775,641584,"53.67",,,,,,,,67,1,"Slider",5,8,5,8,8,5,5,8,"Standard","Standard",143,"0.005","0.041",,,,"-0.041",,-3,-3,0.087,0.087,28,27,28,27,1,3,4,1,2,1,"2.37","-0.36","-0.36","53.9",,,,,
"CH","2026-05-11","86.9","-0.88","6.51","Baker, Bryan",664702,641329,"strikeout","called_strike",,,,,8,"Myles Straw challenged (pitch result), call on the field was confirmed: Myles Straw called out on strikes.","R","R","R","TOR","TB","S",2,,1,2,2026,"-1.16","0.74",0.011919622350542891,1.4408956116662723,,,,0,9,"Bot",,,,,,,4.517420509530918,-126.3301768536577,-7.222221070176468,-13.292027543758708,26.108095418716683,-22.96875400970685,3.073441601,1.551082677,,,,"86.9",1886,"6.4",822818,676439,666018,680700,810938,670764,676356,656775,641584,"54.12",,0,"0",1,0,0,,73,6,"Changeup",5,8,5,8,8,5,5,8,"Strategic","Standard",222,"-0.017","-0.189",,,,"0.189",,-3,-3,0.035,0.035,31,31,32,32,1,1,1,1,2,1,"2.29","1.16","1.16","52.6",,,,,
"SL","2026-05-11","85.2","1.23","6.37","Gage, Matt",500743,657424,,"called_strike",,,,,8,,"R","R","L","LAD","SF","S",,,0,0,2026,"-0.36","0.05",-0.18328446267965942,1.5095393096698744,,,606192,1,6,"Bot",,,,,,,-2.54402886541322,-124.12707799524445,-5.0388652045730264,-3.334428236693085,22.258625861660608,-30.952346599507724,3.141018701,1.585187008,,,,"85.7",2317,"6.3",823953,683679,669477,650333,656305,642715,671218,664056,808982,"54.19",,,,,,,,53,1,"Slider",3,3,3,3,3,3,3,3,"Standard","Standard",228,"-0.006","-0.04",,,,"0.04",,0,0,0.578,0.578,33,37,33,37,1,0,2,3,1,2,"3.06","-0.36","0.36","45.6",,,,,
"FF","2026-05-10","94.1","1.31","5.86","Rodriguez, Eduardo",668901,593958,,"called_strike",,,,,7,,"R","R","L","AZ","NYM","S",,,0,0,2026,"0.56","1.39",-0.7657020394512907,1.833263386470386,,,,1,9,"Top",,,,,,,-6.587200231297128,-136.6787021548647,-7.61670108026196,8.43196379977735,30.74040850116705,-13.258838245560755,3.340239501,1.685728347,,,,"94.2",2391,"6.5",825085,543510,545121,606466,571448,672695,814439,678489,682998,"54.02",,,,,,,,67,1,"4-Seam Fastball",5,1,1,5,1,5,1,5,"Standard","Standard",149,"0.001","-0.039",,,,"0.039",,4,-4,0.994,0.006000000000000005,33,26,33,27,4,3,5,1,,2,"1.2","0.56","-0.56","39.8",,,,,
"FF","2026-05-10","92.9","1.32","5.85","Rodriguez, Eduardo",596103,593958,"strikeout","called_strike",,,,,7,"Austin Slater challenged (pitch result), call on the field was confirmed: Austin Slater called out on strikes.","R","R","L","AZ","NYM","S",2,,3,2,2026,"0.42","1.49",-0.6573890992889165,1.9901598045688689,,,,0,9,"Top",,,,,,,-5.950959904785403,-135.1147004595552,-7.207329194390313,6.413738098505715,29.083505578920064,-12.569257254981117,3.257742782,1.644094488,,,,"93.3",2467,"6.5",825085,543510,545121,606466,571448,672695,814439,678489,682998,"53.95",,0,"0",1,0,0,,66,6,"4-Seam Fastball",5,1,1,5,1,5,1,5,"Standard","Standard",153,"0.012","-0.345",,,,"0.345",,4,-4,0.982,0.018000000000000016,33,33,33,34,4,3,5,3,,2,"1.15","0.42","-0.42","39.4",,,,,
"CU","2026-05-10","72","-1.55","5.61","Bassitt, Chris",666126,605135,,"called_strike",,,,,9,,"R","L","R","BAL","ATH","S",,,0,0,2026,"1.51","-1.01",0.8122768548286078,1.7380216484468933,,,,1,7,"Top",,,,,,,2.01398816776457,-104.7133285416194,1.8180115106890278,10.64809880586442,19.208912044062046,-40.108281124850556,2.990067257,1.509005906,,,,"71.7",2382,"6.3",824845,694212,624413,677942,642215,683002,621493,665750,687637,"54.21",,,,,,,,52,1,"Curveball",2,1,1,2,1,2,1,2,"Standard","Standard",49,"0.005","-0.039",,,,"0.039",,1,-1,0.736,0.264,37,29,37,29,3,2,5,1,,2,"5.44","-1.51","1.51","35.3",,,,,
"CH","2026-05-10","87.1","1.28","5.87","Rodriguez, Eduardo",543760,593958,"walk","ball",,,,,13,"Marcus Semien challenged (pitch result), call on the field was overturned: Marcus Semien walks.","R","R","L","AZ","NYM","B",,,3,1,2026,"1.32","0.39",-0.3346691280684235,1.3313757164791622,,,,1,7,"Top",,,,,,,-6.6246242327511835,-126.6736285416865,-5.31616000945179,15.574193732113004,25.575177019013683,-27.041559124043086,3.212106299,1.621062992,,,,"87.5",1973,"6.6",825085,543510,545121,606466,571448,672695,814439,678489,682998,"53.94",,0.704857,"0.7",1,0,0,,52,5,"Changeup",5,1,1,5,1,5,1,5,"Standard","Standard",128,"-0.01","0.253",,,,"-0.253",,4,-4,0.949,0.051000000000000045,33,35,33,36,3,2,5,1,,2,"2.61","1.32","-1.32","41.4",,,,,
"FF","2026-05-10","93.6","-2.54","5.56","Mahle, Tyler",542303,641816,"walk","ball",,,,,14,"Marcell Ozuna challenged (pitch result), call on the field was overturned: Marcell Ozuna walks.","R","R","R","SF","PIT","B",,,3,0,2026,"-1.03","1.73",0.840929802756331,2.448014878690551,,,,1,4,"Top",,,,,,,10.950560327767766,-135.88888799800293,-5.9868080896235245,-15.096181572230813,28.715552861676922,-9.515583973758433,3.255987533,1.643208661,,,,"94.1",2514,"6.6",823221,683679,669477,650333,656305,642715,671218,687551,808982,"53.88",,0.704857,"0.7",1,0,0,,26,4,"4-Seam Fastball",1,2,2,1,2,1,2,1,"Infield shade","Standard",207,"-0.01","0.164",,,,"-0.164",,-1,1,0.385,0.615,31,35,32,36,2,1,7,1,,2,"0.88","1.03","1.03","46.3",,,,,
"SI","2026-05-10","93","1.82","5.76","Rojas, Kendry",680757,696070,"strikeout","called_strike",,,,,7,"Steven Kwan challenged (pitch result), call on the field was confirmed: Steven Kwan called out on strikes.","R","L","L","CLE","MIN","S",2,,2,2,2026,"1.13","0.77",-0.8156962115734543,1.6844775855107625,677587,,,2,4,"Bot",,,,,,,-9.264313676322761,-135.24806791834376,-6.312460854448814,15.715295187524932,23.36775643915511,-21.63776946772883,3.02253937,1.525393701,,,,"94.6",1912,"6.8",824440,680777,665019,807712,668904,686797,663616,621439,668885,"53.69",,0,"0",1,0,0,,34,5,"Sinker",1,1,1,1,1,1,1,1,"Standard","Standard",137,"-0.041","-0.191",,,,"0.191",,0,0,0.541,0.541,23,28,24,29,2,2,18,1,,1,"1.83","1.13","1.13","43.0",,,,,
"FF","2026-05-10","92.2","1.49","6.09","Lauer, Eric",687093,641778,,"ball",,,,,11,,"R","R","L","TOR","LAA","B",,,1,2,2026,"0.84","1.13",-0.8865597861111216,2.7451592570684955,,,,1,8,"Top",,,,,,,-7.727022502918188,-133.99698799900546,-4.898773350523577,11.737581719070205,28.85548068063828,-17.70465319811747,3.301624016,1.666240158,,,,"91.3",2221,"5.8",822819,623168,672820,676391,672960,665926,664702,662139,660821,"54.69",,,,,,,,54,6,"4-Seam Fastball",1,5,5,1,5,1,5,1,"Standard","Standard",141,"-0.001","0.048",,,,"-0.048",,-4,4,0.041,0.959,31,25,31,25,2,3,6,1,,1,"1.56","0.84","-0.84","37.8",,,,,
"SI","2026-05-10","93","-1.79","6.03","Elder, Bryce",669743,693821,,"ball",,,,,14,,"R","R","R","LAD","ATL","B",,,1,2,2026,"-1.2","0.55",0.8458945447885324,1.6924190108649229,,,,0,5,"Bot",,,,,,,9.331598752978229,-135.04335009966601,-6.345042039563234,-16.67928287781602,26.96993195753303,-24.25093212307632,3.160326444,1.594931102,,,,"93.1",2150,"6.3",823954,669221,621566,645277,663586,622761,643289,671739,642201,"54.2",,,,,,,,35,4,"Sinker",0,4,0,4,4,0,0,4,"Standard","Standard",222,"0.003","0.043",,,,"-0.043",,-4,-4,0.116,0.116,27,31,27,32,2,1,5,1,,3,"2.08","1.2","1.2","43.8",,,,,
"SL","2026-05-10","87.1","2.72","6.03","Rodón, Carlos",596142,607074,,"ball",,,,,13,,"R","R","L","MIL","NYY","B",,,2,0,2026,"-0.56","0.03",-0.8885296831371154,1.6737953265880252,,,661388,0,4,"Bot",,,,,,,-7.3422389587854076,-126.7458548339564,-4.103012534262226,-4.539364915207987,25.624224761505918,-31.250189484358042,3.311277887,1.671112205,,,,"86.7",2581,"6",823793,641555,700250,665862,641857,676609,641355,663757,682987,"54.51",,,,,,,,29,3,"Slider",0,2,0,2,2,0,0,2,"Infield shade","Standard",292,"0.022","0.14",,,,"-0.14",,-2,-2,0.381,0.381,33,33,34,34,2,1,,1,,3,"2.98","-0.56","0.56","37.6",,,,,
"SI","2026-05-10","92.9","-2.61","6","Sugano, Tomoyuki",666969,608372,,"called_strike",,,,,7,,"R","R","R","PHI","COL","S",,,1,1,2026,"-1.5","0.84",-0.5397070408176134,1.5075908019387032,,,,0,3,"Bot",,,,,,,8.567873241333276,-134.93303037009832,-7.3692411891175835,-20.137234785920004,27.282597213561854,-20.443193349046844,3.216494423,1.623277559,,,,"93.1",2359,"6.3",823463,696100,650489,671289,691720,678662,664983,686668,687597,"54.17",,,,,,,,25,3,"Sinker",5,0,5,0,0,5,5,0,"Standard","Standard",216,"-0.002","-0.061",,,,"0.061",,5,5,0.932,0.932,36,33,37,33,2,1,6,1,,2,"1.79","1.5","1.5","39.0",,,,,
"KC","2026-05-10","75.5","-1.07","5.72","Buehler, Walker",701675,621111,,"called_strike",,,,,1,,"R","L","R","SD","STL","S",,,1,1,2026,"0.92","-1.2",-0.5700016219200478,3.1933198552521986,,,,0,3,"Top",,,,,,,-0.6483383508546268,-109.84198591343943,4.300559396668479,7.525882147039937,20.91616627660782,-42.88536792835198,3.112934711,1.57101378,,,,"75.6",2414,"6.5",823305,660710,664034,823550,592518,593428,657757,701538,665487,"53.98",,,,,,,,15,3,"Knuckle Curve",0,0,0,0,0,0,0,0,"Infield shade","Standard",33,"0.006","-0.061",,,,"0.061",,0,0,0.501,0.499,31,25,32,26,1,0,5,1,,2,"5.23","-0.92","0.92","50.7",,,,,
"FF","2026-05-10","98.9","-0.45","5.99","Chandler, Bubba",656305,696149,"strikeout","called_strike",,,,,6,"Matt Chapman challenged (pitch result), call on the field was confirmed: Matt Chapman called out on strikes.","R","R","R","SF","PIT","S",2,,0,2,2026,"-0.77","1.52",0.7671708082985804,2.2586473092776176,,642715,,2,2,"Bot",,,,,,,5.136758530398611,-143.84568899327465,-8.243434484631713,-11.815796533529905,28.8854772999984,-9.295939995267396,3.250721785,1.640551181,,,,"100",2329,"6.6",823221,680779,687462,664040,693304,804606,694377,665833,656811,"53.87",,0,"0",1,0,0,,16,4,"4-Seam Fastball",0,2,0,2,2,0,0,2,"Standard","Standard",204,"-0.021","-0.193",,,,"0.193",,-2,-2,0.309,0.309,23,33,24,33,1,0,5,1,,1,"0.78","0.77","0.77","57.2",,,,,
"FF","2026-05-10","94.6","-1.59","5.58","Leahy, Kyle",593428,681517,,"called_strike",,,,,6,,"R","R","R","SD","STL","S",,,3,1,2026,"-0.35","1.47",0.7341744616035705,2.2380374242159244,,701538,657757,2,1,"Bot",,,,,,,6.907218549910395,-137.48019708588913,-6.258619081685321,-5.952191596328478,30.840393146577536,-12.371875636933627,3.284949147,1.657824803,,,,"96.4",2332,"7.4",823305,686780,676475,802139,669357,691026,695336,701675,691023,"53.11",,,,,,,,8,5,"4-Seam Fastball",0,0,0,0,0,0,0,0,"Standard","Standard",201,"-0.008","-0.11",,,,"0.11",,0,0,0.555,0.555,29,33,29,34,1,0,6,1,,2,"1.09","0.35","0.35","44.5",,,,,
"SL","2026-05-10","88.6","-1.26","5.1","Varland, Gus",681715,681402,,"ball",,,,,14,,"R","R","R","MIA","WSH","B",,,1,2,2026,"0.05","0.24",0.283764699181905,1.3765767272792622,,805300,666624,1,8,"Bot",,,,,,,3.618879645210094,-128.8816929667651,-3.2188389822916026,-0.3446444935481568,30.30851692453631,-29.04258006090951,3.178756562,1.604232283,,,,"88.3",2205,"6.4",823868,686452,671277,678391,691781,683083,695734,696285,695578,"54.08",,,,,,,,64,6,"Slider",3,2,3,2,2,3,3,2,"Standard","Standard",48,"0.004","0.043",,,,"-0.043",,1,1,0.879,0.879,29,26,30,27,1,3,3,2,3,2,"2.7","-0.05","-0.05","50.5",,,,,
"FF","2026-05-10","94.2","2.72","5.98","De Jesus, Enmanuel",657041,646241,"strikeout","called_strike",,,,,8,"Lane Thomas challenged (pitch result), call on the field was confirmed: Lane Thomas called out on strikes.","R","R","L","KC","DET","S",2,,1,2,2026,"0.65","1.43",-0.08496014855773026,1.6786953582663462,,,,0,7,"Bot",,,,,,,-8.609268230180925,-136.74003495811303,-8.360665923849886,10.137574910273107,31.709617721552966,-12.449743515049105,3.146284449,1.587844488,,,,"93.4",2446,"6",824113,693307,679529,656716,669398,805808,682985,663837,672761,"54.46",,0,"0",1,0,0,,62,4,"4-Seam Fastball",3,6,3,6,6,3,3,6,"Standard","Standard",146,"-0.02","-0.189",,,,"0.189",,-3,-3,0.12,0.12,29,30,30,31,1,0,5,1,2,3,"1.16","0.65","-0.65","46.7",,,,,
"SL","2026-05-10","87.1","-0.86","6.41","Kinley, Tyler",669743,641755,,"called_strike",,,,,7,,"R","R","R","LAD","ATL","S",,,1,1,2026,"0.27","0.05",-0.6549885459202003,1.489476842716308,,,,2,8,"Bot",,,,,,,-0.0703620515575093,-126.9784160594081,-5.527200540470762,2.962690848527405,23.136856100444106,-30.78557630473131,3.160326444,1.594931102,,,,"86.5",2529,"5.6",823954,669221,621566,645277,663586,622761,643289,671739,573262,"54.94",,,,,,,,63,3,"Slider",2,5,2,5,5,2,2,5,"Standard","Standard",196,"-0.003","-0.062",,,,"0.062",,-3,-3,0.043,0.043,35,31,35,32,1,3,4,1,3,3,"2.91","-0.27","-0.27","42.7",,,,,
"CU","2026-05-10","86.1","-1.42","5.95","Garcia, Rico",671732,670329,,"ball",,,,,14,,"R","L","R","BAL","ATH","B",,,2,2,2026,"0.09","-0.49",1.0077885464393492,1.836096476039093,,,,2,9,"Top",,,,,,,5.444740028968754,-125.28899554317873,-2.2985738886723652,-0.12294150104867675,24.250264091348175,-37.08305602958275,3.34375,1.6875,,,,"85.5",2587,"5.8",824845,694212,624413,669236,677942,683002,621493,665750,687637,"54.7",,,,,,,,68,5,"Curveball",2,1,1,2,1,2,1,2,"Strategic","Standard",30,"-0.012","0.104",,,,"-0.104",,1,-1,0.969,0.031000000000000028,32,25,32,26,1,3,4,1,1,2,"3.55","-0.09","0.09","46.5",,,,,
"FC","2026-05-10","92.9","-1.11","5.89","Slaten, Justin",802415,686580,,"called_strike",,,,,4,,"R","L","R","BOS","TB","S",,,2,1,2026,"0.22","0.75",-0.6525952310391493,2.5676996160916508,,,,2,7,"Top",,,,,,,0.6817687047192843,-135.4227673375239,-4.3119186038333375,2.598127828991902,25.78351449995516,-22.19670144113657,3.177878937,1.60378937,,,,"94.5",2551,"6.8",824765,681508,655316,691785,702332,596115,680776,678882,677800,"53.67",,,,,,,,54,4,"Cutter",1,4,4,1,4,1,4,1,"Standard","Standard",166,"0.001","-0.073",,,,"0.073",,-3,3,0.123,0.877,28,25,29,26,1,3,36,2,3,1,"1.85","-0.22","0.22","46.1",,,,,
"FF","2026-05-10","95.5","-0.61","6.49","Kinley, Tyler",669743,641755,,"ball",,,,,11,,"R","R","R","LAD","ATL","B",,,0,0,2026,"-0.66","1.26",-0.13037399533286054,3.475533281714715,,,,2,8,"Bot",,,,,,,2.707372741234154,-139.01920921987522,-4.959871855508327,-9.174619225697459,29.594633705375234,-14.907822078342646,3.160326444,1.594931102,,,,"94.5",2420,"5.6",823954,669221,621566,645277,663586,622761,643289,671739,573262,"54.94",,,,,,,,63,1,"4-Seam Fastball",2,5,2,5,5,2,2,5,"Standard","Standard",207,"0.001","0.037",,,,"-0.037",,-3,-3,0.043,0.043,35,31,35,32,1,3,4,1,3,3,"1.23","0.66","0.66","42.6",,,,,
"FF","2026-05-10","99.3","-3.51","5.36","Cruz, Steven",682985,674444,,"ball",,,,,11,,"R","L","R","KC","DET","B",,,1,1,2026,"-0.72","1.35",-0.9386511679235222,3.0563264094490776,,693307,,1,9,"Top",,,,,,,8.71532116259971,-144.30185582941357,-3.9379268661321505,-12.1464989937156,35.135367427318,-12.546475761540746,3.303379265,1.667125984,,,,"99.6",2274,"6.7",824113,553869,686469,686681,672580,677951,686555,657041,695506,"53.85",,,,,,,,74,3,"4-Seam Fastball",3,6,6,3,6,3,6,3,"Strategic","Standard",224,"0","0.03",,,,"-0.03",,-3,3,0.031,0.969,27,25,27,26,1,4,1,1,3,2,"0.97","0.72","-0.72","26.6",,,,,
"SI","2026-05-10","99.6","-0.99","5.98","Uribe, Abner",676609,682842,"walk","ball",,,,,14,"José Caballero challenged (pitch result), call on the field was overturned: José Caballero walks.","R","R","R","MIL","NYY","B",,,3,1,2026,"-1.24","0.79",0.35829643051558424,1.3590680915808102,,,,1,9,"Top",,,,,,,6.617055070274128,-144.65593154388284,-8.927356946103066,-18.999233170478554,33.17270896609737,-19.12272157120015,3.083095472,1.555954724,,,,"99.7",2436,"6.4",823793,596142,683734,668930,666152,687401,694192,669003,686217,"54.11",,0.704857,"0.7",1,0,0,,69,5,"Sinker",3,3,3,3,3,3,3,3,"Standard","Standard",213,"-0.035","0.253",,,,"-0.253",,0,0,0.535,0.46499999999999997,26,29,26,30,1,3,4,1,2,,"1.51","1.24","1.24","37.8",,,,,
"SV","2026-05-10","82.5","3.09","5.67","Newcomb, Sean",608701,656794,,"called_strike",,,,,6,,"R","R","L","CWS","SEA","S",,,0,0,2026,"-1.87","-0.6",0.7717165722242534,2.27958111425159,656582,,,1,7,"Top",,,,,,,-1.4816781448106078,-120.00176710160093,0.2987624516388212,-17.4931666381057,26.784603107156823,-38.22155679938898,3.186655184,1.608218504,,,,"80.9",2829,"5.6",824605,691011,808959,805367,678246,695657,803011,671976,672284,"54.91",,,,,,,,45,1,"Slurve",0,1,1,0,1,0,1,0,"Strategic","Standard",304,"0.011","-0.045",,,,"0.045",,-1,1,0.246,0.754,33,35,33,35,1,0,2,1,3,1,"3.99","-1.87","1.87","21.8",,,,,
"SI","2026-05-10","98","-1.84","5.5","Zeferjahn, Ryan",660821,666171,,"called_strike",,,,,1,,"R","L","R","TOR","LAA","S",,,0,0,2026,"-1.19","0.71",-0.7749383833509713,3.2798196854834885,,,,1,9,"Bot",,,,,,,5.654027957421589,-142.76120949051443,-2.053322877570107,-17.50968452865881,31.383866512503406,-22.222509739035257,3.334973753,1.683070866,,,,"98.8",2162,"6.6",822819,665861,694384,672724,687093,687263,666139,669326,666176,"53.92",,,,,,,,67,1,"Sinker",1,6,1,6,6,1,1,6,"Infield shade","Standard",212,"0","-0.039",,,,"0.039",,-5,-5,0.003,0.003,28,28,28,29,1,3,5,1,3,1,"1.65","1.19","-1.19","32.6",,,,,
"FF","2026-05-10","98","-1.6","5.56","Domínguez, Seranthony",668227,622554,"strikeout","called_strike",,,,,1,"Randy Arozarena challenged (pitch result), call on the field was confirmed: Randy Arozarena called out on strikes.","R","R","R","CWS","SEA","S",2,,2,2,2026,"-0.71","1.14",-0.3496600870825567,3.2140521683004497,,,,0,9,"Top",,,,,,,5.0001081536882275,-142.64855516985833,-3.406787501549328,-10.796385618828042,31.3384015153964,-15.951740317218137,3.127854331,1.578543307,,,,"98.4",1475,"6.4",824605,691011,808959,805367,678246,695657,803011,682668,671976,"54.1",,0,"0",1,0,0,,63,5,"4-Seam Fastball",2,1,1,2,1,2,1,2,"Standard","Standard",217,"0.062","-0.232",,,,"0.232",,1,-1,0.846,0.15400000000000003,31,31,32,31,1,3,2,1,2,1,"1.22","0.71","0.71","25.5",,,,,
"ST","2026-05-10","84.3","-3.13","5.23","Bird, Jake",596142,656234,,"called_strike",,,,,9,,"R","R","R","MIL","NYY","S",,,2,1,2026,"1.38","0.62",0.6924228573085971,2.156395326089959,,668930,661388,1,5,"Bot",,,,,,,5.928996504047178,-122.63545861109911,-1.7860693793279223,12.67784036347722,24.756776264694867,-25.788774506608174,3.311277887,1.671112205,,,,"83.5",2738,"5.8",823793,641555,700250,665862,641857,676609,641355,663757,682987,"54.71",,,,,,,,41,4,"Sweeper",3,2,3,2,2,3,3,2,"Infield shade","Standard",75,"-0.011","-0.063",,,,"0.063",,1,1,0.749,0.749,30,33,31,34,1,2,3,1,2,3,"2.6","-1.38","-1.38","17.3",,,,,
"FC","2026-05-10","91.4","-1.77","5.92","Martinez, Nick",575929,607259,,"ball",,,,,14,,"R","R","R","BOS","TB","B",,,0,1,2026,"0.1","0.92",0.12724839993858894,1.4528655467764877,,,,1,1,"Bot",,,,,,,4.477259342749625,-133.0418169064997,-7.18616178802229,0.4034437597394875,24.80012473269503,-20.025997251501273,3.229658793,1.62992126,,,,"91.7",2317,"6.1",824765,663743,668723,810938,691406,670764,802415,656775,676356,"54.36",,,,,,,,6,2,"Cutter",0,1,0,1,1,0,0,1,"Infield shade","Standard",207,"0.002","0.029",,,,"-0.029",,-1,-1,0.421,0.421,35,34,36,34,1,0,6,2,,3,"1.78","-0.1","-0.1","57.0",,,,,
"CH","2026-05-10","85","-1.6","3.56","Kelly, Kevin",678882,687330,,"called_strike",,,,,9,,"R","R","R","BOS","TB","S",,,1,1,2026,"-0.98","-0.85",0.4171862317170729,1.8445211420632504,,681508,,2,6,"Bot",,,,,,,6.676360173584644,-123.42207710301162,4.261312780513372,-11.391023353468848,25.753796818991372,-41.93515405003649,3.110301837,1.569685039,,,,"84.9",1689,"6.4",824765,663743,666018,810938,691406,670764,802415,656775,676356,"54.07",,,,,,,,51,3,"Changeup",1,4,1,4,4,1,1,4,"Standard","Standard",278,"-0.008","-0.056",,,,"0.056",,-3,-3,0.138,0.138,28,25,29,26,1,2,3,2,2,2,"4.03","0.98","0.98","0.6",,,,,
"FF","2026-05-10","97","-0.74","6.08","Slaten, Justin",663743,686580,,"ball",,,,,14,,"R","R","R","BOS","TB","B",,,0,2,2026,"-0.08","1.59",0.8744545331027394,1.696228117421215,,,,0,7,"Top",,,,,,,4.463035715851516,-140.95955469384188,-9.647402684088576,-2.069698888859409,32.915128291899826,-8.994822724031282,3.161204068,1.595374016,,,,"97.4",2409,"6.7",824765,681508,655316,691785,702332,596115,680776,678882,677800,"53.85",,,,,,,,52,3,"4-Seam Fastball",1,4,4,1,4,1,4,1,"Standard","Standard",197,"-0.001","0.024",,,,"-0.024",,-3,3,0.111,0.889,28,29,29,30,1,2,36,2,3,2,"0.85","0.08","0.08","54.3",,,,,
"ST","2026-05-10","85.2","-2.65","6.26","Bowlan, Jonathan",666397,680742,,"called_strike",,,,,9,,"R","L","R","PHI","COL","S",,,0,1,2026,"1.17","0.29",0.3607649202604367,1.6617026811759597,,,,0,8,"Top",,,,,,,4.596762515309447,-123.89127562464449,-4.73909644958111,10.888807516090136,28.12501607240215,-28.39237778084833,3.234924541,1.63257874,,,,"84.9",2701,"6.5",823463,592663,547180,681082,664761,607208,669016,702222,666969,"54.04",,,,,,,,59,2,"Sweeper",6,0,0,6,0,6,0,6,"Standard","Standard",53,"0.001","-0.055",,,,"0.055",,6,-6,0.992,0.008000000000000007,29,27,30,27,1,0,2,1,,2,"2.89","-1.17","1.17","38.8",,,,,
"FF","2026-05-10","90.4","1.66","6.13","Lauer, Eric",694384,641778,,"ball",,,,,11,,"R","L","L","TOR","LAA","B",,,1,0,2026,"0.68","1.29",-0.8467452256838975,2.5839833814058104,,,,0,5,"Top",,,,,,,-7.550486532469064,-131.45019484148816,-5.423609124434277,9.477480176056241,27.47760322949235,-16.216547639420277,3.290214895,1.660482283,,,,"89.5",2116,"5.8",822819,623168,672820,676391,672960,665926,664702,662139,660821,"54.74",,,,,,,,30,2,"4-Seam Fastball",1,0,0,1,0,1,0,1,"Infield shade","Standard",140,"-0.011","0.077",,,,"-0.077",,1,-1,0.633,0.367,31,24,31,24,1,1,6,1,,1,"1.5","0.68","0.68","35.8",,,,,
"SI","2026-05-10","93.4","2.74","6.09","Newcomb, Sean",656582,656794,,"ball",,,,,12,,"R","R","L","CWS","SEA","B",,,0,0,2026,"0.92","1.33",0.13585042894349586,3.336832179200692,,,,0,7,"Top",,,,,,,-8.56627501685003,-135.48199790158054,-3.9205387736997346,13.45146146574847,36.164683107927814,-15.206140215383913,3.173490814,1.601574803,,,,"91.4",,"5.8",824605,691011,808959,805367,678246,695657,803011,671976,672284,"54.74",,,,,,,,43,1,"Sinker",0,1,1,0,1,0,1,0,"Standard","Standard",,"-0.004","0.041",,,,"-0.041",,-1,1,0.308,0.692,33,33,33,34,1,0,2,4,3,3,"1.34","0.92","-0.92","26.0",,,,,
"FF","2026-05-09","94.5","-0.24","7.07","Yesavage, Trey",687093,702056,"walk","ball",,,,,13,"Vaughn Grissom challenged (pitch result), call on the field was overturned: Vaughn Grissom walks. Jo Adell to 3rd. Yoán Moncada to 2nd.","R","R","R","TOR","LAA","B",,,3,2,2026,"-0.46","1.68",-0.43588756432064435,1.4474661541260563,,666176,660162,1,4,"Top",,,,,,,0.5309013939370025,-137.15524429286717,-12.451570467427858,-5.92600976432804,28.083189292014822,-8.500923829683153,3.301624016,1.666240158,,,,"94.6",2247,"6.3",822820,678218,665489,676391,672960,665926,660821,662139,680718,"54.2",,0.704857,"0.7",1,0,0,,29,6,"4-Seam Fastball",0,0,0,0,0,0,0,0,"Standard","Standard",196,"-0.06","0.287",,,,"-0.287",,0,0,0.441,0.5589999999999999,22,25,23,25,2,1,6,1,,1,"0.87","0.46","0.46","66.7",,,,,
"ST","2026-05-09","80","-2.54","4.52","Arrighetti, Spencer",701398,681293,,"ball",,,,,12,,"R","R","R","CIN","HOU","B",,,1,0,2026,"1.19","0.45",0.9467583192553488,2.6020796674521405,,,,0,6,"Bot",,,,,,,5.407417456953557,-116.53932411849522,1.790442530353651,9.952062255674953,20.263622795717012,-28.595937567179114,3.239312664,1.634793307,,,,"81.9",2720,"7.3",824523,543877,572233,514888,670623,669699,805904,694728,701358,"53.18",,,,,,,,46,2,"Sweeper",3,1,3,1,1,3,3,1,"Standard","Standard",63,"0.004","0.077",,,,"-0.077",,2,2,0.847,0.847,26,22,26,23,3,2,7,1,,1,"3.08","-1.19","-1.19","15.8",,,,,
"FF","2026-05-09","96.4","-0.98","5.64","Baz, Shane",805779,669358,"strikeout","called_strike",,,,,9,"Jacob Wilson challenged (pitch result), call on the field was confirmed: Jacob Wilson called out on strikes.","R","R","R","BAL","ATH","S",2,,3,2,2026,"-0.93","1.36",0.6400819265998786,1.591104144905108,,,,2,3,"Top",,,,,,,6.447982650179341,-140.21481162934217,-8.191004344513372,-13.6260240505716,28.447361305508913,-12.639095991419603,3.29109252,1.660925197,,,,"97.5",2397,"6.7",824847,668939,624413,669236,691723,683002,621493,665750,687637,"53.79",,0,"0",1,0,0,,23,6,"4-Seam Fastball",0,4,4,0,4,0,4,0,"Standard","Standard",214,"0.006","-0.328",,,,"0.328",,-4,4,0.158,0.842,27,24,27,24,2,1,5,1,,1,"1.08","0.93","0.93","36.3",,,,,
"SI","2026-05-09","92.8","-2.32","4.51","Ryan, Joe",677587,657746,,"called_strike",,,,,9,,"R","L","R","CLE","MIN","S",,,2,1,2026,"-1.56","0.75",0.6477749772643924,1.544408779492811,,,,0,5,"Bot",,,,,,,11.014468068885803,-134.65515296871564,-3.2696722347792493,-21.379358833107627,28.815905430732798,-22.482639474125072,3.068175853,1.548425197,,,,"93.3",2237,"6.7",824444,605170,665019,807712,668904,686797,663616,621439,670242,"53.81",,,,,,,,37,4,"Sinker",1,1,1,1,1,1,1,1,"Standard","Standard",234,"-0.01","-0.073",,,,"0.073",,0,0,0.572,0.572,30,25,30,25,2,1,6,1,,1,"1.91","1.56","-1.56","21.8",,,,,
"SI","2026-05-09","91.8","-1.87","5.01","Nola, Aaron",664983,605400,"walk","ball",,,,,14,"Jake McCarthy challenged (pitch result), call on the field was overturned: Jake McCarthy walks. Troy Johnston to 2nd.","R","L","R","PHI","COL","B",,,3,2,2026,"-1.46","0.57",0.8773068508309112,2.4087824161084157,,,687859,2,4,"Top",,,,,,,10.20362031929379,-133.35433467974443,-1.8257554770796904,-19.589854646893706,27.216962849628928,-25.13598108213449,3.228781168,1.629478347,,,,"93",2210,"7",823468,592663,694025,681082,664761,607208,624641,669016,666969,"53.52",,0.704857,"0.7",1,0,0,,32,6,"Sinker",5,1,1,5,1,5,1,5,"Standard","Standard",230,"-0.014","0.24",,,,"-0.24",,4,-4,0.894,0.10599999999999998,33,28,33,29,2,1,5,1,,1,"2.13","1.46","-1.46","20.5",,,,,
"FF","2026-05-09","99.3","-1.25","6.45","Burns, Chase",701358,695505,,"called_strike",,,,,9,,"R","R","R","CIN","HOU","S",,,2,1,2026,"0.18","1.47",0.41715961686424174,1.575741681823059,,,670541,2,4,"Top",,,,,,,4.072511356082551,-144.25721146383546,-11.162311660403562,1.532124830922752,33.691099454967436,-9.176842266545238,3.348138123,1.689714567,,,,"99.4",2702,"6.4",824523,624431,668715,680574,701398,682829,668709,670770,666181,"54.05",,,,,,,,24,4,"4-Seam Fastball",0,0,0,0,0,0,0,0,"Standard","Standard",193,"0.006","-0.093",,,,"0.093",,0,0,0.53,0.47,23,23,23,23,2,1,6,1,,1,"0.85","-0.18","-0.18","55.3",,,,,
"SI","2026-05-09","92.9","-1.89","6.57","Wacha, Michael",693307,608379,,"called_strike",,,,,4,,"R","R","R","KC","DET","S",,,1,1,2026,"-0.79","1.15",-0.7938459392103244,2.750394597809717,,,,2,4,"Top",,,,,,,4.5568855692218175,-135.2665500336774,-6.448557623984776,-10.693788114602345,25.74069471638129,-16.872050188350773,3.271784777,1.651181102,,,,"94",2079,"6.6",824115,695600,686469,686681,672580,677951,657041,664728,695506,"53.9",,,,,,,,26,3,"Sinker",2,0,0,2,0,2,0,2,"Strategic","Standard",199,"0.003","-0.062",,,,"0.062",,2,-2,0.775,0.22499999999999998,34,27,35,28,2,1,5,1,,1,"1.46","0.79","0.79","52.4",,,,,
"SI","2026-05-09","92.4","-0.81","5.73","Littell, Zack",672640,641793,,"ball",,,,,14,,"R","R","R","MIA","WSH","B",,,1,1,2026,"-1.4","1.04",0.11851291758909643,1.4206119938711774,,691788,669364,1,5,"Bot",,,,,,,5.428951721352735,-134.34366374598744,-7.1777634053288875,-18.07853602928122,30.684400371905692,-18.183799452826552,3.136630577,1.582972441,,,,"92.1",2113,"6.3",823869,686452,671277,683083,691781,682928,695734,696285,695578,"54.21",,,,,,,,42,3,"Sinker",2,4,2,4,4,2,2,4,"Standard","Standard",213,"0.012","0.048",,,,"-0.048",,-2,-2,0.347,0.347,30,27,31,28,2,2,6,1,,1,"1.65","1.4","1.4","34.1",,,,,
"ST","2026-05-09","80.4","-1.16","5.6","Junk, Janson",695578,676083,,"called_strike",,,,,9,,"R","L","R","MIA","WSH","S",,,1,0,2026,"1.1","0.5",0.54857889330546,1.7204154851829427,,,677588,2,2,"Top",,,,,,,1.6113827121430984,-117.05594455024591,-2.6389031668484857,9.816144456745878,22.323674503627636,-27.276620539368054,3.488558071,1.760580709,,,,"79.9",2460,"5.9",823869,691788,681393,669364,677870,672640,669065,805300,683357,"54.57",,,,,,,,14,2,"Sweeper",0,3,3,0,3,0,3,0,"Infield shade","Standard",70,"0.002","-0.05",,,,"0.05",,-3,3,0.238,0.762,30,23,30,24,2,1,5,1,,1,"3.02","-1.1","1.1","48.0",,,,,
"SL","2026-05-09","88.4","-1.44","6.16","Miller, Mason",802139,695243,,"called_strike",,,,,9,,"R","L","R","SD","STL","S",,,1,0,2026,"1.06","-0.33",0.7296369404325918,1.709291634582844,669357,701675,650968,2,9,"Top",,,,,,,2.9926046421550865,-128.61394812048604,-3.7403131717518376,10.872412281970377,30.805050246427566,-35.118171132443116,3.096259843,1.562598425,,,,"88.5",2556,"6.7",823304,666023,664034,823550,592518,593428,657656,701538,665487,"53.79",,,,,,,,69,2,"Slider",4,2,2,4,2,4,2,4,"Infield shade","Standard",35,"0.016","-0.035",,,,"0.035",,2,-2,0.843,0.15700000000000003,27,23,28,24,1,4,3,1,4,1,"3.28","-1.06","1.06","40.9",,,,,
"FC","2026-05-09","88.5","-1.19","5.39","Roupp, Landen",542303,694738,,"called_strike",,,,,4,,"R","R","R","SF","PIT","S",,,3,1,2026,"0.22","0.85",-0.7884714399669728,2.215490404491579,,,,0,2,"Top",,,,,,,0.5029761611349046,-129.0844951138075,-3.3701196168248746,2.4379717555508797,23.452838077648707,-22.157292707140012,3.255987533,1.643208661,,,,"88.8",2438,"6.1",823224,606992,646240,650333,656305,642715,671218,687551,808982,"54.44",,,,,,,,10,5,"Cutter",0,0,0,0,0,0,0,0,"Infield shade","Standard",192,"0.009","-0.094",,,,"0.094",,0,0,0.485,0.515,27,35,28,36,1,0,7,1,,1,"2.02","-0.22","-0.22","27.5",,,,,
"FF","2026-05-09","96.5","-1.22","5.64","Baz, Shane",805779,669358,"strikeout","called_strike",,,,,9,"Jacob Wilson challenged (pitch result), call on the field was confirmed: Jacob Wilson called out on strikes.","R","R","R","BAL","ATH","S",2,,3,2,2026,"-0.87","1.38",0.76072822814161,1.8593429531608727,,,,0,2,"Top",,,,,,,7.247622096965366,-140.23367600092863,-7.4894911277449765,-13.148654264739525,32.426865680850966,-12.393578074282681,3.29109252,1.660925197,,,,"96.9",2414,"6.7",824847,668939,624413,669236,691723,683002,621493,665750,687637,"53.83",,0,"0",1,0,0,,10,7,"4-Seam Fastball",0,1,1,0,1,0,1,0,"Standard","Standard",214,"0.026","-0.345",,,,"0.345",,-1,1,0.392,0.608,27,24,27,24,1,0,5,1,,1,"1.08","0.87","0.87","42.7",,,,,
"ST","2026-05-09","82.4","-3.04","6.42","Holmes, Clay",666971,605280,"strikeout","called_strike",,,,,2,"Lourdes Gurriel Jr. challenged (pitch result), call on the field was confirmed: Lourdes Gurriel Jr. called out on strikes.","R","R","R","AZ","NYM","S",2,,1,2,2026,"1.53","-0.48",-0.17536115921434225,3.1242231461281276,,680728,571448,1,2,"Bot",,,,,,,3.3606018255575383,-119.88155548823462,0.25651998781589813,13.963696598014177,25.437770486727086,-37.089199852009344,3.354281496,1.692814961,,,,"81.4",2971,"5.9",825089,682626,668901,543760,683146,666182,665742,621438,701807,"54.62",,0,"0",1,0,0,,16,5,"Sweeper",0,1,0,1,1,0,0,1,"Standard","Standard",56,"-0.036","-0.174",,,,"0.174",,-1,-1,0.473,0.473,33,32,33,33,1,0,6,1,,2,"3.87","-1.53","-1.53","38.4",,,,,
"SI","2026-05-09","92.6","-1.79","5.4","Kelly, Merrill",682626,518876,,"ball",,,,,13,,"R","R","R","AZ","NYM","B",,,0,0,2026,"-1.32","0.34",-0.8162557919814053,1.5076076046031681,,683146,,2,2,"Top",,,,,,,5.34018388466701,-134.68579720106504,-4.625536013048472,-17.204704467079925,29.2992436565943,-27.2264217677875,3.120833333,1.575,,,,"91.9",2251,"5.9",825089,672515,545121,606466,571448,672695,666971,814439,682998,"54.6",,,,,,,,12,1,"Sinker",0,1,1,0,1,0,1,0,"Standard","Standard",235,"-0.001","0.019",,,,"-0.019",,-1,1,0.411,0.589,37,24,38,25,1,0,6,1,,3,"2.32","1.32","1.32","19.5",,,,,
"SL","2026-05-09","87.1","-3.08","6.21","Gordon, Tanner",702222,685299,,"ball",,,,,13,,"R","L","R","PHI","COL","B",,,0,0,2026,"0.11","0.72",-0.2699902687182982,1.4318064960652335,,,,2,7,"Bot",,,,,,,6.391691388009774,-126.60954831156035,-6.535405877185075,-0.07319324310877615,25.907224968246403,-23.23881161901704,3.278805774,1.654724409,,,,"86.8",2067,"6.2",823468,664954,681198,671289,691720,650489,664983,666160,687859,"54.34",,,,,,,,62,1,"Slider",7,3,7,3,3,7,7,3,"Standard","Standard",217,"0","0.037",,,,"-0.037",,4,4,0.966,0.966,28,22,29,22,1,0,7,1,,1,"2.29","-0.11","0.11","39.5",,,,,
"CU","2026-05-09","77","-1.46","5.59","Roupp, Landen",693304,694738,"strikeout","called_strike",,,,,4,"Nick Gonzales challenged (pitch result), call on the field was confirmed: Nick Gonzales called out on strikes.","R","R","R","SF","PIT","S",2,,2,2,2026,"1.54","-0.64",-0.5573634247455221,2.0407846518114257,,668804,656811,2,1,"Top",,,,,,,-0.9462757032994288,-112.07305852651172,0.879435797993664,13.08376717671745,21.455706986776043,-37.96332316458417,3.05062336,1.539566929,,,,"76.6",3047,"6.1",823224,606992,646240,650333,656305,642715,671218,687551,808982,"54.37",,0,"0",1,0,0,,5,5,"Curveball",0,0,0,0,0,0,0,0,"Infield shade","Standard",59,"0.037","-0.203",,,,"0.203",,0,0,0.511,0.489,27,27,28,27,1,0,7,1,,1,"4.5","-1.54","-1.54","27.5",,,,,
"FF","2026-05-09","96","-2.49","5.79","Shugart, Chase",650489,663767,"strikeout","called_strike",,,,,9,"Willi Castro challenged (pitch result), call on the field was confirmed: Willi Castro called out on strikes.","R","L","R","PHI","COL","S",2,,1,2,2026,"-0.66","1.31",0.4015014451584469,1.7556609238642609,,,681198,2,8,"Top",,,,,,,9.069444981598483,-139.3071208030507,-7.801631727112318,-10.68465116754506,32.74513004117174,-13.499074328889035,3.203330053,1.616633858,,,,"95.8",2006,"6.5",823468,592663,694025,681082,664761,607208,669016,702222,666969,"54.05",,0,"0",1,0,0,,66,4,"4-Seam Fastball",7,3,3,7,3,7,3,7,"Standard","Standard",216,"0.006","-0.183",,,,"0.183",,4,-4,0.982,0.018000000000000016,29,29,30,29,1,3,2,1,,1,"1.19","0.66","-0.66","43.0",,,,,
"CU","2026-05-09","81.2","-1.45","5.89","Leiter, Jack",664023,683004,,"called_strike",,,,,1,,"R","L","R","TEX","CHC","S",,,0,0,2026,"0.36","-1.27",-0.3217114030373559,3.1718595269740346,,624424,,2,1,"Top",,,,,,,1.7899112724750026,-118.0970962929579,3.3422170410043894,2.961754300306106,26.189360795353394,-44.894016202428,3.136630577,1.582972441,,,,"80.8",2739,"6.4",822905,543309,679822,677649,673962,608369,696030,694497,607043,"54.06",,,,,,,,4,1,"Curveball",0,0,0,0,0,0,0,0,"Infield shade","Standard",34,"0.005","-0.04",,,,"0.04",,0,0,0.516,0.484,26,31,26,32,1,0,6,1,,1,"4.78","-0.36","0.36","52.2",,,,,
"CU","2026-05-09","85.2","-0.77","6.33","Ashcraft, Braxton",805811,677952,,"ball",,,,,14,,"R","L","R","SF","PIT","B",,,0,1,2026,"0.38","-0.87",0.5944636233665112,1.4354562408967548,,,,0,2,"Bot",,,,,,,2.388360875851643,-124.19332049958076,-3.301096413725287,3.6376862135630716,20.314128145577964,-40.95309701014309,3.541215551,1.787155512,,,,"86.1",2750,"6.3",823224,663698,687462,664040,693304,804606,668804,665833,656811,"54.15",,,,,,,,14,2,"Curveball",0,0,0,0,0,0,0,0,"Infield shade","Standard",40,"0.002","0.031",,,,"-0.031",,0,0,0.548,0.548,26,21,27,22,1,0,6,3,,1,"3.95","-0.38","0.38","42.6",,,,,
"SL","2026-05-09","88.3","-3.14","5.52","Cruz, Steven",656716,674444,,"ball",,,,,13,,"R","L","R","KC","DET","B",,,1,2,2026,"0.57","0.1",-0.32187978726058236,1.4091201609191537,,,,2,9,"Top",,,,,,,5.6386215435047085,-128.54385086061225,-3.996458314534918,5.261978919786058,24.00232010868228,-30.502224196916682,3.169980315,1.59980315,,,,"89.6",2193,"6.8",824115,695600,686469,686681,672580,677951,657041,664728,695506,"53.68",,,,,,,,65,4,"Slider",5,1,1,5,1,5,1,5,"Strategic","Standard",141,"0","0.042",,,,"-0.042",,4,-4,0.999,0.0010000000000000009,27,31,27,31,1,3,31,1,1,1,"2.8","-0.57","0.57","30.9",,,,,
"FC","2026-05-09","86.3","-1.98","5.15","Nola, Aaron",681198,605400,,"called_strike",,,,,2,,"R","L","R","PHI","COL","S",,,1,1,2026,"0.09","0.36",0.24560390659890066,3.466212154653239,,666397,,2,1,"Top",,,,,,,5.090750511489156,-125.59590269181952,1.641425325320861,-0.10000911113540023,24.963450502068742,-28.850647223190307,3.422736221,1.727362205,,,,"87.3",2304,"6.9",823468,592663,547180,681082,664761,607208,624641,669016,666969,"53.64",,,,,,,,4,3,"Cutter",0,0,0,0,0,0,0,0,"Strategic","Standard",188,"0.008","-0.056",,,,"0.056",,0,0,0.518,0.482,33,26,33,26,1,0,5,1,,3,"2.69","-0.09","0.09","23.0",,,,,
"FS","2026-05-09","83.4","-0.28","5.62","Estrada, Jeremiah",669357,669093,,"ball",,,,,14,,"R","L","R","SD","STL","B",,,1,2,2026,"-1.19","0.4",0.8612006940419119,1.6078457552230248,,,,2,6,"Top",,,,,,,5.070743556355468,-121.31662171930451,-3.359854882871641,-12.763255837269757,25.06937326104844,-27.731762445680243,3.217372047,1.623720472,,,,"84.6",1293,"7.2",823304,666023,664034,823550,592518,593428,657656,701538,665487,"53.27",,,,,,,,44,4,"Split-Finger",3,1,1,3,1,3,1,3,"Infield shade","Standard",225,"-0.002","0.042",,,,"-0.042",,2,-2,0.836,0.16400000000000003,27,26,28,26,1,2,4,1,1,1,"2.89","1.19","-1.19","62.2",,,,,
"FF","2026-05-09","101.7","-1.43","6.26","Miller, Mason",691026,695243,,"ball",,,,,11,,"R","R","R","SD","STL","B",,,2,0,2026,"-0.33","1.25",-0.11408169034009824,3.5914603258356617,,,669357,0,9,"Top",,,,,,,4.488332404338414,-148.0186581725047,-5.104847976050699,-5.877591231215684,35.613254182611165,-12.735462354614205,3.081340223,1.555068898,,,,"102.5",2505,"6.7",823304,666023,664034,823550,592518,593428,657656,701538,665487,"53.76",,,,,,,,65,3,"4-Seam Fastball",4,2,2,4,2,4,2,4,"Standard","Standard",206,"-0.036","0.14",,,,"-0.14",,2,-2,0.807,0.19299999999999995,27,24,28,24,1,3,3,1,4,1,"0.95","0.33","0.33","43.5",,,,,
"FC","2026-05-09","99.1","-0.06","6.34","Ashcraft, Graham",514888,668933,,"ball",,,,,14,,"R","R","R","CIN","HOU","B",,,2,0,2026,"0.04","0.88",0.005285477725970992,1.229673186627761,,,,1,8,"Top",,,,,,,0.07957477740150891,-144.22234992768344,-10.294720101153981,0.5712321397311537,28.155926568604013,-17.876122496251345,2.926000656,1.476673228,,,,"98.4",2586,"5.6",824523,624431,668715,680574,701398,682829,668709,667472,666181,"54.94",,,,,,,,57,3,"Cutter",3,1,1,3,1,3,1,3,"Standard","Standard",194,"-0.014","0.143",,,,"-0.143",,2,-2,0.886,0.11399999999999999,28,36,28,36,1,3,3,1,1,1,"1.41","-0.04","-0.04","56.8",,,,,
"CU","2026-05-09","81.2","-0.84","5.76","Junk, Janson",671277,676083,,"ball",,,,,14,,"R","L","R","MIA","WSH","B",,,0,1,2026,"0.79","-1.06",0.4870992264050088,1.3320171234052163,,,,0,1,"Top",,,,,,,1.3812386827651524,-118.3027544853065,-0.9695651666003531,7.083394103467669,24.121902461030587,-42.07886648980088,3.248088911,1.639222441,,,,"80.7",2391,"6",823869,691788,681393,669364,677870,672640,669065,805300,683357,"54.47",,,,,,,,2,2,"Curveball",0,1,1,0,1,0,1,0,"Infield shade","Standard",37,"-0.002","0.031",,,,"-0.031",,-1,1,0.407,0.593,30,26,30,26,1,0,5,1,,1,"4.52","-0.79","0.79","55.6",,,,,
"FF","2026-05-09","96.9","-2.12","6.13","Gaddis, Hunter",665019,683769,,"called_strike",,,,,9,,"R","L","R","CLE","MIN","S",,,1,1,2026,"-0.77","1.4",0.29768313336351804,1.5355810589903818,,,,1,7,"Top",,,,,,,8.219470661440369,-140.52697514441712,-9.701086902913948,-12.143587873313365,33.92569905542868,-11.569114284761556,3.211228675,1.620620079,,,,"97.2",2174,"6.8",824444,595978,700932,683953,608070,677587,680757,682177,682657,"53.69",,,,,,,,49,3,"4-Seam Fastball",1,1,1,1,1,1,1,1,"Standard","Strategic",213,"0.008","-0.064",,,,"0.064",,0,0,0.54,0.45999999999999996,28,30,28,30,1,2,2,2,3,1,"1.06","0.77","-0.77","35.1",,,,,
"SL","2026-05-09","86.9","-1.59","5.98","Davila, Nick",672284,689546,,"called_strike",,,,,2,,"R","L","R","CWS","SEA","S",,,0,0,2026,"0.03","-0.4",0.12061662779749344,3.0145365295816084,,,,1,6,"Bot",,,,,,,3.948341221530543,-126.62233392075433,-0.01914351315233276,-0.3092738058967425,21.72931455096537,-36.66089183006674,3.159448819,1.594488189,,,,"87.2",2001,"6",824606,641598,647304,702284,660844,641487,668227,677594,608701,"54.46",,,,,,,,48,1,"Slider",5,1,5,1,1,5,5,1,"Infield shade","Standard",27,"-0.001","-0.039",,,,"0.039",,4,4,0.947,0.947,27,26,28,27,1,2,6,1,2,1,"3.37","-0.03","0.03","29.6",,,,,
"SI","2026-05-09","92","-1.93","5.06","Nola, Aaron",666397,605400,,"ball",,,,,12,,"R","L","R","PHI","COL","B",,,1,2,2026,"-1.41","0.77",0.45118629425122014,3.498803962308379,,,,0,1,"Top",,,,,,,9.158015883417544,-133.704382675082,0.40811012310474415,-18.865641075569446,29.998422622906144,-23.35143666433386,3.234924541,1.63257874,,,,"92.9",2127,"7",823468,592663,547180,681082,664761,607208,624641,669016,666969,"53.54",,,,,,,,1,4,"Sinker",0,0,0,0,0,0,0,0,"Strategic","Standard",227,"-0.004","0.043",,,,"-0.043",,0,0,0.507,0.493,33,27,33,27,1,0,5,1,,1,"1.94","1.41","-1.41","20.8",,,,,
"FF","2026-05-09","95.5","1.45","5.94","Sabrowski, Erik",686797,681870,,"called_strike",,,,,2,,"R","R","L","CLE","MIN","S",,,0,1,2026,"0.81","1.61",-0.1897196550161092,3.322305800852015,,,,0,9,"Top",,,,,,,-6.139233289893953,-138.74175458260686,-4.684121746854657,11.93089287881093,35.062569412220064,-10.676599077826998,3.208595801,1.619291339,,,,"95.2",2605,"6.5",824444,595978,656555,683953,608070,677587,680757,682177,682657,"54.03",,,,,,,,61,2,"4-Seam Fastball",1,1,1,1,1,1,1,1,"Standard","Standard",149,"0.014","-0.055",,,,"0.055",,0,0,0.509,0.491,28,25,29,25,1,3,2,1,3,1,"0.93","0.81","-0.81","43.8",,,,,
"FF","2026-05-08","95.1","1.62","5.98","Prielipp, Connor",656555,687570,,"ball",,,,,11,,"R","R","L","CLE","MIN","B",,,2,1,2026,"0.64","1.25",-1.0047700634533387,2.9791159745804663,,,608070,2,5,"Bot",,,,,,,-8.187892259242032,-138.24780830071612,-4.798188032949258,10.045725886981877,32.298943553222145,-15.297554582825116,3.334096129,1.682627953,,,,"94.3",2264,"6",824443,680777,605170,807712,668904,686797,668885,621439,670242,"54.52",,,,,,,,40,4,"4-Seam Fastball",4,0,4,0,0,4,4,0,"Standard","Standard",139,"0.002","0.079",,,,"-0.079",,4,4,0.924,0.924,25,33,25,33,3,2,6,2,,1,"1.29","0.64","-0.64","43.2",,,,,
"FF","2026-05-08","93.4","2.84","5.62","Snelling, Robby",678554,702281,"walk","ball",,,,,13,"Curtis Mead challenged (pitch result), call on the field was overturned: Curtis Mead walks.","R","R","L","MIA","WSH","B",,,3,2,2026,"0.69","1.59",-0.2028983729919399,1.3167657795422794,,,,1,5,"Top",,,,,,,-9.327886070166041,-135.4689302018805,-8.64440474793333,10.575242183592533,30.449700067979027,-10.816733856271735,3.247211286,1.638779528,,,,"93.7",2500,"6.7",823871,691788,666624,669364,677870,672640,691594,665923,669065,"53.82",,0.704857,"0.7",1,0,0,,37,10,"4-Seam Fastball",2,3,3,2,3,2,3,2,"Infield shade","Standard",150,"-0.022","0.339",,,,"-0.339",,-1,1,0.382,0.618,22,25,23,26,3,2,,1,,2,"1.05","0.69","-0.69","45.9",,,,,
"ST","2026-05-08","80.7","2.99","5.33","Early, Connelly",666018,813349,,"called_strike",,,,,7,,"R","L","L","BOS","TB","S",,,1,1,2026,"-1.63","-0.23",-0.741628927724872,1.7152031998781667,,,,2,6,"Top",,,,,,,-5.0297014578849115,-117.36275052858268,-0.5891371654004253,-13.75820682160944,26.45019365774675,-34.3619081411697,3.189288058,1.609547244,,,,"80.4",2402,"6.5",824768,665966,575929,691785,702332,596115,680776,678882,677800,"53.97",,,,,,,,44,3,"Sweeper",2,0,0,2,0,2,0,2,"Strategic","Standard",305,"0.003","-0.062",,,,"0.062",,2,-2,0.833,0.16700000000000004,24,28,24,28,3,2,6,1,,2,"3.79","-1.63","-1.63","23.2",,,,,
"FF","2026-05-08","93.9","-0.85","5.56","Canning, Griffin",687363,656288,,"ball",,,,,11,,"R","L","R","SD","STL","B",,,2,1,2026,"-0.65","1.41",-0.7647531771475438,3.2673732544014475,,691026,701675,1,5,"Top",,,,,,,1.6614642660590082,-136.67187967112073,-3.1645250330749968,-8.494431312962769,32.42212648727296,-14.028090883044907,3.136630577,1.582972441,,,,"92.7",2078,"5.7",823303,666023,657757,823550,592518,593428,657656,701538,665487,"54.77",,,,,,,,33,4,"4-Seam Fastball",0,0,0,0,0,0,0,0,"Standard","Standard",216,"-0.023","0.108",,,,"-0.108",,0,0,0.44,0.56,30,25,30,25,2,1,5,1,,2,"1.19","0.65","-0.65","38.6",,,,,
"SL","2026-05-08","87.6","2.01","5.81","Detmers, Reid",665489,672282,"walk","ball",,,,,13,"Vladimir Guerrero Jr. challenged (pitch result), call on the field was overturned: Vladimir Guerrero Jr. walks. George Springer to 2nd.","R","R","L","TOR","LAA","B",,,3,2,2026,"-0.06","-0.02",-0.26475562614746734,1.4577101735211042,,,543807,1,3,"Bot",,,,,,,-5.274256326810392,-127.4299738921261,-4.018776325948575,0.6063200966372856,29.05036139243615,-31.702093578164185,3.208595801,1.619291339,,,,"86.9",2357,"6.1",822822,665861,694384,624428,660162,687263,666139,545361,666176,"54.41",,0.704857,"0.7",1,0,0,,21,6,"Slider",0,0,0,0,0,0,0,0,"Standard","Standard",307,"0.035","0.266",,,,"-0.266",,0,0,0.564,0.564,26,27,27,27,2,1,6,2,5,1,"3.02","-0.06","0.06","34.3",,,,,
"CU","2026-05-08","81.9","1.46","6.27","Prielipp, Connor",656555,687570,"strikeout","called_strike",,,,,6,"Rhys Hoskins challenged (pitch result), call on the field was confirmed: Rhys Hoskins called out on strikes.","R","R","L","CLE","MIN","S",2,,0,2,2026,"-1.22","-0.55",0.6921005364094619,2.7887171394039894,,,,1,3,"Bot",,,,,,,0.6750086560407994,-119.31810404304987,-0.019184222865179512,-11.771234002160552,23.910209919522103,-37.58744832502358,3.334096129,1.682627953,,,,"80.9",3124,"5.7",824443,680777,605170,807712,668904,686797,668885,621439,670242,"54.85",,0,"0",1,0,0,,23,3,"Curveball",4,0,4,0,0,4,4,0,"Standard","Standard",321,"-0.004","-0.163",,,,"0.163",,4,4,0.884,0.884,25,33,25,33,2,1,6,2,,1,"3.95","-1.22","1.22","47.5",,,,,
"FF","2026-05-08","94.6","2.81","5.61","Snelling, Robby",696285,702281,,"called_strike",,,,,8,,"R","R","L","MIA","WSH","S",,,3,0,2026,"0.31","1.63",0.13406808659238517,1.5350264211306122,,,682928,2,3,"Top",,,,,,,-7.589338597653327,-137.36383107189164,-8.397252501545786,5.619367691092701,31.150580842097735,-9.841269610815528,3.187532808,1.608661417,,,,"94.6",2534,"6.5",823871,691788,666624,669364,677870,672640,691594,665923,669065,"54.03",,,,,,,,25,4,"4-Seam Fastball",2,3,3,2,3,2,3,2,"Infield shade","Standard",154,"0.004","-0.048",,,,"0.048",,-1,1,0.402,0.598,22,26,23,27,2,1,,1,,1,"0.93","0.31","-0.31","42.2",,,,,
"SI","2026-05-08","95.1","3.79","5.22","Lodolo, Nick",670623,666157,"walk","ball",,,,,12,"Isaac Paredes challenged (pitch result), call on the field was overturned: Isaac Paredes walks.","R","R","L","CIN","HOU","B",,,3,2,2026,"1.41","0.42",0.9297940462517313,3.1158897121062,,,,0,4,"Top",,,,,,,-10.611321902462722,-138.13917097475206,-0.6489660030550005,20.354052478831907,29.542765182006704,-26.895674748581953,3.180511811,1.60511811,,,,"95.2",2388,"6.4",824522,663886,701398,680574,663647,682829,668709,670770,668715,"54.12",,0.704857,"0.7",1,0,0,,22,9,"Sinker",0,2,2,0,2,0,2,0,"Infield shade","Standard",103,"-0.024","0.356",,,,"-0.356",,-2,2,0.267,0.733,28,27,28,27,2,1,,2,5,1,"2.1","1.41","-1.41","14.7",,,,,
"FF","2026-05-08","95.9","-2.66","6.01","Kilian, Caleb",656811,668873,,"called_strike",,,,,1,,"R","L","R","SF","PIT","S",,,0,0,2026,"-0.2","1.28",-0.7807876682870963,3.01519041480254,804606,,687462,2,9,"Top",,,,,,,5.414239018285867,-139.50741891705857,-5.09896590211571,-3.8544913882417275,30.15802052161314,-14.514457013710704,3.28933727,1.66003937,,,,"96.6",2430,"6.6",823225,672275,646240,650333,656305,642715,671218,687551,808982,"53.87",,,,,,,,71,1,"4-Seam Fastball",5,2,2,5,2,5,2,5,"Standard","Standard",202,"0.006","-0.035",,,,"0.035",,3,-3,0.963,0.03700000000000003,29,32,29,33,1,0,4,1,2,1,"1.19","0.2","-0.2","44.2",,,,,
"CH","2026-05-08","89.1","3.77","5.24","Lodolo, Nick",514888,666157,,"called_strike",,,,,7,,"R","R","L","CIN","HOU","S",,,0,1,2026,"1.45","0.23",-0.7473683955128541,1.890368153850038,,,,1,3,"Top",,,,,,,-13.981856360808305,-129.0227882268874,-2.4568672068515145,18.94849759145451,25.000869914777034,-29.299108746053353,2.926000656,1.476673228,,,,"89",1771,"6.3",824522,663886,701398,680574,663647,682829,668709,670770,668715,"54.17",,,,,,,,17,2,"Changeup",0,2,2,0,2,0,2,0,"Standard","Standard",107,"0.003","-0.052",,,,"0.052",,-2,2,0.308,0.692,28,36,28,36,2,1,,3,5,1,"2.66","1.45","-1.45","15.3",,,,,
"FC","2026-05-08","91","-2.61","5.77","Gibson, Trey",643446,694346,,"ball",,,,,11,,"R","L","R","BAL","ATH","B",,,0,0,2026,"0.4","0.73",-0.9052043536410531,3.2592011618176553,,,680869,0,9,"Top",,,,,,,3.3930486142919696,-132.5903693192549,-1.8726266048964595,4.025722848461066,26.37335840625223,-23.29150258043667,3.213861549,1.621948819,,,,"92.6",2238,"7",824846,668939,624413,669236,642215,683002,621493,665750,641933,"53.48",,,,,,,,65,1,"Cutter",2,4,4,2,4,2,4,2,"Standard","Standard",195,"-0.002","0.04",,,,"-0.04",,-2,2,0.065,0.935,24,34,24,34,1,3,5,1,,1,"2","-0.4","0.4","36.6",,,,,
"ST","2026-05-08","81.8","-2.57","5.09","Lord, Brad",689414,695418,,"called_strike",,,,,7,,"R","L","R","MIA","WSH","S",,,0,0,2026,"1.02","0",-0.47697009929289336,1.5126967677616228,,,,0,9,"Bot",,,,,,,2.5915030755744013,-119.02305012268486,-1.178459836004788,8.958621618544608,26.54530152698998,-32.167701045286194,3.085728346,1.557283465,,,,"79.2",2703,"4.9",823871,686452,678554,683083,691781,682928,695734,696285,686894,"55.65",,,,,,,,68,1,"Sweeper",2,3,2,3,3,2,2,3,"Infield shade","Standard",52,"-0.013","-0.039",,,,"0.039",,-1,-1,0.204,0.204,26,27,26,27,1,0,6,1,4,1,"3.45","-1.02","1.02","13.6",,,,,
"CH","2026-05-08","90.8","-2.22","5.47","Perkins, Jack",687637,678022,,"called_strike",,,,,4,,"R","L","R","BAL","ATH","S",,,2,1,2026,"-1.33","-0.13",-0.816314477137428,2.814087074418987,,,668939,1,9,"Bot",,,,,,,6.397618527248804,-132.13722071985586,-0.25648498329456626,-16.967546717156566,27.982696670975976,-33.82605082493713,3.417470472,1.724704724,,,,"91.3",1232,"6.6",824846,669127,701762,643446,695391,805779,691016,680869,671732,"53.91",,,,,,,,70,4,"Changeup",2,4,2,4,4,2,2,4,"Standard","Standard",249,"-0.02","-0.075",,,,"0.075",,-2,-2,0.122,0.122,26,24,27,25,1,0,2,1,5,1,"2.89","1.33","-1.33","35.0",,,,,
"SL","2026-05-08","91.1","-1.74","5.76","Burrows, Mike",701398,681347,,"called_strike",,,,,1,,"R","R","R","CIN","HOU","S",,,0,0,2026,"0.06","0.55",-0.7464683682721396,2.852006365410698,,682829,,2,1,"Bot",,,,,,,2.3282162606142003,-132.64582654286409,-2.4103871091518045,0.2394832074334602,28.284791471642862,-25.42794097960867,3.239312664,1.634793307,,,,"91.2",2471,"6.3",824522,543877,572233,514888,670623,669397,701305,694728,701358,"54.21",,,,,,,,7,1,"Slider",0,0,0,0,0,0,0,0,"Standard","Standard",190,"-0.005","-0.04",,,,"0.04",,0,0,0.533,0.533,26,22,27,23,1,0,7,1,,1,"2.2","-0.06","-0.06","36.5",,,,,
"SI","2026-05-08","96.5","-2.07","5.47","Holderman, Colin",807712,670059,"walk","ball",,,,,11,"Luke Keaschall challenged (pitch result), call on the field was overturned: Luke Keaschall walks.","R","R","R","CLE","MIN","B",,,3,0,2026,"-1.43","0.38",-0.9773243120772064,2.8372019600880964,,,,0,8,"Top",,,,,,,6.211417606773884,-140.35422296154388,-2.1335123029097094,-20.299646739886303,32.591022366158384,-26.81854083019583,3.213861549,1.621948819,,,,"96.7",2126,"6.5",824443,595978,656555,683953,608070,677587,680757,690984,682657,"54",,0.704857,"0.7",1,0,0,,63,4,"Sinker",5,3,3,5,3,5,3,5,"Strategic","Standard",235,"-0.028","0.171",,,,"-0.171",,2,-2,0.821,0.17900000000000005,30,23,31,24,1,3,3,1,1,1,"2.07","1.43","1.43","24.0",,,,,
"CH","2026-05-08","87","-1.62","5.94","Assad, Javier",608369,665871,,"called_strike",,,,,8,,"R","L","R","TEX","CHC","S",,,0,1,2026,"-1.08","0.46",-0.0018507382165642294,1.6881433447404297,,,677649,0,6,"Bot",,,,,,,6.090830838538704,-126.5112102717266,-4.705531830758331,-12.871969221151904,26.826685018016956,-26.418892361476086,3.37183399,1.701673228,,,,"86.8",1739,"6.3",822904,608348,683737,663538,608324,621020,664023,691718,673548,"54.18",,,,,,,,48,2,"Changeup",1,4,1,4,4,1,1,4,"Infield shade","Standard",222,"-0.011","-0.053",,,,"0.053",,-3,-3,0.204,0.204,28,32,29,32,1,2,3,1,,1,"2.56","1.08","-1.08","55.9",,,,,
"FF","2026-05-08","94.4","-2.25","5.94","Blubaugh, AJ",666181,805123,,"called_strike",,,,,9,,"R","L","R","CIN","HOU","S",,,3,1,2026,"-1.07","1.28",0.5796145472116294,1.6295583929023654,,,680574,0,8,"Bot",,,,,,,9.712885320730283,-136.87159491113013,-8.120123628744038,-15.650628651820249,32.618745621179436,-14.362120856474387,3.391141732,1.711417323,,,,"94.3",2267,"6.6",824522,543877,572233,514888,670623,669397,805904,694728,701358,"53.86",,,,,,,,58,5,"4-Seam Fastball",0,5,0,5,5,0,0,5,"Infield shade","Standard",218,"-0.008","-0.081",,,,"0.081",,-5,-5,0.052,0.052,25,28,26,28,1,0,5,1,2,1,"1.31","1.07","-1.07","40.8",,,,,
"FF","2026-05-08","96.5","-1.81","5.71","Finnegan, Kyle",677951,640448,"walk","ball",,,,,14,"Bobby Witt Jr. challenged (pitch result), call on the field was overturned: Bobby Witt Jr. walks. Maikel Garcia to 2nd.","R","R","R","KC","DET","B",,,3,2,2026,"-0.72","1.44",0.8977146661472826,2.123224009235968,,,672580,0,8,"Bot",,,,,,,8.779875669553155,-140.07864292460664,-7.059577816405795,-11.486524176110812,32.5304102795028,-11.775433761828442,3.238435039,1.634350394,,,,"96.5",2269,"6.5",824116,693307,679529,656716,805808,670097,682985,663837,672761,"54.02",,0.704857,"0.7",1,0,0,,63,7,"4-Seam Fastball",3,3,3,3,3,3,3,3,"Standard","Standard",203,"0.075","0.34",,,,"-0.34",,0,0,0.683,0.683,34,26,35,26,1,3,2,1,2,1,"1.03","0.72","0.72","53.7",,,,,
"CU","2026-05-08","80.3","1.57","5.99","Rolison, Ryan",669394,669020,,"ball",,,,,13,,"R","R","L","TEX","CHC","B",,,0,0,2026,"-0.69","-1.32",-0.9477019009378493,1.8700958871681,,694497,457705,0,5,"Bot",,,,,,,-4.203335289360438,-116.83396654083467,0.49115295548216253,-5.344504954307694,25.523456733966153,-44.48936656058542,3.229658793,1.62992126,,,,"80.5",2782,"6.8",822904,608348,683737,663538,608324,621020,664023,691718,673548,"53.72",,,,,,,,38,1,"Curveball",0,3,0,3,3,0,0,3,"Infield shade","Standard",321,"0.01","0.045",,,,"-0.045",,-3,-3,0.31,0.31,28,30,29,30,1,1,3,1,4,3,"4.9","-0.69","0.69","51.9",,,,,
"FC","2026-05-08","91.7","-1.42","5.48","Weaver, Luke",672515,596133,,"ball",,,,,14,,"R","R","R","AZ","NYM","B",,,1,0,2026,"0.26","0.74",1.0156139592686169,1.714649911647534,,,,2,7,"Bot",,,,,,,5.4662911199740325,-133.40212244960844,-5.02104592401176,1.9294042694005717,29.25113749343725,-22.483156734732237,3.071686352,1.55019685,,,,"91.3",2431,"6.1",825088,620443,668901,543760,683146,666182,665742,701807,669004,"54.42",,,,,,,,49,2,"Cutter",1,1,1,1,1,1,1,1,"Standard","Standard",179,"0.004","0.065",,,,"-0.065",,0,0,0.523,0.523,32,26,33,26,1,2,2,1,5,1,"1.98","-0.26","-0.26","46.0",,,,,
"SI","2026-05-08","91.7","2.02","5.36","King, John",695578,667463,,"called_strike",,,,,9,,"R","L","L","MIA","WSH","S",,,1,1,2026,"1.14","-0.08",0.7343035253615795,2.2802026397466078,,683083,,1,7,"Top",,,,,,,-5.658410861745776,-133.44168825810422,-1.5333475306639741,14.819206484119707,29.05434151593066,-33.013460040345834,3.488558071,1.760580709,,,,"90.8",2350,"5.8",823871,691788,666624,669364,677870,672640,691594,665923,669065,"54.7",,,,,,,,52,3,"Sinker",2,3,3,2,3,2,3,2,"Strategic","Standard",120,"-0.018","-0.061",,,,"0.061",,-1,1,0.286,0.714,31,23,32,24,1,3,4,1,1,1,"2.79","1.14","1.14","22.2",,,,,
"CU","2026-05-08","83.5","-2.39","6.05","Gibson, Trey",666126,694346,,"ball",,,,,13,,"R","L","R","BAL","ATH","B",,,0,1,2026,"0.82","-1.21",-0.5713063778297881,1.3659769105519217,,691016,667670,1,8,"Top",,,,,,,2.5124123702995362,-121.54152207911783,-1.5912657353526407,7.545481144125859,26.642867043379983,-43.930205860512814,2.990067257,1.509005906,,,,"84.1",2366,"6.9",824846,668939,624413,669236,642215,683002,621493,665750,641933,"53.55",,,,,,,,58,2,"Curveball",2,3,3,2,3,2,3,2,"Standard","Standard",31,"-0.004","0.018",,,,"-0.018",,-1,1,0.225,0.775,24,29,24,29,1,3,5,1,,1,"4.51","-0.82","0.82","44.5",,,,,
"FF","2026-05-08","96","-2.31","5.21","Perkins, Jack",624413,678022,,"called_strike",,,,,7,,"R","R","R","BAL","ATH","S",,,1,1,2026,"-0.88","1.15",-0.7169864151591072,1.6383376450030016,,,668939,0,9,"Bot",,,,,,,6.237577133046509,-139.59412444037514,-6.299419086712108,-12.970844669000753,32.16730722760606,-15.84988903365672,3.323564633,1.677312992,,,,"96.4",2212,"6.6",824846,669127,701762,643446,695391,805779,691016,680869,671732,"53.87",,,,,,,,69,3,"4-Seam Fastball",2,4,2,4,4,2,2,4,"Standard","Standard",231,"-0.02","-0.07",,,,"0.07",,-2,-2,0.188,0.188,26,31,27,32,1,3,2,1,5,1,"1.33","0.88","0.88","31.6",,,,,
"ST","2026-05-08","80.3","-1.09","5.76","Scholtens, Jesse",575929,669947,"walk","ball",,,,,13,"Willson Contreras challenged (pitch result), call on the field was overturned: Willson Contreras walks.","R","R","R","BOS","TB","B",,,3,2,2026,"0.85","0.27",-0.5719528586135286,1.3842507682409866,,,,1,1,"Bot",,,,,,,-0.5000318257291054,-117.01441777120522,-3.291792825351874,7.889626725008136,22.41940859134069,-29.286462576378987,3.229658793,1.62992126,,,,"80.7",2450,"6.6",824768,663743,666018,810938,691406,670764,802415,676356,668723,"53.95",,0.704857,"0.7",1,0,0,,5,6,"Sweeper",0,0,0,0,0,0,0,0,"Infield shade","Standard",53,"0.021","0.339",,,,"-0.339",,0,0,0.53,0.53,32,34,32,34,1,0,6,1,,2,"3.26","-0.85","-0.85","36.9",,,,,
"SI","2026-05-08","93.3","-0.76","5.71","Castro, Kervin",694192,665645,"strikeout","called_strike",,,,,9,"Jackson Chourio challenged (pitch result), call on the field was confirmed: Jackson Chourio called out on strikes.","R","R","R","MIL","NYY","S",2,,2,2,2026,"-0.8","0.99",0.622470955913889,1.8963489976885977,,687401,,0,7,"Bot",,,,,,,5.3463966782562204,-135.73532099863513,-6.139204523828463,-11.06747471400859,26.919018144702836,-18.782409714456865,3.237557415,1.63390748,,,,"94.5",2230,"6.8",823794,669224,700250,665862,641857,676609,641355,663757,592450,"53.68",,0,"0",1,0,0,,53,5,"Sinker",5,0,5,0,0,5,5,0,"Standard","Standard",185,"-0.003","-0.286",,,,"0.286",,5,5,0.99,0.99,27,22,27,22,1,3,,2,,1,"1.61","0.8","0.8","62.5",,,,,
"SI","2026-05-08","93","-1.41","5.89","Englert, Mason",678882,669438,,"called_strike",,,,,7,,"R","R","R","BOS","TB","S",,,0,0,2026,"-1.22","1.25",-0.7531177837974314,1.5366609530490356,,,,1,6,"Bot",,,,,,,4.381839240916532,-135.12858966527483,-7.893509856001245,-15.878495757540982,30.659651988682672,-15.307100160171297,3.110301837,1.569685039,,,,"92.8",2232,"6.3",824768,663743,666018,810938,691406,670764,802415,676356,668723,"54.17",,,,,,,,47,1,"Sinker",2,0,2,0,0,2,2,0,"Infield shade","Standard",213,"-0.002","-0.039",,,,"0.039",,2,2,0.832,0.832,26,25,27,26,1,2,19,1,,2,"1.4","1.22","1.22","43.1",,,,,
"SI","2026-05-08","92.2","0.96","5.53","Messick, Parker",668885,800048,,"ball",,,,,13,,"R","R","L","CLE","MIN","B",,,0,0,2026,"0.76","1.13",-0.4390873214126364,1.423556919635011,,621439,,0,1,"Top",,,,,,,-5.172133513440191,-134.07614417027557,-6.89878257877369,10.199266977015764,27.02907847009925,-17.21595832667342,3.12960958,1.579429134,,,,"92.4",2027,"6.3",824443,595978,656555,683953,608070,677587,680757,690984,682657,"54.23",,,,,,,,2,1,"Sinker",0,0,0,0,0,0,0,0,"Standard","Standard",147,"-0.003","0.032",,,,"-0.032",,0,0,0.441,0.5589999999999999,25,27,26,27,1,0,5,1,5,1,"1.54","0.76","-0.76","43.3",,,,,
"FF","2026-05-08","92.7","-2.13","6.35","Richards, Trevor",702284,670950,"strikeout","called_strike",,,,,8,"Cole Young challenged (pitch result), call on the field was confirmed: Cole Young called out on strikes.","R","L","R","CWS","SEA","S",2,,3,2,2026,"-0.56","1.63",0.0998867992240614,1.5406312563669702,,,,0,8,"Top",,,,,,,6.865369203069491,-134.5180828091923,-9.826738557650922,-8.242755432221323,29.445559536201387,-10.368886069332456,3.133120079,1.581200787,,,,"92.7",2286,"6.4",824607,691011,808959,805367,678246,695657,803011,671976,672284,"54.06",,0,"0",1,0,0,,65,6,"4-Seam Fastball",5,9,9,5,9,5,9,5,"Strategic","Standard",206,"0.005","-0.345",,,,"0.345",,-4,4,0.035,0.965,33,22,33,23,1,3,6,2,,1,"1.04","0.56","-0.56","53.5",,,,,
"SI","2026-05-08","97.1","-1.44","6.23","Winn, Keaton",663698,676775,,"called_strike",,,,,6,,"R","R","R","SF","PIT","S",,,1,0,2026,"-1.21","0.54",0.7966907086763682,2.4322817755741384,,,,1,7,"Top",,,,,,,8.676967167013583,-141.1614835167201,-5.715158397452962,-18.017729842619346,28.676819455760345,-23.812384920440774,3.299868766,1.665354331,,,,"97.2",2430,"6.2",823225,683679,646240,650333,656305,642715,671218,687551,808982,"54.33",,,,,,,,48,2,"Sinker",2,1,1,2,1,2,1,2,"Infield shade","Standard",222,"0.007","-0.049",,,,"0.049",,1,-1,0.731,0.269,28,29,28,30,1,2,2,1,2,1,"1.86","1.21","1.21","37.2",,,,,
"FF","2026-05-08","94.5","-0.62","5.96","Myers, Tobias",678489,668964,"strikeout","called_strike",,,,,8,"Jorge Barrosa challenged (pitch result), call on the field was confirmed: Jorge Barrosa called out on strikes.","R","L","R","AZ","NYM","S",2,,1,2,2026,"-0.53","1.69",0.2450330355672946,1.6028086195024862,,699912,,0,10,"Bot",,,,,,,3.4503414913681243,-137.2276987024751,-9.24689017433015,-7.465617847456208,32.362517542809655,-8.991968787249428,2.958472769,1.493061024,,,,"95",2308,"6.8",825088,620443,683146,543760,666182,660644,665742,701807,621438,"53.68",,0,"0",1,0,0,,72,4,"4-Seam Fastball",1,3,1,3,3,1,1,3,"Standard","Standard",199,"-0.061","-0.241",,,,"0.241",,-2,-2,0.185,0.185,27,25,28,25,1,3,2,1,2,2,"0.89","0.53","-0.53","62.2",,,,,
"FC","2026-05-07","91.2","-2.08","5.47","Lugo, Seth",680757,607625,"strikeout","called_strike",,,,,7,"Steven Kwan challenged (pitch result), call on the field was confirmed: Steven Kwan called out on strikes.","R","L","R","KC","CLE","S",2,,3,2,2026,"0.04","0.89",-0.35636657333578964,1.5580695951014076,,677587,690984,2,3,"Top",,,,,,,4.172651621309117,-132.54520070069285,-5.554606885974944,-0.551696335834253,31.75001600786621,-20.67728101593233,3.02253937,1.525393701,,,,"90.2",2233,"6.1",824117,695600,686469,686681,672580,677951,686555,664728,695506,"54.45",,0,"0",1,0,0,,29,7,"Cutter",0,4,4,0,4,0,4,0,"Strategic","Standard",208,"0.022","-0.282",,,,"0.282",,-4,4,0.142,0.858,36,28,37,29,3,2,5,2,6,1,"1.89","-0.04","0.04","31.5",,,,,
"FF","2026-05-07","90.7","-2.04","5.59","Lugo, Seth",666310,607625,,"called_strike",,,,,4,,"R","L","R","KC","CLE","S",,,1,1,2026,"-0.37","1.33",-0.7676663221891649,2.26764689712971,,682177,677587,1,3,"Top",,,,,,,3.933478336451327,-131.91937181390978,-5.025296652210679,-5.181492303064843,28.82141603980706,-15.803288357086675,3.089238845,1.559055118,,,,"90.1",2242,"6",824117,695600,686469,686681,672580,677951,686555,664728,695506,"54.5",,,,,,,,27,3,"4-Seam Fastball",0,3,3,0,3,0,3,0,"Standard","Standard",214,"0.007","-0.058",,,,"0.058",,-3,3,0.184,0.8160000000000001,36,26,37,26,2,1,5,2,6,,"1.45","0.37","-0.37","32.7",,,,,
"CU","2026-05-07","77.8","-2.43","5.4","Irvin, Jake",668885,663623,,"ball",,,,,14,,"R","R","R","WSH","MIN","B",,,1,0,2026,"1.22","0.1",0.359833935231185,1.4279206271600864,,,,2,3,"Top",,,,,,,3.6647227752869798,-113.31951814318387,-1.537805456044639,9.763455608505188,22.07261075659377,-31.25436233792085,3.12960958,1.579429134,,,,"78.8",2475,"7.1",822741,660688,678554,683083,691781,682928,695734,696285,695578,"53.43",,,,,,,,18,2,"Curveball",0,2,2,0,2,0,2,0,"Standard","Standard",69,"-0.002","0.065",,,,"-0.065",,-2,2,0.318,0.6819999999999999,29,27,29,27,2,1,6,2,6,1,"3.68","-1.22","-1.22","23.9",,,,,
"SI","2026-05-07","92.5","-2.26","5.69","Cecconi, Slade",672580,677944,,"called_strike",,,,,7,,"R","R","R","KC","CLE","S",,,2,1,2026,"-1.27","0.83",-0.7418626461293933,1.9201827369126754,,,686555,2,2,"Bot",,,,,,,6.662523955833361,-134.5209375278767,-5.43902195969505,-16.89156459334536,27.691175526206617,-21.16423949385251,3.262130906,1.646309055,,,,"92.9",2290,"6.5",824117,666310,700932,683953,682177,677587,680757,690984,800050,"54.04",,,,,,,,23,4,"Sinker",0,3,0,3,3,0,0,3,"Standard","Standard",231,"-0.005","-0.093",,,,"0.093",,-3,-3,0.229,0.229,27,26,27,26,2,1,5,1,5,1,"1.83","1.27","1.27","35.8",,,,,
"CU","2026-05-07","79.1","-1.49","6.11","Klein, John",695578,804619,,"called_strike",,,,,1,,"R","L","R","WSH","MIN","S",,,1,0,2026,"1.03","-0.97",-0.7662435891958101,2.956287997477025,,,,1,7,"Bot",,,,,,,-0.40089067318362864,-115.18863497704228,2.01623315259334,9.204392815644653,22.597597489725704,-41.43921028938585,3.488558071,1.760580709,,,,"79.4",2400,"6.6",822741,680777,605170,807712,656484,686797,668885,621439,681546,"53.9",,,,,,,,62,2,"Curveball",6,5,6,5,5,6,6,5,"Standard","Standard",38,"-0.003","-0.049",,,,"0.049",,1,1,0.772,0.772,24,23,24,24,1,3,5,1,,1,"4.63","-1.03","1.03","40.6",,,,,
"SL","2026-05-07","87.1","0.57","6.52","Liberatore, Matthew",657656,669461,"strikeout","called_strike",,,,,7,"Ramón Laureano challenged (pitch result), call on the field was confirmed: Ramón Laureano called out on strikes.","R","R","L","SD","STL","S",2,,1,2,2026,"-0.39","0.15",-0.7059833199417865,1.840831770987157,,,,0,2,"Bot",,,,,,,-2.215714106812794,-126.88275038282156,-5.218782006000171,-3.883254358549362,23.62281213859156,-29.760623039096007,3.064665354,1.546653543,,,,"87.9",2608,"6.5",823306,686780,676475,802139,669357,691026,701675,687363,691023,"53.99",,0,"0",1,0,0,,14,4,"Slider",1,0,1,0,0,1,1,0,"Standard","Standard",259,"-0.014","-0.189",,,,"0.189",,1,1,0.65,0.65,26,31,27,32,1,0,6,1,6,1,"2.83","-0.39","0.39","45.1",,,,,
"SI","2026-05-07","99.4","-2.05","5.66","Mey, Luis",665804,682825,,"called_strike",,,,,8,,"R","R","R","CHC","CIN","S",,,1,1,2026,"-1.37","0.58",-0.14379408874659694,1.6275824967316175,,,,1,6,"Bot",,,,,,,8.422577226832907,-144.4100600584621,-6.8058446537024375,-21.060484595098,33.095566348991234,-22.58701575905895,3.248966535,1.639665354,,,,"99.8",2314,"6.5",824681,663886,668715,701398,663647,680574,668709,667472,694362,"53.96",,,,,,,,55,3,"Sinker",8,1,8,1,1,8,8,1,"Standard","Standard",216,"0","-0.064",,,,"0.064",,7,7,0.992,0.992,25,27,25,27,1,2,6,1,5,,"1.73","1.37","1.37","28.5",,,,,
"FF","2026-05-07","96.7","1.91","5.79","Soto, Gregory",678489,642397,,"called_strike",,,,,3,,"R","R","L","AZ","PIT","S",,,0,1,2026,"0.76","1.15",0.6609451028184798,2.7636210945788386,,,,2,9,"Bot",,,,,,,-5.067533862761907,-140.6528739814678,-4.951065068220416,11.313086041180568,33.4255124987789,-16.036761767999387,2.958472769,1.493061024,,,,"96.5",2311,"6.3",825090,663698,687462,664040,669707,804606,668804,695257,656811,"54.18",,,,,,,,72,2,"4-Seam Fastball",2,4,2,4,4,2,2,4,"Standard","Standard",136,"0","-0.057",,,,"0.057",,-2,-2,0.015,0.015,31,25,31,25,1,3,1,4,3,1,"1.3","0.76","-0.76","35.2",,,,,
"FF","2026-05-07","95.2","-1.02","5.33","Varland, Gus",680777,681402,,"ball",,,,,13,,"R","R","R","WSH","MIN","B",,,0,1,2026,"-0.95","1.54",-0.5644536703752947,1.4703835919907706,,,,1,9,"Top",,,,,,,3.368727901020404,-138.5374236286998,-7.8742841010819085,-12.949000250957052,28.800094519241664,-10.798428920425033,3.284949147,1.657824803,,,,"96.3",2408,"6.8",822741,660688,678554,683083,691781,682928,695734,696285,695578,"53.75",,,,,,,,75,2,"4-Seam Fastball",7,5,5,7,5,7,5,7,"Strategic","Standard",213,"-0.003","0.029",,,,"-0.029",,2,-2,0.967,0.03300000000000003,29,29,30,29,1,4,4,1,3,1,"0.96","0.95","0.95","50.9",,,,,
"ST","2026-05-07","89","-1.09","5.74","Faucher, Calvin",691723,676534,,"ball",,,,,14,,"R","R","R","MIA","BAL","B",,,2,2,2026,"1.47","0.11",0.9143852183252222,1.3116082075143534,,,,1,9,"Top",,,,,,,1.6849789440167893,-129.5088301461443,-4.6867950581784665,15.96082223528266,31.58053628811988,-30.073675177000705,3.413959974,1.722933071,,,,"87.9",2947,"6",823870,691788,689414,669364,691594,672640,681715,805300,665923,"54.55",,,,,,,,67,5,"Sweeper",3,3,3,3,3,3,3,3,"Infield shade","Standard",48,"-0.016","0.104",,,,"-0.104",,0,0,0.565,0.43500000000000005,30,24,31,25,1,3,3,1,3,1,"2.81","-1.47","-1.47","48.4",,,,,
"SL","2026-05-07","86","2.15","5.71","Akin, Keegan",689414,669211,,"ball",,,,,12,,"R","L","L","MIA","BAL","B",,,2,0,2026,"-0.14","0.57",0.867690624390357,2.451982508478335,,672640,669364,0,8,"Bot",,,,,,,-2.687204447393778,-125.2558330839338,-2.393540634943264,-0.842742296657128,27.153152539101654,-25.963548025483842,3.085728346,1.557283465,,,,"84.7",2494,"5.6",823870,694212,624413,669236,691723,683002,687637,681297,641933,"54.94",,,,,,,,63,3,"Slider",3,3,3,3,3,3,3,3,"Standard","Standard",186,"0.032","0.185",,,,"-0.185",,0,0,0.789,0.789,31,27,31,27,1,3,2,1,3,1,"2.53","-0.14","-0.14","37.2",,,,,
"FF","2026-05-07","99.9","-0.78","5.58","Palencia, Daniel",663993,694037,"strikeout","called_strike",,,,,9,"Nathaniel Lowe challenged (pitch result), call on the field was confirmed: Nathaniel Lowe called out on strikes.","R","L","R","CHC","CIN","S",2,,3,2,2026,"-0.73","1.44",0.6857233645024793,1.744874546390555,663886,668709,694362,2,9,"Top",,,,,,,5.829489241621399,-145.11872561141882,-8.491335744696054,-11.735598964218141,35.443074519914575,-9.958870323558243,3.366568242,1.699015748,,,,"101",2423,"7.1",824681,665804,683737,663538,608324,621020,664023,691718,624424,"53.41",,0,"0",1,0,0,,83,7,"4-Seam Fastball",8,3,3,8,3,8,3,8,"Standard","Standard",212,"0.016","-0.3",,,,"0.3",,5,-5,0.984,0.016000000000000014,26,30,26,31,1,0,2,1,3,1,"0.86","0.73","-0.73","38.9",,,,,
"ST","2026-05-06","84.5","-2.94","5.68","Skenes, Paul",672515,694973,,"called_strike",,,,,3,,"R","R","R","AZ","PIT","S",,,0,0,2026,"0.59","0.85",0.624091463325589,3.16448511903643,,,,2,8,"Bot",,,,,,,7.047194730056241,-122.81376982768609,-0.988841078159832,4.457902251076024,25.83998238531592,-23.649926477399372,3.071686352,1.55019685,,,,"84.8",2460,"6.7",825091,680779,687462,664040,669707,804606,668804,665833,656811,"53.8",,,,,,,,59,1,"Sweeper",0,1,0,1,1,0,0,1,"Standard","Standard",86,"-0.005","-0.043",,,,"0.043",,-1,-1,0.197,0.197,24,26,24,26,3,2,6,1,6,1,"2.37","-0.59","-0.59","25.6",,,,,
"SL","2026-05-06","82.5","-1.33","5.19","Singer, Brady",683737,663903,,"ball",,,,,13,,"R","L","R","CHC","CIN","B",,,1,1,2026,"0.2","-0.13",-0.18542999019788084,1.4132114179677995,,664023,,1,6,"Bot",,,,,,,2.1797810637518693,-120.2566810342953,-1.631092586024174,1.5718203500244508,22.846280865032163,-33.32261338009228,3.166469816,1.598031496,,,,"83.4",2445,"6.7",824683,624431,668715,680574,701398,682829,668709,670770,666181,"53.77",,,,,,,,50,3,"Slider",4,2,4,2,2,4,4,2,"Infield shade","Standard",87,"0.002","0.03",,,,"-0.03",,2,2,0.857,0.857,29,28,30,29,3,2,5,1,6,1,"3.46","-0.2","0.2","23.6",,,,,
"FF","2026-05-06","96.2","-1.74","5.99","Pérez, Eury",694212,691587,"walk","ball",,,,,11,"Samuel Basallo challenged (pitch result), call on the field was overturned: Samuel Basallo walks.","R","L","R","MIA","BAL","B",,,3,1,2026,"-0.73","1.34",-0.8520268345333452,2.959948021584056,,,,0,6,"Top",,,,,,,4.041356614135373,-139.94268062255907,-5.3434777899784764,-10.526218559051257,34.45896358824492,-13.553571155097762,3.393774606,1.712746063,,,,"96.6",2552,"6.7",823872,691788,689414,669364,681393,691594,669065,805300,683357,"53.78",,0.704857,"0.7",1,0,0,,45,5,"4-Seam Fastball",3,5,5,3,5,3,5,3,"Infield shade","Standard",217,"-0.016","0.262",,,,"-0.262",,-2,2,0.211,0.789,23,21,23,22,3,2,5,1,6,1,"1.14","0.73","-0.73","32.1",,,,,
"FF","2026-05-06","93.9","-3.34","5.46","Warren, Will",608369,701542,,"ball",,,,,13,,"R","L","R","NYY","TEX","B",,,1,1,2026,"-0.88","1.22",-1.0078878826273665,1.4796607983562375,457705,,607043,2,4,"Top",,,,,,,8.000997912065683,-136.35022543588502,-7.076270716775473,-12.846939940814996,32.00274686480072,-15.581677144322084,3.37183399,1.701673228,,,,"94.3",2566,"6.8",823550,669224,502671,665862,641857,676609,641355,663757,592450,"53.7",,,,,,,,31,3,"4-Seam Fastball",0,5,5,0,5,0,5,0,"Standard","Standard",226,"-0.001","0.03",,,,"-0.03",,-5,5,0.08,0.92,27,32,27,32,3,2,5,1,6,1,"1.39","0.88","-0.88","33.5",,,,,
"CH","2026-05-06","80.3","-1.3","6.14","Ober, Bailey",678554,641927,,"called_strike",,,,,2,,"R","R","R","WSH","MIN","S",,,2,1,2026,"-1.56","0.47",0.04290157119999427,3.2750198855893604,,695578,,2,5,"Bot",,,,,,,6.021810929461167,-116.80876415523713,-0.34392246396006587,-15.436656519561254,22.156394359269004,-28.013977961255005,3.247211286,1.638779528,,,,"81.3",2073,"7",822740,605170,665019,807712,656484,686797,663616,621439,670242,"53.47",,,,,,,,39,4,"Changeup",3,2,3,2,2,3,3,2,"Standard","Standard",242,"-0.006","-0.064",,,,"0.064",,1,1,0.695,0.695,30,25,31,26,3,2,6,1,6,1,"3.07","1.56","1.56","34.1",,,,,
"SI","2026-05-06","91.6","-3.6","5.3","Warren, Will",607043,701542,,"ball",,,,,13,,"R","L","R","NYY","TEX","B",,,0,0,2026,"-1.52","0.05",-0.6053629525319513,1.2733678720942594,,669394,457705,1,4,"Top",,,,,,,10.86376961110586,-132.8987755512216,-4.112699883339227,-20.422558632989364,30.422314571511176,-30.875098810518942,3.270029528,1.650295276,,,,"91.8",2345,"6.7",823550,669224,502671,665862,641857,676609,641355,663757,592450,"53.75",,,,,,,,29,1,"Sinker",0,4,4,0,4,0,4,0,"Standard","Standard",232,"-0.002","0.031",,,,"-0.031",,-4,4,0.109,0.891,27,33,27,33,3,2,5,3,6,1,"2.7","1.52","-1.52","23.6",,,,,
"FF","2026-05-06","91.9","1.78","6.16","Springs, Jeffrey",656941,605488,"strikeout","called_strike",,,,,4,"Kyle Schwarber challenged (pitch result), call on the field was confirmed: Kyle Schwarber called out on strikes.","R","L","L","PHI","ATH","S",2,,3,2,2026,"0.56","1.59",-0.7980709688813852,2.6435513778715176,,,607208,2,5,"Bot",,,,,,,-7.761002338003764,-133.45910214696232,-6.380635805607978,8.43998867204983,29.928988871679287,-11.9219409751185,3.180511811,1.60511811,,,,"92.5",2336,"6.9",823470,641680,701762,643446,680869,805779,691016,671732,666126,"53.65",,0,"0",1,0,0,,41,6,"4-Seam Fastball",1,2,1,2,2,1,1,2,"Infield shade","Standard",150,"-0.04","-0.295",,,,"0.295",,-1,-1,0.38,0.38,33,33,34,33,3,2,6,1,6,1,"1.12","0.56","0.56","54.1",,,,,
"KC","2026-05-06","81.5","-1.37","5.56","McCullers Jr., Lance",571970,621121,"strikeout","called_strike",,,,,4,"Max Muncy challenged (pitch result), call on the field was confirmed: Max Muncy called out on strikes.","R","L","R","HOU","LAD","S",2,,3,2,2026,"1.23","-0.56",-0.711574530597106,2.6381365175058327,,518692,663656,1,3,"Top",,,,,,,-0.9404918854420925,-118.66704666314837,1.3791084765164003,11.773530020257121,25.13258974359504,-37.96524173832625,3.127854331,1.578543307,,,,"80.7",2717,"6",824198,663967,572233,694728,670623,669699,701305,805904,701358,"54.52",,0,"0",1,0,0,,21,7,"Knuckle Curve",1,3,3,1,3,1,3,1,"Infield shade","Standard",73,"0.042","-0.313",,,,"0.313",,-2,2,0.251,0.749,32,35,33,36,2,1,6,1,7,2,"4.02","-1.23","1.23","38.0",,,,,
"SI","2026-05-06","93","-0.38","5.46","Gray, Sonny",679529,543243,,"ball",,,,,12,,"R","R","R","DET","BOS","B",,,0,2,2026,"-0.99","0.7",0.9311055363039765,2.7984980297333086,,,,2,4,"Bot",,,,,,,5.5699803402489145,-135.19443940610586,-2.3514854991489504,-13.436356871406295,33.237362739721576,-23.318569565287174,3.232291667,1.63125,,,,"93",2404,"6.6",824282,665966,575929,691785,702332,596115,680776,678882,677800,"53.89",,,,,,,,35,3,"Sinker",0,4,0,4,4,0,0,4,"Standard","Standard",206,"0.001","0.022",,,,"-0.022",,-4,-4,0.108,0.108,36,26,37,27,2,1,16,1,7,2,"1.97","0.99","0.99","47.3",,,,,
"FF","2026-05-06","94.5","-3.25","5.41","Warren, Will",673962,701542,,"ball",,,,,12,,"R","R","R","NYY","TEX","B",,,0,1,2026,"-0.5","1.3",0.8362168055608628,2.9787864570704166,,677649,,1,3,"Top",,,,,,,11.683997426718337,-137.02367158801957,-3.366837515621093,-8.98114690879724,31.805289652978725,-15.190167721832212,3.26300853,1.646751969,,,,"94.8",2516,"6.8",823550,669224,502671,665862,641857,676609,641355,663757,592450,"53.75",,,,,,,,20,2,"4-Seam Fastball",0,2,2,0,2,0,2,0,"Strategic","Standard",222,"-0.003","0.025",,,,"-0.025",,-2,2,0.276,0.724,27,28,27,28,2,1,5,1,6,1,"1.28","0.5","0.5","28.5",,,,,
"SI","2026-05-06","95.9","-2.69","5.67","De los Santos, Yerry",673962,660787,"strikeout","called_strike",,,,,3,"Josh Jung challenged (pitch result), call on the field was confirmed: Josh Jung called out on strikes.","R","R","R","NYY","TEX","S",2,,0,2,2026,"-1.45","0.51",0.6919025830336081,3.1304164759505295,,,,0,7,"Top",,,,,,,12.181957457288654,-139.08131635394088,-2.0479534099926995,-21.584601883214898,32.320973872831495,-25.265754548477723,3.26300853,1.646751969,,,,"95.9",2096,"6.5",823550,669224,502671,665862,641857,676609,641355,663757,592450,"53.97",,0,"0",1,0,0,,52,3,"Sinker",1,6,6,1,6,1,6,1,"Infield shade","Standard",233,"0.002","-0.165",,,,"0.165",,-5,5,0.033,0.967,28,28,29,28,1,3,22,1,,1,"1.99","1.45","1.45","25.3",,,,,
"ST","2026-05-06","85.2","-3.41","5.56","Warren, Will",457705,701542,,"ball",,,,,14,,"R","R","R","NYY","TEX","B",,,0,0,2026,"1.47","0.21",0.9619377706934398,1.9763546189059649,,669394,696030,2,2,"Top",,,,,,,7.148485552725384,-123.87038739541548,-2.2662139731240227,13.429066232990776,27.201416117826216,-29.72111121069049,3.12960958,1.579429134,,,,"85.2",3032,"6.5",823550,669224,502671,665862,641857,676609,641355,663757,592450,"53.96",,,,,,,,13,1,"Sweeper",0,1,1,0,1,0,1,0,"Infield shade","Standard",55,"-0.003","0.024",,,,"-0.024",,-1,1,0.402,0.598,27,39,27,40,1,0,5,1,6,1,"2.96","-1.47","-1.47","28.7",,,,,
"FF","2026-05-06","99.7","-2.4","4.96","Fuentes, Didier",677594,800311,"strikeout","called_strike",,,,,9,"Julio Rodríguez challenged (pitch result), call on the field was confirmed: Julio Rodríguez called out on strikes.","R","R","R","SEA","ATL","S",2,,1,2,2026,"-1.01","1.13",0.6429069839413621,1.671036046483935,,,,0,8,"Bot",,,,,,,10.770842491042345,-144.67967575884194,-6.174597970296927,-16.727518883873607,32.88581408838977,-14.977720458052909,3.377977362,1.704773622,,,,"100.6",2298,"6.9",823141,686948,621566,645277,663586,643289,671739,642201,573262,"53.62",,0,"0",1,0,0,,59,4,"4-Seam Fastball",2,1,2,1,1,2,2,1,"Standard","Standard",224,"-0.01","-0.189",,,,"0.189",,1,1,0.863,0.863,21,25,21,26,1,3,3,1,6,2,"1.17","1.01","1.01","23.9",,,,,
"SI","2026-05-06","88.6","3.19","5.98","Suter, Brent",691011,608718,"walk","ball",,,,,13,"Drew Romo challenged (pitch result), call on the field was overturned: Drew Romo walks.","R","R","L","LAA","CWS","B",,,3,2,2026,"0.95","1.04",-0.5018327665860332,1.2543962539013553,805367,643217,,2,7,"Top",,,,,,,-11.151546266048038,-128.38323263970835,-7.587560915372809,12.769748906186022,24.896410028304757,-19.192735669215136,3.215616798,1.622834646,,,,"90.6",2155,"7.6",824036,665861,694384,687093,672724,687263,669326,545361,666176,"52.91",,0.704857,"0.7",1,0,0,,57,6,"Sinker",7,1,1,7,1,7,1,7,"Standard","Standard",154,"-0.007","0.131",,,,"-0.131",,6,-6,0.982,0.018000000000000016,36,24,37,25,1,2,2,2,2,2,"1.87","0.95","-0.95","48.1",,,,,
"SI","2026-05-06","88.6","3.67","5.04","Manaea, Sean",671289,640455,,"ball",,,,,13,,"R","R","L","COL","NYM","B",,,1,0,2026,"1.32","0.16",-0.23339376350911523,1.3246371861513198,666160,696100,681198,1,9,"Bot",,,,,,,-12.240420425849253,-128.63659833092441,-3.236394996293528,16.899673036826687,21.84226611937637,-29.900713296878997,3.150672572,1.590059055,,,,"89.5",2037,"6.6",824361,620443,668901,543760,683146,666182,665742,701807,621438,"53.92",,,,,,,,85,2,"Sinker",4,10,4,10,10,4,4,10,"Standard","Standard",110,"0.006","0.034",,,,"-0.034",,-6,-6,0.021,0.021,34,27,34,27,1,4,7,2,4,1,"2.71","1.32","-1.32","11.3",,,,,
"ST","2026-05-06","85.6","-2.41","5.44","Perkins, Jack",656941,678022,,"ball",,,,,13,,"R","L","R","PHI","ATH","B",,,1,0,2026,"0.78","0.11",-0.8312200428527292,2.154829250676574,,,,0,8,"Bot",,,,,,,2.0666075628810594,-124.74744655774504,-1.5262398105569615,7.767708051841805,24.712953158523472,-30.884946792330126,3.180511811,1.60511811,,,,"85.5",2736,"6.1",823470,641680,701762,643446,695391,805779,691016,680869,671732,"54.39",,,,,,,,62,2,"Sweeper",2,3,2,3,3,2,2,3,"Infield shade","Standard",65,"0.019","0.077",,,,"-0.077",,-1,-1,0.318,0.318,26,33,27,33,1,3,6,1,2,1,"2.98","-0.78","0.78","31.5",,,,,
"FF","2026-05-06","91.8","1.87","6.08","Springs, Jeffrey",666969,605488,,"ball",,,,,13,,"R","R","L","PHI","ATH","B",,,1,1,2026,"0.59","1.49",-0.8693618417809276,1.5601184953384157,656941,,,2,1,"Bot",,,,,,,-8.189794812179917,-133.17965196727909,-8.6010898216213,8.878875286731837,31.142777641562887,-12.667000183382278,3.216494423,1.623277559,,,,"92.1",2037,"6.8",823470,641680,701762,643446,680869,805779,691016,671732,666126,"53.66",,,,,,,,7,3,"4-Seam Fastball",0,0,0,0,0,0,0,0,"Infield shade","Standard",149,"0.003","0.018",,,,"-0.018",,0,0,0.535,0.535,33,33,34,33,1,0,6,1,6,1,"1.25","0.59","-0.59","51.6",,,,,
"FF","2026-05-06","97","-2.37","5.68","Smith, Cade",664728,671922,"strikeout","called_strike",,,,,8,"Kyle Isbel challenged (pitch result), call on the field was confirmed: Kyle Isbel called out on strikes.","R","L","R","KC","CLE","S",2,,2,2,2026,"-0.76","1.38",0.1253085808205282,1.5253325132212132,,,686469,1,9,"Bot",,,,,,,8.53180842676334,-140.87551000663652,-8.705373564857842,-12.011002497454609,31.187880529245465,-11.932567829085393,3.113812336,1.571456693,,,,"99.1",2351,"7.5",824118,595978,700932,682177,608070,677587,682657,690984,681807,"53",,0,"0",1,0,0,,71,5,"4-Seam Fastball",1,3,1,3,3,1,1,3,"Infield shade","Strategic",205,"-0.056","-0.222",,,,"0.222",,-2,-2,0.102,0.102,27,29,27,29,1,0,5,1,1,1,"1.04","0.76","-0.76","41.1",,,,,
"FF","2026-05-06","94.1","0.64","6.4","McClanahan, Shane",676391,663556,,"ball",,,,,13,,"R","R","L","TB","TOR","B",,,0,0,2026,"0.66","1.42",-0.46638033400115797,1.2781145600112007,,,,0,2,"Top",,,,,,,-4.3518206932949,-136.5201400810304,-10.408151470484466,9.29310718904513,35.15780547523636,-12.244295656710516,3.191043307,1.610433071,,,,"93.7",2297,"6.6",822985,663743,666018,810938,691406,670764,802415,676356,668723,"53.87",,,,,,,,10,1,"4-Seam Fastball",0,0,0,0,0,0,0,0,"Infield shade","Standard",148,"-0.004","0.041",,,,"-0.041",,0,0,0.5,0.5,29,30,29,30,1,0,5,1,6,2,"1.21","0.66","-0.66","43.3",,,,,
"SI","2026-05-06","99.5","2.91","5.78","Ferrer, José A.",643289,678606,"strikeout","called_strike",,,,,7,"Mauricio Dubón challenged (pitch result), call on the field was confirmed: Mauricio Dubón called out on strikes.","R","R","L","SEA","ATL","S",2,,3,2,2026,"1.47","0.76",-0.8051880835246723,1.8989689653067354,,,,2,9,"Top",,,,,,,-13.45464697154026,-144.1808026641231,-6.757301447890345,23.651899315088322,33.57293211982488,-20.13290124031511,3.17085794,1.600246063,,,,"98.8",2160,"6.1",823141,641598,647304,702284,660844,641487,668227,677594,656582,"54.37",,0,"0",1,0,0,,66,7,"Sinker",3,1,1,3,1,3,1,3,"Standard","Strategic",111,"0.016","-0.328",,,,"0.328",,2,-2,0.984,0.016000000000000014,26,31,26,32,1,3,1,1,4,2,"1.57","1.47","-1.47","33.8",,,,,
"CU","2026-05-06","83.3","-2.18","5.94","Sproat, Brandon",676475,687075,,"ball",,,,,14,,"R","L","R","STL","MIL","B",,,2,1,2026,"0.72","-1.01",0.9235855756003704,2.320562900534984,,671056,,1,1,"Bot",,,,,,,5.593936337232585,-121.17991923451955,0.47148731616920125,5.786854452937893,26.732940745732172,-42.373916838129105,3.215616798,1.622834646,,,,"82.9",2392,"6.3",823063,661388,641343,668930,666152,687401,672012,694192,686217,"54.2",,,,,,,,10,4,"Curveball",0,4,0,4,4,0,0,4,"Standard","Standard",49,"0.007","0.071",,,,"-0.071",,-4,-4,0.212,0.212,25,27,26,28,1,0,7,2,6,1,"4.33","-0.72","0.72","45.6",,,,,
"FF","2026-05-06","93.1","-1.49","5.52","Rea, Colin",668709,607067,,"called_strike",,,,,7,,"R","L","R","CHC","CIN","S",,,3,0,2026,"-1.02","1.38",-0.4576042466723004,1.728213422245972,,,670770,0,1,"Top",,,,,,,4.923779993703054,-135.3331471871147,-6.817500260233443,-13.579276151749069,31.260755738245702,-13.92419573331302,3.286704396,1.65871063,,,,"93.5",2201,"6.7",824683,608348,683737,663538,608324,621020,664023,691718,673548,"53.81",,,,,,,,2,4,"4-Seam Fastball",0,0,0,0,0,0,0,0,"Infield shade","Standard",218,"0.01","-0.089",,,,"0.089",,0,0,0.432,0.5680000000000001,35,28,36,29,1,0,5,1,6,1,"1.27","1.02","-1.02","31.6",,,,,
"FF","2026-05-06","95.8","-1.45","5.36","Stewart, Brock",572233,592779,,"called_strike",,,,,6,,"R","R","R","HOU","LAD","S",,,0,1,2026,"-0.77","1.37",0.8185411754276988,2.2907666208160204,,,,2,9,"Bot",,,,,,,7.704973979856501,-139.30097083441441,-5.450095633992257,-11.735774757813587,31.60984608787227,-13.286741142445353,3.178756562,1.604232283,,,,"96.3",2629,"6.6",824198,687221,500743,690976,669289,808975,669743,681624,663656,"53.89",,,,,,,,76,2,"4-Seam Fastball",2,12,2,12,12,2,2,12,"Standard","Standard",223,"0","-0.057",,,,"0.057",,-10,-10,0.001,0.001,34,35,35,35,1,3,,1,2,2,"1.12","0.77","0.77","23.3",,,,,
"SI","2026-05-06","97.3","-1.56","6.23","Avila, Luinder",682177,679883,,"ball",,,,,14,,"R","L","R","KC","CLE","B",,,0,0,2026,"-0.81","1.17",0.8490460923450412,1.7027868641869683,,,,1,4,"Top",,,,,,,8.309489970680794,-141.2176987624173,-9.10742562069637,-12.75570355359508,32.78290150432234,-14.55303901899157,3.19718668,1.613533465,,,,"97.8",2495,"6.7",824118,553869,686469,679845,672580,677951,686555,657041,516782,"53.76",,,,,,,,29,1,"Sinker",1,0,0,1,0,1,0,1,"Strategic","Standard",199,"-0.003","0.039",,,,"-0.039",,1,-1,0.652,0.348,24,29,25,29,1,1,4,1,2,1,"1.25","0.81","-0.81","55.9",,,,,
"SI","2026-05-06","92.9","-2.3","4.91","Festa, Matt",677951,670036,"strikeout","called_strike",,,,,6,"Bobby Witt Jr. challenged (pitch result), call on the field was confirmed: Bobby Witt Jr. called out on strikes.","R","R","R","KC","CLE","S",2,,0,2,2026,"-0.75","0.69",0.6972785202738169,2.476467611812045,,,,0,6,"Bot",,,,,,,9.255755592848967,-135.02504140556556,-1.8095042858665449,-11.157231523077856,28.614247062885205,-23.50988635749908,3.238435039,1.634350394,,,,"93.1",2387,"6.4",824118,595978,656555,682177,608070,677587,682657,690984,681807,"54.08",,0,"0",1,0,0,,46,4,"Sinker",1,2,1,2,2,1,1,2,"Standard","Standard",206,"-0.024","-0.165",,,,"0.165",,-1,-1,0.38,0.38,33,26,33,26,1,2,2,1,2,1,"1.95","0.75","0.75","28.7",,,,,
"SI","2026-05-06","94.8","-1.33","6.24","Winn, Keaton",657656,676775,,"ball",,,,,11,,"R","R","R","SF","SD","B",,,2,0,2026,"-1.4","0.65",-0.16409550345099722,3.4366870077855096,,,665487,0,7,"Top",,,,,,,6.161678081036384,-138.09619518131151,-3.037804225072863,-19.22156564246043,25.928846630738537,-23.37317721212201,3.064665354,1.546653543,,,,"95.4",2297,"6.2",823226,672275,646240,669477,656305,642715,671218,808982,683679,"54.3",,,,,,,,44,3,"Sinker",1,1,1,1,1,1,1,1,"Standard","Standard",217,"-0.025","0.14",,,,"-0.14",,0,0,0.415,0.585,28,31,28,32,1,2,2,2,2,1,"1.85","1.4","1.4","38.5",,,,,
"FC","2026-05-06","88.6","1.71","6.04","Schultz, Noah",687263,702273,,"ball",,,,,12,,"R","R","L","LAA","CWS","B",,,1,1,2026,"-0.38","0.69",0.8929893352688394,2.70046917579897,,,,0,1,"Bot",,,,,,,-1.14827172695548,-129.0690627884281,-3.3990370305664848,-4.069899866593385,24.76350678247805,-23.93908158230649,3.169980315,1.59980315,,,,"88.5",2757,"6",824036,691011,808959,805367,678246,695657,803011,671976,672284,"54.49",,,,,,,,4,3,"Cutter",0,0,0,0,0,0,0,0,"Infield shade","Standard",196,"0.004","0.055",,,,"-0.055",,0,0,0.547,0.547,22,25,23,25,1,0,5,1,7,2,"2.19","-0.38","0.38","26.3",,,,,
"SL","2026-05-06","87.7","1.35","6.12","Dreyer, Jack",701358,676263,,"called_strike",,,,,6,,"R","R","L","HOU","LAD","S",,,0,1,2026,"-0.19","0.26",0.7935702619404974,2.2868653374079857,,,,0,2,"Bot",,,,,,,-0.9257876882217182,-127.76228438451137,-3.466235482829756,-1.9151629453217804,26.449921379814143,-28.849890344904704,3.348138123,1.689714567,,,,"87.9",2204,"6.4",824198,687221,518692,690976,571970,808975,606192,681624,663656,"54.12",,,,,,,,13,2,"Slider",1,1,1,1,1,1,1,1,"Standard","Standard",197,"-0.006","-0.055",,,,"0.055",,0,0,0.548,0.548,27,23,27,23,1,0,2,1,3,2,"2.7","-0.19","0.19","54.5",,,,,
"SI","2026-05-06","87.2","2.86","5.53","Yarbrough, Ryan",696030,642232,,"called_strike",,,,,1,,"R","L","L","NYY","TEX","S",,,0,1,2026,"1.18","0.76",-0.7453434020738778,2.6613608336617385,,,,1,8,"Top",,,,,,,-10.97673540505719,-126.48853757311103,-2.0689494503490073,14.96055809900309,26.585125738986825,-23.81235199632308,3.073441601,1.551082677,,,,"86.8",1931,"6.3",823550,669224,502671,665862,641857,676609,641355,663757,592450,"54.22",,,,,,,,59,2,"Sinker",1,6,6,1,6,1,6,1,"Standard","Standard",119,"0.001","-0.052",,,,"0.052",,-5,5,0.019,0.981,34,23,35,24,1,3,10,1,7,1,"2.27","1.18","1.18","25.1",,,,,
"CU","2026-05-06","81.9","0.43","6.39","Ashby, Aaron",671056,676879,,"called_strike",,,,,8,,"R","R","L","STL","MIL","S",,,0,0,2026,"-0.85","-1.39",0.20496525189245984,1.5552280073134233,,,,0,6,"Bot",,,,,,,1.154044860799698,-119.25594147712803,-1.3420565107034645,-8.320257591032254,24.40064404096791,-45.295814914422756,3.173490814,1.601574803,,,,"80.5",2735,"5.5",823063,661388,641343,668930,666152,687401,663604,694192,686217,"55.04",,,,,,,,47,1,"Curveball",0,5,0,5,5,0,0,5,"Standard","Standard",332,"-0.002","-0.039",,,,"0.039",,-5,-5,0.057,0.057,28,26,28,26,1,2,5,2,3,1,"4.8","-0.85","0.85","49.6",,,,,
"FC","2026-05-05","90.5","-1.82","5.87","Alcantara, Sandy",683002,645261,,"called_strike",,,,,8,,"R","L","R","MIA","BAL","S",,,0,0,2026,"-0.48","0.77",0.07224074265515124,1.5754794011228161,,,677942,1,4,"Top",,,,,,,5.66129000059189,-131.45497140419408,-6.084043863071524,-6.819568529819677,30.96201850091812,-22.144903248302832,3.328830381,1.679970472,,,,"89.5",2226,"6",823873,691788,689414,669364,688363,672640,669065,805300,683357,"54.5",,,,,,,,37,1,"Cutter",4,5,5,4,5,4,5,4,"Standard","Standard",206,"0.004","-0.04",,,,"0.04",,-1,1,0.375,0.625,30,25,31,25,3,2,6,1,5,1,"2.05","0.48","-0.48","33.3",,,,,
"ST","2026-05-05","85.4","-1.54","5.66","Kirby, George",645277,669923,"strikeout","called_strike",,,,,1,"Ozzie Albies challenged (pitch result), call on the field was confirmed: Ozzie Albies called out on strikes.","R","L","R","SEA","ATL","S",2,,3,2,2026,"1.17","-0.47",-0.7560799396913449,2.7364966160186346,,,,0,6,"Top",,,,,,,-0.5881715689350362,-124.39942078882655,0.5964423956809473,12.18405899037411,26.398528935486468,-37.351953164438974,2.984801509,1.506348425,,,,"85.9",2382,"6.7",823142,641598,647304,702284,660844,641487,668227,677594,670042,"53.81",,0,"0",1,0,0,,40,6,"Sweeper",2,2,2,2,2,2,2,2,"Infield shade","Standard",44,"0.042","-0.345",,,,"0.345",,0,0,0.492,0.508,28,29,28,29,3,2,6,1,6,1,"3.6","-1.17","1.17","33.4",,,,,
"CH","2026-05-05","87.1","1.32","5.81","Rodriguez, Eduardo",668804,593958,"walk","ball",,,,,14,"Bryan Reynolds challenged (pitch result), call on the field was overturned: Bryan Reynolds walks.","R","R","L","AZ","PIT","B",,,3,2,2026,"1.31","0.35",0.08961337630735655,1.4461657436874615,,,,0,4,"Top",,,,,,,-5.666506997763641,-126.73989208087131,-4.81162336370121,15.294144770161681,25.874719490418155,-27.56587385697735,3.284071522,1.65738189,,,,"87.3",2041,"6.4",825092,672515,545121,606466,571448,672695,666971,677950,682998,"54.06",,0.704857,"0.7",1,0,0,,26,6,"Changeup",2,0,0,2,0,2,0,2,"Standard","Standard",125,"-0.038","0.356",,,,"-0.356",,2,-2,0.722,0.278,33,31,33,31,2,1,6,2,5,1,"2.65","1.31","-1.31","39.8",,,,,
"FF","2026-05-05","92.3","-1.17","5.78","Buehler, Walker",642715,621111,,"called_strike",,,,,1,,"R","R","R","SF","SD","S",,,0,1,2026,"-0.33","1.35",-0.7245415682092403,3.2222299914525605,,,,1,4,"Bot",,,,,,,1.8486001554512674,-134.4901432512356,-3.586466012447885,-4.351765008177302,26.01116168327007,-15.10741491336698,3.22351542,1.626820866,,,,"93.4",2128,"6.6",823227,669134,657757,823550,592518,593428,592206,701538,665487,"53.89",,,,,,,,36,2,"4-Seam Fastball",4,6,4,6,6,4,4,6,"Standard","Standard",203,"-0.005","-0.052",,,,"0.052",,-2,-2,0.279,0.279,31,30,32,31,2,1,7,1,5,1,"1.29","0.33","0.33","46.0",,,,,
"SI","2026-05-05","94.4","-1.02","5.72","Buehler, Walker",671218,621111,,"ball",,,,,12,,"R","R","R","SF","SD","B",,,1,1,2026,"-0.93","1.3",0.851529141120789,2.610755550487273,,,,1,3,"Bot",,,,,,,6.981310493541309,-137.36091319531468,-5.212623661381303,-13.342325876158998,29.375529974128803,-14.702958825934548,3.18402231,1.606889764,,,,"95.3",2077,"6.7",823227,669134,657757,823550,592518,593428,592206,701538,665487,"53.78",,,,,,,,24,3,"Sinker",4,1,4,1,1,4,4,1,"Standard","Standard",203,"0.001","0.055",,,,"-0.055",,3,3,0.828,0.828,31,26,32,27,2,1,7,1,5,1,"1.25","0.93","0.93","47.5",,,,,
"FC","2026-05-05","95.2","-2.12","5.8","Severino, Luis",656941,622663,,"ball",,,,,11,,"R","L","R","PHI","ATH","B",,,2,0,2026,"-0.16","0.89",-0.09073008764168872,3.3687842416700047,681082,664761,,2,2,"Bot",,,,,,,5.659005113390673,-138.61972902469537,-2.6094131591302734,-3.295622743335148,31.498531933749117,-20.30271440441904,3.180511811,1.60511811,,,,"95.8",2273,"6.6",823469,642851,701762,687231,695391,805779,691016,680869,687515,"53.86",,,,,,,,17,3,"Cutter",0,0,0,0,0,0,0,0,"Infield shade","Standard",208,"0.005","0.029",,,,"-0.029",,0,0,0.565,0.565,32,33,32,33,2,1,6,1,5,1,"1.62","0.16","-0.16","37.0",,,,,
"SI","2026-05-05","93.8","-1.91","5.27","Kolek, Stephen",680757,663568,,"ball",,,,,14,,"R","L","R","KC","CLE","B",,,2,1,2026,"-1.35","0.16",0.6345518621379544,1.295429419443951,,,,2,3,"Top",,,,,,,9.516042142104048,-136.16993305521012,-4.6266067622305105,-18.928934770614365,31.26438831889589,-29.28806909398611,3.02253937,1.525393701,,,,"93.4",2229,"6.3",824119,695600,686469,686681,672580,677951,686555,664728,695506,"54.21",,,,,,,,21,4,"Sinker",2,0,0,2,0,2,0,2,"Strategic","Standard",221,"-0.004","0.117",,,,"-0.117",,2,-2,0.753,0.247,29,28,29,29,2,1,,1,7,2,"2.45","1.35","-1.35","31.1",,,,,
"ST","2026-05-05","81.5","2.72","5.61","King, Bryan",500743,687911,,"ball",,,,,12,,"R","R","L","HOU","LAD","B",,,1,2,2026,"-1.44","0.33",0.8637726156146792,2.7944949352252255,,,681624,2,9,"Top",,,,,,,-1.3011684541365138,-118.63663269592656,-0.11011100198846413,-13.159781894036945,25.544136132565487,-29.277903958408505,3.141018701,1.585187008,,,,"81.5",2188,"6.5",824200,543877,670623,514888,669699,669397,805904,694728,701358,"53.96",,,,,,,,65,5,"Sweeper",2,1,1,2,1,2,1,2,"Infield shade","Standard",293,"-0.012","0.033",,,,"-0.033",,1,-1,0.945,0.05500000000000005,29,37,30,37,1,3,3,2,6,1,"3.13","-1.44","1.44","38.6",,,,,
"ST","2026-05-05","81.4","3.18","5.39","Nardi, Andrew",668939,677053,,"ball",,,,,13,,"R","R","L","MIA","BAL","B",,,1,1,2026,"-1.27","0.19",-0.8936093609761406,1.8012982464233516,,621493,624413,2,9,"Top",,,,,,,-6.585602634597745,-118.4188191528616,-1.5594242113279657,-10.5103121082657,24.367608316698497,-30.291843797526216,3.253354659,1.641879921,,,,"81.6",2343,"6.6",823873,689414,688363,669364,691594,672640,669065,805300,683357,"53.85",,,,,,,,79,3,"Sweeper",7,7,7,7,7,7,7,7,"Infield shade","Standard",297,"-0.012","0.03",,,,"-0.03",,0,0,0.528,0.472,27,28,28,28,1,0,3,1,2,1,"3.27","-1.27","1.27","37.6",,,,,
"FF","2026-05-05","94.3","1.26","6.38","Gamboa, Alec",701678,687941,"strikeout","called_strike",,,,,7,"Hao-Yu Lee challenged (pitch result), call on the field was confirmed: Hao-Yu Lee called out on strikes.","R","R","L","DET","BOS","S",2,,2,2,2026,"0.36","1.46",-0.4900656359161664,1.5043754652047943,,,,2,9,"Bot",,,,,,,-5.2856835596410425,-136.9563720034855,-9.949258338172518,5.667384886593193,30.934983630029034,-11.814815517306645,3.087483596,1.558169291,,,,"94",2109,"6.3",824281,657136,575929,643396,702332,596115,680776,678882,677800,"54.23",,0,"0",1,0,0,,79,5,"4-Seam Fastball",3,10,3,10,10,3,3,10,"Strategic","Standard",149,"-0.001","-0.224",,,,"0.224",,-7,-7,0.001,0.001,29,23,29,23,1,3,,1,,3,"1.12","0.36","-0.36","60.9",,,,,
"SL","2026-05-05","92.9","2.01","5.52","Garcia, Brandyn",542303,805299,,"ball",,,,,14,,"R","R","L","AZ","PIT","B",,,0,1,2026,"-0.35","0.57",0.869540734043446,2.312621891912032,,,,2,9,"Top",,,,,,,-2.0631613476091326,-135.33326756097125,-3.442420959759683,-3.834209527912443,31.28053623841252,-24.613671114541685,3.255987533,1.643208661,,,,"91.3",2281,"5.4",825092,672515,545121,606466,571448,672695,666971,677950,682998,"55.12",,,,,,,,73,2,"Slider",9,0,0,9,0,9,0,9,"Strategic","Standard",160,"0","0.027",,,,"-0.027",,9,-9,0.999,0.0010000000000000009,26,35,26,36,1,3,4,2,2,1,"2.08","-0.35","0.35","15.1",,,,,
"FF","2026-05-05","93.4","1.51","6.1","Lynch IV, Daniel",681807,663738,"walk","ball",,,,,12,"David Fry challenged (pitch result), call on the field was overturned: David Fry walks.","R","R","L","KC","CLE","B",,,3,0,2026,"0.63","1.39",0.04507764941079562,3.390908272882355,,,,1,8,"Top",,,,,,,-5.128458015862278,-135.8131466283041,-4.127910263371013,8.918104808007321,31.47765679792861,-14.240998079272297,3.242823163,1.636564961,,,,"93.3",2229,"6.4",824119,695600,686469,686681,672580,677951,686555,664728,695506,"54.12",,0.704857,"0.7",1,0,0,,57,4,"4-Seam Fastball",5,3,3,5,3,5,3,5,"Standard","Standard",140,"-0.019","0.164",,,,"-0.164",,2,-2,0.872,0.128,29,30,30,31,1,0,2,1,2,1,"1.23","0.63","-0.63","45.8",,,,,
"SI","2026-05-05","95.4","-2.84","5.47","Rodríguez, Elmer",608369,695684,,"ball",,,,,13,,"R","L","R","NYY","TEX","B",,,0,1,2026,"-1.48","0.62",-0.6934754132778858,1.555933533089358,,,694497,0,1,"Top",,,,,,,9.005721701933,-138.54008876109356,-5.856864207534319,-21.084761419056942,30.58025154198171,-23.012490637262413,3.37183399,1.701673228,,,,"95.9",1991,"6.7",823553,669224,502671,665862,641857,676609,641355,663757,592450,"53.85",,,,,,,,2,2,"Sinker",0,0,0,0,0,0,0,0,"Infield shade","Standard",230,"-0.003","0.034",,,,"-0.034",,0,0,0.469,0.531,22,32,23,32,1,0,6,2,,1,"1.89","1.48","-1.48","27.2",,,,,
"FF","2026-05-05","99.1","-1.69","5.77","Phillips, Connor",691718,683175,,"ball",,,,,14,,"R","L","R","CHC","CIN","B",,,0,1,2026,"-0.78","1.39",0.8736675556723098,1.8700523090640764,,,,1,7,"Bot",,,,,,,8.691604680005591,-143.86560106112577,-8.200820658101993,-12.886575266745059,35.54837071143975,-11.043080232867176,3.202452428,1.616190945,,,,"98.1",2419,"6",824682,663886,701398,680574,663647,682829,668709,670770,668715,"54.47",,,,,,,,54,2,"4-Seam Fastball",0,2,0,2,2,0,0,2,"Standard","Standard",226,"0.003","0.029",,,,"-0.029",,-2,-2,0.177,0.177,25,24,25,24,1,2,3,1,2,1,"0.95","0.78","-0.78","36.2",,,,,
"FF","2026-05-05","94.3","-1.75","5.89","Santana, Dennis",672695,642701,,"called_strike",,,,,6,,"R","L","R","AZ","PIT","S",,,1,1,2026,"-1.07","1.44",0.721407767886737,2.724746286263393,,677950,,0,8,"Bot",,,,,,,8.705752775733973,-136.94217889568975,-5.527990478726543,-15.386047620173423,31.12009957712149,-12.966742740746414,3.31742126,1.674212598,,,,"93.6",2397,"6",825092,663698,656811,693304,669707,804606,663968,665833,668804,"54.46",,,,,,,,66,3,"4-Seam Fastball",7,0,7,0,0,7,7,0,"Standard","Standard",230,"0","-0.08",,,,"0.08",,7,7,0.999,0.999,30,26,30,27,1,4,6,2,2,1,"1.14","1.07","-1.07","31.7",,,,,
"FF","2026-05-05","94.4","2.98","5.62","Nardi, Andrew",621493,677053,,"ball",,,,,11,,"R","R","L","MIA","BAL","B",,,2,0,2026,"0.52","1.49",-0.10685888654053866,3.632687355463046,,,,1,9,"Top",,,,,,,-9.15002954870057,-137.21385133823034,-2.659634678709597,8.72242492253248,32.231869741679255,-13.017215698749544,3.190165682,1.609990158,,,,"94.6",2317,"6.6",823873,689414,688363,669364,691594,672640,669065,805300,683357,"53.88",,,,,,,,76,3,"4-Seam Fastball",7,7,7,7,7,7,7,7,"Infield shade","Standard",140,"-0.018","0.143",,,,"-0.143",,0,0,0.541,0.45899999999999996,27,32,28,33,1,4,3,2,2,1,"1.09","0.52","-0.52","41.6",,,,,
"FS","2026-05-04","91.9","-1.59","5.47","Yamamoto, Yoshinobu",670623,808967,,"ball",,,,,14,,"R","R","R","HOU","LAD","B",,,2,2,2026,"-1.45","0.4",0.6130145186048508,1.3239259619739736,,,,1,6,"Bot",,,,,,,8.773993652533983,-133.48617647660026,-5.291046881023563,-19.302378968220715,30.22996953699887,-26.381042213250524,3.180511811,1.60511811,,,,"92.2",1707,"6.7",824201,669257,518692,690976,571970,808975,606192,681624,663656,"53.83",,,,,,,,55,8,"Split-Finger",3,8,3,8,8,3,3,8,"Standard","Standard",232,"0.003","0.104",,,,"-0.104",,-5,-5,0.043,0.043,27,27,28,27,3,2,7,1,8,1,"2.32","1.45","1.45","42.3",,,,,
"CH","2026-05-04","88.5","2.76","5.37","Tolle, Payton",672761,801139,,"called_strike",,,,,9,,"R","R","L","DET","BOS","S",,,0,1,2026,"0.88","0.51",0.6179443310567224,1.5538981723200247,,,,1,7,"Bot",,,,,,,-7.14483045876549,-128.7846598564431,-4.260672048663287,11.196556096496074,22.712831702636578,-25.781325732894196,3.18226706,1.606003937,,,,"90.4",1017,"7.1",824283,665966,575929,691785,655316,596115,807799,678882,677800,"53.4",,,,,,,,59,2,"Changeup",2,5,2,5,5,2,2,5,"Standard","Standard",119,"-0.005","-0.052",,,,"0.052",,-3,-3,0.097,0.097,23,26,24,27,3,2,6,1,6,1,"2.36","0.88","-0.88","23.3",,,,,
"KC","2026-05-04","84.2","-1.3","5.88","Baz, Shane",665862,669358,,"ball",,,,,11,,"R","L","R","NYY","BAL","B",,,0,0,2026,"0.49","-0.83",-0.47716802207181286,3.31211960154208,,,691176,1,6,"Bot",,,,,,,0.9103928944670443,-122.66211995554964,2.29791694438789,4.704474794272571,25.074017370298115,-41.21549096177451,3.15593832,1.592716535,,,,"84.3",2602,"6.4",823552,668939,624413,669236,677942,683002,681297,665750,687637,"54.12",,,,,,,,49,1,"Knuckle Curve",3,1,3,1,1,3,3,1,"Standard","Standard",38,"0.002","0.035",,,,"-0.035",,2,2,0.846,0.846,27,28,27,28,3,2,6,1,5,1,"4.05","-0.49","0.49","36.4",,,,,
"SI","2026-05-04","95.2","-1.71","6.07","Vásquez, Randy",669477,681190,"strikeout","called_strike",,,,,8,"Casey Schmitt challenged (pitch result), call on the field was confirmed: Casey Schmitt called out on strikes.","R","R","R","SF","SD","S",2,,3,2,2026,"-1.43","1.09",0.04038077002712992,1.6801783331782687,,,,2,5,"Bot",,,,,,,7.763170777032225,-138.25522633179924,-8.05574803845898,-20.07711615426428,31.851357627298523,-16.521414554576168,3.196309055,1.613090551,,,,"94.7",2345,"6.2",823228,666023,657757,630105,592518,593428,657656,701538,665487,"54.29",,0,"0",1,0,0,,38,7,"Sinker",2,1,2,1,1,2,2,1,"Standard","Standard",216,"-0.013","-0.328",,,,"0.328",,1,1,0.673,0.673,27,27,28,27,3,2,7,1,5,1,"1.44","1.43","1.43","35.7",,,,,
"SI","2026-05-04","91.4","-1.93","4.8","Nola, Aaron",669364,605400,,"ball",,,,,14,,"R","L","R","MIA","PHI","B",,,1,2,2026,"-1.58","0.84",0.8199233369563437,1.4575310068182614,,,672640,0,4,"Bot",,,,,,,10.415797731035932,-132.62572299359098,-4.138431775009861,-20.92077624567887,30.73661583622617,-21.569040216844588,3.055011483,1.541781496,,,,"92",2328,"7",823874,596117,547180,681082,664761,607208,669016,702222,666969,"53.52",,,,,,,,31,4,"Sinker",0,1,0,1,1,0,0,1,"Standard","Standard",226,"0.007","0.036",,,,"-0.036",,-1,-1,0.463,0.463,33,26,33,27,2,1,8,1,5,1,"1.93","1.58","-1.58","20.1",,,,,
"FC","2026-05-04","90.5","-2.17","6.34","Wacha, Michael",682177,608379,"strikeout","called_strike",,,,,7,"Daniel Schneemann challenged (pitch result), call on the field was confirmed: Daniel Schneemann called out on strikes.","R","L","R","KC","CLE","S",2,,3,2,2026,"0.02","1",-0.5879870500275628,1.6033847092950488,,,,2,3,"Top",,,,,,,3.874103132497968,-131.65962766930517,-7.867090494610133,-0.5413147108193745,27.36407298100223,-19.04078365942813,3.19718668,1.613533465,,,,"91.3",2267,"6.7",824120,695600,686469,679845,672580,677951,686555,657041,695506,"53.76",,0,"0",1,0,0,,17,6,"Cutter",0,2,2,0,2,0,2,0,"Infield shade","Standard",194,"0.01","-0.328",,,,"0.328",,-2,2,0.318,0.6819999999999999,34,29,35,29,2,1,5,1,5,1,"1.78","-0.02","0.02","47.8",,,,,
"SL","2026-05-04","85.5","2.33","5.98","Peterson, David",686668,656849,"strikeout","called_strike",,,,,7,"Brenton Doyle challenged (pitch result), call on the field was confirmed: Brenton Doyle called out on strikes.","R","R","L","COL","NYM","S",2,,0,2,2026,"-0.18","0.16",-0.4119147998671216,1.6183678478104873,,,,0,6,"Bot",,,,,,,-6.0784507714926965,-124.47190563715657,-4.229667092150342,-0.922225050432905,20.88972617283075,-29.991443140475297,3.349893373,1.690600394,,,,"87.3",2279,"7.1",824363,620443,668901,543760,683146,666182,665742,701807,621438,"53.43",,0,"0",1,0,0,,41,3,"Slider",0,4,0,4,4,0,0,4,"Standard","Strategic",193,"-0.012","-0.165",,,,"0.165",,-4,-4,0.09,0.09,30,28,31,28,1,1,5,2,6,4,"2.92","-0.18","0.18","38.1",,,,,
"SI","2026-05-04","95.6","-1.32","5.94","Trivino, Lou",663757,642152,,"ball",,,,,14,,"R","L","R","NYY","BAL","B",,,2,1,2026,"-1.13","0.77",0.8370789925506312,1.5762707737444321,665862,669224,676609,2,8,"Bot",,,,,,,8.2693277828942,-139.00605415631796,-7.514438134129675,-16.419084128731235,28.00785391463699,-20.701884236147006,3.138385827,1.583858268,,,,"96.8",2118,"6.8",823552,668939,624413,669236,677942,683002,681297,665750,687637,"53.73",,,,,,,,71,4,"Sinker",6,1,6,1,1,6,6,1,"Standard","Standard",221,"0.001","0.103",,,,"-0.103",,5,5,0.995,0.995,34,29,35,30,1,4,,1,5,1,"1.71","1.13","-1.13","35.3",,,,,
"SI","2026-05-04","91.3","1.79","5.7","Holton, Tyler",677800,663947,"strikeout","called_strike",,,,,4,"Wilyer Abreu challenged (pitch result), call on the field was confirmed: Wilyer Abreu called out on strikes.","R","L","L","DET","BOS","S",2,,0,2,2026,"1.05","0.53",-0.8005174410870366,2.3215932040660654,,701350,596115,2,1,"Top",,,,,,,-8.76018089397731,-132.79571252355058,-3.624768540996511,14.230925184854875,25.321007991682503,-25.359229731109696,3.117322835,1.573228347,,,,"92",2201,"6.5",824283,693307,679529,701678,690993,670097,682985,663837,672761,"53.99",,0,"0",1,0,0,,5,3,"Sinker",0,0,0,0,0,0,0,0,"Standard","Standard",165,"0.026","-0.178",,,,"0.178",,0,0,0.522,0.478,30,27,30,27,1,0,1,1,4,1,"2.19","1.05","1.05","38.1",,,,,
"FF","2026-05-04","95.3","-2.66","5.81","Pallette, Peyton",686555,688883,"walk","ball",,,,,14,"Isaac Collins challenged (pitch result), call on the field was overturned: Isaac Collins walks.","R","L","R","KC","CLE","B",,,3,2,2026,"-1.13","1.17",0.8390765327454732,1.716867749968811,,,,2,8,"Bot",,,,,,,11.4565521090204,-138.1550392000986,-7.401003268281802,-17.000140708601982,31.243827823874803,-15.635773890877417,3.012885499,1.520521654,,,,"93.8",2384,"5.7",824120,666310,656555,683953,608070,677587,680757,682177,682657,"54.83",,0.704857,"0.7",1,0,0,,64,7,"4-Seam Fastball",6,2,6,2,2,6,6,2,"Strategic","Standard",187,"0","0.259",,,,"-0.259",,4,4,0.986,0.986,25,28,25,29,1,3,1,1,5,1,"1.36","1.13","-1.13","36.9",,,,,
"FF","2026-05-04","92.3","-3.27","4.56","Kimbrel, Craig",671289,518886,"strikeout","called_strike",,,,,9,"Tyler Freeman challenged (pitch result), call on the field was confirmed: Tyler Freeman called out on strikes.","R","R","R","COL","NYM","S",2,,3,2,2026,"-0.9","1.09",0.3818574869201524,1.5750917530186217,666160,,,1,8,"Bot",,,,,,,11.211936089890585,-134.07521551599496,-4.092701606739546,-12.924103715914072,23.619568198143817,-18.273388672930665,3.150672572,1.590059055,,,,"93.5",2353,"6.7",824363,620443,668901,543760,683146,666182,665742,701807,621438,"53.84",,0,"0",1,0,0,,58,9,"4-Seam Fastball",2,4,2,4,4,2,2,4,"Standard","Standard",230,"-0.102","-0.451",,,,"0.451",,-2,-2,0.236,0.236,38,27,38,27,1,3,2,3,3,2,"1.56","0.9","0.9","21.2",,,,,
"FF","2026-05-04","88.2","2.98","5.95","Suter, Brent",656537,608718,"strikeout","called_strike",,,,,9,"Derek Hill challenged (pitch result), call on the field was confirmed: Derek Hill called out on strikes.","R","R","L","LAA","CWS","S",2,,2,2,2026,"-0.21","1.19",0.4849409493209562,1.9312325499605452,,,643217,1,9,"Top",,,,,,,-5.667087482482778,-128.190069593322,-6.065470188048401,-1.090246937892612,26.96195793745677,-17.96681562203798,3.215616798,1.622834646,,,,"90",2120,"7.5",824039,518595,694384,672724,660162,687263,666139,545361,666176,"53",,0,"0",1,0,0,,72,7,"4-Seam Fastball",0,6,6,0,6,0,6,0,"Standard","Standard",167,"0","-0.222",,,,"0.222",,-6,6,0.003,0.997,36,30,37,31,1,0,3,1,2,1,"1.75","-0.21","0.21","48.5",,,,,
"CU","2026-05-04","85.4","-1.29","5.8","Faucher, Calvin",702222,676534,"strikeout","called_strike",,,,,7,"Justin Crawford challenged (pitch result), call on the field was confirmed: Justin Crawford called out on strikes.","R","L","R","MIA","PHI","S",2,,1,2,2026,"0.67","-1.44",-0.5520929377701498,1.8704425960437003,,,596117,1,7,"Top",,,,,,,0.342746716481369,-124.29994841075086,0.33182157988011585,6.7642716700844,30.065528841249822,-47.16800297784271,3.278805774,1.654724409,,,,"84.2",3013,"6",823874,691788,666624,669364,688363,672640,669065,805300,683357,"54.54",,0,"0",1,0,0,,49,5,"Curveball",0,1,1,0,1,0,1,0,"Infield shade","Standard",31,"0.022","-0.178",,,,"0.178",,-1,1,0.316,0.6839999999999999,30,22,31,22,1,2,1,1,3,1,"4.61","-0.67","0.67","50.5",,,,,
"FF","2026-05-04","95.6","-1.39","5.91","Graceffo, Gordon",661388,700669,,"ball",,,,,11,,"R","R","R","STL","MIL","B",,,2,0,2026,"-0.61","1.32",-0.8888687206318119,2.670085425671021,,,,1,9,"Top",,,,,,,2.7005104479823383,-139.1559126374884,-5.736838617612343,-8.478871517532852,31.998819896253135,-13.940927364538599,3.133120079,1.581200787,,,,"95.5",2031,"6.3",823064,686780,676475,802139,669357,691026,701675,687363,691023,"54.2",,,,,,,,79,3,"4-Seam Fastball",6,3,3,6,3,6,3,6,"Standard","Standard",215,"-0.006","0.143",,,,"-0.143",,3,-3,0.978,0.02200000000000002,26,28,26,29,1,4,3,1,4,2,"1.18","0.61","0.61","48.3",,,,,
"SL","2026-05-04","84.4","-0.73","6.38","Kinley, Tyler",660844,641755,,"ball",,,,,13,,"R","L","R","SEA","ATL","B",,,0,0,2026,"0.31","0.05",-0.1687722290943215,1.267537279493741,,,641598,1,6,"Bot",,,,,,,0.6533709395663652,-122.91085375474346,-5.376137194011437,3.0982382146493683,21.829075743036718,-30.903013954334345,3.006742126,1.51742126,,,,"83.5",2597,"5.4",823143,669221,621566,645277,663586,622761,573262,643289,642201,"55.08",,,,,,,,52,1,"Slider",3,4,3,4,4,3,3,4,"Infield shade","Standard",132,"0.007","0.035",,,,"-0.035",,-1,-1,0.401,0.401,35,28,35,29,1,2,1,1,2,1,"3.12","-0.31","0.31","43.7",,,,,
"FF","2026-05-04","98.7","-1.37","6.17","Keller, Brad",689414,641745,,"called_strike",,,,,1,,"R","L","R","MIA","PHI","S",,,0,0,2026,"-0.15","1.25",-0.7640394772525692,3.1544233210576764,,,669364,2,9,"Bot",,,,,,,1.9715675618831499,-143.62766198024292,-5.4587510824154535,-2.550265570174778,35.5849598770771,-13.767784010456586,3.085728346,1.557283465,,,,"97.6",2393,"5.8",823874,596117,547180,681082,664761,607208,669016,702222,666969,"54.67",,,,,,,,68,1,"4-Seam Fastball",0,1,0,1,1,0,0,1,"Standard","Standard",194,"0","-0.042",,,,"0.042",,-1,-1,0.099,0.099,30,27,31,27,1,3,3,2,2,1,"1.1","0.15","-0.15","48.2",,,,,
"SI","2026-05-04","93.7","-1.84","5.83","Mejia, Juan",701807,675848,,"ball",,,,,11,,"R","L","R","COL","NYM","B",,,1,0,2026,"-0.89","0.45",-0.4758447504522789,3.40286684730145,,,,1,7,"Top",,,,,,,5.439089550317532,-136.54585244718152,-1.4908287382366239,-12.203094716503008,23.449803947443836,-26.421461848542798,3.259498032,1.644980315,,,,"94.1",2499,"6",824363,696100,681198,650489,691720,678662,666160,686668,687597,"54.55",,,,,,,,45,2,"Sinker",0,4,4,0,4,0,4,0,"Standard","Standard",197,"-0.001","0.071",,,,"-0.071",,-4,4,0.064,0.9359999999999999,25,23,26,23,1,2,3,1,3,2,"2.1","0.89","-0.89","34.8",,,,,
"FC","2026-05-04","84.8","-2.14","6.54","Bibee, Tanner",677951,676440,"strikeout","called_strike",,,,,9,"Bobby Witt Jr. challenged (pitch result), call on the field was confirmed: Bobby Witt Jr. called out on strikes.","R","R","R","KC","CLE","S",2,,2,2,2026,"0.43","0.18",0.3332152155749397,1.5645114252801853,,,,1,1,"Bot",,,,,,,4.833765585347156,-123.28664603341646,-5.2844096309993915,3.232857028425434,29.058843396001627,-29.335585899439522,3.238435039,1.634350394,,,,"84.2",2752,"6.4",824120,666310,656555,683953,608070,677587,680757,682177,682657,"54.1",,0,"0",1,0,0,,5,5,"Cutter",0,0,0,0,0,0,0,0,"Standard","Standard",68,"-0.014","-0.228",,,,"0.228",,0,0,0.524,0.524,27,26,27,26,1,0,6,1,5,1,"3.04","-0.43","-0.43","59.6",,,,,
"SL","2026-05-04","89.3","-0.17","6.31","Ashcraft, Graham",694208,668933,,"called_strike",,,,,8,,"R","L","R","CHC","CIN","S",,,1,0,2026,"0.86","0.21",-0.028848937472119696,1.5030336674270313,,,,0,8,"Bot",,,,,,,-1.4686478781511938,-130.01672474611752,-5.948846579529639,10.093612892074598,26.73589289719404,-28.762775997885456,3.040091864,1.534251969,,,,"88.2",2756,"5.5",824684,663886,701398,680574,663647,682829,668709,667472,668715,"54.99",,,,,,,,65,2,"Slider",3,4,3,4,4,3,3,4,"Infield shade","Standard",60,"-0.013","-0.05",,,,"0.05",,-1,-1,0.318,0.318,28,22,28,23,1,3,2,1,2,1,"2.64","-0.86","0.86","54.0",,,,,
"SV","2026-05-04","83.5","2.82","5.53","Newcomb, Sean",518595,656794,,"called_strike",,,,,7,,"R","R","L","LAA","CWS","S",,,2,1,2026,"-1.73","-0.42",-0.3109602171382615,1.6365579470627902,,,,0,8,"Bot",,,,,,,-3.5960789007408764,-121.36786547078268,-1.2727097595400116,-15.887298158459178,30.018290615133147,-36.2043104420244,3.194553806,1.612204724,,,,"81.7",2797,"5.7",824039,691011,808959,805367,678246,695657,803011,656537,672284,"54.79",,,,,,,,67,4,"Slurve",0,6,0,6,6,0,0,6,"Standard","Standard",307,"-0.002","-0.073",,,,"0.073",,-6,-6,0.011,0.011,33,37,33,37,1,2,6,2,4,2,"3.77","-1.73","1.73","21.2",,,,,
"SI","2026-05-04","93.5","-1.93","4.89","Woodford, Jake",686780,663765,,"called_strike",,,,,9,,"R","R","R","STL","MIL","S",,,1,1,2026,"-1.32","0.34",0.6559897183727783,1.6588765492048627,,,,0,8,"Bot",,,,,,,9.573829775922526,-135.8913981707514,-3.135445959895245,-18.457405786250526,30.368224124179676,-27.437262848165886,3.174368438,1.602017717,,,,"93.9",2034,"6.6",823064,661388,672012,668930,650859,666152,694192,669003,686217,"53.88",,,,,,,,71,3,"Sinker",5,1,5,1,1,5,5,1,"Standard","Standard",231,"0","-0.061",,,,"0.061",,4,4,0.988,0.988,29,27,30,28,1,3,1,1,,2,"2.28","1.32","1.32","23.8",,,,,
"FF","2026-05-04","98.3","-2.92","5.57","Soriano, José",803011,667755,,"called_strike",,,,,4,,"R","L","R","LAA","CWS","S",,,1,1,2026,"-0.84","1.06",-0.8070507546759434,2.5772068548116214,,,,0,1,"Top",,,,,,,7.7127319967649415,-142.89136210090254,-4.905789901031999,-13.37403919315214,35.9238561929224,-16.754905322822978,3.154183071,1.591830709,,,,"98.7",1532,"6.8",824039,518595,694384,624428,660162,687263,666139,545361,666176,"53.7",,,,,,,,1,3,"4-Seam Fastball",0,0,0,0,0,0,0,0,"Standard","Standard",197,"0.006","-0.061",,,,"0.061",,0,0,0.501,0.499,27,23,28,23,1,0,6,1,6,1,"1.32","0.84","-0.84","27.1",,,,,
"CH","2026-05-04","83.6","-1.73","5.82","Sulser, Cole",660821,642121,,"ball",,,,,14,,"R","L","R","TB","TOR","B",,,1,1,2026,"-1.12","-0.02",0.5838421113648806,1.3792619259853507,,,,0,8,"Top",,,,,,,7.541603487091887,-121.43774529584893,-3.456589087281266,-12.62269432692105,25.6069487042701,-31.882256330515602,3.334973753,1.683070866,,,,"83.7",1690,"6.6",822984,663743,666018,810938,691406,670764,802415,656775,676356,"53.89",,,,,,,,62,3,"Changeup",5,1,1,5,1,5,1,5,"Infield shade","Standard",233,"-0.004","0.055",,,,"-0.055",,4,-4,0.965,0.03500000000000003,36,28,36,29,1,3,3,1,1,1,"3.32","1.12","-1.12","43.1",,,,,
"ST","2026-05-04","82.6","-1.62","5.07","Maton, Phil",701398,664208,,"ball",,,,,12,,"R","R","R","CHC","CIN","B",,,1,0,2026,"0.83","0.78",0.927992547744538,2.5456972570794383,,,682829,2,7,"Top",,,,,,,4.103585946521627,-120.23240034373312,-0.5367455575769671,7.092599541568043,25.599073311098707,-24.771830485024058,3.239312664,1.634793307,,,,"82.7",2814,"6.6",824684,608348,683737,663538,608324,621020,664023,691718,673548,"53.92",,,,,,,,55,2,"Sweeper",3,3,3,3,3,3,3,3,"Standard","Standard",95,"-0.007","0.048",,,,"-0.048",,0,0,0.543,0.45699999999999996,33,22,33,23,1,3,1,1,2,1,"2.58","-0.83","-0.83","22.1",,,,,
"CH","2026-05-03","86","2.29","5.97","Freeland, Kyle",642201,607536,"walk","ball",,,,,11,"Eli White challenged (pitch result), call on the field was overturned: Eli White walks. Ozzie Albies scores. Matt Olson to 3rd. Austin Riley to 2nd.","R","R","L","COL","ATL","B",,,3,2,2026,"1.04","0.49",-0.10501324532230627,3.4847644921398433,645277,621566,663586,1,5,"Top",,,,,,,-7.795132051942616,-125.12866544735712,-0.5810782803967955,12.415299496551002,20.999512929396314,-27.010113493539407,3.315666011,1.673326772,,,,"87",1578,"6.5",824364,664954,681198,666397,650489,678662,666160,664983,687859,"53.96",,0.704857,"0.7",1,0,0,,46,7,"Changeup",4,4,4,4,5,4,5,4,"Standard","Standard",129,"-0.093","0.334",,,,"-0.334",,0,0,0.354,0.646,33,32,33,32,3,2,5,1,6,1,"2.55","1.04","-1.04","38.0",,,,,
"SL","2026-05-03","92.8","-1.28","6.28","Burns, Chase",542303,695505,,"called_strike",,,,,9,,"R","R","R","PIT","CIN","S",,,2,1,2026,"0.04","0.27",0.6334134563122397,1.661090600448862,,,,0,8,"Bot",,,,,,,4.748165718507784,-135.21704457284147,-6.498104219283547,-0.3419085673587384,24.919789885378,-27.78907042684252,3.255987533,1.643208661,,,,"93.6",2600,"6.3",823387,624431,668715,680574,701398,682829,668709,670770,666181,"54.15",,,,,,,,52,4,"Slider",0,0,0,0,0,0,0,0,"Standard","Standard",176,"-0.013","-0.073",,,,"0.073",,0,0,0.614,0.614,23,35,23,36,3,2,5,1,6,2,"2.34","-0.04","-0.04","49.2",,,,,
"SL","2026-05-03","87.2","-1.81","5.44","Kelly, Merrill",673548,518876,"strikeout","called_strike",,,,,9,"Seiya Suzuki challenged (pitch result), call on the field was confirmed: Seiya Suzuki called out on strikes.","R","R","R","CHC","AZ","S",2,,0,2,2026,"-0.01","0.4",0.7961549157129016,2.0876911931290816,694208,608324,664023,0,5,"Bot",,,,,,,6.176436644842282,-126.90350325316943,-2.4954076476626548,-1.3646494219074536,26.506173729573035,-27.57115450121157,3.177878937,1.60378937,,,,"86.8",2343,"6.1",824687,672515,545121,606466,571448,672695,666971,678489,682998,"54.41",,0,"0",1,0,0,,42,3,"Slider",3,2,3,2,2,3,3,2,"Standard","Standard",212,"-0.03","-0.204",,,,"0.204",,1,1,0.827,0.827,37,31,38,32,3,2,5,1,6,1,"2.6","0.01","0.01","24.7",,,,,
"FC","2026-05-03","91.4","-1.99","5.32","Kelly, Merrill",664023,518876,,"ball",,,,,13,,"R","L","R","CHC","AZ","B",,,2,2,2026,"-0.32","1.02",-1.0671835891151433,1.731126416600385,,694208,608324,0,5,"Bot",,,,,,,2.9982438620553964,-133.16006414328794,-5.28981459548016,-4.412751872703285,23.379779111636687,-19.062364230846555,3.136630577,1.582972441,,,,"92",2392,"6.2",824687,672515,545121,606466,571448,672695,666971,678489,682998,"54.31",,,,,,,,41,7,"Cutter",3,2,3,2,2,3,3,2,"Standard","Standard",224,"0.016","0.105",,,,"-0.105",,1,1,0.781,0.781,37,31,38,32,3,2,5,1,6,1,"1.66","0.32","-0.32","24.6",,,,,
"SL","2026-05-03","93.8","-1.47","6.26","Burns, Chase",668804,695505,"walk","ball",,,,,14,"Bryan Reynolds challenged (pitch result), call on the field was overturned: Bryan Reynolds walks.","R","L","R","PIT","CIN","B",,,3,2,2026,"0.18","0.23",0.009847005425598104,1.2994364927089552,,,,0,7,"Bot",,,,,,,3.3781048439930355,-136.5355616547409,-7.466813132946939,1.6003720683580631,26.057785290009374,-27.957083430325657,3.284071522,1.65738189,,,,"94.6",2798,"6.4",823387,624431,668715,680574,701398,682829,668709,670770,666181,"54.08",,0.704857,"0.7",1,0,0,,44,6,"Slider",0,0,0,0,0,0,0,0,"Infield shade","Standard",163,"0.048","0.356",,,,"-0.356",,0,0,0.596,0.596,23,31,23,31,3,2,5,1,6,2,"2.33","-0.18","0.18","47.5",,,,,
"CH","2026-05-03","81.4","2.14","5.89","Suarez, Ranger",701358,624133,,"ball",,,,,14,,"R","R","L","BOS","HOU","B",,,2,1,2026,"1.1","0.1",0.9357593311484118,1.8817537338672805,,572233,,2,4,"Top",,,,,,,-4.800858874414802,-118.45555265653753,-2.3314773203566657,11.325981601356172,23.33951697806364,-30.995090403641516,3.348138123,1.689714567,,,,"80.8",1377,"6",824769,665966,575929,691785,702332,655316,680776,678882,677800,"54.55",,,,,,,,30,4,"Changeup",0,0,0,0,0,0,0,0,"Standard","Standard",117,"-0.004","0.055",,,,"-0.055",,0,0,0.518,0.482,30,23,31,23,2,1,6,1,,1,"3.35","1.1","-1.1","43.0",,,,,
"SI","2026-05-03","91","2.3","5.92","Suarez, Ranger",572233,624133,"walk","ball",,,,,14,"Christian Walker challenged (pitch result), call on the field was overturned: Christian Walker walks.","R","R","L","BOS","HOU","B",,,3,1,2026,"1.1","0.4",0.9316147663623624,1.7407274518290605,,,,0,4,"Top",,,,,,,-5.752623622554351,-132.37271853555944,-5.185292922454223,14.148392350515213,27.74791283651252,-26.62382122615762,3.178756562,1.604232283,,,,"90.5",1979,"6",824769,665966,575929,691785,702332,655316,680776,678882,677800,"54.51",,0.704857,"0.7",1,0,0,,27,5,"Sinker",0,0,0,0,0,0,0,0,"Standard","Standard",144,"-0.026","0.262",,,,"-0.262",,0,0,0.482,0.518,30,35,31,35,2,1,6,1,,1,"2.36","1.1","-1.1","43.3",,,,,
"SI","2026-05-03","92.7","2.01","5.69","Matz, Steven",666464,571927,,"called_strike",,,,,4,,"R","R","L","TB","SF","S",,,0,1,2026,"1.25","1.08",-0.41754104160527805,2.741190863618494,,,808982,0,5,"Top",,,,,,,-8.968859898452163,-134.5816196645948,-3.9006181015538397,17.206835376658454,31.907295869803104,-18.39619024772941,3.400795604,1.71628937,,,,"92.9",2265,"6.7",822987,663743,668723,810938,691406,670764,802415,656775,641584,"53.75",,,,,,,,33,2,"Sinker",0,1,1,0,1,0,1,0,"Standard","Standard",123,"0.009","-0.053",,,,"0.053",,-1,1,0.33,0.6699999999999999,35,28,35,29,2,1,6,2,,,"1.6","1.25","-1.25","33.4",,,,,
"ST","2026-05-03","83.4","-1.11","5.89","Phillips, Tyler",694025,663969,,"called_strike",,,,,1,,"R","R","R","MIA","PHI","S",,,1,1,2026,"1.05","-0.05",-0.5805332003879293,3.140539986961609,664761,669016,,2,7,"Top",,,,,,,-0.9130938285590886,-121.37718989055551,0.4845928471339247,10.546969070440657,25.719861961189206,-33.01910388019922,3.353403871,1.692372047,,,,"83.4",2390,"6.5",823875,682663,681393,677870,688363,672640,691594,665923,683357,"54.03",,,,,,,,58,3,"Sweeper",0,7,7,0,7,0,7,0,"Standard","Standard",62,"0.001","-0.064",,,,"0.064",,-7,7,0.008,0.992,28,25,29,25,2,3,5,1,5,3,"3.35","-1.05","-1.05","30.3",,,,,
"CH","2026-05-03","90.1","-1.51","5.61","Leiter, Jack",690993,683004,,"called_strike",,,,,9,,"R","L","R","DET","TEX","S",,,1,0,2026,"-0.83","0.96",0.6357720432462626,1.6185342045367188,,,,2,4,"Bot",,,,,,,7.092039095891012,-131.06525967090136,-5.8819973624026005,-10.98582647469228,24.83224644927708,-20.010660806523422,3.27792815,1.654281496,,,,"91.1",1420,"6.7",824285,543309,669394,669701,673962,608369,677649,694497,457705,"53.84",,,,,,,,26,2,"Changeup",0,0,0,0,0,0,0,0,"Infield shade","Standard",216,"-0.002","-0.054",,,,"0.054",,0,0,0.514,0.514,26,24,26,25,2,1,6,1,6,1,"1.82","0.83","-0.83","47.2",,,,,
"FF","2026-05-03","91.6","2.21","5.88","Suarez, Ranger",621043,624133,,"ball",,,,,14,,"R","R","L","BOS","HOU","B",,,1,2,2026,"0.43","1.09",0.9457227855751099,1.8147358222479857,,,,1,3,"Top",,,,,,,-4.061460482691725,-133.2977963953274,-6.544027365887722,5.974215667655514,27.221361159048396,-18.034655217486126,3.336729003,1.683956693,,,,"91.4",1928,"6",824769,665966,575929,691785,702332,655316,680776,678882,677800,"54.46",,,,,,,,19,5,"4-Seam Fastball",0,0,0,0,0,0,0,0,"Standard","Standard",131,"-0.002","0.048",,,,"-0.048",,0,0,0.53,0.47,30,31,31,32,2,1,6,1,,1,"1.62","0.43","-0.43","37.2",,,,,
"SI","2026-05-03","95","-1.29","6.29","Kochanowicz, Jack",665742,686799,,"called_strike",,,,,7,,"R","L","R","LAA","NYM","S",,,2,0,2026,"-1.2","0.22",-0.6625721976078132,1.535317280101395,,,666182,1,3,"Top",,,,,,,4.35103287190143,-138.19372888285818,-6.995008292181109,-16.3351437813314,31.902336864603708,-28.009812135659203,3.259498032,1.644980315,,,,"94.8",2063,"6.3",824043,665861,694384,687093,672724,687263,666139,545361,624585,"54.23",,,,,,,,19,3,"Sinker",1,0,0,1,0,1,0,1,"Infield shade","Standard",227,"0.009","-0.062",,,,"0.062",,1,-1,0.595,0.405,25,27,26,28,2,1,6,1,6,1,"2.32","1.2","-1.2","36.6",,,,,
"SI","2026-05-03","98.1","-2.39","5.16","Castillo, Luis",672580,622491,,"ball",,,,,14,,"R","R","R","SEA","KC","B",,,1,1,2026,"-1.31","0.35",0.8478490939272816,2.4470862514119807,,,664728,2,3,"Top",,,,,,,11.56469737809249,-142.57635279669802,-2.5497777460601116,-20.300499115185445,26.562490089995666,-27.042429301949046,3.262130906,1.646309055,,,,"97.6",2204,"5.6",823145,640902,647304,702284,660844,641487,668227,677594,656582,"54.86",,,,,,,,18,3,"Sinker",0,0,0,0,0,0,0,0,"Standard","Standard",244,"-0.003","0.054",,,,"-0.054",,0,0,0.531,0.469,33,26,34,26,2,1,6,1,6,1,"1.99","1.31","1.31","13.6",,,,,
"CU","2026-05-03","75.9","-1.54","5.07","Maton, Phil",678489,664208,"walk","ball",,,,,12,"Jorge Barrosa challenged (pitch result), call on the field was overturned: Jorge Barrosa walks. Lourdes Gurriel Jr. to 3rd. Jose Fernandez to 2nd.","R","L","R","CHC","AZ","B",,,3,2,2026,"1.64","-0.58",0.1588171685798121,3.0825074692946792,,666971,699912,2,7,"Top",,,,,,,0.5202947723115933,-110.39560060755583,4.312473204193645,13.147459330938952,22.138066975292382,-37.95570501655307,2.958472769,1.493061024,,,,"76.4",3062,"6.9",824687,608348,683737,663538,608324,621020,664023,691718,673548,"53.55",,0.704857,"0.7",1,0,0,,57,7,"Curveball",6,2,2,6,2,6,2,6,"Infield shade","Standard",63,"-0.025","0.195",,,,"-0.195",,4,-4,0.94,0.06000000000000005,33,25,33,25,1,2,2,1,1,4,"4.58","-1.64","1.64","27.4",,,,,
"CU","2026-05-03","84","-1.03","5.78","Klein, Will",676475,694361,,"called_strike",,,,,2,,"R","L","R","STL","LAD","S",,,1,0,2026,"1.14","-1.04",-0.2530177509996565,3.2559999317709964,,,691023,2,8,"Bot",,,,,,,-0.5143039714628916,-122.17572472842478,2.9227667641163797,11.411004567144037,26.30378978983941,-43.42943245658228,3.215616798,1.622834646,,,,"83.7",2561,"6.3",823065,687221,518692,690976,571970,500743,606192,681624,663656,"54.17",,,,,,,,65,2,"Curveball",0,3,0,3,3,0,0,3,"Infield shade","Standard",30,"-0.004","-0.05",,,,"0.05",,-3,-3,0.059,0.059,26,27,27,28,1,3,4,1,5,1,"4.3","-1.14","1.14","51.6",,,,,
"ST","2026-05-03","83","-3.22","5.2","Kelly, Zack",701358,677161,,"ball",,,,,14,,"R","R","R","BOS","HOU","B",,,0,0,2026,"1.39","0.21",1.1721427366800807,1.8123171635075086,669699,514888,694728,2,10,"Top",,,,,,,7.249642649501009,-120.64329432008478,-1.3611449267079707,11.725016672062036,27.795853604376923,-30.053062622663333,3.348138123,1.689714567,,,,"83.7",2667,"7.2",824769,665966,575929,691785,702332,643396,680776,678882,677800,"53.28",,,,,,,,82,1,"Sweeper",1,1,1,1,1,1,1,1,"Infield shade","Standard",68,"0.124","0.032",,,,"-0.032",,0,0,0.461,0.5389999999999999,31,23,31,23,1,4,2,1,3,1,"3.15","-1.39","-1.39","36.0",,,,,
"ST","2026-05-03","82.3","-3.53","4.81","Weissert, Greg",701358,669711,,"ball",,,,,14,,"R","R","R","BOS","HOU","B",,,1,1,2026,"1.36","0.8",0.9201867272032165,2.48164390717517,,,,2,6,"Top",,,,,,,7.196275303637271,-119.5083182664271,0.029691978041773592,10.966869748446992,29.35165175892345,-24.92426411606296,3.348138123,1.689714567,,,,"80.5",2952,"5.8",824769,665966,575929,691785,702332,655316,680776,678882,677800,"54.72",,,,,,,,47,3,"Sweeper",1,1,1,1,1,1,1,1,"Standard","Standard",74,"-0.003","0.053",,,,"-0.053",,0,0,0.56,0.43999999999999995,31,23,31,23,1,2,4,1,3,1,"2.65","-1.36","-1.36","11.2",,,,,
"SL","2026-05-03","83.6","2.08","5.51","Soto, Gregory",701398,642397,,"called_strike",,,,,8,,"R","R","L","PIT","CIN","S",,,0,0,2026,"-0.71","0.35",0.05192374748904105,1.8018079406503773,,,,2,9,"Top",,,,,,,-3.1718291185171164,-121.6369882320566,-2.553709178076237,-6.383803055625038,25.38839033746388,-28.4435364602164,3.239312664,1.634793307,,,,"83.4",2640,"6.3",823387,680779,687462,664040,693304,804606,663968,665833,656811,"54.16",,,,,,,,61,1,"Slider",1,0,0,1,0,1,0,1,"Standard","Standard",276,"0.006","-0.043",,,,"0.043",,1,-1,0.963,0.03700000000000003,31,22,31,23,1,3,1,1,3,1,"2.93","-0.71","0.71","33.3",,,,,
"ST","2026-05-03","81.8","3.64","5.25","Raley, Brooks",672724,548384,"strikeout","called_strike",,,,,6,"Oswald Peraza challenged (pitch result), call on the field was confirmed: Oswald Peraza called out on strikes.","R","R","L","LAA","NYM","S",2,,1,2,2026,"-1.51","0.26",0.7571366564234603,2.182510848958165,,,666176,2,9,"Bot",,,,,,,-3.440119508942865,-119.0329097597371,-0.5767122854484288,-13.491160319222036,25.69748942708445,-29.8776363950146,3.186655184,1.608218504,,,,"81.1",3004,"6.1",824043,620443,668901,543760,683146,666182,596103,621438,701807,"54.43",,0,"0",1,0,0,,75,4,"Sweeper",1,5,1,5,5,1,1,5,"Standard","Standard",288,"-0.005","-0.183",,,,"0.183",,-4,-4,0.005,0.005,38,26,38,26,1,3,2,1,3,1,"3.19","-1.51","1.51","26.7",,,,,
"FF","2026-05-03","95.8","-2.16","6.02","Blubaugh, AJ",678882,805123,"strikeout","called_strike",,,,,6,"Ceddanne Rafaela challenged (pitch result), call on the field was confirmed: Ceddanne Rafaela called out on strikes.","R","R","R","BOS","HOU","S",2,,2,2,2026,"-0.82","1.33",0.717878061770191,2.1081496793449235,,,,1,4,"Bot",,,,,,,9.396102470084278,-139.03535165678318,-7.5864858809199305,-12.633489646096145,29.541197504742073,-13.294413608194725,3.110301837,1.569685039,,,,"96.2",2181,"6.6",824769,543877,572233,514888,670623,621043,687957,694728,701358,"53.95",,0,"0",1,0,0,,32,5,"4-Seam Fastball",0,0,0,0,0,0,0,0,"Standard","Standard",212,"-0.017","-0.228",,,,"0.228",,0,0,0.53,0.53,25,25,26,26,1,1,3,1,5,1,"1.15","0.82","0.82","50.7",,,,,
"SL","2026-05-03","87.5","2.82","4.95","Scott, Tanner",686780,656945,"strikeout","called_strike",,,,,9,"Pedro Pagés challenged (pitch result), call on the field was confirmed: Pedro Pagés called out on strikes.","R","R","L","STL","LAD","S",2,,0,2,2026,"-0.58","-0.07",0.506285440999694,1.6656538956615048,,,,2,9,"Bot",,,,,,,-4.29165397877934,-127.52246770517065,-1.490102843672158,-5.5948789434259725,24.07495992752042,-32.88225886194407,3.174368438,1.602017717,,,,"88",2693,"6.3",823065,687221,518692,669289,571970,500743,606192,681624,663656,"54.2",,0,"0",1,0,0,,76,3,"Slider",1,4,1,4,4,1,1,4,"Standard","Standard",285,"-0.005","-0.16",,,,"0.16",,-3,-3,0.005,0.005,31,27,32,28,1,3,5,2,3,1,"3.02","-0.58","0.58","27.8",,,,,
"SI","2026-05-03","95.1","-3.43","5.13","Weissert, Greg",694728,669711,,"called_strike",,,,,7,,"R","R","R","BOS","HOU","S",,,0,0,2026,"-1.48","0.26",-0.7629654674715987,1.6490184682416165,572233,514888,,0,6,"Top",,,,,,,10.181916630854294,-138.17647543121421,-3.839865109796867,-21.222578460416617,30.02514769044294,-28.1586870695674,3.130487205,1.579872047,,,,"94.5",2177,"6",824769,665966,575929,691785,702332,655316,680776,678882,677800,"54.54",,,,,,,,46,1,"Sinker",1,0,0,1,0,1,0,1,"Strategic","Standard",239,"0.012","-0.064",,,,"0.064",,1,-1,0.434,0.5660000000000001,31,24,31,24,1,2,4,1,3,1,"2.26","1.48","1.48","18.2",,,,,
"SI","2026-05-03","91.7","-2.51","4.81","Topa, Justin",665489,623437,,"called_strike",,,,,9,,"R","R","R","MIN","TOR","S",,,3,1,2026,"-1.55","-0.19",0.6584846579969688,2.0459013791895306,,,,1,9,"Top",,,,,,,11.135810694686164,-133.21837202864936,-0.5460802744901668,-20.746357271879166,26.276950012350863,-34.57494643072589,3.208595801,1.619291339,,,,"90.7",2115,"5.6",823711,605170,665019,807712,668904,686797,663616,668885,681546,"54.9",,,,,,,,75,5,"Sinker",4,3,3,4,3,4,3,4,"Standard","Standard",257,"0.021","-0.087",,,,"0.087",,1,-1,0.875,0.125,35,27,35,27,1,4,1,1,3,1,"2.89","1.55","1.55","8.1",,,,,
"FS","2026-05-03","84.5","-3.28","4.38","Sandlin, Nick",621438,680704,,"called_strike",,,,,7,,"R","R","R","LAA","NYM","S",,,1,0,2026,"-0.73","-0.1",-0.8159800188786483,1.9971208162090952,,,,1,8,"Top",,,,,,,7.216192262737015,-122.82893961959824,1.303293440682485,-8.938177784200853,26.85068593495452,-33.7021139153457,3.231414042,1.630807087,,,,"84.8",1711,"6.8",824043,518595,694384,687093,672724,687263,666139,545361,624585,"53.72",,,,,,,,62,2,"Split-Finger",1,5,5,1,5,1,5,1,"Standard","Standard",264,"0","-0.049",,,,"0.049",,-4,4,0.04,0.96,29,32,29,32,1,3,2,1,,1,"3.32","0.73","0.73","14.5",,,,,
"CU","2026-05-03","75.2","-0.73","6.42","Civale, Aaron",682177,650644,,"called_strike",,,,,1,,"R","L","R","ATH","CLE","S",,,2,0,2026,"1.15","-1.13",-0.4354615950025693,3.2827412411561507,800050,,700932,2,1,"Top",,,,,,,-1.4365296198798305,-109.37744848182743,2.8564516575003447,9.467332652172296,19.881172303189103,-41.97959170380928,3.19718668,1.613533465,,,,"74",3079,"5.5",825013,642851,701762,643446,687231,805779,691016,680869,687515,"55.05",,,,,,,,5,3,"Curveball",0,0,0,0,0,0,0,0,"Standard","Standard",44,"0.005","-0.031",,,,"0.031",,0,0,0.492,0.508,31,29,31,29,1,0,5,2,6,1,"5.18","-1.15","1.15","46.9",,,,,
"SL","2026-05-03","90.2","-1.33","5.43","Vodnik, Victor",643289,680767,"walk","ball",,,,,11,"Mauricio Dubón challenged (pitch result), call on the field was overturned: Mauricio Dubón walks.","R","R","R","COL","ATL","B",,,3,2,2026,"0.2","-0.35",-0.40210982974887655,3.529858051214685,,,,1,8,"Top",,,,,,,1.8618992980160611,-131.5212530065925,2.0608479977580987,2.0440494294858502,23.62802669703402,-36.804367826749186,3.17085794,1.600246063,,,,"91.5",2394,"6.6",824364,664954,681198,666397,650489,678662,666160,664983,687859,"53.88",,0.704857,"0.7",1,0,0,,72,10,"Slider",5,8,8,5,8,5,8,5,"Standard","Standard",77,"-0.006","0.339",,,,"-0.339",,-3,3,0.077,0.923,26,31,27,32,1,4,3,1,5,1,"3.1","-0.2","-0.2","47.0",,,,,
"FF","2026-05-03","97.7","-1.55","6.45","Burns, Chase",668804,695505,,"ball",,,,,13,,"R","L","R","PIT","CIN","B",,,0,0,2026,"-0.32","1.64",-0.23330700086441297,1.490648356977227,,665833,,1,1,"Bot",,,,,,,4.242235568262471,-141.92627743706683,-11.466825575081444,-5.233539016772364,28.19372687077322,-7.640931859493348,3.284071522,1.65738189,,,,"98.2",2489,"6.4",823387,624431,668715,680574,701398,682829,668709,670770,666181,"54.15",,,,,,,,7,1,"4-Seam Fastball",0,0,0,0,0,0,0,0,"Standard","Standard",204,"0.002","0.028",,,,"-0.028",,0,0,0.567,0.567,23,31,23,31,1,0,5,1,6,2,"0.73","0.32","-0.32","52.3",,,,,
"FC","2026-05-03","86.9","-2.66","5.38","Smith, Burch",669701,572143,,"called_strike",,,,,1,,"R","L","R","DET","TEX","S",,,1,0,2026,"0.28","0.36",-0.7623657294011694,2.907094207653629,,,,2,9,"Top",,,,,,,3.9535427693996676,-126.61669060310265,-0.37795960746816337,2.282891188789918,23.024921389391807,-28.414515595971622,3.068175853,1.548425197,,,,"88.1",2313,"6.8",824285,668670,679529,701678,805808,670097,682985,663837,672761,"53.75",,,,,,,,68,2,"Cutter",7,1,1,7,1,7,1,7,"Standard","Standard",155,"0","-0.054",,,,"0.054",,6,-6,0.999,0.0010000000000000009,36,28,36,29,1,3,2,1,2,,"2.63","-0.28","0.28","30.5",,,,,
"FF","2026-05-03","93.2","-2.45","5.93","Cruz, Fernando",694212,518585,,"ball",,,,,13,,"R","L","R","NYY","BAL","B",,,2,0,2026,"-0.81","1.29",-1.019748878889696,2.5091073110596454,,,,0,7,"Top",,,,,,,5.493826848514023,-135.64637981315408,-5.783362238515729,-11.184350021430893,28.825555084502664,-15.131099874880146,3.393774606,1.712746063,,,,"94.3",2315,"6.9",823555,669224,502671,665862,641857,676609,641355,663757,592450,"53.63",,,,,,,,54,3,"4-Seam Fastball",4,3,3,4,3,4,3,4,"Infield shade","Standard",207,"-0.022","0.152",,,,"-0.152",,1,-1,0.671,0.32899999999999996,36,21,36,22,1,0,2,1,2,1,"1.32","0.81","-0.81","42.1",,,,,
"FF","2026-05-03","92.3","-0.71","5.26","Varland, Gus",596142,681402,,"called_strike",,,,,3,,"R","R","R","WSH","MIL","S",,,3,1,2026,"-0.44","1.32",0.7820587372526264,2.973499309938109,,,,1,9,"Top",,,,,,,4.7472291328246685,-134.3107262384198,-2.785896762250736,-6.293738828407479,28.971528723750918,-15.74294146842069,3.311277887,1.671112205,,,,"93.1",1903,"6.8",822742,660688,678554,683083,678391,682928,695734,696285,695578,"53.72",,,,,,,,61,5,"4-Seam Fastball",3,1,1,3,1,3,1,3,"Standard","Standard",204,"0.013","-0.087",,,,"0.087",,2,-2,0.942,0.05800000000000005,29,33,30,34,1,3,3,1,4,1,"1.35","0.44","0.44","55.9",,,,,
"FF","2026-05-03","94.5","-1.46","6.52","Morris, Andrew",660821,702193,,"ball",,,,,13,,"R","L","R","MIN","TOR","B",,,0,1,2026,"-0.42","1.37",-0.9373894523539998,2.277899760092079,,,672960,2,1,"Top",,,,,,,2.2982027292119547,-137.45444913099888,-8.21520527105903,-5.88097194980016,30.408949673637366,-13.158323581251024,3.334973753,1.683070866,,,,"94.3",2003,"6.2",823711,605170,665019,807712,668904,686797,663616,668885,670242,"54.34",,,,,,,,4,2,"4-Seam Fastball",0,0,0,0,0,0,0,0,"Standard","Standard",202,"-0.002","0.027",,,,"-0.027",,0,0,0.529,0.471,24,28,25,29,1,0,3,1,3,1,"1.18","0.42","-0.42","59.8",,,,,
"SL","2026-05-03","86.6","-0.95","5.33","Varland, Gus",596142,681402,,"ball",,,,,14,,"R","R","R","WSH","MIL","B",,,1,1,2026,"0.1","0.24",0.955381598317294,2.3046601849828923,,,,1,9,"Top",,,,,,,4.299285146725407,-126.17636062028949,-1.3875526700044252,0.31752963655361127,23.39540106874695,-29.4977401343104,3.311277887,1.671112205,,,,"87.6",2285,"6.7",822742,660688,678554,683083,678391,682928,695734,696285,695578,"53.83",,,,,,,,61,3,"Slider",3,1,1,3,1,3,1,3,"Standard","Standard",139,"-0.006","0.055",,,,"-0.055",,2,-2,0.964,0.03600000000000003,29,33,30,34,1,3,3,1,4,1,"2.77","-0.1","-0.1","53.7",,,,,
"SI","2026-05-03","89.6","3.43","4.94","Bruihl, Justin",500743,677865,"walk","ball",,,,,12,"Miguel Rojas challenged (pitch result), call on the field was overturned: Miguel Rojas walks.","R","R","L","STL","LAD","B",,,3,1,2026,"1.18","0.15",0.842363140177234,2.9823374327264967,,,,0,7,"Top",,,,,,,-8.832453963871405,-130.1300731135648,1.0802542334732301,15.32341835693986,29.310879372309593,-30.980420512158005,3.141018701,1.585187008,,,,"89.3",2019,"6.4",823065,686780,676475,802139,602104,691026,665877,701675,691023,"54.15",,0.704857,"0.7",1,0,0,,51,5,"Sinker",0,3,3,0,3,0,3,0,"Standard","Standard",119,"-0.008","0.262",,,,"-0.262",,-3,3,0.101,0.899,29,37,29,37,1,0,3,1,6,2,"2.72","1.18","-1.18","27.1",,,,,
"FF","2026-05-03","101.2","-1.26","6.33","Miller, Mason",805367,695243,,"called_strike",,,,,8,,"R","R","R","SD","CWS","S",,,2,1,2026,"-0.45","1.53",0.2596488987819214,1.57713859567304,,,,0,9,"Top",,,,,,,5.308547112198116,-146.97276380757887,-11.506344920981286,-7.630114924356093,31.04157723014607,-7.60424505181707,3.068175853,1.548425197,,,,"102.5",2654,"6.8",823307,666023,664034,630105,592518,593428,657656,701538,669369,"53.65",,,,,,,,65,4,"4-Seam Fastball",4,3,3,4,3,4,3,4,"Standard","Standard",202,"0.023","-0.073",,,,"0.073",,1,-1,0.823,0.17700000000000005,27,24,28,25,1,3,4,1,3,1,"0.69","0.45","0.45","44.2",,,,,
"SI","2026-05-03","97","1.65","5.96","Lynch IV, Daniel",647304,663738,,"called_strike",,,,,7,,"R","L","L","SEA","KC","S",,,1,1,2026,"1.13","0.87",-0.44539189591615735,1.78480291301411,,,677594,2,8,"Bot",,,,,,,-8.165502878404425,-140.9562336886757,-7.467373206549668,16.781861747681525,27.742775273935376,-19.175549863104607,3.110301837,1.569685039,,,,"97.7",2275,"6.5",823145,695600,686469,686681,672580,677951,686555,664728,695506,"54.05",,,,,,,,65,3,"Sinker",1,4,1,4,4,1,1,4,"Standard","Standard",148,"-0.006","-0.073",,,,"0.073",,-3,-3,0.055,0.055,29,29,30,29,1,3,2,1,2,1,"1.54","1.13","1.13","41.4",,,,,
"ST","2026-05-03","81.6","3.4","4.9","Hudson, Bryan",609280,663542,,"called_strike",,,,,4,,"R","R","L","SD","CWS","S",,,1,0,2026,"-1.14","-0.59",-0.6954814259333455,2.345473511335346,,,657656,0,8,"Bot",,,,,,,-6.912598841783759,-118.54971285393674,2.304482787381139,-9.304057210425505,24.133947630637046,-38.46066217456277,3.191043307,1.610433071,,,,"82.2",2134,"6.9",823307,691011,808959,805367,695657,682668,803011,671976,656537,"53.58",,,,,,,,60,2,"Sweeper",3,3,3,3,3,3,3,3,"Standard","Standard",307,"-0.012","-0.048",,,,"0.048",,0,0,0.679,0.679,29,31,29,31,1,3,1,1,2,1,"4.05","-1.14","1.14","11.1",,,,,
"FF","2026-05-03","93.4","-2.25","5.1","Santillan, Tony",687462,663574,,"called_strike",,,,,8,,"R","L","R","PIT","CIN","S",,,1,0,2026,"-0.65","1.15",0.20790106024066146,1.7860700101908036,,,695257,0,8,"Bot",,,,,,,7.664219334688549,-135.8631954041621,-5.120709041846414,-9.731167820704767,29.20177299608543,-16.989297006061207,3.133120079,1.581200787,,,,"92.9",2313,"6",823387,624431,668715,680574,701398,682829,668709,670770,666181,"54.52",,,,,,,,53,2,"4-Seam Fastball",0,0,0,0,0,0,0,0,"Standard","Standard",232,"-0.012","-0.048",,,,"0.048",,0,0,0.679,0.679,29,28,29,29,1,2,3,1,2,3,"1.46","0.65","-0.65","23.1",,,,,
"CH","2026-05-02","84.3","2.49","5.46","Weathers, Ryan",677942,677960,"strikeout","called_strike",,,,,2,"Blaze Alexander challenged (pitch result), call on the field was confirmed: Blaze Alexander called out on strikes.","R","R","L","NYY","BAL","S",2,,3,2,2026,"0.69","-0.04",0.13116692960487186,3.251230666131256,,,,2,5,"Top",,,,,,,-6.728604221617626,-122.58996600964676,1.481867082347773,8.317666618034249,24.249914923159913,-33.07283092446862,3.178756562,1.604232283,,,,"83.5",1906,"5.8",823554,641555,700250,665862,641857,676609,641355,663757,592450,"54.73",,0,"0",1,0,0,,39,6,"Changeup",5,1,1,5,1,5,1,5,"Strategic","Standard",115,"0.007","-0.328",,,,"0.328",,4,-4,0.924,0.07599999999999996,26,27,27,27,2,1,7,1,9,1,"3.25","0.69","-0.69","33.9",,,,,
"SI","2026-05-02","93.5","-4","5.12","McLean, Nolan",518595,690997,,"called_strike",,,,,7,,"R","R","R","LAA","NYM","S",,,0,0,2026,"-1.52","0.48",-0.3501513147438713,1.5748208828651058,687093,,672724,2,4,"Bot",,,,,,,12.698809333314118,-135.60817811891542,-4.215056178226451,-21.591353362026098,29.54541477286673,-25.4603372435605,3.194553806,1.612204724,,,,"93.4",2039,"6.4",824042,682626,668901,543760,666182,677595,628451,621438,596103,"54.07",,,,,,,,33,1,"Sinker",3,1,3,1,1,3,3,1,"Standard","Standard",235,"-0.005","-0.035",,,,"0.035",,2,2,0.786,0.786,24,37,25,37,2,1,6,1,6,2,"2.14","1.52","1.52","32.7",,,,,
"FC","2026-05-02","86.2","3.65","5.35","Lopez, Jacob",677587,682052,,"ball",,,,,11,,"R","R","L","ATH","CLE","B",,,0,1,2026,"0.15","0.72",-0.27177728532397144,3.190836074215901,,595978,,0,5,"Top",,,,,,,-9.585699536816081,-125.1336112924876,-0.16592734007755172,3.5586779732724736,25.78833991976132,-24.82625934083601,3.068175853,1.548425197,,,,"86.8",2203,"6.9",825014,669127,701762,643446,687231,805779,691016,671732,666126,"53.63",,,,,,,,36,2,"Cutter",3,1,1,3,1,3,1,3,"Strategic","Standard",142,"-0.005","0.026",,,,"-0.026",,2,-2,0.683,0.31699999999999995,28,25,28,25,2,1,6,1,6,1,"2.37","0.15","-0.15","24.1",,,,,
"CH","2026-05-02","86.1","1.61","5.95","Prielipp, Connor",664702,687570,,"ball",,,,,13,,"R","R","L","MIN","TOR","B",,,1,0,2026,"1.1","0.5",-0.8581096730252473,2.2112556990349685,,662139,,2,4,"Top",,,,,,,-7.98843036220153,-125.21258214992896,-3.468708115370443,13.154634141201717,23.788659394786333,-26.37787888653188,3.073441601,1.551082677,,,,"85.7",1856,"5.9",823715,680777,665019,807712,656484,686797,663616,621439,670242,"54.59",,,,,,,,30,2,"Changeup",3,2,2,3,2,3,2,3,"Standard","Standard",123,"-0.003","0.028",,,,"-0.028",,1,-1,0.642,0.358,25,31,25,32,2,1,5,3,6,1,"2.56","1.1","-1.1","37.4",,,,,
"FF","2026-05-02","94.8","-1.15","6.19","Nelson, Ryne",691718,669194,,"called_strike",,,,,7,,"R","L","R","CHC","AZ","S",,,2,0,2026,"-0.34","1.53",-0.42122460107248944,1.6840811343173134,,,,0,4,"Bot",,,,,,,2.6720279549740056,-137.80183290368254,-9.357214669321506,-4.924481855851379,32.692198321895255,-10.79956212927297,3.202452428,1.616190945,,,,"95.4",2316,"6.8",824685,543510,545121,606466,699912,672695,666971,678489,682998,"53.65",,,,,,,,29,3,"4-Seam Fastball",1,0,1,0,0,1,1,0,"Infield shade","Standard",193,"-0.007","-0.072",,,,"0.072",,1,1,0.695,0.695,28,24,28,24,2,1,6,1,6,1,"1.03","0.34","-0.34","51.9",,,,,
"CH","2026-05-02","85","2.83","4.96","Harrison, Kyle",696285,690986,,"ball",,,,,14,,"R","R","L","WSH","MIL","B",,,0,1,2026,"0.68","-0.59",0.43899854373852343,1.3263804378109714,,,682928,1,4,"Bot",,,,,,,-6.960072133076103,-123.6545790390059,-0.7826842018421638,8.297253578486172,23.392000916623843,-38.35568424430719,3.187532808,1.608661417,,,,"85.9",1258,"6.8",822746,596142,641343,668930,650859,687401,663604,669003,686217,"53.74",,,,,,,,32,2,"Changeup",1,3,1,3,3,1,1,3,"Standard","Standard",83,"0.004","0.019",,,,"-0.019",,-2,-2,0.309,0.309,24,26,25,27,2,1,6,1,7,1,"3.74","0.68","-0.68","28.4",,,,,
"KC","2026-05-02","81","-2.23","6.14","Burke, Sean",657757,680732,,"ball",,,,,13,,"R","L","R","SD","CWS","B",,,1,2,2026,"0.59","-1.21",-0.844965123273442,1.8024244216205076,,,,2,4,"Bot",,,,,,,1.911502708510063,-117.77164639941687,-0.28837961525477573,4.9785089998636884,27.190455650440555,-43.45062491394095,3.350770997,1.691043307,,,,"81",2552,"6.8",823308,700337,808959,805367,678246,695657,803011,671976,672284,"53.7",,,,,,,,28,5,"Knuckle Curve",0,0,0,0,0,0,0,0,"Infield shade","Standard",23,"0.002","0.042",,,,"-0.042",,0,0,0.509,0.509,26,30,27,30,2,1,6,4,6,1,"4.75","-0.59","0.59","42.5",,,,,
"FF","2026-05-02","91.8","2.69","5.82","Griffin, Foster",669003,656492,"strikeout","called_strike",,,,,4,"Garrett Mitchell challenged (pitch result), call on the field was confirmed: Garrett Mitchell called out on strikes.","R","L","L","WSH","MIL","S",2,,3,2,2026,"0.04","1.23",-0.7190598949030222,2.663337092780761,,,,1,2,"Top",,,,,,,-8.618118462992596,-133.3483445792267,-4.6345387587901445,2.3432621289735605,28.332804786553673,-16.693395142588727,3.292847769,1.661811024,,,,"92",2069,"6.5",822746,660688,678554,683083,691781,682928,695578,696285,686894,"54.02",,0,"0",1,0,0,,13,6,"4-Seam Fastball",0,3,3,0,3,0,3,0,"Infield shade","Standard",146,"0.012","-0.332",,,,"0.332",,-3,3,0.234,0.766,30,27,31,28,2,1,6,1,6,1,"1.48","0.04","0.04","46.3",,,,,
"SV","2026-05-02","77.1","-2.12","5.63","Lugo, Seth",647304,607625,,"ball",,,,,13,,"R","L","R","SEA","KC","B",,,0,2,2026,"1.6","-0.75",-0.8523801183490458,1.6549788624915722,,,,1,3,"Bot",,,,,,,-0.28493762613025514,-112.25567575296151,0.21819631586050114,13.386979532905855,23.67570693085952,-38.702719670213014,3.110301837,1.569685039,,,,"75.6",3320,"5.6",823144,695600,686469,686681,672580,677951,686555,664728,695506,"54.93",,,,,,,,24,3,"Slurve",1,1,1,1,1,1,1,1,"Strategic","Standard",47,"0.002","0.017",,,,"-0.017",,0,0,0.523,0.523,36,29,37,29,2,1,6,1,5,1,"4.63","-1.6","1.6","30.6",,,,,
"CH","2026-05-02","90.9","-0.81","5.46","Jax, Griffin",687551,643377,,"ball",,,,,14,,"R","L","R","TB","SF","B",,,1,0,2026,"-1.56","0.36",0.38459060781357923,1.3227821326540101,,,,0,3,"Top",,,,,,,6.352254442559713,-131.9908687117991,-4.857824928975236,-19.63527254431955,33.07472587854437,-27.04477555423465,3.059399606,1.543996063,,,,"89.9",1733,"6.2",822988,676439,666018,680700,691406,670764,802415,656775,676356,"54.31",,,,,,,,15,2,"Changeup",0,0,0,0,0,0,0,0,"Standard","Standard",230,"-0.008","0.077",,,,"-0.077",,0,0,0.496,0.504,31,25,32,26,1,0,6,1,5,1,"2.45","1.56","-1.56","47.7",,,,,
"FC","2026-05-02","87.3","-2.1","5.78","Lugo, Seth",647304,607625,,"called_strike",,,,,7,,"R","L","R","SEA","KC","S",,,0,1,2026,"-0.22","0.97",-0.797144602554062,1.6570629351615083,,,,1,3,"Bot",,,,,,,3.531968327041129,-127.2045262367151,-5.6131216600330625,-3.0333808123611257,22.411873170733404,-20.74983663717267,3.110301837,1.569685039,,,,"87.1",2300,"5.8",823144,695600,686469,686681,672580,677951,686555,664728,695506,"54.73",,,,,,,,24,2,"Cutter",1,1,1,1,1,1,1,1,"Standard","Standard",212,"-0.004","-0.052",,,,"0.052",,0,0,0.527,0.527,36,29,37,29,2,1,6,1,5,1,"1.98","0.22","-0.22","31.8",,,,,
"SL","2026-05-02","86.6","1.66","5.94","Prielipp, Connor",676914,687570,"strikeout","called_strike",,,,,3,"Davis Schneider challenged (pitch result), call on the field was confirmed: Davis Schneider called out on strikes.","R","R","L","MIN","TOR","S",2,,3,2,2026,"-0.24","0.4",0.5359601556126159,3.048469190808136,,,,2,2,"Top",,,,,,,-2.1345357656951256,-126.25546885098701,-1.3978400037553207,-2.217884757729888,23.769104199158733,-27.84675300579612,3.045357612,1.536909449,,,,"86.2",2737,"5.7",823715,680777,665019,807712,656484,686797,663616,621439,670242,"54.76",,0,"0",1,0,0,,12,6,"Slider",1,2,2,1,2,1,2,1,"Infield shade","Standard",254,"0.012","-0.328",,,,"0.328",,-1,1,0.431,0.569,25,27,25,27,1,0,5,2,6,4,"2.61","-0.24","0.24","40.1",,,,,
"SI","2026-05-02","95.3","-1.95","5.86","Blackburn, Paul",677942,621112,"strikeout","called_strike",,,,,6,"Blaze Alexander challenged (pitch result), call on the field was confirmed: Blaze Alexander called out on strikes.","R","R","R","NYY","BAL","S",2,,1,2,2026,"-1.27","1.13",0.6726963482514072,2.134414808385001,,,,2,9,"Top",,,,,,,9.696337988922037,-138.35237121335535,-6.514658979397213,-18.49450548662035,29.726268857655057,-16.306215791630567,3.178756562,1.604232283,,,,"95.3",2186,"6.3",823554,641555,700250,665862,641857,676609,641355,663757,592450,"54.15",,0,"0",1,0,0,,75,5,"Sinker",9,4,4,9,4,9,4,9,"Strategic","Standard",207,"0.001","-0.182",,,,"0.182",,5,-5,0.999,0.0010000000000000009,32,27,33,27,1,3,6,1,2,1,"1.38","1.27","1.27","42.7",,,,,
"FF","2026-05-02","94.9","1.66","6.1","Prielipp, Connor",676914,687570,,"ball",,,,,12,,"R","R","L","MIN","TOR","B",,,0,0,2026,"0.76","1.41",0.8558125808302302,2.4923529102202457,,,,2,2,"Top",,,,,,,-3.7708575832441285,-138.08031798623148,-6.687740612553912,10.608412905578374,31.79400068722492,-12.851317081866341,3.045357612,1.536909449,,,,"94",2271,"5.8",823715,680777,665019,807712,656484,686797,663616,621439,670242,"54.69",,,,,,,,12,1,"4-Seam Fastball",1,2,2,1,2,1,2,1,"Standard","Standard",141,"-0.001","0.037",,,,"-0.037",,-1,1,0.433,0.567,25,27,25,27,1,0,5,2,6,4,"1.13","0.76","-0.76","41.2",,,,,
"SI","2026-05-02","95.4","-0.94","6.26","Nelson, Ryne",665804,669194,,"ball",,,,,12,,"R","R","R","CHC","AZ","B",,,0,1,2026,"-0.58","1.71",0.8433831577292301,2.8106670262418945,,,,0,3,"Bot",,,,,,,6.001198900502934,-138.70735826090737,-7.152877023154484,-8.914491644885898,31.919563350707094,-8.664219886167967,3.248966535,1.639665354,,,,"95.9",2273,"6.7",824685,543510,545121,606466,699912,672695,666971,678489,682998,"53.83",,,,,,,,19,2,"Sinker",1,0,1,0,0,1,1,0,"Standard","Standard",192,"0.002","0.031",,,,"-0.031",,1,1,0.666,0.666,28,27,28,27,1,0,6,3,6,3,"0.8","0.58","0.58","55.4",,,,,
"FF","2026-05-02","96.5","-1.92","5.64","Morales, Luis",608070,806960,"strikeout","called_strike",,,,,7,"José Ramírez challenged (pitch result), call on the field was confirmed: José Ramírez called out on strikes.","R","L","R","ATH","CLE","S",2,,0,2,2026,"-0.66","1.22",-0.5751987405233383,1.6542293753330846,,677587,680757,1,8,"Top",,,,,,,5.0516663195116065,-140.35888389439367,-7.587770548568575,-9.91417356878531,31.736815084007823,-14.5582794656977,3.034826116,1.531594488,,,,"96.1",2545,"6.1",825014,669127,701762,643446,687231,805779,691016,671732,666126,"54.4",,0,"0",1,0,0,,71,3,"4-Seam Fastball",5,9,9,5,9,5,9,5,"Infield shade","Standard",214,"0.004","-0.16",,,,"0.16",,-4,4,0.033,0.967,23,33,24,34,1,4,28,1,,1,"1.23","0.66","-0.66","44.3",,,,,
"ST","2026-05-02","86.8","-2.39","5.54","Zeferjahn, Ryan",682626,666171,,"ball",,,,,14,,"R","R","R","LAA","NYM","B",,,2,1,2026,"1.28","0.46",0.9879520749790069,1.8569763939160295,669004,,665742,2,10,"Top",,,,,,,5.336273472387165,-126.27113763729668,-3.265318153270065,12.238406661644055,29.723040875628474,-26.81354855169247,3.120833333,1.575,,,,"86.7",2829,"6.6",824042,665861,694384,687093,672724,687263,666139,545361,666176,"53.88",,,,,,,,78,4,"Sweeper",3,3,3,3,3,3,3,3,"Standard","Standard",79,"-0.027","0.065",,,,"-0.065",,0,0,0.662,0.33799999999999997,28,24,28,25,1,4,3,1,3,2,"2.61","-1.28","-1.28","35.8",,,,,
"ST","2026-05-02","83.8","-2.19","5.64","Morales, Luis",682657,806960,,"called_strike",,,,,4,,"R","L","R","ATH","CLE","S",,,1,1,2026,"1.24","0.69",-0.7509833326027198,2.491106439144667,,677587,680757,0,8,"Top",,,,,,,0.7921147031940408,-122.06226295329922,-2.0183025153529908,12.185926548679976,25.341694952971316,-25.066850961736403,3.177878937,1.60378937,,,,"83.2",2760,"5.9",825014,669127,701762,643446,687231,805779,691016,671732,666126,"54.57",,,,,,,,70,3,"Sweeper",5,9,9,5,9,5,9,5,"Standard","Standard",88,"0.002","-0.065",,,,"0.065",,-4,4,0.024,0.976,23,24,24,24,1,4,28,1,,2,"2.56","-1.24","1.24","42.8",,,,,
"FF","2026-05-02","97.1","0.16","6.8","Megill, Trevor",682928,656730,,"ball",,,,,13,,"R","L","R","WSH","MIL","B",,,2,1,2026,"-0.17","1.57",-0.07310118310524934,1.3698456544050823,,,,2,8,"Bot",,,,,,,-0.2103853075275473,-141.06347179608446,-12.399538546745879,-2.224010526876349,29.572599061327296,-8.728752285539471,3.222637795,1.626377953,,,,"97.6",2290,"6.5",822746,596142,641343,668930,666152,687401,663604,669003,686217,"54.02",,,,,,,,69,4,"4-Seam Fastball",1,4,1,4,4,1,1,4,"Strategic","Standard",194,"0.004","0.117",,,,"-0.117",,-3,-3,0.044,0.044,32,25,33,26,1,3,2,1,4,1,"0.84","0.17","-0.17","57.8",,,,,
"SI","2026-05-02","93","-2.02","5.65","Bazardo, Eduard",686469,660825,,"called_strike",,,,,9,,"R","L","R","SEA","KC","S",,,0,1,2026,"-1.08","1.1",0.5096902117889168,1.6265846080762203,,,,2,8,"Top",,,,,,,8.72790608902347,-135.12596280402946,-6.695895923254748,-15.165335594365455,29.09885517540942,-17.347644065972446,3.363057743,1.697244095,,,,"92.3",2164,"5.9",823144,641598,647304,702284,660844,641487,668227,677594,670042,"54.59",,,,,,,,59,2,"Sinker",2,1,1,2,1,2,1,2,"Standard","Standard",205,"0.007","-0.057",,,,"0.057",,1,-1,0.844,0.15600000000000003,30,28,31,29,1,3,3,1,2,1,"1.54","1.08","-1.08","41.0",,,,,
"SL","2026-05-02","89","-0.11","6.27","Ashcraft, Graham",668804,668933,,"ball",,,,,12,,"R","L","R","PIT","CIN","B",,,0,1,2026,"0.8","0.06",0.26951240639932184,3.5159688869629244,,,664040,2,5,"Bot",,,,,,,-0.7779992092378794,-129.7172444002863,-0.6944558189828245,9.201833577816625,26.766031798225224,-31.515047861257056,3.284071522,1.65738189,,,,"88.4",2825,"5.8",823388,663886,668715,701398,663647,680574,668709,670770,666181,"54.69",,,,,,,,64,2,"Slider",15,4,15,4,4,15,15,4,"Infield shade","Standard",51,"0","0.027",,,,"-0.027",,11,11,0.999,0.999,28,31,28,31,1,4,4,1,2,1,"2.8","-0.8","0.8","53.9",,,,,
"KC","2026-05-02","87.3","-1.73","6.27","Brown, Ben",606466,676962,,"ball",,,,,13,,"R","L","R","CHC","AZ","B",,,2,2,2026,"0.34","-0.33",-0.8307680845640755,1.7036523211506411,,,,1,8,"Top",,,,,,,1.4222944984234467,-127.10218324781006,-3.8844283536142727,3.394227168184331,26.675240282981598,-35.15969701817225,3.218249672,1.624163386,,,,"87.6",2399,"6.5",824685,665804,683737,807713,608324,621020,664023,691718,673548,"54.02",,,,,,,,57,5,"Knuckle Curve",1,0,0,1,0,1,0,1,"Infield shade","Standard",69,"-0.015","0.104",,,,"-0.104",,1,-1,0.805,0.19499999999999995,26,32,27,33,1,3,3,1,2,1,"3.32","-0.34","0.34","37.6",,,,,
"FF","2026-05-02","94.8","-2.11","5.38","Teng, Kai-Wei",678882,678906,,"called_strike",,,,,6,,"R","R","R","BOS","HOU","S",,,0,1,2026,"-0.99","1.19",0.8194353443138649,2.1185212891607357,677800,596115,643396,2,7,"Bot",,,,,,,9.811997135977203,-137.67580468171175,-5.301711120321051,-14.86348409609062,32.2305036836164,-16.075107440172076,3.110301837,1.569685039,,,,"94.5",2492,"6.4",824771,673237,572233,514888,670623,621043,687957,694728,701358,"54.15",,,,,,,,67,2,"4-Seam Fastball",3,6,3,6,6,3,3,6,"Standard","Standard",235,"-0.025","-0.05",,,,"0.05",,-3,-3,0.158,0.158,27,25,28,26,1,3,4,1,2,1,"1.37","0.99","0.99","25.6",,,,,
"SI","2026-05-02","92.2","-1.76","4.71","Criswell, Cooper",672580,681867,,"ball",,,,,13,,"R","R","R","SEA","KC","B",,,0,0,2026,"-1.31","-0.42",-0.8709436641295456,1.9803487119604046,686681,,,1,10,"Top",,,,,,,5.155027699929774,-134.2443373924298,0.02410651612242698,-16.958862151034864,29.457607995514028,-37.48785192999897,3.262130906,1.646309055,,,,"92.5",2137,"6.5",823144,641598,647304,702284,660844,641487,668227,677594,656582,"54.02",,,,,,,,72,1,"Sinker",2,2,2,2,2,2,2,2,"Infield shade","Standard",260,"0.186","0.026",,,,"-0.026",,0,0,0.324,0.6759999999999999,29,26,30,26,1,4,3,1,4,1,"3.1","1.31","1.31","5.5",,,,,
"CU","2026-05-02","80.7","-2.19","5.57","Teng, Kai-Wei",807799,678906,,"ball",,,,,14,,"R","L","R","BOS","HOU","B",,,0,0,2026,"1.35","-0.66",0.9763098601231919,2.25928235094538,,677800,596115,2,7,"Bot",,,,,,,4.317653761328349,-117.37591668623037,0.9017215729595698,11.334502664296295,25.838675078451246,-38.660480245986854,3.021661745,1.524950787,,,,"79.9",2454,"6.1",824771,673237,572233,514888,670623,621043,687957,694728,701358,"54.36",,,,,,,,66,1,"Curveball",3,6,3,6,6,3,3,6,"Infield shade","Standard",38,"0.005","0.024",,,,"-0.024",,-3,-3,0.125,0.125,27,32,28,33,1,0,4,4,2,1,"4.21","-1.35","1.35","34.4",,,,,
"FF","2026-05-01","92.1","-3.35","5.52","Warren, Will",694212,701542,,"ball",,,,,13,,"R","L","R","NYY","BAL","B",,,1,0,2026,"-0.69","1.28",-0.03822793817599668,1.3813006491667212,,,624413,1,7,"Top",,,,,,,9.825374936449839,-133.57020817334146,-7.180012300729472,-10.488429755641832,30.91929045040483,-15.411794995729034,3.393774606,1.712746063,,,,"91.7",2386,"6.4",823557,669224,502671,665862,642708,676609,641355,663757,592450,"54.07",,,,,,,,50,2,"4-Seam Fastball",5,1,1,5,1,5,1,5,"Infield shade","Standard",226,"-0.007","0.068",,,,"-0.068",,4,-4,0.936,0.06399999999999995,27,21,27,22,3,2,7,1,5,1,"1.44","0.69","-0.69","31.6",,,,,
"CH","2026-05-01","87.3","0.89","6.45","Liberatore, Matthew",669257,669461,"walk","ball",,,,,14,"Will Smith challenged (pitch result), call on the field was overturned: Will Smith walks. Freddie Freeman to 2nd.","R","R","L","STL","LAD","B",,,3,2,2026,"1.26","0.64",0.24168598817846,1.4027121099644169,,,518692,1,6,"Top",,,,,,,-4.158260887713927,-126.91047291160505,-7.0141721353804,14.496950218274016,26.74349883341542,-24.006352462074748,3.137508202,1.583415354,,,,"86.9",1702,"6.2",823066,686780,676475,802139,669357,691026,701675,687363,691023,"54.34",,0.704857,"0.7",1,0,0,,44,6,"Changeup",4,1,1,4,1,4,1,4,"Standard","Standard",135,"-0.039","0.266",,,,"-0.266",,3,-3,0.852,0.14800000000000002,26,31,27,31,3,2,6,2,6,1,"2.36","1.26","-1.26","42.9",,,,,
"SI","2026-05-01","92.9","-1.27","5.67","Ginn, J.T.",800050,669372,,"called_strike",,,,,7,,"R","L","R","ATH","CLE","S",,,2,1,2026,"-1.04","0.34",-0.7440105444164067,1.7446327265063877,,,680757,0,5,"Top",,,,,,,3.6858910413305006,-135.13288742600187,-4.757473734827382,-13.565977362380766,32.94519668812261,-27.08549636310774,3.339361877,1.685285433,,,,"93.1",1850,"6.7",825012,669127,701762,643446,687231,805779,691016,680869,687515,"53.81",,,,,,,,40,4,"Sinker",4,2,2,4,2,4,2,4,"Infield shade","Standard",224,"0.015","-0.078",,,,"0.078",,2,-2,0.694,0.30600000000000005,27,24,27,25,3,2,5,2,6,1,"2.33","1.04","-1.04","41.7",,,,,
"FF","2026-05-01","93.8","1","6.31","Ragans, Cole",660844,666142,"strikeout","called_strike",,,,,6,"Leo Rivas challenged (pitch result), call on the field was confirmed: Leo Rivas called out on strikes.","R","R","L","SEA","KC","S",2,,3,2,2026,"1.24","1.42",0.7048500913115519,2.210112342550711,,,,0,5,"Bot",,,,,,,-3.526872600266496,-136.47731980744052,-7.830980906225153,16.350199222861157,28.042098631384622,-12.857829158099776,3.006742126,1.51742126,,,,"93.6",2577,"6.1",823146,521692,686469,686681,672580,677951,686555,664728,695506,"54.44",,0,"0",1,0,0,,38,6,"4-Seam Fastball",3,4,3,4,4,3,3,4,"Standard","Standard",131,"-0.041","-0.345",,,,"0.345",,-1,-1,0.423,0.423,28,28,29,29,2,1,6,3,5,1,"1.15","1.24","-1.24","41.1",,,,,
"FF","2026-05-01","95.1","-2.56","5.75","Holmes, Grant",696100,656550,"strikeout","called_strike",,,,,3,"Hunter Goodman challenged (pitch result), call on the field was confirmed: Hunter Goodman called out on strikes.","R","R","R","COL","ATL","S",2,,0,2,2026,"-0.53","1.02",0.7783031391664629,2.7396252602285944,,,,2,4,"Bot",,,,,,,9.778991478127272,-138.26057815076723,-4.430333484887395,-8.67967504846419,25.500290373394808,-18.221670996309786,3.178756562,1.604232283,,,,"95.2",2387,"6",824366,641680,621566,645277,663586,622761,642201,643289,660670,"54.48",,0,"0",1,0,0,,37,3,"4-Seam Fastball",6,1,6,1,1,6,6,1,"Strategic","Standard",209,"-0.002","-0.16",,,,"0.16",,5,5,0.938,0.938,30,26,30,27,3,2,7,1,11,1,"1.47","0.53","0.53","40.9",,,,,
"FF","2026-05-01","96.8","0.47","6.09","McClanahan, Shane",642715,663556,"strikeout","called_strike",,,,,7,"Willy Adames challenged (pitch result), call on the field was confirmed: Willy Adames called out on strikes.","R","R","L","TB","SF","S",2,,3,2,2026,"1.02","1.32",-0.8192217443426009,1.610510004129852,,,646240,0,5,"Top",,,,,,,-5.797330432841571,-140.4694878098851,-9.158379335350197,14.910485697840183,36.64047058091707,-12.661945712175353,3.22351542,1.626820866,,,,"96.6",2252,"6.7",822990,663743,668723,810938,691406,670764,802415,676356,641584,"53.85",,0,"0",1,0,0,,29,6,"4-Seam Fastball",2,0,0,2,0,2,0,2,"Infield shade","Standard",144,"0.056","-0.315",,,,"0.315",,2,-2,0.691,0.30900000000000005,29,30,29,31,2,1,6,1,5,1,"1.15","1.02","-1.02","39.5",,,,,
"FF","2026-05-01","97.2","-3.14","5.25","Scott, Christian",624585,681035,,"called_strike",,,,,7,,"R","R","R","LAA","NYM","S",,,0,1,2026,"-0.91","1.15",-0.5924582018010414,1.9169125283717687,,,,2,3,"Bot",,,,,,,8.95727512395663,-141.22021795594603,-5.907198990255659,-14.258580018797124,33.05581029787723,-15.634354939985629,3.354281496,1.692814961,,,,"98.1",,"6.9",824041,682626,683146,543760,666182,677595,665742,621438,701807,"53.57",,,,,,,,22,2,"4-Seam Fastball",3,0,3,0,0,3,3,0,"Standard","Strategic",,"-0.001","-0.057",,,,"0.057",,3,3,0.818,0.818,27,34,27,34,2,1,8,2,6,1,"1.28","0.91","0.91","25.9",,,,,
"FF","2026-05-01","90.3","0.41","5.92","Cantillo, Joey",687231,676282,,"called_strike",,,,,1,,"R","R","L","ATH","CLE","S",,,2,1,2026,"0.24","1.33",-0.7287577166617039,3.301768989881527,,,,0,4,"Bot",,,,,,,-3.3660540406860977,-131.47547665082726,-3.2658369685367754,3.5609078231407953,29.32654585428583,-16.331758770366747,3.185777559,1.607775591,,,,"91.4",1780,"7.1",825012,666310,700932,683953,608070,677587,680757,682177,800050,"53.45",,,,,,,,32,4,"4-Seam Fastball",2,2,2,2,2,2,2,2,"Standard","Standard",158,"-0.008","-0.073",,,,"0.073",,0,0,0.564,0.564,26,24,27,25,2,1,6,1,5,1,"1.48","0.24","-0.24","56.8",,,,,
"FF","2026-05-01","95.5","0.5","6.26","McClanahan, Shane",642715,663556,,"ball",,,,,11,,"R","R","L","TB","SF","B",,,0,0,2026,"0.83","1.46",-0.9391736509986869,2.8374025391660553,,,646240,0,5,"Top",,,,,,,-5.648666456766641,-138.71093155216238,-6.444922648050831,12.034257568605161,35.28256352059048,-12.040621302929216,3.22351542,1.626820866,,,,"95.2",2282,"6.5",822990,663743,668723,810938,691406,670764,802415,676356,641584,"53.98",,,,,,,,29,1,"4-Seam Fastball",2,0,0,2,0,2,0,2,"Infield shade","Standard",144,"-0.008","0.04",,,,"-0.04",,2,-2,0.702,0.29800000000000004,29,30,29,31,2,1,6,1,5,1,"1.07","0.83","-0.83","42.0",,,,,
"SI","2026-05-01","90","-2.27","5.09","Flaherty, Jack",608369,656427,,"ball",,,,,13,,"R","L","R","DET","TEX","B",,,0,0,2026,"-1.01","0.86",-0.11169790714684358,1.4244014613613412,,607043,694497,0,3,"Top",,,,,,,7.489114238335877,-130.76693325119788,-4.734289666076842,-13.246964200797683,28.60843435168314,-21.48730316974082,3.37183399,1.701673228,,,,"90.1",1921,"6.5",824287,693307,679529,650402,701678,805808,663330,663837,672761,"53.96",,,,,,,,20,1,"Sinker",0,2,2,0,2,0,2,0,"Standard","Standard",209,"-0.005","0.045",,,,"-0.045",,-2,2,0.22,0.78,30,32,31,32,2,1,6,2,5,1,"1.97","1.01","-1.01","26.2",,,,,
"SL","2026-05-01","89.6","-2.7","5.94","Gallen, Zac",664023,668678,,"called_strike",,,,,4,,"R","L","R","CHC","AZ","S",,,3,1,2026,"0.1","0.73",-0.8195957695888779,2.5353969214462646,,,,1,3,"Bot",,,,,,,4.382155963878605,-130.54317019093662,-3.830366426302079,0.3282439327309393,26.112851335311923,-23.26487097541133,3.136630577,1.582972441,,,,"90.3",2144,"6.5",824686,672515,699912,545121,571448,672695,678489,677950,682998,"53.96",,,,,,,,27,5,"Slider",3,1,3,1,1,3,3,1,"Infield shade","Standard",188,"-0.004","-0.087",,,,"0.087",,2,2,0.756,0.756,30,31,31,32,2,1,6,2,6,1,"2.09","-0.1","0.1","43.5",,,,,
"FF","2026-05-01","94.7","2.37","6.16","Ray, Robbie",802415,592662,"strikeout","called_strike",,,,,4,"Chandler Simpson challenged (pitch result), call on the field was confirmed: Chandler Simpson called out on strikes.","R","L","L","TB","SF","S",2,,0,2,2026,"1.04","1.5",-0.7384785248133698,2.231510491534125,,,,2,3,"Bot",,,,,,,-10.294228430444987,-137.29577443706194,-7.608293410122711,15.606488654338856,34.04156822699168,-11.675457205248817,3.177878937,1.60378937,,,,"93.6",2380,"6.1",822990,672275,646240,650333,656305,642715,671218,808982,666464,"54.39",,0,"0",1,0,0,,20,3,"4-Seam Fastball",1,0,1,0,0,1,1,0,"Standard","Standard",141,"-0.006","-0.16",,,,"0.16",,1,1,0.629,0.629,34,25,35,26,2,1,6,2,7,1,"1.09","1.04","1.04","46.3",,,,,
"FF","2026-05-01","100.5","-2.1","5.39","Misiorowski, Jacob",686452,694819,,"called_strike",,,,,1,,"R","L","R","WSH","MIL","S",,,0,0,2026,"-0.99","1.27",-0.59591943025263,3.3071561136906062,,,691781,2,2,"Bot",,,,,,,6.663755180394662,-146.2745762369134,-3.3680005897668033,-15.820935703784617,35.306121678852364,-13.413898570455734,3.211228675,1.620620079,,,,"102.7",2701,"7.5",822744,661388,641343,668930,650859,666152,663368,669003,686217,"53.01",,,,,,,,16,1,"4-Seam Fastball",0,1,0,1,1,0,0,1,"Standard","Standard",226,"-0.004","-0.042",,,,"0.042",,-1,-1,0.413,0.413,24,28,24,28,1,0,6,1,7,5,"0.99","0.99","-0.99","25.8",,,,,
"FF","2026-05-01","90.6","0.32","5.97","Cantillo, Joey",805779,676282,,"ball",,,,,13,,"R","R","L","ATH","CLE","B",,,2,1,2026,"0.52","1.41",-0.41339146444661345,1.4617595844797984,,,,0,3,"Bot",,,,,,,-2.977063629836868,-131.79268807947003,-8.302088492961172,6.629152170971753,26.517314810546612,-14.139530198109712,3.29109252,1.660925197,,,,"92.1",1958,"7.1",825012,666310,700932,683953,608070,677587,680757,682177,800050,"53.42",,,,,,,,25,4,"4-Seam Fastball",2,2,2,2,2,2,2,2,"Standard","Standard",152,"0.012","0.134",,,,"-0.134",,0,0,0.559,0.559,26,24,27,24,2,1,6,1,5,1,"1.35","0.52","-0.52","51.6",,,,,
"FF","2026-05-01","93.7","-3.16","5.47","Webb, Jacob",606466,657097,,"called_strike",,,,,4,,"R","L","R","CHC","AZ","S",,,0,0,2026,"-0.93","1.37",-0.7721075111736995,2.1664818101217795,,,545121,1,9,"Top",,,,,,,8.131146803366125,-136.08842701534894,-5.587495471457537,-13.389231007300804,32.81953514246161,-14.103529739338706,3.218249672,1.624163386,,,,"93",2352,"6.2",824686,608348,683737,807713,608324,621020,664023,691718,673548,"54.29",,,,,,,,76,1,"4-Seam Fastball",6,5,5,6,5,6,5,6,"Infield shade","Standard",219,"0.014","-0.04",,,,"0.04",,1,-1,0.825,0.17500000000000004,32,32,33,33,1,0,4,1,4,1,"1.26","0.93","-0.93","31.8",,,,,
"FF","2026-05-01","94","-3.04","5.29","Scott, Christian",666176,681035,,"called_strike",,,,,7,,"R","R","R","LAA","NYM","S",,,0,1,2026,"-1.58","0.79",-0.37011801559720436,1.589129174965262,,,694384,2,1,"Bot",,,,,,,10.510380834834844,-136.3954101109756,-5.438491575273167,-22.00443118309173,31.003227098180634,-21.25934485800473,3.305134514,1.668011811,,,,"94.9",,"7",824041,682626,683146,543760,666182,677595,665742,621438,701807,"53.45",,,,,,,,9,2,"4-Seam Fastball",2,0,2,0,0,2,2,0,"Strategic","Strategic",,"-0.004","-0.055",,,,"0.055",,2,2,0.712,0.712,27,27,27,27,1,0,8,2,6,1,"1.81","1.58","1.58","34.5",,,,,
"FF","2026-05-01","98.8","-3.07","5.37","Varland, Louis",680777,686973,,"called_strike",,,,,9,,"R","R","R","MIN","TOR","S",,,1,1,2026,"-0.88","1.5",0.39340475043314505,1.5955535521907265,,621439,668885,2,9,"Bot",,,,,,,11.580934036941606,-143.22672692336957,-8.237352778739368,-14.874491584163527,34.54200233644722,-9.666706141925847,3.284949147,1.657824803,,,,"100.1",2379,"7.3",823713,623168,665489,672820,672960,665926,676914,662139,664702,"53.19",,,,,,,,81,3,"4-Seam Fastball",3,7,3,7,7,3,3,7,"Standard","Standard",215,"0","-0.063",,,,"0.063",,-4,-4,0.014,0.014,28,29,29,29,1,4,3,1,4,1,"0.86","0.88","0.88","39.8",,,,,
"SI","2026-05-01","99","-1.72","5.41","Mey, Luis",668804,682825,"walk","ball",,,,,14,"Bryan Reynolds challenged (pitch result), call on the field was overturned: Bryan Reynolds walks.","R","L","R","PIT","CIN","B",,,3,2,2026,"-0.83","1.01",0.8331741088633376,1.8157764411111401,,,,2,7,"Bot",,,,,,,8.883350660406007,-143.82124322502887,-6.622863009374971,-13.4630849182143,31.659463519861987,-16.76986020574068,3.284071522,1.65738189,,,,"99.9",2340,"6.7",823389,663886,701398,680574,663647,682829,668709,670770,668715,"53.76",,0.704857,"0.7",1,0,0,,65,6,"Sinker",9,1,9,1,1,9,9,1,"Infield shade","Standard",214,"0","0.259",,,,"-0.259",,8,8,0.998,0.998,25,31,25,31,1,4,2,1,6,1,"1.31","0.83","-0.83","32.5",,,,,
"FF","2026-05-01","96.7","-1.5","5.98","Graceffo, Gordon",681624,700669,"strikeout","called_strike",,,,,2,"Andy Pages challenged (pitch result), call on the field was confirmed: Andy Pages called out on strikes.","R","R","R","STL","LAD","S",2,,1,2,2026,"-0.47","1.39",-0.139280156503563,3.316495184344669,,518692,663656,2,8,"Top",,,,,,,4.66091177105306,-140.61064012018153,-4.525310458161986,-7.299149402434953,34.490530436426226,-13.012878194158471,3.23667979,1.633464567,,,,"96.3",2283,"6.3",823066,686780,676475,802139,669357,691026,701675,687363,691023,"54.2",,0,"0",1,0,0,,68,4,"4-Seam Fastball",7,2,2,7,2,7,2,7,"Standard","Standard",210,"0.007","-0.191",,,,"0.191",,5,-5,0.988,0.01200000000000001,26,25,26,26,1,3,1,2,3,1,"1.07","0.47","0.47","47.9",,,,,
"FC","2026-05-01","96.8","-1.82","5.96","Suarez, Robert",666397,663158,,"called_strike",,,,,8,,"R","L","R","COL","ATL","S",,,1,0,2026,"-0.08","0.91",-0.27002934968503045,1.6387883173876907,,,686668,1,9,"Bot",,,,,,,4.301343046367234,-140.792384418905,-7.919944147203095,-2.02324968856105,29.234786173401044,-18.572595275166005,3.234924541,1.63257874,,,,"97.8",2372,"6.7",824366,686948,621566,645277,663586,571657,573262,643289,660670,"53.82",,,,,,,,78,2,"Cutter",6,8,6,8,8,6,6,8,"Standard","Standard",194,"-0.013","-0.056",,,,"0.056",,-2,-2,0.122,0.122,35,27,35,27,1,4,5,1,2,2,"1.51","0.08","-0.08","42.1",,,,,
"SL","2026-05-01","87.8","-2.69","5.62","Hoffman, Jeff",668885,656546,,"called_strike",,,,,9,,"R","R","R","MIN","TOR","S",,,1,1,2026,"-0.02","0.39",0.42112754212398873,1.6537345190441068,,686797,621439,1,7,"Bot",,,,,,,7.493494463011632,-127.62033675713762,-4.042160763117004,-1.781155807959548,26.92140302354041,-27.295708760223214,3.12960958,1.579429134,,,,"88",2637,"6.6",823713,623168,665489,672820,672960,665926,664702,662139,660821,"53.95",,,,,,,,65,3,"Slider",2,7,2,7,7,2,2,7,"Standard","Standard",239,"-0.007","-0.058",,,,"0.058",,-5,-5,0.062,0.062,33,27,33,27,1,3,3,1,2,2,"2.58","0.02","0.02","32.7",,,,,
"CH","2026-05-01","87.5","2.73","6.2","Ray, Robbie",691406,592662,,"ball",,,,,13,,"R","R","L","TB","SF","B",,,2,2,2026,"1.11","1.21",-0.7322565997209189,1.4092995059841265,,,,1,1,"Bot",,,,,,,-10.498814613494096,-126.7840371160032,-7.555300786486598,14.20102602225021,28.024407040752084,-17.690090592288495,3.243700787,1.637007874,,,,"86.7",1683,"6.2",822990,672275,646240,650333,656305,642715,671218,808982,666464,"54.31",,,,,,,,5,7,"Changeup",0,0,0,0,0,0,0,0,"Infield shade","Standard",149,"0.006","0.104",,,,"-0.104",,0,0,0.524,0.524,34,22,35,23,1,0,6,2,7,1,"1.82","1.11","-1.11","44.2",,,,,
"FF","2026-05-01","92.3","1.83","5.31","Strahm, Matt",668227,621381,"strikeout","called_strike",,,,,8,"Randy Arozarena challenged (pitch result), call on the field was confirmed: Randy Arozarena called out on strikes.","R","R","L","SEA","KC","S",2,,2,2,2026,"1.14","1.5",-0.006889400151642189,1.8024934847853022,,,,0,8,"Bot",,,,,,,-7.119298030573943,-134.061781385713,-6.129457899450555,15.331348468880279,31.728940983164698,-12.955147242769726,3.127854331,1.578543307,,,,"91.6",2660,"6.2",823146,521692,686469,686681,672580,677951,686555,664728,657041,"54.31",,0,"0",1,0,0,,68,5,"4-Seam Fastball",6,7,6,7,7,6,6,7,"Standard","Standard",132,"-0.054","-0.232",,,,"0.232",,-1,-1,0.299,0.299,34,31,35,31,1,3,3,2,1,1,"1.21","1.14","-1.14","29.3",,,,,
"SI","2026-05-01","97.1","-1.65","5.52","Svanson, Matt",500743,694335,,"ball",,,,,14,,"R","R","R","STL","LAD","B",,,1,0,2026,"-1.04","0.7",0.8962918598626988,1.9315694285139988,,,,1,9,"Top",,,,,,,9.187184182613956,-141.10213335701613,-5.4920286116155355,-15.952918979743135,32.350259252047344,-21.771893836032504,3.141018701,1.585187008,,,,"97.5",2293,"6.6",823066,686780,676475,802139,669357,691026,701675,687363,691023,"53.89",,,,,,,,73,2,"Sinker",7,2,2,7,2,7,2,7,"Standard","Standard",224,"-0.001","0.071",,,,"-0.071",,5,-5,0.998,0.0020000000000000018,27,37,27,37,1,3,1,2,5,1,"1.73","1.04","1.04","25.7",,,,,
"CU","2026-05-01","80.4","2.01","6.11","Herrin, Tim",701762,682120,,"ball",,,,,13,,"R","L","L","ATH","CLE","B",,,2,0,2026,"-0.67","-0.28",-0.8437969555348912,1.5113740772392115,,,,0,5,"Bot",,,,,,,-4.948457246570165,-117.05008376187139,-2.688986462654516,-5.096735809449945,23.42788803274945,-34.4289815877195,3.413082349,1.722490158,,,,"80",2305,"6.2",825012,666310,700932,683953,608070,677587,682657,680757,800050,"54.35",,,,,,,,46,3,"Curveball",4,5,4,5,5,4,4,5,"Strategic","Standard",320,"0.017","0.152",,,,"-0.152",,-1,-1,0.432,0.432,29,23,30,23,1,2,3,1,1,1,"3.82","-0.67","-0.67","36.5",,,,,
"FC","2026-05-01","88.3","-2.61","5.9","Schultz, Paxton",596142,687606,,"called_strike",,,,,9,,"R","R","R","WSH","MIL","S",,,0,0,2026,"0.06","1.02",0.5434810721438513,2.132721432463489,,,,0,9,"Top",,,,,,,7.428737274765035,-128.48448546121776,-5.063219061354566,-0.6728013029623686,23.889211000074365,-19.99191707737705,3.311277887,1.671112205,,,,"88.5",2408,"6.2",822744,686452,678554,683083,691781,682928,695734,696285,695578,"54.33",,,,,,,,72,1,"Cutter",1,6,6,1,6,1,6,1,"Standard","Standard",199,"0","-0.039",,,,"0.039",,-5,5,0.006,0.994,28,33,28,34,1,1,2,2,4,1,"1.88","-0.06","-0.06","31.3",,,,,
"FC","2026-04-30","91.2","-2.53","5.88","Lambert, Peter",677942,663567,,"ball",,,,,13,,"R","R","R","BAL","HOU","B",,,2,2,2026,"0.02","0.8",-0.8725793178770278,1.9473030319675886,,,,1,5,"Bot",,,,,,,4.057201094448263,-132.78756311997302,-5.545992800854999,-0.5430463700841003,27.131012357858623,-21.70167348522499,3.178756562,1.604232283,,,,"91.2",2197,"6.2",824848,543877,572233,514888,670623,621043,670541,694728,687957,"54.32",,,,,,,,37,5,"Cutter",1,0,1,0,0,1,1,0,"Standard","Standard",193,"0.005","0.104",,,,"-0.104",,1,1,0.685,0.685,29,27,29,27,2,1,8,4,5,0,"1.92","-0.02","-0.02","49.6",,,,,
"CH","2026-04-30","88.6","-2.45","5.51","Skenes, Paul",671056,694973,"strikeout","called_strike",,,,,7,"Iván Herrera challenged (pitch result), call on the field was confirmed: Iván Herrera called out on strikes.","R","R","R","PIT","STL","S",2,,1,2,2026,"-1.63","0.72",-0.4049664053513391,1.516303796276525,,,802139,0,5,"Top",,,,,,,8.478062509756803,-128.64897110981966,-4.985119168628044,-19.899522127220358,27.33321719141681,-23.313963174848094,3.173490814,1.601574803,,,,"89.4",2028,"6.9",823391,680779,687462,664040,693304,804606,663968,665833,668804,"53.55",,0,"0",1,0,0,,36,4,"Changeup",1,4,4,1,4,1,4,1,"Standard","Standard",256,"0.013","-0.165",,,,"0.165",,-3,3,0.15,0.85,24,26,24,26,3,2,6,1,6,1,"2.2","1.63","1.63","22.3",,,,,
"CU","2026-04-30","82.2","0.65","6.47","Cameron, Noah",687515,702070,,"ball",,,,,11,,"R","R","L","ATH","KC","B",,,1,2,2026,"-0.42","-0.95",-0.8091708833681645,3.2383066153372497,,,,0,5,"Bot",,,,,,,-2.421811095628349,-119.73385825786404,1.2009545267889155,-3.6284289763468367,21.209599570397124,-41.74370097876267,3.121710958,1.575442913,,,,"82.3",2458,"6.1",825016,553869,521692,679845,672580,677951,686555,657041,516782,"54.4",,,,,,,,48,4,"Curveball",5,2,5,2,2,5,5,2,"Standard","Standard",338,"0.002","0.043",,,,"-0.043",,3,3,0.881,0.881,26,25,27,25,3,2,6,2,10,1,"4.29","-0.42","0.42","60.9",,,,,
"FF","2026-04-30","93.2","-2.4","5.93","Gausman, Kevin",680777,592332,,"called_strike",,,,,6,,"R","R","R","MIN","TOR","S",,,0,1,2026,"-0.97","1.49",0.7112024487984978,2.1934839375853272,,,663616,0,6,"Bot",,,,,,,10.094474464844483,-135.22908294735535,-6.940663574775951,-14.088470973868821,29.466095753136404,-12.510461367505131,3.284949147,1.657824803,,,,"93.7",2259,"6.7",823714,678218,665489,676391,672960,665926,682818,662139,660821,"53.78",,,,,,,,44,2,"4-Seam Fastball",3,1,3,1,1,3,3,1,"Standard","Standard",213,"-0.005","-0.053",,,,"0.053",,2,2,0.862,0.862,35,29,35,29,3,2,5,1,5,1,"1.15","0.97","0.97","37.5",,,,,
"FF","2026-04-30","91.6","-2.56","5.85","Gausman, Kevin",663616,592332,,"ball",,,,,13,,"R","L","R","MIN","TOR","B",,,2,1,2026,"-1.02","1.58",-0.9767835154929256,1.5745925861597523,,,,0,6,"Bot",,,,,,,6.207841552384802,-133.0428011527689,-8.164621569937806,-13.424062355182484,28.86094436041108,-11.819557440931225,3.323564633,1.677312992,,,,"91.9",2252,"6.6",823714,678218,665489,676391,672960,665926,682818,662139,660821,"53.9",,,,,,,,43,4,"4-Seam Fastball",3,1,3,1,1,3,3,1,"Infield shade","Standard",219,"0.006","0.134",,,,"-0.134",,2,2,0.847,0.847,35,29,35,29,3,2,5,1,5,2,"1.15","1.02","-1.02","35.0",,,,,
"ST","2026-04-30","82.1","-1.2","5.56","Dobbins, Hunter",687462,690928,,"ball",,,,,14,,"R","L","R","PIT","STL","B",,,0,0,2026,"1.36","0.4",0.4427184025287101,1.3650916024850095,668804,656811,693304,2,4,"Bot",,,,,,,0.9936611138121765,-119.5627026682134,-3.52611953421666,12.889112187072962,22.75271126345728,-27.84572875963925,3.133120079,1.581200787,,,,"82.5",2549,"6.5",823391,686780,676475,802139,669357,691026,701675,687363,691023,"54.03",,,,,,,,33,1,"Sweeper",0,4,0,4,4,0,0,4,"Standard","Standard",68,"0.008","0.032",,,,"-0.032",,-4,-4,0.172,0.172,26,28,27,29,2,1,,1,,1,"2.97","-1.36","1.36","39.7",,,,,
"SI","2026-04-30","92.2","-1.67","5.49","Bassitt, Chris",514888,605135,,"ball",,,,,11,,"R","R","R","BAL","HOU","B",,,0,1,2026,"-1.44","0.55",-0.971939448520506,2.4599986773961433,,,572233,2,4,"Top",,,,,,,4.939553598936934,-134.35871693995324,-2.960985241694071,-18.563364086871715,26.37801340886613,-25.02397741218618,2.926000656,1.476673228,,,,"92.5",2099,"6.2",824848,668939,624413,669236,691723,677942,621493,681297,687637,"54.32",,,,,,,,26,2,"Sinker",0,0,0,0,0,0,0,0,"Standard","Standard",228,"-0.003","0.027",,,,"-0.027",,0,0,0.536,0.46399999999999997,37,36,37,36,2,1,8,2,5,1,"2.1","1.44","1.44","28.3",,,,,
"FF","2026-04-30","93.7","-2.59","5.35","Soroka, Michael",666152,647336,"strikeout","called_strike",,,,,9,"David Hamilton challenged (pitch result), call on the field was confirmed: David Hamilton called out on strikes.","R","L","R","MIL","AZ","S",2,,3,2,2026,"-0.81","1.29",0.7449204478261797,1.892515518304378,,,,1,2,"Bot",,,,,,,10.32760521257395,-136.0213517221115,-5.862028419741441,-12.299984841303006,29.284949043757756,-14.98775180446886,3.134875328,1.582086614,,,,"93.7",2548,"6.4",823795,543510,545121,606466,571448,672695,666971,677950,682998,"54.1",,0,"0",1,0,0,,17,6,"4-Seam Fastball",3,0,3,0,0,3,3,0,"Standard","Strategic",234,"-0.011","-0.332",,,,"0.332",,3,3,0.811,0.811,28,28,29,29,1,0,7,1,6,1,"1.31","0.81","-0.81","24.7",,,,,
"SI","2026-04-30","94.9","1.51","6.26","Mayza, Tim",808982,641835,,"ball",,,,,14,,"R","L","L","PHI","SF","B",,,0,2,2026,"1.41","0.65",0.31557090086189854,1.4287505200976056,,,642715,1,2,"Top",,,,,,,-6.385359655603802,-137.8392251205324,-8.232541528745902,19.432316947485482,32.94396016853572,-22.21165691015622,3.22351542,1.626820866,,,,"95.8",2072,"7.1",823471,596117,694025,681082,664761,607208,656941,702222,666969,"53.43",,,,,,,,12,3,"Sinker",2,0,0,2,0,2,0,2,"Standard","Standard",142,"-0.003","0.01",,,,"-0.01",,2,-2,0.707,0.29300000000000004,34,27,34,28,1,0,2,0,6,1,"1.91","1.41","1.41","41.4",,,,,
"SI","2026-04-30","95.5","1.54","6.33","Mayza, Tim",808982,641835,,"called_strike",,,,,7,,"R","L","L","PHI","SF","S",,,0,1,2026,"1.31","0.43",-0.674780957089886,1.618599716296214,,,642715,1,2,"Top",,,,,,,-8.813593591349884,-138.65782101076377,-7.508286501121712,18.860825888203657,32.814443199430755,-25.035650528890958,3.22351542,1.626820866,,,,"96.1",2097,"6.9",823471,596117,694025,681082,664761,607208,656941,702222,666969,"53.64",,,,,,,,12,2,"Sinker",2,0,0,2,0,2,0,2,"Standard","Standard",142,"0.007","-0.047",,,,"0.047",,2,-2,0.7,0.30000000000000004,34,27,34,28,1,0,2,0,6,1,"2.09","1.31","1.31","41.1",,,,,
"FF","2026-04-30","96.2","-1.5","5.72","Finnegan, Kyle",660670,640448,"strikeout","called_strike",,,,,9,"Ronald Acuña Jr. challenged (pitch result), call on the field was confirmed: Ronald Acuña Jr. called out on strikes.","R","R","R","ATL","DET","S",2,,1,2,2026,"-0.68","1.68",0.6527724836598703,1.7210602513100357,,573262,,2,9,"Bot",,,,,,,7.240188558488526,-139.67513959936267,-8.665061646450852,-10.551406318783718,31.498521277404194,-8.353381686678095,3.200697179,1.615305118,,,,"96.5",2349,"6.6",824929,693307,679529,650402,701678,805808,682985,663837,672761,"53.9",,0,"0",1,0,0,,82,4,"4-Seam Fastball",2,5,2,5,5,2,2,5,"Standard","Standard",208,"-0.016","-0.208",,,,"0.208",,-3,-3,0.016,0.016,34,28,35,29,1,4,1,1,3,1,"0.79","0.68","0.68","56.4",,,,,
"SI","2026-04-30","95.2","2.14","5.13","Romero, JoJo",668804,668941,,"called_strike",,,,,9,,"R","R","L","PIT","STL","S",,,3,1,2026,"1.46","0.22",0.8280448756521053,2.1419746588700805,,,,2,7,"Bot",,,,,,,-6.632686808903569,-138.59435671709238,-2.5284679633340117,20.329510756634775,28.947099254477838,-28.99236750778237,3.284071522,1.65738189,,,,"94.2",2217,"5.5",823391,686780,676475,802139,669357,691026,701675,687363,691023,"54.99",,,,,,,,61,5,"Sinker",4,5,4,5,5,4,4,5,"Strategic","Standard",118,"-0.007","-0.086",,,,"0.086",,-1,-1,0.29,0.29,29,31,30,31,1,3,1,1,2,1,"2.28","1.46","-1.46","34.2",,,,,
"FC","2026-04-30","91.2","-2.57","5.58","Bolton, Cody",694212,675989,,"called_strike",,,,,9,,"R","L","R","BAL","HOU","S",,,3,0,2026,"0.38","0.62",0.5103131498395664,1.8923667125392427,,,687637,2,9,"Bot",,,,,,,6.760040444271222,-132.64091693079,-4.496865419710194,3.037226331238488,27.780165382515285,-24.058876741793018,3.393774606,1.712746063,,,,"90.7",2721,"5.9",824850,673237,572233,694728,670623,669699,687957,669288,701358,"54.56",,,,,,,,87,4,"Cutter",5,11,5,11,11,5,5,11,"Infield shade","Standard",158,"-0.001","-0.048",,,,"0.048",,-6,-6,0.002,0.002,28,21,28,22,1,4,18,2,3,1,"2.12","-0.38","0.38","41.3",,,,,
"ST","2026-04-30","83.7","-2.59","5.46","Skenes, Paul",691023,694973,,"called_strike",,,,,7,,"R","R","R","PIT","STL","S",,,1,0,2026,"0.52","0.35",-0.541217524779328,1.7246237814737655,,,671056,1,1,"Top",,,,,,,3.6624410408141324,-121.87765676907932,-2.669313678206591,4.388932197804789,24.664394686346967,-28.402369611123895,3.461351706,1.746850394,,,,"84.4",2546,"6.8",823391,680779,687462,664040,693304,804606,663968,665833,668804,"53.74",,,,,,,,4,2,"Sweeper",0,1,1,0,1,0,1,0,"Standard","Standard",92,"0.004","-0.056",,,,"0.056",,-1,1,0.399,0.601,24,24,24,24,1,0,6,1,6,1,"2.91","-0.52","-0.52","24.2",,,,,
"FC","2026-04-30","91.5","-2.6","5.57","Bolton, Cody",694212,675989,,"ball",,,,,13,,"R","L","R","BAL","HOU","B",,,2,0,2026,"0.19","0.75",-0.9895901625015111,2.1391145866817247,,,687637,2,9,"Bot",,,,,,,3.5719294539592026,-133.36022640353818,-4.275739228359412,1.5880869914952882,25.413000562480224,-22.5701422455583,3.393774606,1.712746063,,,,"91.5",2721,"6",824850,673237,572233,694728,670623,669699,687957,669288,701358,"54.55",,,,,,,,87,3,"Cutter",5,11,5,11,11,5,5,11,"Infield shade","Standard",180,"0.001","0.083",,,,"-0.083",,-6,-6,0.001,0.001,28,21,28,22,1,4,18,2,3,1,"1.94","-0.19","0.19","35.1",,,,,
"SL","2026-04-30","84.4","-0.85","6.43","Kinley, Tyler",650402,641755,,"ball",,,,,13,,"R","R","R","ATL","DET","B",,,0,0,2026,"0.12","0.17",-0.3641608220167649,1.449302848708355,,,805808,1,7,"Top",,,,,,,0.8718870559595157,-122.96672669177897,-5.308721906769383,1.0717419325578568,23.48102217505797,-29.626141525468462,3.12960958,1.579429134,,,,"83.7",2660,"5.7",824929,686948,621566,645277,663586,622761,643289,642201,660670,"54.8",,,,,,,,54,1,"Slider",2,1,1,2,1,2,1,2,"Standard","Standard",116,"-0.007","0.035",,,,"-0.035",,1,-1,0.686,0.31399999999999995,35,29,35,30,1,3,2,1,3,1,"3.01","-0.12","-0.12","46.1",,,,,
"SL","2026-04-30","88.4","-2.52","5.17","Vodnik, Victor",667472,680767,,"called_strike",,,,,8,,"R","R","R","CIN","COL","S",,,0,0,2026,"-0.19","0.26",0.1836436651154123,1.8513045543878501,701398,663886,,1,8,"Bot",,,,,,,6.974415730624208,-128.61634884700715,-2.3862158539654867,-3.5602836590471827,25.76080894073831,-28.966234293793264,3.213861549,1.621948819,,,,"89.3",2266,"6.8",824524,696100,681198,666397,691720,650489,664983,666160,687859,"53.72",,,,,,,,67,1,"Slider",4,2,4,2,2,4,4,2,"Infield shade","Standard",59,"-0.003","-0.051",,,,"0.051",,2,2,0.962,0.962,26,30,27,30,1,0,4,2,3,3,"2.65","0.19","0.19","38.0",,,,,
"FF","2026-04-30","99.1","-1.76","5.68","Phillips, Connor",687859,683175,"strikeout","called_strike",,,,,8,"Troy Johnston challenged (pitch result), call on the field was confirmed: Troy Johnston called out on strikes.","R","L","R","CIN","COL","S",2,,2,2,2026,"-1.05","1.29",-0.16568760055487197,1.6606286028910864,,,666397,0,7,"Top",,,,,,,6.7547062985759165,-143.91151296375517,-8.239426550173993,-16.237949476857345,38.786669618890194,-12.395803447524031,3.159448819,1.594488189,,,,"97.9",2525,"6.1",824524,663886,668715,680574,701398,682829,670770,667472,666181,"54.42",,0,"0",1,0,0,,54,5,"4-Seam Fastball",4,2,2,4,2,4,2,4,"Standard","Standard",223,"0.047","-0.201",,,,"0.201",,2,-2,0.762,0.238,25,29,25,29,1,2,5,2,2,1,"1.07","1.05","-1.05","38.2",,,,,
"SI","2026-04-30","94.7","1.32","5.88","Borucki, Ryan",547180,621366,,"ball",,,,,13,,"R","L","L","PHI","SF","B",,,0,0,2026,"1.44","0.8",-0.9219641042943121,2.0390840993689596,607208,656941,,2,5,"Bot",,,,,,,-9.07796299499405,-137.5060887660813,-5.916483559079817,20.31582810809103,32.25104872789861,-20.81055425910728,3.26476378,1.647637795,,,,"94.9",2333,"6.6",823471,606992,669477,650333,656305,642715,671218,687551,808982,"53.85",,,,,,,,45,1,"Sinker",2,2,2,2,2,2,2,2,"Strategic","Standard",129,"0.002","0.002",,,,"-0.002",,0,0,0.577,0.577,32,33,32,34,1,2,6,0,2,1,"1.76","1.44","1.44","33.5",,,,,
"FF","2026-04-30","94.7","-1.22","5.35","Varland, Gus",543760,681402,,"ball",,,,,12,,"R","R","R","NYM","WSH","B",,,1,0,2026,"-0.99","1.39",0.9225594588132031,2.79765389893487,,,,0,9,"Bot",,,,,,,7.836601847196603,-137.68797763806162,-3.996953953318637,-14.349700781837997,31.179454833784504,-13.74696093607981,3.212106299,1.621062992,,,,"95.4",2174,"6.8",823634,660688,671277,683083,678391,682928,695734,696285,695578,"53.7",,,,,,,,70,2,"4-Seam Fastball",4,5,4,5,5,4,4,5,"Standard","Standard",212,"0.027","0.077",,,,"-0.077",,-1,-1,0.217,0.217,29,35,30,36,1,3,4,1,3,1,"1.16","0.99","0.99","51.7",,,,,
"SI","2026-04-29","98.1","-2","5.75","Alcantara, Sandy",669743,645261,,"called_strike",,,,,9,,"R","R","R","LAD","MIA","S",,,2,1,2026,"-1.48","0.7",0.799986754944346,1.683189065717441,,687221,808975,1,6,"Bot",,,,,,,10.878827440047786,-142.42735097437364,-6.899358534970084,-22.579080509977913,31.589316594747405,-21.25590054582501,3.160326444,1.594931102,,,,"97.7",2258,"6.1",823958,689414,681393,669364,688363,672640,691594,805300,665923,"54.39",,,,,,,,51,4,"Sinker",2,2,2,2,2,2,2,2,"Standard","Standard",238,"-0.018","-0.063",,,,"0.063",,0,0,0.638,0.638,30,31,31,32,3,2,5,2,6,3,"1.68","1.48","1.48","30.4",,,,,
"ST","2026-04-29","85.1","-1.73","5.69","Kirby, George",670242,669923,,"called_strike",,,,,7,,"R","L","R","MIN","SEA","S",,,0,1,2026,"0.61","-0.61",-0.8249809282578734,1.8502217950693005,,665019,,2,6,"Bot",,,,,,,0.8517854667209175,-123.88768730455114,-1.1435741594876332,6.034875639441524,28.628733641424216,-38.320262253058,3.394652231,1.713188976,,,,"85.6",2402,"7",823717,663728,647304,702284,669717,641487,668227,677594,670042,"53.53",,,,,,,,47,2,"Sweeper",2,1,2,1,1,2,2,1,"Standard","Standard",45,"-0.009","-0.056",,,,"0.056",,1,1,0.722,0.722,28,28,28,29,3,2,5,2,6,3,"3.79","-0.61","0.61","32.5",,,,,
"SI","2026-04-29","94.9","-1.44","5.74","Kirby, George",807712,669923,,"ball",,,,,12,,"R","R","R","MIN","SEA","B",,,0,2,2026,"-1.22","0.63",0.9308284234829387,2.840931478369402,,665019,,1,6,"Bot",,,,,,,8.961611730098811,-137.90799807115084,-3.1858626776855563,-17.590222386950508,29.417739480000996,-23.584627516826473,3.213861549,1.621948819,,,,"95.7",2330,"6.7",823717,663728,647304,702284,669717,641487,668227,677594,670042,"53.78",,,,,,,,46,3,"Sinker",2,1,2,1,1,2,2,1,"Standard","Standard",218,"0.003","0.015",,,,"-0.015",,1,1,0.747,0.747,28,23,28,24,3,2,5,1,6,1,"1.9","1.22","1.22","34.4",,,,,
"SI","2026-04-29","93.2","-0.86","5.85","Taillon, Jameson",592518,592791,,"ball",,,,,14,,"R","R","R","SD","CHC","B",,,1,2,2026,"-1.12","1.2",0.9238487314703965,2.0741775158635445,,665487,,1,6,"Bot",,,,,,,7.139914131857634,-135.4568578584263,-6.461125889587467,-15.352650205901755,30.346697081269106,-16.09951837243982,3.313910761,1.672440945,,,,"94.4",2282,"7.1",823312,665804,683737,807713,608324,663538,664023,691718,624424,"53.39",,,,,,,,48,6,"Sinker",3,4,3,4,4,3,3,4,"Standard","Standard",196,"0.009","0.026",,,,"-0.026",,-1,-1,0.413,0.413,34,33,35,34,3,2,5,2,6,2,"1.43","1.12","1.12","44.2",,,,,
"FF","2026-04-29","97.6","-1.3","6.2","Bradley, Taj",663728,671737,,"called_strike",,,,,1,,"R","L","R","MIN","SEA","S",,,3,1,2026,"-0.31","1.58",-0.8048013833400027,3.2057570550147565,,,641487,0,6,"Top",,,,,,,2.04916978962196,-142.1160085619907,-6.068915779700035,-4.71676403467172,31.335080501437947,-9.605307054246701,3.282316273,1.656496063,,,,"97.9",2299,"6.4",823717,680777,665019,807712,668904,686797,663616,621439,670242,"54.14",,,,,,,,41,5,"4-Seam Fastball",2,1,1,2,1,2,1,2,"Infield shade","Standard",201,"0.023","-0.081",,,,"0.081",,1,-1,0.564,0.43600000000000005,25,29,25,30,3,2,5,1,6,2,"0.81","0.31","-0.31","56.5",,,,,
"CH","2026-04-29","85","1.1","5.99","Rodriguez, Eduardo",675659,593958,,"called_strike",,,,,8,,"R","R","L","MIL","AZ","S",,,1,1,2026,"1.39","0.73",-0.1973278306456947,1.6917190766078214,,650859,,0,4,"Bot",,,,,,,-5.8300871422670415,-123.65300880211505,-4.984050452454299,15.424284550752203,24.984837905125513,-23.873418391335488,3.203330053,1.616633858,,,,"85",2008,"6.3",823796,680728,545121,606466,571448,672695,666971,677950,682998,"54.18",,,,,,,,34,3,"Changeup",2,4,2,4,4,2,2,4,"Strategic","Standard",136,"-0.013","-0.08",,,,"0.08",,-2,-2,0.384,0.384,33,28,33,28,2,1,7,4,6,1,"2.43","1.39","-1.39","43.3",,,,,
"CH","2026-04-29","92.4","-1.24","5.56","Chandler, Bubba",671056,696149,"walk","ball",,,,,14,"Iván Herrera challenged (pitch result), call on the field was overturned: Iván Herrera walks.","R","R","R","PIT","STL","B",,,3,2,2026,"-1.46","0.63",0.10046820483051588,1.4735735237238226,,802139,,1,3,"Top",,,,,,,6.674180256831081,-134.44145705543158,-5.817904784830086,-19.207883571165024,27.807206958843935,-23.48459096967839,3.173490814,1.601574803,,,,"93.5",2193,"6.8",823392,663698,687462,664040,693304,804606,668804,665833,656811,"53.68",,0.704857,"0.7",1,0,0,,18,7,"Changeup",0,1,1,0,1,0,1,0,"Standard","Standard",232,"-0.016","0.212",,,,"-0.212",,-1,1,0.366,0.634,23,26,24,26,2,1,6,1,6,1,"2.03","1.46","1.46","38.9",,,,,
"CH","2026-04-29","92.6","-2.06","5.95","Alcantara, Sandy",681624,645261,,"called_strike",,,,,7,,"R","R","R","LAD","MIA","S",,,0,0,2026,"-1.56","0.23",-0.5883062643371135,1.7828993272525957,,660271,,1,3,"Bot",,,,,,,7.136135400201923,-134.72930879176332,-5.172378204121787,-20.578474322053612,25.651903766907026,-28.468441747515513,3.23667979,1.633464567,,,,"92.6",1897,"6",823958,689414,681393,669364,688363,672640,665923,805300,683357,"54.47",,,,,,,,23,1,"Changeup",1,1,1,1,1,1,1,1,"Infield shade","Standard",244,"-0.006","-0.038",,,,"0.038",,0,0,0.577,0.577,30,25,31,26,2,1,5,1,6,2,"2.4","1.56","1.56","33.4",,,,,
"FF","2026-04-29","96.5","-1.76","5.53","Ritchie, JR",693307,702275,"strikeout","called_strike",,,,,3,"Dillon Dingler challenged (pitch result), call on the field was confirmed: Dillon Dingler called out on strikes.","R","R","R","ATL","DET","S",2,,1,2,2026,"-0.74","1.22",0.5990241170638795,3.2757360013746544,,650402,690993,2,1,"Top",,,,,,,7.953038195681445,-140.3989221649903,-3.132916287969495,-11.52212081331051,28.727294468376776,-15.40138469470001,3.271784777,1.651181102,,,,"97.3",2336,"6.5",824930,641680,621566,645277,663586,643289,642201,671739,660670,"53.99",,0,"0",1,0,0,,5,5,"4-Seam Fastball",0,0,0,0,0,0,0,0,"Standard","Standard",225,"0.03","-0.191",,,,"0.191",,0,0,0.518,0.482,23,27,23,28,1,0,6,1,5,1,"1.21","0.74","0.74","33.1",,,,,
"CH","2026-04-29","84.2","1.19","6.05","Rodriguez, Eduardo",596142,593958,,"called_strike",,,,,3,,"R","R","L","MIL","AZ","S",,,2,0,2026,"1.42","0.43",0.7738609916837429,2.9121192465584147,,641343,,2,1,"Bot",,,,,,,-3.824924814485937,-122.66830942499469,-1.5884853181207923,15.11977327658385,23.9856935000992,-27.70735590454084,3.311277887,1.671112205,,,,"84.3",1935,"6.2",823796,680728,545121,606466,571448,672695,666971,677950,682998,"54.26",,,,,,,,8,3,"Changeup",1,0,1,0,0,1,1,0,"Standard","Standard",131,"-0.002","-0.051",,,,"0.051",,1,1,0.635,0.635,33,33,33,34,1,0,7,3,6,2,"2.77","1.42","-1.42","47.8",,,,,
"ST","2026-04-29","84.1","-2.89","5.7","Sugano, Tomoyuki",701398,608372,,"called_strike",,,,,9,,"R","R","R","CIN","COL","S",,,2,1,2026,"0.42","0.59",0.8254817781052577,1.8706379205930364,,,680574,2,1,"Bot",,,,,,,7.650429311446618,-122.21729877593519,-3.3589743176756217,2.4535348915657593,26.98131708872524,-25.818526038880748,3.239312664,1.634793307,,,,"83.5",2565,"6.2",824525,664954,681198,650489,691720,678662,687597,686668,666160,"54.26",,,,,,,,11,4,"Sweeper",0,3,0,3,3,0,0,3,"Standard","Standard",75,"0.003","-0.093",,,,"0.093",,-3,-3,0.244,0.244,36,22,37,23,1,0,7,1,5,1,"2.68","-0.42","-0.42","34.5",,,,,
"FF","2026-04-29","97","-1.58","5.61","Finnegan, Kyle",642086,640448,"walk","ball",,,,,14,"Dominic Smith challenged (pitch result), call on the field was overturned: Dominic Smith walks.","R","L","R","ATL","DET","B",,,3,2,2026,"-0.68","1.51",0.07044625377444447,1.265828044528903,,,,2,8,"Bot",,,,,,,5.979822422514823,-141.0132324630552,-9.44782868033343,-10.346040874999588,29.264781889953024,-10.108391002765437,3.176123688,1.602903543,,,,"98.1",2224,"6.8",824930,693307,679529,650402,690993,805808,682985,663837,672761,"53.72",,0.704857,"0.7",1,0,0,,60,7,"4-Seam Fastball",2,3,2,3,3,2,2,3,"Infield shade","Standard",209,"0.031","0.259",,,,"-0.259",,-1,-1,0.202,0.202,34,31,35,31,1,0,3,1,1,1,"0.9","0.68","-0.68","51.1",,,,,
"FS","2026-04-29","85","-1.52","5.72","Domínguez, Seranthony",694384,622554,,"called_strike",,,,,8,,"R","L","R","CWS","LAA","S",,,1,0,2026,"-1.07","0.41",0.09013147456603798,1.5922569992841114,,666176,,2,10,"Top",,,,,,,5.914858060020002,-123.68810206715548,-3.9839212895504548,-12.105005392452082,23.87542498517747,-27.354933515333283,3.290214895,1.660482283,,,,"85.5",923,"6.5",824608,700337,808959,805367,678246,695657,803011,671976,672284,"53.96",,,,,,,,72,2,"Split-Finger",2,2,2,2,2,2,2,2,"Infield shade","Standard",263,"-0.001","-0.044",,,,"0.044",,0,0,0.703,0.29700000000000004,31,24,32,24,1,0,1,1,3,2,"2.73","1.07","-1.07","33.2",,,,,
"FF","2026-04-29","94.1","3.3","5.34","Hudson, Bryan",545361,663542,,"ball",,,,,14,,"R","R","L","CWS","LAA","B",,,0,2,2026,"0.76","1.17",0.8436210251143419,2.2473559455805665,,,,2,8,"Top",,,,,,,-8.141153289269026,-136.8988701612068,-4.8788530025564345,11.27510406791745,27.75840887784268,-16.479961292833384,3.243700787,1.637007874,,,,"96.1",2174,"7.3",824608,700337,808959,805367,678246,695657,803011,671976,672284,"53.22",,,,,,,,58,3,"4-Seam Fastball",1,2,2,1,2,1,2,1,"Standard","Standard",126,"-0.001","0.022",,,,"-0.022",,-1,1,0.301,0.6990000000000001,29,34,29,35,1,3,2,1,3,2,"1.38","0.76","-0.76","16.2",,,,,
"SI","2026-04-29","96.5","-2.55","5.42","Rodríguez, Elmer",673962,695684,"strikeout_double_play","called_strike",,,,,9,"Josh Jung challenged (pitch result), call on the field was confirmed: Josh Jung called out on strikes and Brandon Nimmo caught stealing 2nd, catcher J.C. Escarra to second baseman Jazz Chisholm Jr. to catcher J.C. Escarra.","R","R","R","TEX","NYY","S",2,,3,2,2026,"-1.45","0.67",0.45059518308027036,1.6955210464166515,,,607043,0,1,"Bot",,,,,,,11.26199441727053,-140.01458098554397,-5.665000518309175,-21.557769646198935,31.093292759530215,-22.199793291687456,3.26300853,1.646751969,,,,"96.8",2068,"6.6",822907,641555,700250,665862,641857,676609,691176,663757,641355,"53.93",,0,"0",1,0,0,,6,6,"Sinker",0,0,0,0,0,0,0,0,"Strategic","Standard",236,"-0.081","-0.315",,,,"0.315",,0,0,0.591,0.591,22,28,23,28,1,0,,1,6,2,"1.79","1.45","1.45","27.6",,,,,
"FS","2026-04-29","89.7","-2.41","5.57","Eovaldi, Nathan",641355,543135,"strikeout","called_strike",,,,,7,"Cody Bellinger challenged (pitch result), call on the field was confirmed: Cody Bellinger called out on strikes.","R","L","R","TEX","NYY","S",2,,1,2,2026,"-1.22","0.15",-0.548508770056436,1.6334191607218362,,700250,,2,1,"Top",,,,,,,7.225232674328492,-130.4201763127247,-3.820335880180312,-15.44104760433486,28.54900630466462,-29.84988879399678,3.344627625,1.687942913,,,,"90.2",1561,"6.7",822907,543309,669394,677649,673962,608369,696030,694497,607043,"53.77",,0,"0",1,0,0,,4,4,"Split-Finger",0,0,0,0,0,0,0,0,"Infield shade","Standard",239,"0.022","-0.208",,,,"0.208",,0,0,0.526,0.474,36,30,36,31,1,0,5,1,7,2,"2.7","1.22","-1.22","33.5",,,,,
"SL","2026-04-29","87.7","2.17","5.75","Kikuchi, Yusei",678246,579328,"strikeout","called_strike",,,,,4,"Miguel Vargas challenged (pitch result), call on the field was confirmed: Miguel Vargas called out on strikes.","R","R","L","CWS","LAA","S",2,,2,2,2026,"-0.28","0.34",-0.7349202498935816,2.661663113262589,,,805367,0,1,"Bot",,,,,,,-6.404902854224993,-127.57554462493559,-1.8814329044773828,-1.8285591052013614,25.35084547257254,-28.2563743864417,3.290214895,1.660482283,,,,"88.9",2314,"7",824608,518595,687093,624428,660162,687263,666176,666139,624585,"53.52",,0,"0",1,0,0,,5,5,"Slider",0,0,0,0,0,0,0,0,"Standard","Standard",183,"-0.027","-0.201",,,,"0.201",,0,0,0.578,0.578,35,26,35,27,1,0,5,1,,2,"2.62","-0.28","0.28","43.3",,,,,
"FF","2026-04-29","98.1","-1.68","5.72","Finnegan, Kyle",573262,640448,,"ball",,,,,13,,"R","L","R","ATL","DET","B",,,1,0,2026,"-0.54","1.53",-0.34261091222088547,1.4423805342626863,,,,1,8,"Bot",,,,,,,4.878693618843033,-142.63035448454113,-9.493018443056243,-8.527626982050323,32.028347046345004,-9.317133133701237,3.125221457,1.577214567,,,,"98.8",2373,"6.7",824930,693307,679529,650402,690993,805808,682985,663837,672761,"53.85",,,,,,,,59,2,"4-Seam Fastball",2,3,2,3,3,2,2,3,"Infield shade","Standard",209,"0.014","0.071",,,,"-0.071",,-1,-1,0.252,0.252,34,35,35,36,1,0,3,1,1,1,"0.84","0.54","-0.54","50.5",,,,,
"SL","2026-04-29","83.9","1.95","5.39","Speier, Gabe",665019,642100,,"called_strike",,,,,7,,"R","L","L","MIN","SEA","S",,,0,1,2026,"-0.25","-0.06",-0.7547561600915713,1.8746753930138298,,681546,,0,8,"Bot",,,,,,,-5.65798443218145,-122.15655428644847,-1.4329727921732092,-1.4508267266141222,22.642806150866164,-32.681345300400864,3.211228675,1.620620079,,,,"83.9",2306,"6.2",823717,663728,647304,702284,669717,641487,668227,677594,670042,"54.35",,,,,,,,63,2,"Slider",2,2,2,2,2,2,2,2,"Strategic","Standard",286,"-0.02","-0.071",,,,"0.071",,0,0,0.725,0.725,31,30,31,30,1,3,1,1,,1,"3.28","-0.25","-0.25","27.7",,,,,
"FF","2026-04-29","95.6","1.45","6.41","Headrick, Brent",608369,687396,"strikeout","called_strike",,,,,7,"Corey Seager challenged (pitch result), call on the field was confirmed: Corey Seager called out on strikes.","R","L","L","TEX","NYY","S",2,,2,2,2026,"0.58","1.45",-0.3984338698769958,1.6568793697784594,,607043,673962,0,5,"Bot",,,,,,,-6.225755532128469,-138.80220928108497,-10.097646702931025,8.856709328005913,30.21892810804927,-11.379634716910138,3.37183399,1.701673228,,,,"96.9",2136,"7.1",822907,641555,700250,665862,641857,676609,680474,663757,641355,"53.38",,0,"0",1,0,0,,40,5,"4-Seam Fastball",2,0,2,0,0,2,2,0,"Standard","Standard",150,"-0.025","-0.251",,,,"0.251",,2,2,0.861,0.861,28,32,29,32,1,2,1,1,4,2,"1.05","0.58","0.58","43.4",,,,,
"ST","2026-04-29","79.8","3.53","5.11","Hudson, Bryan",687263,663542,,"ball",,,,,14,,"R","R","L","CWS","LAA","B",,,0,0,2026,"-1.14","-0.18",0.334766952089234,1.3172093247310324,,,,1,8,"Top",,,,,,,-4.832407439016673,-116.15749691129642,-1.0693150450351683,-9.481226561704055,20.87718835062916,-33.80390081621765,3.169980315,1.59980315,,,,"81.3",2016,"7.2",824608,700337,808959,805367,678246,695657,803011,671976,672284,"53.32",,,,,,,,57,1,"Sweeper",1,2,2,1,2,1,2,1,"Standard","Standard",305,"-0.002","0.039",,,,"-0.039",,-1,1,0.278,0.722,29,25,29,25,1,3,2,1,3,2,"3.74","-1.14","1.14","12.0",,,,,
"FF","2026-04-28","93.1","-1.86","5.45","Mahle, Tyler",681082,641816,"strikeout","called_strike",,,,,7,"Bryson Stott challenged (pitch result), call on the field was confirmed: Bryson Stott called out on strikes.","R","L","R","PHI","SF","S",2,,0,2,2026,"-0.99","1.37",-0.7873847996961861,1.5999417457136136,,656941,666969,2,4,"Bot",,,,,,,4.970363115576631,-135.3277781105575,-6.94110757735227,-13.318802755482222,31.850671183290267,-13.94910370333366,3.225270669,1.627706693,,,,"93.3",2255,"6.6",823473,672275,646240,650333,656305,642715,671218,687551,808982,"53.88",,0,"0",1,0,0,,29,3,"4-Seam Fastball",1,0,1,0,0,1,1,0,"Standard","Standard",217,"-0.025","-0.178",,,,"0.178",,1,1,0.663,0.663,31,28,32,29,2,1,6,2,5,2,"1.28","0.99","-0.99","40.1",,,,,
"SI","2026-04-28","98","-1.53","6.14","Schlittler, Cam",608369,693645,,"ball",,,,,12,,"R","L","R","TEX","NYY","B",,,2,2,2026,"-1.04","0.92",0.9774829022068767,2.690050063885969,,,,0,4,"Bot",,,,,,,9.22683233752078,-142.30451120647,-5.8370459930185445,-16.221996157905096,32.18625250363641,-18.47995423628367,3.37183399,1.701673228,,,,"99.1",2284,"7",822908,669224,700250,665862,641857,676609,641355,663757,592450,"53.54",,,,,,,,27,5,"Sinker",0,1,0,1,1,0,0,1,"Infield shade","Standard",196,"0.012","0.112",,,,"-0.112",,-1,-1,0.423,0.423,25,32,25,32,2,1,5,1,6,1,"1.46","1.04","-1.04","43.4",,,,,
"SI","2026-04-28","94.5","-2.59","5.65","Soriano, José",808959,667755,,"called_strike",,,,,9,,"R","L","R","CWS","LAA","S",,,2,1,2026,"-1.36","0.33",0.7718868782553883,1.7457989536143375,,682668,643217,1,3,"Bot",,,,,,,11.84957280583857,-137.10967583282314,-5.041379401990045,-19.75302910105308,29.270503317548147,-27.05535049423802,3.296358268,1.663582677,,,,"95.6",1757,"7",824610,665861,694384,624428,660162,687263,666139,545361,666176,"53.51",,,,,,,,23,4,"Sinker",1,0,1,0,0,1,1,0,"Standard","Standard",246,"-0.011","-0.063",,,,"0.063",,1,1,0.709,0.709,27,26,28,26,2,1,6,1,6,1,"2.23","1.36","-1.36","28.9",,,,,
"FF","2026-04-28","97.7","-1.62","5.62","deGrom, Jacob",641355,594798,,"called_strike",,,,,7,,"R","L","R","TEX","NYY","S",,,3,1,2026,"-0.67","1.5",-0.7997942220984877,2.187626491079645,,,,1,4,"Top",,,,,,,3.802736813770479,-142.11903198270113,-7.041313051273811,-10.031070786925214,35.232190608424276,-10.412041697294747,3.344627625,1.687942913,,,,"98.1",2507,"6.7",822908,643376,669394,669701,673962,608369,696030,694497,607043,"53.8",,,,,,,,24,5,"4-Seam Fastball",0,1,1,0,1,0,1,0,"Infield shade","Standard",219,"0.006","-0.087",,,,"0.087",,-1,1,0.39,0.61,38,30,38,31,2,1,5,1,7,1,"0.9","0.67","-0.67","29.5",,,,,
"FF","2026-04-28","99.1","-1.62","6.04","Schlittler, Cam",673962,693645,"strikeout","called_strike",,,,,6,"Josh Jung challenged (pitch result), call on the field was confirmed: Josh Jung called out on strikes.","R","R","R","TEX","NYY","S",2,,0,2,2026,"-0.55","1.17",0.8178779044995435,2.688434745884676,,,607043,2,3,"Bot",,,,,,,8.001315487408462,-144.1166245359458,-6.39210105157288,-9.460253011264218,32.68467550746195,-14.571370622353912,3.26300853,1.646751969,,,,"100.7",2399,"7.1",822908,669224,700250,665862,641857,676609,641355,663757,592450,"53.38",,0,"0",1,0,0,,22,3,"4-Seam Fastball",0,1,0,1,1,0,0,1,"Strategic","Standard",209,"-0.016","-0.174",,,,"0.174",,-1,-1,0.393,0.393,25,28,25,28,2,1,5,1,6,1,"1.15","0.55","0.55","39.5",,,,,
"SL","2026-04-28","91.1","-1.16","5.83","Cabrera, Edward",593428,665795,,"ball",,,,,14,,"R","R","R","SD","CHC","B",,,2,2,2026,"-0.12","0.6",0.2200624350055304,1.4317368418054668,,,,1,4,"Bot",,,,,,,3.6766755147487094,-132.49409889552277,-6.172940189995003,-2.1982683580158073,29.858580100565156,-23.98705996835866,3.284949147,1.657824803,,,,"91.1",2365,"6.4",823310,608348,683737,670032,807713,663538,664023,691718,673548,"54.06",,,,,,,,31,6,"Slider",1,2,1,2,2,1,1,2,"Standard","Standard",215,"0.008","0.104",,,,"-0.104",,-1,-1,0.395,0.395,28,33,28,34,2,1,5,1,6,1,"2.16","0.12","0.12","30.3",,,,,
"KC","2026-04-28","85.8","-1.2","5.77","Baz, Shane",514888,669358,,"ball",,,,,14,,"R","R","R","BAL","HOU","B",,,0,0,2026,"1.05","-0.67",0.9342349959310905,1.6222040463206442,,621043,,2,3,"Top",,,,,,,2.8395158969092926,-124.95776793194206,-1.9026457572772224,10.353819654702304,26.42138293636507,-39.03027936053199,2.926000656,1.476673228,,,,"86.4",2690,"6.8",824849,668939,624413,669236,691723,683002,621493,665750,687637,"53.74",,,,,,,,23,1,"Knuckle Curve",2,0,0,2,0,2,0,2,"Standard","Standard",34,"-0.001","0.019",,,,"-0.019",,2,-2,0.731,0.269,27,36,27,36,2,1,7,3,6,2,"3.78","-1.05","-1.05","38.8",,,,,
"CH","2026-04-28","91.9","-1.1","5.95","Cabrera, Edward",593428,665795,,"ball",,,,,14,,"R","R","R","SD","CHC","B",,,1,1,2026,"-1.76","0.42",0.11818345715366152,1.469866658033727,,,,1,4,"Bot",,,,,,,6.969811826794214,-133.43078879556296,-6.08865532594236,-22.535305476373747,33.56391601144888,-25.90024823772616,3.284949147,1.657824803,,,,"91.7",1711,"6.7",823310,608348,683737,670032,807713,663538,664023,691718,673548,"53.82",,,,,,,,31,3,"Changeup",1,2,1,2,2,1,1,2,"Standard","Standard",237,"0.004","0.055",,,,"-0.055",,-1,-1,0.397,0.397,28,33,28,34,2,1,5,1,6,1,"2.33","1.76","1.76","34.8",,,,,
"FF","2026-04-28","93.5","-3.16","4.99","Marinaccio, Ron",608324,676760,,"called_strike",,,,,1,,"R","R","R","SD","CHC","S",,,1,0,2026,"-1.36","1.06",-0.690023934808154,3.067549519833787,,,,2,9,"Top",,,,,,,9.360837014886377,-135.7051807922673,-1.3161291352894975,-18.97449007931779,33.87370076759849,-19.150484886052567,3.126099081,1.57765748,,,,"93.2",2193,"6.6",823310,669134,664034,665487,630105,593428,657656,701538,669369,"53.92",,,,,,,,75,2,"4-Seam Fastball",3,8,8,3,8,3,8,3,"Standard","Standard",234,"0","-0.054",,,,"0.054",,-5,5,0.008,0.992,30,32,31,32,1,1,2,1,3,1,"1.59","1.36","1.36","26.0",,,,,
"FF","2026-04-28","94.2","-2.08","5.89","Mize, Casey",642086,663554,"strikeout","called_strike",,,,,9,"Dominic Smith challenged (pitch result), call on the field was confirmed: Dominic Smith called out on strikes.","R","L","R","ATL","DET","S",2,,3,2,2026,"-0.61","1.39",0.2927865435168422,1.5778456300858932,,,,1,2,"Bot",,,,,,,7.527832192670756,-136.892308856617,-8.49153063478333,-9.31306019463161,28.076980630608077,-13.011741008204913,3.176123688,1.602903543,,,,"95.3",2261,"6.9",824931,693307,679529,650402,701678,805808,682985,595879,663837,"53.64",,0,"0",1,0,0,,15,7,"4-Seam Fastball",0,0,0,0,0,0,0,0,"Infield shade","Standard",216,"-0.021","-0.332",,,,"0.332",,0,0,0.532,0.532,29,31,29,31,1,0,6,3,,1,"1.17","0.61","-0.61","47.2",,,,,
"FC","2026-04-28","85.1","-1.74","5.55","Mahle, Tyler",664761,641816,,"ball",,,,,14,,"R","R","R","PHI","SF","B",,,1,0,2026,"-0.4","0.94",0.018178174992188267,1.3730962785811482,,,,0,3,"Bot",,,,,,,4.912333381003879,-123.89436875598275,-5.209746663265898,-5.110330346314193,24.220425957301906,-21.67977710674049,3.406938976,1.719389764,,,,"85.6",2325,"6.5",823473,672275,646240,650333,656305,642715,671218,687551,808982,"53.98",,,,,,,,17,2,"Cutter",0,0,0,0,0,0,0,0,"Strategic","Standard",201,"0.008","0.077",,,,"-0.077",,0,0,0.559,0.559,31,29,32,30,1,0,6,2,5,2,"2.2","0.4","0.4","39.1",,,,,
"FF","2026-04-28","93.1","2.47","5.9","Newcomb, Sean",694384,656794,,"called_strike",,,,,9,,"R","L","L","CWS","LAA","S",,,1,1,2026,"0.92","1.31",0.6773528359542271,1.980081898591248,,545361,624585,2,7,"Top",,,,,,,-6.5237327468358615,-135.2945868470231,-6.863950951470779,12.743521340792986,32.611157763214536,-14.714182750791826,3.290214895,1.660482283,,,,"91.7",2302,"5.8",824610,691011,808959,803011,678246,805367,643217,682668,669720,"54.73",,,,,,,,60,3,"4-Seam Fastball",4,1,1,4,1,4,1,4,"Standard","Standard",132,"0.011","-0.063",,,,"0.063",,3,-3,0.898,0.10199999999999998,33,24,33,24,1,3,2,1,6,1,"1.35","0.92","0.92","30.2",,,,,
"SL","2026-04-28","89","-0.67","6.55","Kinley, Tyler",682985,641755,"strikeout","called_strike",,,,,7,"Riley Greene challenged (pitch result), call on the field was confirmed: Riley Greene called out on strikes.","R","L","R","ATL","DET","S",2,,2,2,2026,"0.01","0.34",-0.8057098906372139,1.6541631486910227,805808,693307,,2,8,"Top",,,,,,,-0.3644719335039675,-129.65733551588764,-6.407525057243102,0.23380988831068267,25.324134647663296,-27.287308177480604,3.303379265,1.667125984,,,,"88.1",2590,"5.5",824931,686948,621566,645277,663586,643289,573262,671739,660670,"54.96",,0,"0",1,0,0,,61,5,"Slider",3,0,0,3,0,3,0,3,"Strategic","Standard",179,"0.046","-0.219",,,,"0.219",,3,-3,0.926,0.07399999999999995,35,25,35,26,1,3,3,2,2,1,"2.52","-0.01","0.01","43.9",,,,,
"FC","2026-04-28","87","-2.65","5.69","Smith, Burch",663586,572143,,"called_strike",,,,,2,,"R","R","R","ATL","DET","S",,,1,1,2026,"0.48","0.3",0.09640815479450338,3.2119833889357405,,,,0,7,"Bot",,,,,,,5.539194304773406,-126.7707510726874,-0.27084459056917276,4.187006834724833,23.67364769452695,-29.111008291434263,3.273540026,1.652066929,,,,"87.9",2454,"6.6",824931,693307,679529,650402,690993,805808,682985,663837,672761,"53.88",,,,,,,,52,3,"Cutter",2,0,2,0,0,2,2,0,"Standard","Standard",146,"-0.002","-0.061",,,,"0.061",,2,2,0.886,0.886,36,29,36,29,1,2,3,2,3,1,"2.69","-0.48","-0.48","36.5",,,,,
"SI","2026-04-28","92.6","-1.68","6.04","Martinez, Nick",682657,607259,"strikeout","called_strike",,,,,3,"Angel Martínez challenged (pitch result), call on the field was confirmed: Angel Martínez called out on strikes.","R","L","R","CLE","TB","S",2,,1,2,2026,"-1.14","1.09",0.6739229258492714,3.040478640548983,,,,1,2,"Bot",,,,,,,8.419214058780463,-134.48165100326898,-3.9326917565492483,-15.822946679777651,34.61938455395373,-18.30125620934693,3.177878937,1.60378937,,,,"91.3",2174,"6",824447,663743,666018,810938,680700,670764,802415,656775,641584,"54.46",,0,"0",1,0,0,,13,4,"Sinker",0,0,0,0,0,0,0,0,"Strategic","Standard",208,"-0.012","-0.18",,,,"0.18",,0,0,0.523,0.523,35,24,36,24,1,0,6,1,6,1,"1.62","1.14","-1.14","54.5",,,,,
"SL","2026-04-28","83.7","-1.91","6.28","Mears, Nick",701762,683232,"strikeout","called_strike",,,,,7,"Nick Kurtz challenged (pitch result), call on the field was confirmed: Nick Kurtz called out on strikes.","R","L","R","ATH","KC","S",2,,3,2,2026,"0.12","-0.55",-0.38898690646226963,1.6094501594023232,,,,2,9,"Bot",,,,,,,3.198131770933705,-121.838849438955,-2.9743686768112125,0.5897758504887919,24.79691298407854,-37.299939865158564,3.413082349,1.722490158,,,,"83.4",2533,"6.1",825017,521692,679845,686681,672580,677951,516782,664728,695506,"54.36",,0,"0",1,0,0,,76,9,"Slider",1,1,1,1,1,1,1,1,"Infield shade","Standard",38,"-0.04","-0.328",,,,"0.328",,0,0,0.54,0.54,29,23,30,23,1,4,2,2,3,1,"3.82","-0.12","0.12","52.0",,,,,
"SI","2026-04-28","90.1","0.91","5.74","Pérez, Martín",693307,527048,,"ball",,,,,11,,"R","R","L","ATL","DET","B",,,1,2,2026,"1.48","0.81",-0.9076358950912897,2.9173649948450406,,,,1,2,"Top",,,,,,,-7.585208906533955,-130.96271909152085,-2.584613866684453,18.58498536139774,27.739442053225094,-22.52388619357527,3.271784777,1.651181102,,,,"89.5",2001,"6",824931,686948,621566,645277,663586,643289,573262,671739,660670,"54.49",,,,,,,,10,5,"Sinker",0,0,0,0,0,0,0,0,"Standard","Standard",134,"-0.002","0.048",,,,"-0.048",,0,0,0.528,0.472,35,27,35,28,1,0,6,3,8,1,"2.01","1.48","-1.48","52.4",,,,,
"FF","2026-04-28","96.3","-0.78","5.96","Leasure, Jordan",672724,673929,"strikeout","called_strike",,,,,8,"Oswald Peraza challenged (pitch result), call on the field was confirmed: Oswald Peraza called out on strikes.","R","R","R","CWS","LAA","S",2,,1,2,2026,"-0.45","1.67",-0.15094231331812114,1.538729008316736,,,,2,8,"Top",,,,,,,2.723982082594148,-139.97573998766745,-9.863108513837057,-6.505641944538324,32.66194012302063,-8.115475624132937,3.186655184,1.608218504,,,,"97.3",2370,"7",824610,691011,808959,803011,678246,805367,669720,682668,656537,"53.53",,0,"0",1,0,0,,71,4,"4-Seam Fastball",5,2,2,5,2,5,2,5,"Standard","Standard",194,"0.004","-0.182",,,,"0.182",,3,-3,0.968,0.03200000000000003,27,26,28,26,1,1,3,1,5,1,"0.8","0.45","0.45","55.9",,,,,
"FF","2026-04-28","94.3","-2.23","5.46","Lord, Brad",668901,695418,"strikeout","called_strike",,,,,7,"Mark Vientos challenged (pitch result), call on the field was confirmed: Mark Vientos called out on strikes.","R","R","R","NYM","WSH","S",2,,1,2,2026,"-1.32","0.82",-0.44961568233073934,1.8389557237526883,,,,1,5,"Bot",,,,,,,7.434789836569998,-136.96288144538764,-5.198988911690835,-18.273682912085395,33.4441086122071,-20.901405847094182,3.340239501,1.685728347,,,,"92.5",2369,"5.6",823636,686452,671277,683083,678391,682928,695734,696285,695578,"54.93",,0,"0",1,0,0,,42,5,"4-Seam Fastball",8,0,8,0,0,8,8,0,"Standard","Standard",243,"-0.001","-0.18",,,,"0.18",,8,8,0.993,0.993,26,26,26,27,1,2,3,2,4,2,"1.78","1.32","1.32","22.2",,,,,
"SL","2026-04-28","87.1","-0.8","6.4","Kinley, Tyler",805808,641755,,"ball",,,,,14,,"R","L","R","ATL","DET","B",,,2,1,2026,"0.08","0.29",0.34080050127022904,1.4127429020266087,,,,1,8,"Top",,,,,,,2.500891578117432,-126.87130557248828,-6.121729424015342,0.4196734135088071,24.07007138016685,-28.108004276814206,3.085728346,1.557283465,,,,"86.2",2530,"5.5",824931,686948,621566,645277,663586,643289,573262,671739,660670,"55.01",,,,,,,,58,4,"Slider",3,0,0,3,0,3,0,3,"Strategic","Standard",166,"-0.007","0.121",,,,"-0.121",,3,-3,0.948,0.052000000000000046,35,21,35,22,1,3,3,2,2,1,"2.7","-0.08","0.08","43.0",,,,,
"SI","2026-04-28","97.2","-1.01","6.23","Phillips, Tyler",681624,663969,,"called_strike",,,,,9,,"R","R","R","LAD","MIA","S",,,0,1,2026,"-1.33","0.58",0.4029924864214667,1.602163212395885,,,,1,9,"Bot",,,,,,,6.800248650912349,-141.28378996945307,-7.947751928142859,-19.372296045610906,31.40745067890509,-22.77024500053016,3.23667979,1.633464567,,,,"97",2119,"6.2",823956,682663,688363,669364,691594,672640,669065,805300,665923,"54.32",,,,,,,,73,2,"Sinker",1,2,1,2,2,1,1,2,"Infield shade","Standard",219,"-0.017","-0.052",,,,"0.052",,-1,-1,0.105,0.105,28,25,29,26,1,3,1,1,5,1,"1.83","1.33","1.33","33.1",,,,,
"SL","2026-04-28","84.3","-1.79","6.11","Erceg, Lucas",671732,668674,,"ball",,,,,13,,"R","L","R","ATH","KC","B",,,2,2,2026,"0.08","-0.14",-0.9683819598817132,2.1743943043781795,,701762,,1,10,"Bot",,,,,,,1.709085913237486,-122.77056116361264,-2.182771091059805,0.4527727191649284,27.468953371851985,-33.333528175880694,3.34375,1.6875,,,,"84.1",1914,"6.4",825017,521692,679845,686681,672580,677951,516782,664728,695506,"54.1",,,,,,,,83,5,"Slider",1,4,1,4,4,1,1,4,"Standard","Standard",21,"0.014","0.068",,,,"-0.068",,-3,-3,0.047,0.047,31,25,31,26,1,0,2,2,3,1,"3.38","-0.08","0.08","45.0",,,,,
"FC","2026-04-28","91.6","-2.03","5.32","Kelly, Merrill",669003,518876,,"ball",,,,,13,,"R","L","R","MIL","AZ","B",,,2,1,2026,"-0.4","1.24",-0.8453056529340943,1.881062656466913,,,,0,1,"Bot",,,,,,,3.828071849944168,-133.39317412045375,-5.334564369501688,-5.627163868787282,28.170203716446007,-16.40190083010044,3.292847769,1.661811024,,,,"91.5",2358,"6.1",823798,543510,545121,606466,571448,699912,666971,677950,682998,"54.36",,,,,,,,5,4,"Cutter",0,0,0,0,0,0,0,0,"Standard","Standard",237,"0.011","0.134",,,,"-0.134",,0,0,0.551,0.551,37,27,38,28,1,0,7,2,5,1,"1.47","0.4","-0.4","19.8",,,,,
"CU","2026-04-28","84.6","-1.89","5.65","Leahy, Kyle",665833,681517,"strikeout","called_strike",,,,,4,"Oneil Cruz challenged (pitch result), call on the field was confirmed: Oneil Cruz called out on strikes.","R","L","R","PIT","STL","S",2,,0,2,2026,"0.85","-1.02",-0.77561057213746,2.4245717323302016,,,,0,1,"Bot",,,,,,,0.8470089315772187,-123.3164029373474,1.0921582831050867,8.577078930592766,23.71105914754533,-42.98781110006637,3.515764436,1.774311024,,,,"85.8",2431,"6.9",823390,686780,676475,802139,669357,691026,701675,687363,691023,"53.58",,0,"0",1,0,0,,5,3,"Curveball",0,0,0,0,0,0,0,0,"Standard","Strategic",42,"-0.013","-0.165",,,,"0.165",,0,0,0.539,0.539,29,27,29,28,1,0,6,3,6,1,"4.18","-0.85","0.85","43.8",,,,,
"FF","2026-04-28","92.6","-2.96","4.8","Kimbrel, Craig",691781,518886,,"called_strike",,,,,9,,"R","R","R","NYM","WSH","S",,,0,0,2026,"-0.93","1.37",0.41236916813954394,1.7831489792173896,,,,0,9,"Top",,,,,,,10.65939924017438,-134.3956601582909,-4.748733710431171,-13.564827848296323,29.35414084218953,-14.706524593091604,3.370956365,1.701230315,,,,"93.4",2222,"6.9",823636,682626,668901,543760,666182,677595,701807,621438,683146,"53.59",,,,,,,,66,1,"4-Seam Fastball",8,0,0,8,0,8,0,8,"Strategic","Standard",228,"0","-0.039",,,,"0.039",,8,-8,0.999,0.0010000000000000009,38,23,38,23,1,3,5,2,4,1,"1.31","0.93","0.93","26.4",,,,,
"SI","2026-04-28","94.1","1.48","6.41","Mayza, Tim",666464,641835,,"called_strike",,,,,4,,"R","R","L","PHI","SF","S",,,0,0,2026,"1.21","0.8",-0.5303538821405058,2.2392319006782264,,,,0,9,"Top",,,,,,,-7.966437551422135,-136.73671626855057,-6.737606106303477,16.991841376183064,30.000544701543337,-20.79152197110591,3.400795604,1.71628937,,,,"95.1",1947,"6.9",823473,665561,547180,681082,664761,607208,669016,702222,666969,"53.58",,,,,,,,65,1,"Sinker",7,0,0,7,0,7,0,7,"Standard","Standard",151,"0","-0.039",,,,"0.039",,7,-7,0.999,0.0010000000000000009,34,28,34,29,1,0,2,4,2,2,"1.78","1.21","-1.21","44.6",,,,,
"FF","2026-04-28","95.2","1.49","6.27","Lynch IV, Daniel",643446,663738,,"called_strike",,,,,7,,"R","L","L","ATH","KC","S",,,0,0,2026,"0.67","1.44",-0.6949304119604043,1.5892184728850847,,,,0,7,"Bot",,,,,,,-7.180831624271977,-138.05197860901475,-9.543341958501077,10.296725477360923,34.52769576414446,-11.730794536033267,3.213861549,1.621948819,,,,"94.5",2377,"6.3",825017,521692,679845,686681,672580,677951,657041,664728,695506,"54.17",,,,,,,,58,1,"4-Seam Fastball",1,1,1,1,1,1,1,1,"Standard","Standard",141,"-0.006","-0.039",,,,"0.039",,0,0,0.588,0.588,29,34,30,34,1,2,3,2,3,1,"1.12","0.67","0.67","52.1",,,,,
"SL","2026-04-27","88.2","-1.66","5.99","Cease, Dylan",702332,656302,,"called_strike",,,,,3,,"R","R","R","TOR","BOS","S",,,0,1,2026,"0.25","0.34",0.30374072788368733,3.036516683771383,691785,,,2,6,"Top",,,,,,,4.210850492805735,-128.52040785804078,-1.6763318872940633,1.94380685894733,25.435402508508314,-28.2227597642928,2.947063648,1.48730315,,,,"88.9",2571,"6.5",822825,623168,665489,672820,672960,676391,676914,664702,660821,"53.97",,,,,,,,42,2,"Slider",0,3,3,0,3,0,3,0,"Standard","Standard",138,"0.005","-0.062",,,,"0.062",,-3,3,0.145,0.855,30,26,31,26,3,2,7,1,5,1,"2.57","-0.25","-0.25","50.4",,,,,
"SL","2026-04-27","90.1","-1.58","5.9","Cease, Dylan",596115,656302,,"ball",,,,,14,,"R","R","R","TOR","BOS","B",,,0,2,2026,"0.14","0.38",0.9464406453252041,1.8654342602072074,701350,677800,,2,5,"Top",,,,,,,5.909707738881389,-131.0568688308982,-4.674606149912449,0.442729165256417,26.5613946048488,-27.075781282096216,3.241945538,1.636122047,,,,"90.6",2676,"6.5",822825,623168,665489,672820,672960,676391,676914,664702,660821,"53.95",,,,,,,,35,3,"Slider",0,3,3,0,3,0,3,0,"Standard","Standard",131,"-0.003","-0.014",,,,"0.014",,-3,3,0.173,0.827,30,33,31,34,3,2,7,2,5,1,"2.43","-0.14","-0.14","47.5",,,,,
"FF","2026-04-27","92.5","-2.67","5.36","Castillo, Luis",621439,622491,,"called_strike",,,,,9,,"R","R","R","MIN","SEA","S",,,0,0,2026,"-1.08","1.32",0.36182632397088854,1.7834922786249534,,,656484,0,4,"Bot",,,,,,,9.903927106374294,-134.28672732762075,-5.940008315486048,-15.20851679996659,28.21705991055586,-15.043548558571036,3.257742782,1.644094488,,,,"91.5",2277,"5.7",823719,641598,647304,702284,660844,641487,668227,677594,608701,"54.77",,,,,,,,32,1,"4-Seam Fastball",5,0,5,0,0,5,5,0,"Standard","Standard",231,"-0.001","-0.043",,,,"0.043",,5,5,0.953,0.953,33,32,34,33,3,2,6,2,6,1,"1.35","1.08","1.08","22.2",,,,,
"SI","2026-04-27","89.7","2.32","5.87","Suarez, Ranger",676914,624133,,"ball",,,,,12,,"R","R","L","TOR","BOS","B",,,1,0,2026,"0.88","0.55",0.8843874185746428,3.2853178119441795,,660821,,0,6,"Bot",,,,,,,-5.363932054957341,-130.55044078916615,-1.3538519764034187,11.177588701391505,28.833078692613515,-25.84498396426985,3.045357612,1.536909449,,,,"89",1964,"6",822825,665966,575929,691785,702332,596115,680776,678882,677800,"54.54",,,,,,,,45,2,"Sinker",0,4,0,4,4,0,0,4,"Standard","Standard",146,"0.009","0.075",,,,"-0.075",,-4,-4,0.152,0.152,30,27,31,27,2,1,5,1,6,1,"2.29","0.88","-0.88","39.8",,,,,
"SI","2026-04-27","94.6","1.84","5.55","Matz, Steven",681807,571927,"walk","ball",,,,,13,"David Fry challenged (pitch result), call on the field was overturned: David Fry walks.","R","R","L","CLE","TB","B",,,3,2,2026,"1.34","0.71",-0.43717721038791413,1.4524596512264303,,,,1,5,"Bot",,,,,,,-8.932326636382498,-137.32507815919183,-6.357764689498884,18.91365659371171,31.181451514273707,-21.930723423367237,3.242823163,1.636564961,,,,"94.8",2154,"6.6",824446,663743,666018,810938,691406,670764,802415,676356,668723,"53.9",,0.704857,"0.7",1,0,0,,33,10,"Sinker",0,0,0,0,0,0,0,0,"Infield shade","Standard",124,"0.027","0.339",,,,"-0.339",,0,0,0.542,0.542,35,30,35,31,2,1,6,1,6,5,"1.86","1.34","-1.34","32.1",,,,,
"FF","2026-04-27","94.7","-1.64","6.05","Vásquez, Randy",673548,681190,,"ball",,,,,11,,"R","R","R","SD","CHC","B",,,0,1,2026,"-0.95","1.4",-0.44393204319266855,3.3655495098866637,,608324,664023,2,3,"Top",,,,,,,5.2453555238275635,-137.78315421418674,-4.308533609386181,-13.297049829610128,31.77450665667729,-13.615323703911137,3.177878937,1.60378937,,,,"94.5",2382,"6.2",823311,666023,664034,665487,592518,593428,657656,701538,592206,"54.25",,,,,,,,25,2,"4-Seam Fastball",3,1,1,3,1,3,1,3,"Standard","Standard",216,"-0.005","0.018",,,,"-0.018",,2,-2,0.724,0.276,27,31,28,32,2,1,6,1,7,1,"1.15","0.95","0.95","37.2",,,,,
"FF","2026-04-27","96.1","-1.28","5.69","Leiter, Jack",676609,683004,,"ball",,,,,14,,"R","R","R","TEX","NYY","B",,,0,0,2026,"-0.48","1.57",0.9495588981702953,2.066480243178414,,,641857,2,4,"Top",,,,,,,7.073238674612773,-139.52928793405948,-7.472451632142536,-8.00107909608327,33.57357999881267,-10.16860592014294,3.083095472,1.555954724,,,,"97.3",2474,"7.3",822906,543309,669394,677649,673962,608369,664059,694497,607043,"53.24",,,,,,,,28,1,"4-Seam Fastball",0,4,4,0,4,0,4,0,"Standard","Standard",209,"-0.001","0.035",,,,"-0.035",,-4,4,0.134,0.866,26,29,26,30,2,1,5,1,6,1,"0.92","0.48","0.48","48.3",,,,,
"FC","2026-04-27","89.2","2.23","5.91","Suarez, Ranger",665489,624133,,"called_strike",,,,,1,,"R","R","L","TOR","BOS","S",,,0,1,2026,"-0.05","0.79",-0.6729343555816766,2.821184877469762,,,,2,4,"Bot",,,,,,,-6.922821445963022,-129.71520755207362,-3.0289706405660413,0.9142374278409635,27.25925146715822,-22.857395367791618,3.208595801,1.619291339,,,,"88.9",2082,"6.1",822825,665966,575929,691785,702332,596115,680776,678882,677800,"54.35",,,,,,,,28,2,"Cutter",0,1,0,1,1,0,0,1,"Standard","Standard",147,"-0.004","-0.057",,,,"0.057",,-1,-1,0.374,0.374,30,27,31,27,2,1,5,1,6,1,"2.08","-0.05","0.05","41.5",,,,,
"FF","2026-04-27","98.5","-1.78","5.73","Dotel, Wilber",695336,696062,,"ball",,,,,12,,"R","R","R","PIT","STL","B",,,0,0,2026,"-0.76","1.29",0.2393173029037281,3.3207076977291683,,,,1,6,"Top",,,,,,,7.266624947246938,-143.38966596032887,-4.027100271286723,-12.145442298083315,30.652351625197756,-13.591980953940292,3.141018701,1.585187008,,,,"99.7",2315,"6.8",823395,680779,687462,664040,693304,804606,668804,663968,656811,"53.74",,,,,,,,38,1,"4-Seam Fastball",2,0,0,2,0,2,0,2,"Standard","Standard",215,"-0.004","0.039",,,,"-0.039",,2,-2,0.81,0.18999999999999995,23,24,24,24,2,1,6,5,,12,"1.04","0.76","0.76","41.7",,,,,
"FF","2026-04-27","98.1","-0.54","5.93","Taylor, Grant",694384,691799,,"called_strike",,,,,9,,"R","L","R","CWS","LAA","S",,,0,1,2026,"-0.08","1.24",0.7646228973729589,1.6612327799895006,687093,,666176,2,9,"Top",,,,,,,3.7116294076431338,-142.58919925912525,-8.845219819800546,-1.9064987347073135,33.68104977626084,-13.372584382210693,3.290214895,1.660482283,,,,"99.5",2435,"7.2",824609,700337,808959,805367,678246,695657,803011,671976,677592,"53.3",,,,,,,,79,2,"4-Seam Fastball",8,6,6,8,6,8,6,8,"Standard","Standard",194,"0.02","-0.056",,,,"0.056",,2,-2,0.932,0.06799999999999995,24,24,24,24,1,4,2,1,5,1,"1.14","0.08","-0.08","56.8",,,,,
"CU","2026-04-27","76.6","-1.37","5.16","Maton, Phil",592206,664208,"strikeout","called_strike",,,,,1,"Nick Castellanos challenged (pitch result), call on the field was confirmed: Nick Castellanos called out on strikes.","R","R","R","SD","CHC","S",2,,3,2,2026,"1.39","-0.82",-0.5860330383055827,3.2972177447159448,664034,,,0,7,"Bot",,,,,,,-0.9352703800719068,-111.27958869150406,5.005637841309924,11.589469766750867,23.056948632570347,-40.21889310460544,3.329708005,1.680413386,,,,"77.3",3176,"7.2",823311,694208,683737,663538,608324,621020,807713,691718,673548,"53.28",,0,"0",1,0,0,,65,10,"Curveball",8,5,8,5,5,8,8,5,"Strategic","Standard",61,"-0.01","-0.325",,,,"0.325",,3,3,0.966,0.966,33,34,33,34,1,3,20,5,4,1,"4.77","-1.39","-1.39","32.2",,,,,
"FF","2026-04-27","95.2","0.98","5.39","Messick, Parker",691406,800048,"strikeout","called_strike",,,,,7,"Junior Caminero challenged (pitch result), call on the field was confirmed: Junior Caminero called out on strikes.","R","R","L","CLE","TB","S",2,,2,2,2026,"0.34","1.37",-0.29821633084862337,1.8669887326613765,,,,2,1,"Top",,,,,,,-4.120373576413695,-138.40504780579585,-6.524396407697356,5.332413430476366,32.1988834197648,-13.314551556765583,3.243700787,1.637007874,,,,"95.6",2161,"6.7",824446,595978,656555,682177,608070,677587,682657,680757,800050,"53.85",,0,"0",1,0,0,,3,5,"4-Seam Fastball",0,0,0,0,0,0,0,0,"Strategic","Standard",156,"0.008","-0.224",,,,"0.224",,0,0,0.54,0.45999999999999996,25,22,26,23,1,0,6,1,6,1,"1.16","0.34","-0.34","45.4",,,,,
"SL","2026-04-27","87.9","-2.42","5.4","Soriano, George",693304,666277,,"called_strike",,,,,1,,"R","R","R","PIT","STL","S",,,0,0,2026,"-0.03","0.07",-0.4858529786561919,3.0820926992163873,,,,2,9,"Bot",,,,,,,4.6516561846803395,-128.0821049747955,0.409662105443106,-1.1710195786017428,22.7695575373375,-31.63090137702649,3.05062336,1.539566929,,,,"87.9",2719,"5.9",823395,686780,676475,802139,602104,691026,701675,687363,691023,"54.58",,,,,,,,68,1,"Slider",2,4,2,4,4,2,2,4,"Standard","Standard",11,"0","-0.043",,,,"0.043",,-2,-2,0.015,0.015,27,27,27,27,1,3,2,1,2,1,"2.84","0.03","0.03","33.8",,,,,
"FF","2026-04-27","95.4","2.9","5.73","Nardi, Andrew",500743,677053,"strikeout","called_strike",,,,,9,"Miguel Rojas challenged (pitch result), call on the field was confirmed: Miguel Rojas called out on strikes.","R","R","L","LAD","MIA","S",2,,2,2,2026,"0.8","1.41",0.4864713517179998,1.7727580402977492,,,669743,1,7,"Bot",,,,,,,-8.183943576270542,-138.60667448202614,-7.819652277203579,12.190177749203471,30.687812573264544,-12.402137924591571,3.141018701,1.585187008,,,,"96.2",2342,"6.8",823961,682663,681393,669364,691594,672640,669065,805300,683357,"53.68",,0,"0",1,0,0,,59,6,"4-Seam Fastball",2,4,2,4,4,2,2,4,"Standard","Standard",141,"-0.044","-0.222",,,,"0.222",,-2,-2,0.22,0.22,27,37,28,37,1,0,1,1,2,2,"1.1","0.8","-0.8","40.7",,,,,
"FC","2026-04-27","90.4","-3.96","5.07","Collyer, Gavin",663757,686560,,"called_strike",,,,,1,,"R","L","R","TEX","NYY","S",,,2,0,2026,"-0.05","0.12",-0.3134099706913894,3.2522277305772804,,,676609,0,9,"Top",,,,,,,9.025893293599736,-131.32887233107536,1.3455796475450712,-2.547270557497662,28.680968655025563,-31.295887732181814,3.138385827,1.583858268,,,,"89.7",2765,"6",822906,543309,669394,669701,673962,608369,677649,696030,607043,"54.47",,,,,,,,67,3,"Cutter",1,4,4,1,4,1,4,1,"Infield shade","Standard",145,"0.001","-0.066",,,,"0.066",,-3,3,0.027,0.973,25,29,25,30,1,4,1,1,5,1,"2.68","0.05","-0.05","19.5",,,,,
"SI","2026-04-27","88.2","2.4","6.01","Suarez, Ranger",664702,624133,,"ball",,,,,12,,"R","R","L","TOR","BOS","B",,,1,0,2026,"1.15","0.7",0.8676785322012681,3.3770949471423464,,,,0,1,"Bot",,,,,,,-6.030471468559897,-128.35351777024962,-1.6011596072136727,13.921212745586168,26.258435403079684,-24.29486817148378,3.073441601,1.551082677,,,,"87.4",1957,"5.8",822825,665966,575929,691785,702332,596115,680776,678882,677800,"54.73",,,,,,,,4,2,"Sinker",0,0,0,0,0,0,0,0,"Standard","Standard",145,"0.007","0.077",,,,"-0.077",,0,0,0.551,0.551,30,31,31,32,1,0,5,1,6,1,"2.23","1.15","-1.15","38.4",,,,,
"SL","2026-04-27","86.8","-1.09","5.85","Hoppe, Alex",670242,695380,,"called_strike",,,,,9,,"R","L","R","MIN","SEA","S",,,0,0,2026,"0.22","-0.03",0.7136265654826848,1.8470942964997983,,680777,807712,1,7,"Bot",,,,,,,3.7999568208154884,-126.38945186481844,-3.141358971179516,1.6796232005799547,24.040137299570567,-32.084429006059345,3.394652231,1.713188976,,,,"87.3",2197,"6.4",823719,641598,647304,702284,660844,641487,668227,677594,608701,"54.1",,,,,,,,61,1,"Slider",8,2,8,2,2,8,8,2,"Standard","Standard",103,"0","-0.033",,,,"0.033",,6,6,0.994,0.994,27,28,28,29,1,3,,1,4,2,"3.03","-0.22","0.22","49.6",,,,,
"FF","2026-04-26","92.4","2.1","5.7","Detmers, Reid",686469,672282,"walk","ball",,,,,14,"Vinnie Pasquantino challenged (pitch result), call on the field was overturned: Vinnie Pasquantino walks.","R","L","L","KC","LAA","B",,,3,1,2026,"0.87","1.3",0.006912356427186572,1.4188383213571896,,,,0,6,"Bot",,,,,,,-7.20394977772725,-134.11938784524506,-7.668418446442143,12.158484756546486,31.754543403385078,-14.906057683349436,3.363057743,1.697244095,,,,"92.2",2043,"6.5",824122,518595,694384,624428,660162,687263,666139,545361,666176,"53.97",,0.704857,"0.7",1,0,0,,51,5,"4-Seam Fastball",3,6,3,6,6,3,3,6,"Standard","Standard",140,"0.029","0.262",,,,"-0.262",,-3,-3,0.182,0.182,26,28,27,29,3,2,6,1,6,2,"1.4","0.87","0.87","32.7",,,,,
"SL","2026-04-26","75.5","3.09","4.63","Sale, Chris",664238,519242,,"ball",,,,,13,,"R","R","L","ATL","PHI","B",,,2,1,2026,"-0.88","-0.54",-0.7129305481653626,1.4334078902513632,,,,1,5,"Top",,,,,,,-6.240342418390413,-109.72247005977171,1.700001191045523,-5.950292119364776,19.797052184897066,-37.107489124489014,3.238435039,1.634350394,,,,"75.6",2394,"6.5",824934,686948,621566,645277,663586,622761,643289,642201,660670,"53.99",,,,,,,,39,4,"Slider",6,0,0,6,0,6,0,6,"Standard","Standard",302,"-0.003","0.121",,,,"-0.121",,6,-6,0.969,0.031000000000000028,37,33,37,34,2,1,8,3,6,5,"4.56","-0.88","0.88","7.7",,,,,
"SI","2026-04-26","93.6","-1.13","6.22","Bradish, Kyle",575929,680694,,"called_strike",,,,,3,,"R","R","R","BAL","BOS","S",,,1,1,2026,"-0.92","0.88",0.6128018673764125,3.1746774217651366,,,680776,2,5,"Top",,,,,,,6.535077517599688,-136.0295234097548,-3.8398109354228143,-12.888237151340332,33.24939988749771,-20.613245779835097,3.229658793,1.62992126,,,,"93.5",2139,"6.6",824852,694212,624413,669236,677942,683002,621493,687637,641933,"53.92",,,,,,,,34,3,"Sinker",0,1,1,0,1,0,1,0,"Standard","Standard",185,"0.006","-0.073",,,,"0.073",,-1,1,0.392,0.608,29,34,30,34,3,2,6,1,6,1,"1.75","0.92","0.92","51.8",,,,,
"SI","2026-04-26","99.3","-1.74","5.16","Dollander, Chase",665742,801403,,"called_strike",,,,,9,,"R","L","R","NYM","COL","S",,,0,0,2026,"-1.8","0.4",0.3470005649352754,1.5778530139686424,,,,0,6,"Bot",,,,,,,9.933319508559075,-144.17310409596143,-5.059194127505064,-27.522499645731695,36.85038497885601,-25.470334179375904,3.259498032,1.644980315,,,,"98.9",2466,"6.4",823637,696100,681198,666397,691720,678662,666160,686668,671289,"54.09",,,,,,,,48,1,"Sinker",0,3,0,3,3,0,0,3,"Infield shade","Standard",240,"-0.004","-0.039",,,,"0.039",,-3,-3,0.163,0.163,24,27,25,28,3,2,5,0,6,2,"1.94","1.8","-1.8","20.8",,,,,
"FC","2026-04-26","87.3","-2.13","5.57","McGreevy, Michael",686527,700241,,"ball",,,,,11,,"R","L","R","STL","SEA","B",,,2,2,2026,"0.28","0.4",-0.34963930718483954,3.4907412601404637,,,,1,5,"Top",,,,,,,3.650722951710429,-127.25996759428241,0.43764696242108014,2.4123428926589896,24.12439868173895,-28.09301107199751,3.208595801,1.619291339,,,,"88.2",2456,"6.6",823068,671056,676475,802139,602104,691026,701675,687363,691023,"53.89",,,,,,,,34,5,"Cutter",1,1,1,1,1,1,1,1,"Infield shade","Standard",174,"-0.008","0.104",,,,"-0.104",,0,0,0.533,0.46699999999999997,25,28,26,29,2,1,6,1,6,2,"2.56","-0.28","0.28","29.7",,,,,
"SI","2026-04-26","93","-1.96","5.73","Cecconi, Slade",662139,677944,,"ball",,,,,14,,"R","L","R","TOR","CLE","B",,,1,1,2026,"-1.39","0.8",0.8298126512499928,1.7696131353809335,,,,2,5,"Bot",,,,,,,10.17444471857227,-134.95318025694272,-5.9514170473132015,-19.168957614339874,28.465402944598175,-21.190623675049498,3.036581365,1.532480315,,,,"93.3",2130,"6.6",822824,595978,656555,682877,682177,677587,682657,680757,681807,"53.93",,,,,,,,44,3,"Sinker",2,2,2,2,2,2,2,2,"Standard","Standard",231,"0.003","0.053",,,,"-0.053",,0,0,0.514,0.514,27,29,27,30,3,2,6,1,6,1,"1.84","1.39","-1.39","37.1",,,,,
"SL","2026-04-26","77.8","2.48","6.28","Corbin, Patrick",682177,571578,"strikeout","called_strike",,,,,1,"Daniel Schneemann challenged (pitch result), call on the field was confirmed: Daniel Schneemann called out on strikes.","R","L","L","TOR","CLE","S",2,,3,2,2026,"-0.17","0.03",-0.6365404497173826,3.058888830250868,,,,2,4,"Top",,,,,,,-6.349720235636322,-113.18517114121805,0.08563837306873445,-0.4290148290747493,18.41810039167917,-32.08940926542134,3.19718668,1.613533465,,,,"79.1",2131,"7",822824,678218,672820,676914,672960,676391,682818,662139,660821,"53.52",,0,"0",1,0,0,,29,6,"Slider",2,0,0,2,0,2,0,2,"Infield shade","Standard",285,"0.014","-0.328",,,,"0.328",,2,-2,0.772,0.22799999999999998,36,29,37,29,2,1,5,2,5,1,"3.7","-0.17","-0.17","40.8",,,,,
"SI","2026-04-26","90.4","-1.68","4.85","Nola, Aaron",643289,605400,,"called_strike",,,,,7,,"R","R","R","ATL","PHI","S",,,0,0,2026,"-1.29","0.49",-0.8035633935187461,2.07455772226494,,,,2,3,"Bot",,,,,,,5.011562463453033,-131.6791907407021,-1.913444969778714,-16.02115481957896,26.155237657478253,-26.257198353470333,3.17085794,1.600246063,,,,"91.8",2249,"6.9",824934,665561,547180,624641,664761,607208,694025,664238,666969,"53.55",,,,,,,,28,1,"Sinker",6,0,6,0,0,6,6,0,"Standard","Standard",231,"0","-0.043",,,,"0.043",,6,6,0.952,0.952,33,31,33,32,2,1,6,1,8,2,"2.28","1.29","1.29","20.4",,,,,
"SI","2026-04-26","92.4","-2.18","5.58","McGreevy, Michael",677594,700241,,"ball",,,,,14,,"R","R","R","STL","SEA","B",,,0,0,2026,"-1.25","0.3",0.24599321712638478,1.4804248663057713,,,,1,4,"Top",,,,,,,8.920606175475658,-134.25277705754596,-5.0447734469699235,-17.090169849050813,30.388365418473487,-27.54868292738017,3.377977362,1.704773622,,,,"92.7",2156,"6.7",823068,671056,676475,802139,602104,691026,701675,687363,691023,"53.82",,,,,,,,27,1,"Sinker",1,1,1,1,1,1,1,1,"Standard","Standard",229,"-0.003","0.039",,,,"-0.039",,0,0,0.527,0.473,25,25,26,26,2,1,6,1,6,1,"2.38","1.25","1.25","30.1",,,,,
"KC","2026-04-26","77.4","-1.8","5.11","Nola, Aaron",671739,605400,,"ball",,,,,13,,"R","L","R","ATL","PHI","B",,,0,0,2026,"1.05","-0.91",-0.19107869631252428,1.4131719152917928,,,,0,3,"Bot",,,,,,,1.4596792865720263,-112.73914993523603,1.036764121414382,8.653396581046906,21.79230081316364,-40.34899728295794,3.181389436,1.605561024,,,,"78.4",2532,"7.1",824934,665561,547180,624641,664761,607208,694025,664238,666969,"53.38",,,,,,,,26,1,"Knuckle Curve",6,0,6,0,0,6,6,0,"Standard","Standard",50,"0","0.041",,,,"-0.041",,6,6,0.958,0.958,33,25,33,25,2,1,6,1,8,2,"4.73","-1.05","1.05","23.0",,,,,
"SI","2026-04-26","94","3.14","4.7","Sale, Chris",656941,519242,,"ball",,,,,14,,"R","L","L","ATL","PHI","B",,,0,0,2026,"1.55","0.4",0.8505410823192714,1.6707704420003293,,665561,607208,2,3,"Top",,,,,,,-9.426766981382695,-136.54926486878065,-2.846665225685018,21.421183051275094,29.048861044434023,-26.733736814586795,3.180511811,1.60511811,,,,"94.8",2284,"6.8",824934,686948,621566,645277,663586,622761,643289,642201,660670,"53.7",,,,,,,,24,1,"Sinker",6,0,0,6,0,6,0,6,"Infield shade","Standard",118,"-0.002","0.024",,,,"-0.024",,6,-6,0.941,0.05900000000000005,37,33,37,33,2,1,8,1,6,2,"2.18","1.55","1.55","8.4",,,,,
"FF","2026-04-26","93","2.22","5.54","Wrobleski, Justin",663538,680736,,"called_strike",,,,,3,,"R","R","L","LAD","CHC","S",,,3,1,2026,"0.62","1.36",0.7297196888116985,3.2662010377539517,683737,807713,691718,1,2,"Top",,,,,,,-5.053933183002489,-135.37198319881125,-2.859197685696068,8.70365024513665,29.36016785785327,-15.075875534238762,3.185777559,1.607775591,,,,"91.5",2385,"5.3",823959,687221,518692,500743,669289,808975,606192,681624,663656,"55.16",,,,,,,,17,5,"4-Seam Fastball",3,0,0,3,0,3,0,3,"Standard","Standard",143,"0.022","-0.092",,,,"0.092",,3,-3,0.642,0.358,25,29,26,29,2,1,6,1,7,1,"1.28","0.62","-0.62","35.8",,,,,
"SI","2026-04-26","92.1","-1.65","4.8","Nola, Aaron",660670,605400,,"ball",,,,,14,,"R","R","R","ATL","PHI","B",,,2,0,2026,"-1.38","0.89",0.48806488498232614,1.2741895477744911,,,,1,2,"Bot",,,,,,,8.487643845970585,-133.72683888757405,-4.864579796109123,-18.38751573793211,30.260950364497514,-20.611844875591615,3.200697179,1.615305118,,,,"92.8",2313,"7",824934,665561,547180,624641,664761,607208,694025,664238,666969,"53.53",,,,,,,,16,3,"Sinker",5,0,5,0,0,5,5,0,"Standard","Standard",229,"0.002","0.143",,,,"-0.143",,5,5,0.915,0.915,33,28,33,29,2,1,6,1,8,2,"1.82","1.38","1.38","17.6",,,,,
"CH","2026-04-26","77.3","2.55","6.24","Corbin, Patrick",677587,571578,,"ball",,,,,13,,"R","R","L","TOR","CLE","B",,,1,1,2026,"1.23","0.97",-0.49401272008102914,1.1167069941898196,,,,0,3,"Top",,,,,,,-8.759646087187654,-112.2389570995407,-5.562514073094213,11.923279881668956,19.313162985799973,-23.098502264337387,3.068175853,1.548425197,,,,"78.1",1228,"6.9",822824,678218,672820,676914,672960,676391,682818,662139,660821,"53.63",,,,,,,,19,3,"Changeup",2,0,0,2,0,2,0,2,"Infield shade","Standard",127,"-0.005","0.055",,,,"-0.055",,2,-2,0.713,0.28700000000000003,36,25,37,25,1,0,5,1,5,1,"2.84","1.23","-1.23","40.2",,,,,
"FF","2026-04-26","95.9","3.19","4.87","Sale, Chris",664761,519242,,"ball",,,,,13,,"R","R","L","ATL","PHI","B",,,1,0,2026,"1.09","0.8",-0.9661347702917757,1.7258593543149208,,,,2,2,"Top",,,,,,,-13.446600865155867,-139.0362092801255,-4.362785688305807,17.047336644321337,29.70840261822132,-20.928074285523067,3.406938976,1.719389764,,,,"96.7",2345,"6.9",824934,686948,621566,645277,663586,622761,643289,642201,660670,"53.65",,,,,,,,12,2,"4-Seam Fastball",3,0,0,3,0,3,0,3,"Standard","Standard",116,"-0.002","0.065",,,,"-0.065",,3,-3,0.812,0.18799999999999994,37,29,37,30,1,0,8,1,6,2,"1.69","1.09","-1.09","9.4",,,,,
"FF","2026-04-26","93.3","-2.42","4.85","Arrighetti, Spencer",641857,681293,,"ball",,,,,11,,"R","L","R","HOU","NYY","B",,,1,1,2026,"-1.17","1.14",-0.3918900091710009,3.5929184682200503,,,,0,3,"Top",,,,,,,7.9410354062347475,-135.52136211946643,0.2581406102646576,-16.224967488107477,34.32758277184583,-18.652523484097898,3.31742126,1.674212598,,,,"94.5",2454,"7.4",824202,543877,572233,669699,670623,621043,687957,669288,701358,"53.06",,,,,,,,17,3,"4-Seam Fastball",2,0,0,2,0,2,0,2,"Standard","Standard",229,"-0.005","0.055",,,,"-0.055",,2,-2,0.713,0.28700000000000003,26,31,26,32,1,0,6,1,6,1,"1.53","1.17","-1.17","18.9",,,,,
"SI","2026-04-26","94.6","-2.13","5.82","Lange, Alex",669326,656638,,"called_strike",,,,,8,,"R","R","R","KC","LAA","S",,,2,1,2026,"-1.24","0.54",0.23449934123177507,1.6721770538791376,672724,,666176,2,9,"Top",,,,,,,8.882802254928363,-137.5335515285564,-6.149970687715417,-17.639668988563447,28.287257158724962,-24.169428239874936,3.31742126,1.674212598,,,,"94.9",2127,"6.4",824122,695600,686469,679845,672580,677951,686555,657041,695506,"54.14",,,,,,,,79,4,"Sinker",5,7,7,5,7,5,7,5,"Standard","Standard",229,"0.003","-0.05",,,,"0.05",,-2,2,0.075,0.925,30,27,31,27,1,0,4,1,3,1,"2","1.24","1.24","43.6",,,,,
"CH","2026-04-26","88","1.77","6.2","Burke, Brock",668670,656271,"strikeout","called_strike",,,,,7,"Jake Rogers challenged (pitch result), call on the field was confirmed: Jake Rogers called out on strikes.","R","R","L","CIN","DET","S",2,,1,2,2026,"1.3","0.39",-0.7394583192224395,1.7345597442916536,679529,663837,663330,1,6,"Top",,,,,,,-8.804171465848052,-127.83540443841166,-5.350592785903353,16.061657789524745,25.033093677382965,-26.98285468548841,3.18402231,1.606889764,,,,"88.8",2083,"6.7",824528,624431,701398,680574,663647,682829,668709,670770,668715,"53.76",,0,"0",1,0,0,,49,4,"Changeup",3,2,2,3,2,3,2,3,"Standard","Standard",125,"0.085","-0.223",,,,"0.223",,1,-1,0.533,0.46699999999999997,29,31,30,31,1,2,2,4,2,4,"2.55","1.3","-1.3","34.9",,,,,
"SL","2026-04-26","89.2","-1.1","5.52","Hill, Jaden",673357,677955,,"called_strike",,,,,9,,"R","R","R","NYM","COL","S",,,0,1,2026,"0.43","0",0.7526058074343768,1.6864346670999901,682626,666182,665742,1,8,"Bot",,,,,,,3.547743952731774,-129.84044432435687,-3.1465891186955384,4.126932113454928,27.23349935349317,-31.7626590447791,3.310400263,1.670669291,,,,"88.3",2465,"5.7",823635,664954,687859,666397,691720,678662,666160,686668,664983,"54.79",,,,,,,,61,2,"Slider",1,3,1,3,3,1,1,3,"Standard","Standard",143,"-0.037","-0.064",,,,"0.064",,-2,-2,0.36,0.36,26,28,27,29,1,3,2,3,5,,"2.87","-0.43","-0.43","23.5",,,,,
"SI","2026-04-26","93.4","-1.11","5.88","Whitlock, Garrett",621493,676477,,"called_strike",,,,,1,,"R","R","R","BAL","BOS","S",,,0,1,2026,"-1.14","1.43",-0.8098959836904971,2.9897243586270985,,,681297,1,8,"Bot",,,,,,,3.404779288507799,-135.92023647176728,-4.766089250955565,-14.938636295201581,30.057213780909294,-13.645225522098414,3.190165682,1.609990158,,,,"95",2187,"7.3",824852,657136,575929,691785,702332,655316,680776,678882,677800,"53.25",,,,,,,,63,2,"Sinker",2,5,2,5,5,2,2,5,"Standard","Standard",230,"-0.009","-0.047",,,,"0.047",,-3,-3,0.087,0.087,30,32,30,33,1,3,6,1,3,2,"1.19","1.14","1.14","38.9",,,,,
"CU","2026-04-26","80.1","2.63","5.87","Quintana, Jose",673357,500779,,"ball",,,,,13,,"R","R","L","NYM","COL","B",,,2,1,2026,"-0.46","-0.33",-0.20797918580864477,1.3886928363366309,,,666182,1,1,"Bot",,,,,,,-5.292534997690961,-116.57577228180729,-2.3005566661373527,-3.232891484557446,22.064735419817552,-34.99160995146201,3.310400263,1.670669291,,,,"80",2205,"6.2",823635,664954,687859,666397,691720,678662,687597,664983,666160,"54.26",,,,,,,,6,4,"Curveball",0,0,0,0,0,0,0,0,"Standard","Standard",295,"0.01","0.109",,,,"-0.109",,0,0,0.555,0.555,37,28,37,29,1,0,6,3,5,,"3.89","-0.46","0.46","43.9",,,,,
"SI","2026-04-26","97.6","-1.73","5.47","Domínguez, Seranthony",671277,622554,,"called_strike",,,,,7,,"R","L","R","CWS","WSH","S",,,2,1,2026,"-1.42","0.77",-0.41382991884746256,1.5980449786977755,,,,2,10,"Top",,,,,,,6.815461358480762,-141.95035894050835,-6.487621978372455,-20.782100940100605,31.60086016666315,-20.491681032984463,3.248088911,1.639222441,,,,"97.8",2229,"6.4",824612,691011,808959,805367,678246,695657,803011,671976,656537,"54.14",,,,,,,,69,4,"Sinker",0,2,2,0,2,0,2,0,"Standard","Standard",213,"-0.015","-0.073",,,,"0.073",,-2,2,0.201,0.7989999999999999,31,26,32,26,1,3,2,1,2,2,"1.62","1.42","-1.42","28.3",,,,,
"FC","2026-04-26","88.6","-2.58","4.74","Arrighetti, Spencer",665862,681293,,"called_strike",,,,,4,,"R","L","R","HOU","NYY","S",,,2,1,2026,"-0.04","1.04",-0.6220338724586888,2.2701002588054813,,,,1,2,"Top",,,,,,,4.878235905533648,-128.95571343029454,-2.044555461848273,-1.4180268194630885,26.070411616435926,-20.305300227147512,3.15593832,1.592716535,,,,"90",2428,"7.1",824202,543877,572233,669699,670623,621043,687957,669288,701358,"53.42",,,,,,,,11,4,"Cutter",2,0,0,2,0,2,0,2,"Infield shade","Standard",200,"0.005","-0.07",,,,"0.07",,2,-2,0.718,0.28200000000000003,26,28,26,28,1,0,6,1,6,1,"1.85","0.04","-0.04","14.8",,,,,
"FF","2026-04-26","96.8","-3.08","5.96","Sanders, Cam",663604,676742,"strikeout","called_strike",,,,,9,"Brandon Lockridge challenged (pitch result), call on the field was confirmed: Brandon Lockridge called out on strikes.","R","R","R","MIL","PIT","S",2,,3,2,2026,"-0.6","1.44",0.7011441774886364,1.6390126666571792,,650859,,1,6,"Bot",,,,,,,11.302498967846638,-140.18851958867918,-8.947431780859478,-10.542648859776905,33.887986167572905,-11.268666822052841,3.226148294,1.628149606,,,,"96.1",2546,"6.3",823797,663698,656811,693304,694377,804606,663968,695257,668804,"54.18",,0,"0",1,0,0,,46,8,"4-Seam Fastball",5,0,5,0,0,5,5,0,"Standard","Standard",218,"-0.004","-0.295",,,,"0.295",,5,5,0.976,0.976,29,29,30,29,1,2,8,2,1,2,"1.03","0.6","0.6","31.8",,,,,
"FF","2026-04-26","94.2","-2.33","5.94","Schultz, Paxton",805367,687606,"strikeout","called_strike",,,,,9,"Chase Meidroth challenged (pitch result), call on the field was confirmed: Chase Meidroth called out on strikes.","R","R","R","CWS","WSH","S",2,,0,2,2026,"-0.8","1.51",0.7911229687544484,1.7635942545237577,,,671976,1,10,"Bot",,,,,,,9.752304623366115,-136.62764538447814,-8.270275852022534,-12.120352166861476,29.75664439919655,-11.544229969049912,3.068175853,1.548425197,,,,"93.9",2338,"6.2",824612,686452,678554,683083,678391,682928,695734,686894,695578,"54.26",,0,"0",1,0,0,,72,3,"4-Seam Fastball",1,2,1,2,2,1,1,2,"Standard","Standard",213,"-0.069","-0.168",,,,"0.168",,-1,-1,0.168,0.168,28,24,28,25,1,4,9,1,3,1,"1.07","0.8","0.8","35.6",,,,,
"SI","2026-04-26","96.9","-1.06","6.27","Brazobán, Huascar",678662,623211,,"ball",,,,,12,,"R","R","R","NYM","COL","B",,,1,2,2026,"-1.35","0.94",0.8902041194162453,2.5210267414620926,,664954,,0,7,"Top",,,,,,,8.194850644205397,-140.7267312806511,-6.309281760692856,-19.866412553546542,35.52403189327663,-18.3185395554192,3.219127297,1.624606299,,,,"95.5",2248,"5.8",823635,620443,668901,543760,683146,666182,502054,673357,621438,"54.68",,,,,,,,47,5,"Sinker",1,2,2,1,2,1,2,1,"Standard","Standard",223,"-0.006","0.045",,,,"-0.045",,-1,1,0.252,0.748,36,24,37,25,1,2,3,2,5,0,"1.52","1.35","1.35","41.5",,,,,
"SI","2026-04-26","98.8","-1.81","5.58","Holderman, Colin",665489,670059,,"called_strike",,,,,8,,"R","R","R","TOR","CLE","S",,,0,0,2026,"-1.59","0.6",-0.03602694698226916,1.5466122009814616,,,,1,8,"Bot",,,,,,,8.540398575591157,-143.5077440022616,-6.693044238454544,-24.010955407576645,34.355917357959726,-22.498216356952952,3.208595801,1.619291339,,,,"98.7",2212,"6.4",822824,595978,700932,682877,682177,677587,682657,680757,671655,"54.08",,,,,,,,65,1,"Sinker",4,2,4,2,2,4,4,2,"Standard","Standard",229,"-0.001","-0.039",,,,"0.039",,2,2,0.932,0.932,30,27,31,27,1,3,28,1,1,1,"1.75","1.59","1.59","27.7",,,,,
"ST","2026-04-26","85.4","-0.93","5.71","Nunez, Anthony",575929,689296,"strikeout","called_strike",,,,,4,"Willson Contreras challenged (pitch result), call on the field was confirmed: Willson Contreras called out on strikes.","R","R","R","BAL","BOS","S",2,,0,2,2026,"1.41","-0.44",-0.5089653574609347,2.5487028880332305,,,680776,0,7,"Top",,,,,,,-1.9266552026808794,-124.26511885098361,0.007598472398414602,14.93852445884495,26.959605570670476,-36.91352435185839,3.229658793,1.62992126,,,,"85.3",2948,"6.4",824852,694212,624413,669236,677942,683002,621493,687637,641933,"54.06",,0,"0",1,0,0,,52,4,"Sweeper",2,5,5,2,5,2,5,2,"Standard","Standard",52,"0.008","-0.148",,,,"0.148",,-3,3,0.098,0.902,24,34,25,34,1,3,4,1,2,1,"3.58","-1.41","-1.41","38.1",,,,,
"FC","2026-04-26","88","-2.16","5.85","Cecconi, Slade",665489,677944,,"ball",,,,,12,,"R","R","R","TOR","CLE","B",,,0,0,2026,"-0.15","0.79",0.40525377394376394,3.4587468272112085,,676391,662139,0,1,"Bot",,,,,,,6.4663648192018535,-128.12333700165905,-1.2200642342645656,-2.8787924712474817,24.771192334405004,-23.394853833048106,3.208595801,1.619291339,,,,"88.6",2186,"6.5",822824,595978,656555,682877,682177,677587,682657,680757,681807,"54.04",,,,,,,,7,1,"Cutter",0,0,0,0,0,0,0,0,"Standard","Standard",203,"0.007","0.045",,,,"-0.045",,0,0,0.636,0.636,27,27,27,27,1,0,6,1,6,1,"2.14","0.15","0.15","39.5",,,,,
"SL","2026-04-26","88.9","3.16","5.51","Ferrer, José A.",802139,678606,,"called_strike",,,,,4,,"R","L","L","STL","SEA","S",,,0,1,2026,"-0.22","0.04",-0.4251620618201411,2.290542702712697,,,,2,9,"Bot",,,,,,,-8.120463544838405,-129.38157237524473,-1.8102006987019839,-1.030933908439582,23.055052522866372,-31.544586965031176,3.096259843,1.562598425,,,,"88.6",2306,"5.7",823068,663728,656582,702284,660844,641487,668227,677594,608701,"54.76",,,,,,,,71,2,"Slider",2,3,2,3,3,2,2,3,"Strategic","Standard",292,"0","-0.057",,,,"0.057",,-1,-1,0.047,0.047,26,23,26,24,1,4,1,1,3,1,"2.81","-0.22","-0.22","31.9",,,,,
"CH","2026-04-26","84.8","2.16","5.38","Romero, JoJo",608701,668941,,"ball",,,,,14,,"R","R","L","STL","SEA","B",,,0,2,2026,"0.23","0",1.32101737905905,1.725733583183922,,,,1,9,"Top",,,,,,,-2.367815368617981,-123.52668933648523,-1.944096921765213,2.8884499168003175,26.281895891561355,-32.0152260181416,3.186655184,1.608218504,,,,"83.1",991,"5.2",823068,671056,676475,802139,602104,691026,701675,687363,691023,"55.27",,,,,,,,66,3,"Changeup",2,2,2,2,2,2,2,2,"Standard","Standard",95,"-0.005","0.017",,,,"-0.017",,0,0,0.577,0.42300000000000004,29,35,30,35,1,0,1,1,3,1,"3.18","0.23","-0.23","31.0",,,,,
"CH","2026-04-26","84.3","-0.9","6.5","Baker, Bryan",668904,641329,,"called_strike",,,,,9,,"R","R","R","TB","MIN","S",,,0,1,2026,"-1.48","0.69",0.3879326101245446,1.6182404298421753,,,,1,9,"Top",,,,,,,5.969065187684077,-122.49270629829978,-6.0410864036921765,-16.108948233042096,27.083863018687172,-24.11963282413413,3.205085302,1.617519685,,,,"84",1854,"6.4",822991,663743,666018,810938,691406,670764,802415,656775,676356,"54.09",,,,,,,,69,2,"Changeup",4,2,2,4,2,4,2,4,"Infield shade","Standard",218,"0.006","-0.052",,,,"0.052",,2,-2,0.967,0.03300000000000003,31,27,32,27,1,3,2,1,1,2,"2.55","1.48","1.48","56.8",,,,,
"SI","2026-04-26","98","1.22","6.52","Miller, Erik",805300,669062,"strikeout","called_strike",,,,,4,"Jakob Marsee challenged (pitch result), call on the field was confirmed: Jakob Marsee called out on strikes.","R","L","L","SF","MIA","S",2,,2,2,2026,"1.36","0.73",-0.6321415267964512,2.114717540638638,,,681715,2,8,"Top",,,,,,,-8.166358554664724,-142.36969289016363,-7.948305100158158,20.322554118159736,32.03244896271904,-20.52743725066047,3.212106299,1.621062992,,,,"98.6",2422,"6.7",823230,672275,646240,650333,656305,683766,671218,687551,808982,"53.8",,0,"0",1,0,0,,62,5,"Sinker",6,3,3,6,3,6,3,6,"Infield shade","Standard",138,"0.014","-0.216",,,,"0.216",,3,-3,0.958,0.04200000000000004,28,25,28,25,1,3,1,1,4,1,"1.64","1.36","1.36","42.5",,,,,
"CU","2026-04-26","84.7","-1.39","6.16","Johnson, Pierce",681481,572955,,"ball",,,,,11,,"R","L","R","CIN","DET","B",,,1,0,2026,"0.55","-0.29",-0.12122273415420642,3.39803300439106,,,,1,7,"Top",,,,,,,1.788031943245607,-123.3243139661502,0.7458445264065139,5.14093704128373,27.897434529669674,-35.53765049054688,3.234046916,1.632135827,,,,"83.2",2871,"5.6",824528,624431,701398,680574,663647,682829,670770,667472,668715,"54.91",,,,,,,,58,2,"Curveball",3,5,5,3,5,3,5,3,"Infield shade","Standard",52,"-0.003","0.071",,,,"-0.071",,-2,2,0.199,0.8009999999999999,35,28,35,29,1,3,2,1,5,2,"3.5","-0.55","0.55","38.1",,,,,
"SI","2026-04-26","95.8","-2.05","5.69","Bender, Anthony",672275,669622,,"called_strike",,,,,1,,"R","L","R","SF","MIA","S",,,1,1,2026,"-1.53","-0.04",-0.728341875339757,2.7446362576879864,,,,1,8,"Bot",,,,,,,6.923118665109033,-139.32899144919818,-1.8210848805315019,-21.545355009469123,34.48111660313271,-32.41627965116297,3.22351542,1.626820866,,,,"94.7",2248,"5.9",823230,689414,669065,669364,688363,672640,681715,805300,683357,"54.62",,,,,,,,64,3,"Sinker",6,3,6,3,3,6,6,3,"Standard","Standard",244,"-0.001","-0.064",,,,"0.064",,3,3,0.97,0.97,31,27,31,27,1,3,1,1,2,2,"2.54","1.53","-1.53","19.8",,,,,
"FF","2026-04-26","94.8","2.08","6.08","Harris, Hogan",457705,663687,,"ball",,,,,12,,"R","R","L","TEX","ATH","B",,,2,0,2026,"0.66","1.11",0.535565065966198,3.3536251749922954,,,,0,7,"Bot",,,,,,,-5.536264305184428,-137.94284839135608,-3.7887061614526862,9.754165290595575,33.04712432382876,-17.33710365032527,3.12960958,1.579429134,,,,"95.2",2255,"6.7",822911,669127,701762,643446,687231,805779,691016,671732,666126,"53.8",,,,,,,,59,3,"4-Seam Fastball",1,2,1,2,2,1,1,2,"Standard","Standard",157,"0.023","0.152",,,,"-0.152",,-1,-1,0.387,0.387,29,39,30,40,1,0,2,1,2,1,"1.44","0.66","-0.66","59.0",,,,,
"KC","2026-04-26","79.6","-2.22","6.37","Burke, Sean",691781,680732,,"ball",,,,,13,,"R","R","R","CWS","WSH","B",,,0,2,2026,"0.3","-1.31",-0.10777980983888863,1.4267501967851484,,,,0,2,"Top",,,,,,,4.032975928871378,-115.77183591143047,-1.2767497341036411,1.8244684237086597,23.653638284204675,-43.81275290992523,3.370956365,1.701230315,,,,"79.9",2508,"6.8",824612,691011,808959,805367,678246,695657,695020,682668,656537,"53.73",,,,,,,,8,3,"Knuckle Curve",0,0,0,0,0,0,0,0,"Standard","Standard",24,"-0.002","0.024",,,,"-0.024",,0,0,0.509,0.491,26,23,27,23,1,0,5,1,6,2,"4.94","-0.3","-0.3","41.2",,,,,
"FC","2026-04-26","92","-2.41","6.02","Blackburn, Paul",670623,621112,,"ball",,,,,14,,"R","R","R","HOU","NYY","B",,,2,0,2026,"0.27","0.83",0.462543509232944,1.31968019168862,621043,670541,,0,5,"Bot",,,,,,,6.624340937394361,-133.73209936408634,-7.629071936324865,1.695813712881501,30.164682352148812,-20.735209178038804,3.180511811,1.60511811,,,,"92",2526,"6.5",824202,641555,502671,665862,641857,676609,641355,663757,592450,"54.04",,,,,,,,40,3,"Cutter",4,0,4,0,0,4,4,0,"Strategic","Strategic",189,"0.001","0.097",,,,"-0.097",,4,4,0.965,0.965,32,27,33,27,1,2,8,1,6,2,"1.88","-0.27","-0.27","45.7",,,,,
"SL","2026-04-26","88.7","-1.01","6.29","Stanek, Ryne",641487,592773,,"ball",,,,,14,,"R","L","R","STL","SEA","B",,,1,1,2026,"0.31","-0.11",0.05645864582867058,1.3884687768396113,,,,0,8,"Top",,,,,,,1.9056739506481777,-129.1804693170914,-5.406778270057276,3.0787642150975785,26.667882075376475,-32.515973332569246,3.219127297,1.624606299,,,,"88.2",2427,"5.9",823068,671056,676475,802139,602104,691026,701675,687363,691023,"54.61",,,,,,,,59,3,"Slider",2,2,2,2,2,2,2,2,"Standard","Standard",51,"-0.009","0.055",,,,"-0.055",,0,0,0.502,0.498,34,31,35,31,1,3,1,1,3,1,"3","-0.31","0.31","45.8",,,,,
"SI","2026-04-26","89.7","2.71","5.88","Quintana, Jose",666182,500779,,"ball",,,,,13,,"R","R","L","NYM","COL","B",,,0,0,2026,"0.8","1.1",-0.27976199869804963,1.3958281841468538,,,,0,1,"Bot",,,,,,,-8.981508049001537,-130.1569051015678,-7.124888651590381,11.062408842217438,29.91675918464035,-18.283556636891596,3.162081693,1.595816929,,,,"89.2",2186,"6.3",823635,664954,687859,666397,691720,678662,687597,664983,666160,"54.18",,,,,,,,4,1,"Sinker",0,0,0,0,0,0,0,0,"Standard","Standard",145,"0.003","0.041",,,,"-0.041",,0,0,0.548,0.548,37,28,37,28,1,0,6,2,5,0,"1.77","0.8","-0.8","43.6",,,,,
"ST","2026-04-26","81.5","2.78","5.38","Lovelady, Richard",808959,663992,,"called_strike",,,,,3,,"R","L","L","CWS","WSH","S",,,0,0,2026,"-1.14","-0.28",0.5801957028932441,3.247671704168204,,,,0,9,"Bot",,,,,,,-2.67552594725629,-118.70350413360592,2.504242654605695,-10.441100595936406,20.25079833087244,-35.47805861798813,3.296358268,1.663582677,,,,"83",2461,"7",824612,686452,678554,683083,691781,682928,695734,696285,695578,"53.5",,,,,,,,61,1,"Sweeper",0,0,0,0,0,0,0,0,"Infield shade","Standard",287,"-0.009","-0.039",,,,"0.039",,0,0,0.639,0.639,30,26,31,26,1,3,2,1,4,1,"3.68","-1.14","-1.14","17.2",,,,,
"FF","2026-04-25","95.8","1.56","5.69","Gore, MacKenzie",687231,669022,,"ball",,,,,11,,"R","R","L","TEX","ATH","B",,,0,0,2026,"0.68","1.39",-0.5340823242087309,3.355020542125925,,,805779,2,5,"Top",,,,,,,-7.157552339766766,-139.2885164624756,-3.6481526376777187,10.454479558814006,31.273692083431254,-13.422140955481378,3.185777559,1.607775591,,,,"97.7",2330,"7.4",822910,643376,669394,677649,673962,608369,664059,694497,607043,"53.09",,,,,,,,42,1,"4-Seam Fastball",2,3,3,2,3,2,3,2,"Standard","Standard",152,"-0.002","0.035",,,,"-0.035",,-1,1,0.391,0.609,27,24,27,25,3,2,6,6,6,1,"1.1","0.68","-0.68","47.4",,,,,
"FF","2026-04-25","95.8","2.42","5.61","Weathers, Ryan",621043,677960,,"called_strike",,,,,7,,"R","R","L","HOU","NYY","S",,,1,1,2026,"0.97","1.28",-0.5168796888110851,1.5664669647164309,,,,0,6,"Bot",,,,,,,-9.753296457743819,-138.9842420501525,-7.665841758648755,14.79757512614667,30.74770277868543,-13.925724261511926,3.336729003,1.683956693,,,,"94.6",2364,"5.7",824203,669224,700250,665862,641857,676609,641355,663757,592450,"54.77",,,,,,,,43,3,"4-Seam Fastball",1,2,1,2,2,1,1,2,"Strategic","Standard",129,"-0.01","-0.061",,,,"0.061",,-1,-1,0.394,0.394,26,31,27,32,3,2,6,1,7,1,"1.21","0.97","-0.97","30.2",,,,,
"SI","2026-04-25","94.3","-1.92","4.88","Wheeler, Zack",643289,554430,"strikeout","called_strike",,,,,9,"Mauricio Dubón challenged (pitch result), call on the field was confirmed: Mauricio Dubón called out on strikes.","R","R","R","ATL","PHI","S",2,,3,2,2026,"-1.42","0.61",0.5782434288866405,1.6715448018694536,645277,663586,,1,4,"Bot",,,,,,,9.770160676571109,-136.96464218224057,-3.8707665141290453,-20.001659791643743,29.006135851186432,-23.822193392307703,3.17085794,1.600246063,,,,"95.8",2346,"7.1",824933,665561,547180,681082,664761,607208,669016,702222,666969,"53.36",,0,"0",1,0,0,,32,6,"Sinker",2,2,2,2,2,2,2,2,"Standard","Standard",228,"-0.096","-0.402",,,,"0.402",,0,0,0.666,0.666,36,31,36,32,2,1,,1,6,1,"1.95","1.42","1.42","22.3",,,,,
"FF","2026-04-25","96.4","2.55","5.59","Weathers, Ryan",701358,677960,,"ball",,,,,13,,"R","R","L","HOU","NYY","B",,,1,2,2026,"0.99","1.25",-0.8785309627516844,1.6149799672046155,,,673237,0,5,"Bot",,,,,,,-11.09395818240119,-139.6663780668385,-7.444772610918685,15.589954905226696,33.88365260153527,-14.251397190170303,3.348138123,1.689714567,,,,"94.7",2380,"5.7",824203,669224,700250,665862,641857,676609,641355,663757,592450,"54.81",,,,,,,,37,4,"4-Seam Fastball",1,2,1,2,2,1,1,2,"Infield shade","Standard",135,"0.007","0.036",,,,"-0.036",,-1,-1,0.456,0.456,26,23,27,23,2,1,6,1,7,1,"1.24","0.99","-0.99","39.5",,,,,
"SL","2026-04-25","84.7","-1.55","5.51","Rea, Colin",663656,607067,"strikeout","called_strike",,,,,1,"Kyle Tucker challenged (pitch result), call on the field was confirmed: Kyle Tucker called out on strikes.","R","L","R","LAD","CHC","S",2,,3,2,2026,"0.38","-0.14",-0.8062418329721508,2.9016586786291554,,,,1,3,"Bot",,,,,,,0.9567093522040656,-123.41115086969741,0.7055195023674417,3.6800935080762986,24.35098079744757,-33.90888570908133,3.350770997,1.691043307,,,,"85.4",2137,"6.7",823960,665804,683737,663538,608324,621020,664023,691718,673548,"53.83",,0,"0",1,0,0,,25,7,"Slider",2,2,2,2,2,2,2,2,"Infield shade","Standard",96,"-0.022","-0.332",,,,"0.332",,0,0,0.534,0.534,35,29,36,29,2,1,5,1,6,1,"3.3","-0.38","0.38","29.5",,,,,
"FF","2026-04-25","94.9","-2.49","5.14","Flaherty, Jack",701398,656427,,"ball",,,,,14,,"R","R","R","CIN","DET","B",,,1,2,2026,"-0.58","1.33",0.9146661498886268,2.256997656747201,,,,2,2,"Bot",,,,,,,10.188387020951781,-137.88503647662668,-4.781364620570867,-9.474023480591855,28.02026145208035,-14.308929493560859,3.239312664,1.634793307,,,,"96",2428,"6.8",824527,693307,679529,595879,690993,805808,682985,663837,672761,"53.71",,,,,,,,22,8,"4-Seam Fastball",6,1,6,1,1,6,6,1,"Standard","Standard",211,"0.001","0.042",,,,"-0.042",,5,5,0.908,0.908,30,22,31,23,2,1,5,1,6,1,"1.19","0.58","0.58","22.6",,,,,
"SI","2026-04-25","95.1","2.62","5.52","Weathers, Ryan",514888,677960,,"called_strike",,,,,6,,"R","R","L","HOU","NYY","S",,,0,0,2026,"1.43","0.98",0.6299618636933366,2.0978258439135136,,,,1,4,"Bot",,,,,,,-8.277485923902256,-138.1104284913497,-5.212911625594331,20.12766538503211,33.343034147687746,-18.684800501250997,2.926000656,1.476673228,,,,"93.4",2375,"5.6",824203,669224,700250,665862,641857,676609,641355,663757,592450,"54.92",,,,,,,,29,1,"Sinker",1,1,1,1,1,1,1,1,"Infield shade","Standard",129,"-0.003","-0.039",,,,"0.039",,0,0,0.533,0.533,26,36,27,36,2,1,6,1,7,3,"1.57","1.43","-1.43","32.4",,,,,
"FF","2026-04-25","95.5","-2.24","5.8","Gausman, Kevin",800050,592332,,"ball",,,,,14,,"R","L","R","TOR","CLE","B",,,2,1,2026,"-1.07","1.43",0.896334316926114,1.9674010244591895,,682657,,2,3,"Top",,,,,,,10.642412837104128,-138.4570007345966,-7.501675396852532,-16.14909189319343,31.194945238065955,-12.211049446475807,3.339361877,1.685285433,,,,"95.8",2251,"6.7",822826,623168,665489,676391,672960,665926,676914,662139,664702,"53.81",,,,,,,,19,4,"4-Seam Fastball",0,1,1,0,1,0,1,0,"Strategic","Standard",219,"-0.003","0.055",,,,"-0.055",,-1,1,0.402,0.598,35,24,35,25,2,1,6,1,5,1,"1.09","1.07","-1.07","36.6",,,,,
"ST","2026-04-25","81.7","2.12","5.76","Schultz, Noah",695578,702273,,"called_strike",,,,,7,,"R","L","L","CWS","WSH","S",,,0,0,2026,"-1.38","0.23",-0.35641012597505695,1.8728978414762132,683083,660688,,0,3,"Top",,,,,,,-2.7910807198228067,-119.07368292408441,-2.4443607356598096,-12.645121151684924,22.020068704294157,-29.73206133169979,3.488558071,1.760580709,,,,"81.5",2764,"6",824613,700337,808959,805367,678246,695657,803011,671976,677592,"54.49",,,,,,,,19,1,"Sweeper",0,0,0,0,0,0,0,0,"Standard","Standard",282,"0.008","-0.064",,,,"0.064",,0,0,0.347,0.653,22,23,23,24,2,1,6,1,6,1,"3.16","-1.38","-1.38","20.0",,,,,
"SI","2026-04-25","92","-1.19","5.14","Singer, Brady",663837,663903,,"called_strike",,,,,9,,"R","R","R","CIN","DET","S",,,1,0,2026,"-1.61","0.74",0.42749162435403165,1.765924195958113,,,805808,0,3,"Top",,,,,,,7.666244374816583,-133.62436773807423,-4.084195714198513,-20.96214909279883,31.313683336521276,-22.633043001152405,3.273540026,1.652066929,,,,"92.4",2403,"6.9",824527,663886,701398,680574,663647,682829,668715,670770,666181,"53.64",,,,,,,,25,2,"Sinker",6,1,1,6,1,6,1,6,"Standard","Standard",228,"0.005","-0.048",,,,"0.048",,5,-5,0.878,0.122,29,29,30,30,2,1,6,1,6,1,"1.98","1.61","1.61","22.4",,,,,
"SI","2026-04-25","95.2","-1.33","6.06","Phillips, Tyler",672275,663969,,"called_strike",,,,,1,,"R","L","R","SF","MIA","S",,,3,1,2026,"-1.17","0.55",-0.5129798327700603,3.0774130819436554,,,,1,8,"Bot",,,,,,,4.784365856602785,-138.60783331874154,-3.2758479334398296,-16.111795664726593,29.080592852640844,-24.585654959268506,3.22351542,1.626820866,,,,"95.8",2140,"6.5",823229,682663,681393,669364,691594,672640,669065,805300,681715,"54.02",,,,,,,,69,5,"Sinker",5,1,5,1,1,5,5,1,"Infield shade","Standard",224,"0","-0.087",,,,"0.087",,4,4,0.987,0.987,28,27,29,27,1,3,4,2,2,1,"1.95","1.17","-1.17","30.2",,,,,
"CH","2026-04-25","86.5","-1.69","3.59","Kelly, Kevin",621439,687330,,"ball",,,,,13,,"R","R","R","TB","MIN","B",,,1,2,2026,"-0.71","-0.71",-0.9011975788731891,2.0883030866704395,,,686797,2,7,"Top",,,,,,,3.369571898919442,-125.75238899644826,4.402008918572826,-8.181496708847979,26.829525130356394,-40.86281348673536,3.257742782,1.644094488,,,,"87.6",1845,"7.2",822989,663743,666018,680700,691406,810938,802415,656775,641584,"53.32",,,,,,,,51,4,"Changeup",2,0,0,2,0,2,0,2,"Infield shade","Standard",271,"-0.014","0.033",,,,"-0.033",,2,-2,0.864,0.136,28,32,29,33,1,3,3,1,3,2,"3.78","0.71","0.71","-0.3",,,,,
"FF","2026-04-25","96.9","-1.27","6.02","Ureña, Walbert",686555,700712,,"ball",,,,,11,,"R","L","R","KC","LAA","B",,,1,2,2026,"-0.82","0.76",-0.3756509674634535,3.1375720309801047,,,695506,0,2,"Bot",,,,,,,4.225466507090241,-141.14510003060013,-3.757272973451992,-11.867250375513676,29.890636997236996,-21.330212887931097,3.012885499,1.520521654,,,,"96.6",2171,"5.9",824121,681351,694384,687093,672724,687263,669326,545361,666176,"54.6",,,,,,,,14,4,"4-Seam Fastball",1,0,1,0,0,1,1,0,"Infield shade","Standard",230,"0.005","0.036",,,,"-0.036",,1,1,0.678,0.678,22,28,22,29,1,0,6,1,6,1,"1.65","0.82","-0.82","33.4",,,,,
"SI","2026-04-25","92.7","-1.74","5.67","Irvin, Jake",805367,663623,,"called_strike",,,,,3,,"R","R","R","CWS","WSH","S",,,0,1,2026,"-1.37","0.63",0.6078348097636008,3.0923129019423703,,,,1,2,"Bot",,,,,,,9.152256405967947,-134.83178600173704,-2.1021666580449527,-18.64609872040827,26.375459542057165,-24.14638708288131,3.068175853,1.548425197,,,,"94.9",2317,"7.4",824613,660688,665953,678554,691781,683083,695578,696285,686894,"53.11",,,,,,,,14,2,"Sinker",0,0,0,0,0,0,0,0,"Standard","Standard",244,"-0.004","-0.052",,,,"0.052",,0,0,0.525,0.525,29,24,29,25,1,0,5,1,6,1,"2","1.37","1.37","32.9",,,,,
"SI","2026-04-25","96.3","-1.07","6.04","Phillips, Tyler",687551,663969,,"ball",,,,,14,,"R","L","R","SF","MIA","B",,,0,0,2026,"-1.3","0.74",0.19165103766262348,1.3472608630260952,,,,0,8,"Bot",,,,,,,6.304296382385993,-139.9491989474569,-8.312809206163848,-18.463566166275946,31.94330063117482,-20.778983146782558,3.059399606,1.543996063,,,,"96.2",2101,"6.4",823229,682663,681393,669364,691594,672640,669065,805300,681715,"54.14",,,,,,,,68,1,"Sinker",5,1,5,1,1,5,5,1,"Standard","Standard",223,"0","0.041",,,,"-0.041",,4,4,0.988,0.988,28,25,29,26,1,3,4,1,2,1,"1.73","1.3","-1.3","29.4",,,,,
"SL","2026-04-25","87.5","-0.92","5.91","Leasure, Jordan",686894,673929,,"called_strike",,,,,7,,"R","R","R","CWS","WSH","S",,,2,1,2026,"0.47","0.42",-0.3570590100545487,1.5964053225993071,678554,671277,695734,2,10,"Top",,,,,,,0.3677731360968245,-127.53218588528854,-4.9993046917681845,5.069055408202115,24.564140012728522,-26.83768369232469,3.38324311,1.707431102,,,,"88.6",2237,"6.8",824613,691011,808959,805367,678246,695657,695020,656537,677592,"53.74",,,,,,,,83,4,"Slider",2,3,3,2,3,2,3,2,"Infield shade","Standard",152,"-0.002","-0.051",,,,"0.051",,-1,1,0.317,0.683,27,27,28,27,1,4,1,2,3,4,"2.54","-0.47","-0.47","53.2",,,,,
"FF","2026-04-25","93.1","-2.39","5.87","Gausman, Kevin",671655,592332,"strikeout","called_strike",,,,,9,"George Valera challenged (pitch result), call on the field was confirmed: George Valera called out on strikes.","R","L","R","TOR","CLE","S",2,,2,2,2026,"-0.83","1.47",0.2875473624423487,1.5302506034189574,,,,1,2,"Top",,,,,,,8.668959349876234,-135.104377352482,-8.394415827681987,-12.056028205769454,29.79172676518753,-12.456610099124248,3.140141076,1.584744095,,,,"93.3",2133,"6.6",822826,623168,665489,676391,672960,665926,676914,662139,664702,"53.91",,0,"0",1,0,0,,9,5,"4-Seam Fastball",0,0,0,0,0,0,0,0,"Infield shade","Standard",219,"0.014","-0.228",,,,"0.228",,0,0,0.526,0.474,35,25,35,26,1,0,6,1,5,1,"1.18","0.83","-0.83","36.6",,,,,
"FC","2026-04-25","84.6","-1.49","6.27","Suárez, Albert",678882,544150,,"ball",,,,,14,,"R","R","R","BAL","BOS","B",,,1,1,2026,"0.59","0.82",1.0304138264544824,1.9932743566483815,643396,,,1,4,"Top",,,,,,,4.633890151274461,-122.95474379886275,-4.990180484589614,4.849719474906819,27.528072198575366,-23.03675724165455,3.110301837,1.569685039,,,,"84.8",2101,"6.8",824851,668939,624413,669236,691723,683002,677942,665750,641933,"53.75",,,,,,,,30,3,"Cutter",0,3,3,0,3,0,3,0,"Strategic","Standard",189,"-0.003","0.027",,,,"-0.027",,-3,3,0.157,0.843,36,25,37,26,1,2,7,1,6,1,"2.41","-0.59","-0.59","42.3",,,,,
"FF","2026-04-25","96","-1.94","5.63","Anderson, Drew",667472,623454,"strikeout","called_strike",,,,,9,"Dane Myers challenged (pitch result), call on the field was confirmed: Dane Myers called out on strikes.","R","R","R","CIN","DET","S",2,,3,2,2026,"-0.5","1.62",0.4850858275286629,1.8888517555526552,,,,1,7,"Bot",,,,,,,7.539781135946713,-139.39838540474838,-7.802868494258816,-8.384409208051755,34.547572421605715,-9.435913174475553,3.213861549,1.621948819,,,,"96.2",2368,"6.8",824527,693307,679529,595879,690993,805808,682985,663837,672761,"53.72",,0,"0",1,0,0,,65,6,"4-Seam Fastball",8,2,8,2,2,8,8,2,"Standard","Standard",208,"0","-0.332",,,,"0.332",,6,6,0.992,0.992,32,30,32,30,1,1,1,1,5,1,"0.88","0.5","0.5","47.8",,,,,
"FC","2026-04-25","87.8","1.64","5.84","Holton, Tyler",663886,663947,"walk","ball",,,,,13,"Tyler Stephenson challenged (pitch result), call on the field was overturned: Tyler Stephenson walks.","R","R","L","CIN","DET","B",,,3,1,2026,"-0.48","0.22",-0.15420240761772558,1.43710500559646,,,,2,5,"Bot",,,,,,,-3.2951473482353855,-127.8860613795402,-4.808927255756872,-4.574595037860609,25.78305540124432,-28.97316354894789,3.359547244,1.695472441,,,,"88.4",2466,"6.6",824527,693307,679529,595879,690993,805808,682985,663837,672761,"53.94",,0.704857,"0.7",1,0,0,,47,5,"Cutter",6,2,6,2,2,6,6,2,"Infield shade","Standard",184,"0.002","0.173",,,,"-0.173",,4,4,0.922,0.922,30,29,30,30,1,2,2,1,3,1,"2.72","-0.48","0.48","39.5",,,,,
"SI","2026-04-25","93.4","-2.17","6.05","Anderson, Shaun",679845,641312,,"called_strike",,,,,9,,"R","R","R","KC","LAA","S",,,1,0,2026,"-0.67","0.99",0.6722722009229424,1.7696410921515413,,686555,686681,0,7,"Bot",,,,,,,8.765597862227573,-135.6268775614183,-7.241704032074415,-10.222520753040644,30.191781766671962,-18.51812756806471,3.18226706,1.606003937,,,,"93.8",2448,"6.7",824121,681351,694384,687093,672724,687263,669326,545361,666176,"53.81",,,,,,,,61,2,"Sinker",6,1,6,1,1,6,6,1,"Strategic","Strategic",197,"0","-0.07",,,,"0.07",,5,5,0.991,0.991,31,27,32,28,1,3,1,1,,1,"1.64","0.67","0.67","52.9",,,,,
"FF","2026-04-25","93.2","-2.8","5.28","Seabold, Connor",682829,657756,,"called_strike",,,,,9,,"R","L","R","CIN","DET","S",,,2,1,2026,"-1.03","1.44",0.49322374784619494,1.7992998327527934,,663647,670770,1,6,"Bot",,,,,,,10.63348974330416,-135.14152901308904,-6.109564580627519,-15.031950639268668,30.776701248150584,-13.384054054259213,3.460474081,1.74640748,,,,"92.8",2073,"6.3",824527,693307,679529,595879,690993,805808,682985,663837,672761,"54.17",,,,,,,,56,4,"4-Seam Fastball",6,2,6,2,2,6,6,2,"Standard","Standard",229,"-0.002","-0.063",,,,"0.063",,4,4,0.959,0.959,30,24,30,24,1,3,4,1,,1,"1.22","1.03","-1.03","33.3",,,,,
"SI","2026-04-25","99.8","-0.81","5.88","Uribe, Abner",804606,682842,"strikeout","called_strike",,,,,3,"Konnor Griffin challenged (pitch result), call on the field was confirmed: Konnor Griffin called out on strikes.","R","R","R","MIL","PIT","S",2,,1,2,2026,"-1.11","0.52",0.3647466502766705,3.220558622090574,,,,1,9,"Top",,,,,,,5.875188589859651,-145.2218969525692,-2.9343557877956847,-17.172458437693546,37.393505501167546,-24.37865295384888,3.334973753,1.683070866,,,,"99.6",2297,"6.4",823799,661388,641343,668930,650859,687401,675659,669003,686217,"54.1",,0,"0",1,0,0,,69,5,"Sinker",3,3,3,3,3,3,3,3,"Standard","Standard",208,"0.033","-0.18",,,,"0.18",,0,0,0.572,0.42800000000000005,26,20,26,20,1,3,2,1,1,1,"1.79","1.11","1.11","37.1",,,,,
"SL","2026-04-25","89.1","-1","6.29","Stanek, Ryne",668227,592773,,"ball",,,,,14,,"R","R","R","STL","SEA","B",,,1,0,2026,"0.15","0.09",0.3664370102196087,1.3065334032907567,,,647304,1,7,"Top",,,,,,,2.970854583035804,-129.6490664126319,-6.081456963248589,1.062767283619849,27.877088812231303,-30.088218276230698,3.127854331,1.578543307,,,,"88.6",2386,"6",823070,686780,676475,802139,669357,691026,701675,687363,691023,"54.48",,,,,,,,64,2,"Slider",7,7,7,7,7,7,7,7,"Standard","Standard",100,"-0.012","0.068",,,,"-0.068",,0,0,0.491,0.509,34,31,35,31,1,3,4,1,1,1,"2.79","-0.15","-0.15","44.0",,,,,
"CH","2026-04-25","86","0.86","6.12","McClanahan, Shane",668885,663556,,"called_strike",,,,,3,,"R","R","L","TB","MIN","S",,,1,1,2026,"1.14","-0.11",0.4424912385128399,3.1386503368440577,,621439,,0,1,"Top",,,,,,,-3.344686615605585,-125.25288814512149,-0.3894998960490287,12.649373064143354,25.128315415485385,-33.4789699855632,3.12960958,1.579429134,,,,"86.7",1402,"6.7",822989,663743,666018,680700,691406,810938,802415,656775,641584,"53.83",,,,,,,,2,3,"Changeup",0,0,0,0,0,0,0,0,"Infield shade","Standard",115,"0.01","-0.08",,,,"0.08",,0,0,0.443,0.5569999999999999,29,27,29,27,1,0,6,1,6,3,"3.19","1.14","-1.14","37.8",,,,,
"FF","2026-04-25","95.6","-0.96","5.92","Leasure, Jordan",678554,673929,,"ball",,,,,14,,"R","R","R","CWS","WSH","B",,,1,0,2026,"-0.2","1.48",0.20254480103247693,1.4586386326785628,,695578,,0,10,"Top",,,,,,,3.5211630422232734,-139.05014331031086,-9.424815599023335,-3.3197522564694757,29.914674389859925,-11.042297240753774,3.247211286,1.638779528,,,,"97.1",2190,"7.1",824613,691011,808959,805367,678246,695657,695020,656537,677592,"53.41",,,,,,,,78,2,"4-Seam Fastball",2,2,2,2,2,2,2,2,"Standard","Standard",191,"-0.01","0.075",,,,"-0.075",,0,0,0.495,0.505,27,25,28,26,1,4,1,2,3,1,"1.01","0.2","0.2","53.2",,,,,
"FF","2026-04-25","99.1","-0.55","5.98","Taylor, Grant",683083,691799,,"called_strike",,,,,9,,"R","L","R","CWS","WSH","S",,,0,1,2026,"-0.21","1.44",0.7168918112130189,1.7409498075729908,,,,0,9,"Top",,,,,,,3.9637318215526682,-144.0223112179119,-9.489781818209023,-3.797928908339436,34.15049864923641,-10.06854605189148,3.045357612,1.536909449,,,,"100.8",2450,"7.3",824613,691011,808959,805367,678246,695657,695020,656537,677592,"53.19",,,,,,,,70,2,"4-Seam Fastball",2,2,2,2,2,2,2,2,"Standard","Standard",200,"0.014","-0.055",,,,"0.055",,0,0,0.509,0.491,24,25,24,26,1,3,2,1,2,1,"0.89","0.21","-0.21","55.7",,,,,
"FF","2026-04-25","92.5","-2.22","5.08","Festa, Matt",660821,670036,,"called_strike",,,,,8,,"R","L","R","TOR","CLE","S",,,0,0,2026,"-0.1","1.3",-0.24314233259764292,1.7134357108555887,665489,,672960,0,6,"Bot",,,,,,,5.202227424188682,-134.5710601777342,-5.491074668941893,-2.223090534784371,27.2341657218652,-15.413853316085254,3.334973753,1.683070866,,,,"93.1",2464,"6.5",822826,666310,656555,682877,608070,677587,671655,682657,681807,"54.01",,,,,,,,46,1,"4-Seam Fastball",1,1,1,1,1,1,1,1,"Strategic","Strategic",212,"-0.011","-0.054",,,,"0.054",,0,0,0.748,0.748,33,28,33,29,1,0,3,1,2,1,"1.35","0.1","-0.1","28.2",,,,,
"FC","2026-04-24","89.8","-1.89","6.01","Alcantara, Sandy",671218,645261,"walk","ball",,,,,14,"Heliot Ramos challenged (pitch result), call on the field was overturned: Heliot Ramos walks. Jung Hoo Lee to 2nd.","R","R","R","SF","MIA","B",,,3,1,2026,"0.13","0.66",0.953636890471713,2.0115952246336084,,,808982,2,6,"Bot",,,,,,,6.600980289653049,-130.54307173121276,-5.047528239600722,0.06543644564988654,29.054480068787548,-23.694115171236177,3.18402231,1.606889764,,,,"89",2278,"6",823232,689414,681393,669364,688363,672640,669065,805300,683357,"54.51",,0.704857,"0.7",1,0,0,,57,5,"Cutter",3,9,3,9,9,3,3,9,"Infield shade","Standard",205,"0.004","0.147",,,,"-0.147",,-6,-6,0.026,0.026,30,26,31,27,3,2,6,1,5,1,"2.18","-0.13","-0.13","34.8",,,,,
"FF","2026-04-24","96.6","-1.91","6.05","Alcantara, Sandy",669477,645261,,"called_strike",,,,,6,,"R","R","R","SF","MIA","S",,,1,0,2026,"-1.16","1.19",0.5989372553849781,2.4685941993485727,,,,1,6,"Bot",,,,,,,9.224061986871853,-140.3591215109923,-6.473842172711909,-17.39545057277061,31.36263185243266,-15.152849751635749,3.196309055,1.613090551,,,,"96.2",2279,"6.1",823232,689414,681393,669364,688363,672640,669065,805300,683357,"54.39",,,,,,,,55,2,"4-Seam Fastball",3,9,3,9,9,3,3,9,"Infield shade","Standard",235,"-0.001","-0.049",,,,"0.049",,-6,-6,0.025,0.025,30,27,31,27,3,2,6,2,5,1,"1.26","1.16","1.16","34.9",,,,,
"SI","2026-04-24","95.9","-2.46","5.82","Williams, Gavin",660821,668909,"strikeout","called_strike",,,,,3,"Jesús Sánchez challenged (pitch result), call on the field was confirmed: Jesús Sánchez called out on strikes.","R","L","R","TOR","CLE","S",2,,1,2,2026,"-1.39","0.55",0.348218465892538,3.4360367396694564,,,,0,6,"Bot",,,,,,,10.660654934162302,-139.20537023288645,-1.7196800394523084,-20.577290476418476,33.59039806198545,-24.85472302689531,3.334973753,1.683070866,,,,"96.6",1864,"7",822827,666310,700932,682177,608070,677587,671655,682657,800050,"53.51",,0,"0",1,0,0,,53,4,"Sinker",4,8,4,8,8,4,4,8,"Infield shade","Strategic",234,"-0.014","-0.189",,,,"0.189",,-4,-4,0.092,0.092,26,28,27,29,3,2,6,2,5,1,"1.96","1.39","-1.39","30.8",,,,,
"FS","2026-04-24","86","-2.47","5.57","Eovaldi, Nathan",701762,543135,"walk","ball",,,,,14,"Nick Kurtz challenged (pitch result), call on the field was overturned: Nick Kurtz walks. Zack Gelof to 2nd.","R","L","R","TEX","ATH","B",,,3,1,2026,"-1.21","0",0.17137069123971016,1.2925062685645194,,,680869,1,5,"Top",,,,,,,8.771603548148974,-125.04548880762094,-3.7409574446695166,-14.374124146930564,23.13412820478128,-31.628467033407308,3.413082349,1.722490158,,,,"87.3",1650,"7",822909,543309,669394,669701,673962,608369,696030,694497,607043,"53.53",,0.704857,"0.7",1,0,0,,34,5,"Split-Finger",1,3,3,1,3,1,3,1,"Infield shade","Standard",234,"-0.017","0.18",,,,"-0.18",,-2,2,0.236,0.764,36,23,36,23,3,2,6,2,5,1,"3.06","1.21","-1.21","36.8",,,,,
"FF","2026-04-24","95.1","-2.7","5.79","Williams, Gavin",676914,668909,,"ball",,,,,12,,"R","R","R","TOR","CLE","B",,,2,0,2026,"-0.8","1.26",0.5956166113139927,3.288123093385693,,,,2,5,"Bot",,,,,,,10.464572026584399,-138.05985189746963,-3.5796840898901157,-12.71525298627041,33.57604424937174,-15.423143326871758,3.045357612,1.536909449,,,,"95.6",2192,"6.9",822827,666310,700932,682177,608070,677587,671655,682657,800050,"53.58",,,,,,,,44,3,"4-Seam Fastball",3,7,3,7,7,3,3,7,"Standard","Standard",228,"0.003","0.121",,,,"-0.121",,-4,-4,0.092,0.092,26,27,27,27,3,1,6,2,5,1,"1.29","0.8","0.8","31.9",,,,,
"SI","2026-04-24","92.4","-1.42","5.97","Lorenzen, Michael",682626,547179,,"ball",,,,,13,,"R","R","R","NYM","COL","B",,,0,0,2026,"-1.43","0.83",-0.05935346868650693,1.3778771024652898,,,665742,0,6,"Bot",,,,,,,6.532423283940066,-134.224172387802,-7.390155544037801,-18.7593948326079,28.93099814685074,-20.714010866644504,3.120833333,1.575,,,,"91.4",2072,"5.8",823638,696100,681198,671289,691720,678662,664983,686668,687859,"54.7",,,,,,,,49,1,"Sinker",1,2,1,2,2,1,1,2,"Standard","Standard",230,"0.009","0.04",,,,"-0.04",,-1,-1,0.46,0.46,34,24,34,25,3,2,5,1,6,2,"1.85","1.43","1.43","44.2",,,,,
"FF","2026-04-24","95.2","-1.53","6.02","Pallante, Andre",670042,669467,,"ball",,,,,14,,"R","L","R","STL","SEA","B",,,0,1,2026,"-0.51","0.79",0.8336828191451708,1.749893683199446,,647304,,1,4,"Top",,,,,,,7.324708727723978,-138.44345993228293,-7.173968979344028,-8.12081926362519,28.761171685702415,-20.665811226807804,3.340239501,1.685728347,,,,"96",2314,"6.6",823069,671056,676475,802139,602104,691026,665877,701675,691023,"53.89",,,,,,,,25,2,"4-Seam Fastball",0,1,1,0,1,0,1,0,"Standard","Standard",191,"-0.004","0.025",,,,"-0.025",,-1,1,0.362,0.638,27,31,28,32,2,1,6,2,5,1,"1.72","0.51","-0.51","58.6",,,,,
"FF","2026-04-24","89.1","3.18","5.17","Manaea, Sean",687859,640455,"strikeout","called_strike",,,,,4,"Troy Johnston challenged (pitch result), call on the field was confirmed: Troy Johnston called out on strikes.","R","L","L","NYM","COL","S",2,,2,2,2026,"1.2","1.22",-0.583742102723384,2.6242094976358152,,,,1,9,"Top",,,,,,,-11.851390161844156,-129.1878263331563,-2.608560717457008,15.99988044523639,27.732632897784697,-18.19567883777837,3.159448819,1.594488189,,,,"90",2007,"7.1",823638,620443,668901,543760,666182,677595,701807,621438,683146,"53.38",,0,"0",1,0,0,,73,7,"4-Seam Fastball",3,4,4,3,4,3,4,3,"Strategic","Standard",121,"0.011","-0.228",,,,"0.228",,-1,1,0.183,0.817,34,29,34,29,2,4,7,1,5,2,"1.68","1.2","1.2","19.1",,,,,
"CH","2026-04-24","86.5","-1.5","5.86","Woodruff, Brandon",656811,605540,,"ball",,,,,13,,"R","L","R","MIL","PIT","B",,,0,0,2026,"-1.07","0.71",-0.5059171137853324,1.4236969606222845,,664040,668804,1,4,"Top",,,,,,,4.613507455697654,-125.9374172448124,-5.669311850261259,-12.33158675800666,24.249290662609837,-23.677753245523547,3.28933727,1.66003937,,,,"87.5",1708,"6.8",823800,661388,641343,668930,650859,666152,663604,669003,686217,"53.75",,,,,,,,23,1,"Changeup",0,1,1,0,1,0,1,0,"Standard","Standard",226,"-0.006","0.031",,,,"-0.031",,-1,1,0.337,0.663,33,32,33,33,2,1,6,1,6,1,"2.32","1.07","-1.07","39.5",,,,,
"CU","2026-04-24","73.2","-1.74","6.83","Mikolas, Miles",805367,571945,,"ball",,,,,11,,"R","R","R","CWS","WSH","B",,,0,0,2026,"0.84","-1.25",-0.41837366168279877,3.217127229666943,,643217,,0,6,"Bot",,,,,,,1.1475395478556423,-106.54610926468209,2.550500512051488,6.131617394556048,20.233666007140087,-42.37633118770853,3.068175853,1.548425197,,,,"72.8",2434,"6.2",824611,686452,671277,683083,678391,682928,695734,696285,695578,"54.3",,,,,,,,46,1,"Curveball",1,3,1,3,3,1,1,3,"Standard","Standard",28,"0.006","0.032",,,,"-0.032",,-2,-2,0.352,0.352,37,24,38,25,2,2,5,1,6,1,"5.54","-0.84","-0.84","50.8",,,,,
"SI","2026-04-24","92.7","-1.07","5.32","McCullers Jr., Lance",592450,621121,,"ball",,,,,14,,"R","R","R","HOU","NYY","B",,,2,1,2026,"-0.98","0.42",0.3760001000250628,1.496148241543297,,,,2,2,"Top",,,,,,,5.799411782952768,-134.9146533774504,-4.697791649105821,-13.161344714749244,28.48886466387033,-26.228448716827835,3.522785433,1.777854331,,,,"92.6",2101,"6.2",824204,673237,572233,514888,670623,621043,687957,694728,701358,"54.35",,,,,,,,14,4,"Sinker",0,4,4,0,4,0,4,0,"Standard","Standard",227,"-0.001","0.117",,,,"-0.117",,-4,4,0.175,0.825,32,34,33,34,2,1,6,1,6,1,"2.23","0.98","0.98","32.6",,,,,
"FF","2026-04-24","94.9","-2.75","5.67","Holmes, Grant",547180,656550,,"called_strike",,,,,1,,"R","L","R","ATL","PHI","S",,,3,0,2026,"-0.53","1.23",-0.7424245492326798,3.2960092611438547,,,656941,1,3,"Top",,,,,,,6.380790611085835,-138.13881890511578,-3.167625704914176,-8.215917405548913,31.037342218225024,-15.882184938397195,3.26476378,1.647637795,,,,"94.7",2332,"6.2",824932,686948,621566,645277,663586,643289,573262,642201,660670,"54.34",,,,,,,,20,4,"4-Seam Fastball",0,2,2,0,2,0,2,0,"Strategic","Standard",213,"0.005","-0.05",,,,"0.05",,-2,2,0.27,0.73,30,33,30,34,2,1,5,1,7,1,"1.3","0.53","-0.53","42.1",,,,,
"FF","2026-04-24","96.5","-2.16","5.92","Cornelio, Riley",695657,683000,,"ball",,,,,12,,"R","L","R","CWS","WSH","B",,,2,0,2026,"-0.86","1.27",0.31572471012000813,3.7094054226499322,,,678246,0,8,"Bot",,,,,,,8.502483731079579,-140.30113078745632,-3.1109770595472535,-13.267854255261632,29.453543960262966,-14.811950994424098,3.340239501,1.685728347,,,,"96.9",2272,"6.4",824611,686452,671277,683083,678391,682928,695734,696285,695578,"54.08",,,,,,,,66,3,"4-Seam Fastball",4,4,4,4,4,4,4,4,"Infield shade","Standard",222,"0.027","0.14",,,,"-0.14",,0,0,0.696,0.696,26,24,26,24,1,3,,1,,1,"1.17","0.86","-0.86","40.6",,,,,
"FF","2026-04-24","95.9","-3.29","5.18","Peralta, Freddy",691720,642547,,"ball",,,,,12,,"R","R","R","NYM","COL","B",,,1,2,2026,"-0.52","1.26",0.8735356356078926,2.8845933114548847,,,,1,2,"Top",,,,,,,12.118934118341228,-139.12612422623408,-3.1415272422181246,-9.550028985716736,32.07485082867983,-15.300107841698175,3.431512467,1.731791339,,,,"96.2",2359,"6.7",823638,682626,668901,543760,666182,677595,701807,621438,683146,"53.84",,,,,,,,9,4,"4-Seam Fastball",0,0,0,0,0,0,0,0,"Standard","Standard",212,"-0.002","0.048",,,,"-0.048",,0,0,0.528,0.472,30,23,30,24,1,0,6,1,6,2,"1.24","0.52","0.52","35.1",,,,,
"FC","2026-04-24","87.7","-1.42","6.22","Quantrill, Cal",805779,615698,,"ball",,,,,14,,"R","R","R","TEX","ATH","B",,,0,1,2026,"0.52","0.28",0.6125942695334459,1.447146088408942,,,,2,8,"Top",,,,,,,3.7612598012259513,-127.63154809663048,-5.753668401836104,4.962784676241136,25.862149126741237,-28.182303723038807,3.29109252,1.660925197,,,,"87.9",2358,"6.3",822909,543309,669394,669701,673962,608369,664059,694497,607043,"54.15",,,,,,,,59,2,"Cutter",1,6,6,1,6,1,6,1,"Standard","Standard",174,"0","0.027",,,,"-0.027",,-5,5,0.021,0.979,31,24,31,24,1,3,6,2,8,1,"2.68","-0.52","-0.52","44.7",,,,,
"FF","2026-04-24","97.5","-1.56","5.7","Finnegan, Kyle",663647,640448,,"called_strike",,,,,6,,"R","R","R","CIN","DET","S",,,0,0,2026,"-0.81","1.62",0.7781757165540767,2.35397477396406,,677956,,2,6,"Bot",,,,,,,8.13627260707225,-141.59635573009828,-7.089902569503102,-12.669361748069734,31.512601642061973,-8.884935394020712,3.166469816,1.598031496,,,,"98.1",2368,"6.7",824529,693307,679529,595879,690993,805808,682985,663837,681481,"53.84",,,,,,,,56,1,"4-Seam Fastball",3,5,3,5,5,3,3,5,"Standard","Standard",205,"-0.007","-0.04",,,,"0.04",,-2,-2,0.233,0.233,34,29,35,29,1,2,2,3,2,1,"0.78","0.81","0.81","55.2",,,,,
"FF","2026-04-24","90.7","3.07","5.26","Manaea, Sean",687597,640455,,"ball",,,,,13,,"R","R","L","NYM","COL","B",,,0,2,2026,"1.21","0.84",-0.4883106754138047,1.5133824220203926,,687859,691720,2,7,"Top",,,,,,,-11.585570749201757,-131.61430521870597,-5.101432938690635,16.533249400635352,27.20381714222036,-21.45113586735155,3.316543635,1.673769685,,,,"92",2047,"7.2",823638,682626,668901,543760,666182,677595,701807,621438,683146,"53.34",,,,,,,,57,3,"4-Seam Fastball",1,4,4,1,4,1,4,1,"Standard","Standard",121,"-0.002","0.012",,,,"-0.012",,-3,3,0.117,0.883,34,25,34,25,1,0,7,2,5,2,"1.94","1.21","-1.21","18.0",,,,,
"FF","2026-04-24","92.2","-1.5","6.08","Woodruff, Brandon",656811,605540,,"ball",,,,,11,,"R","L","R","MIL","PIT","B",,,1,1,2026,"-0.26","1.5",-0.9145473160433752,2.5849757182845248,,,,1,2,"Top",,,,,,,2.0515128678335195,-134.10614054133245,-6.129650223210433,-3.6357243699849606,29.786848217814043,-12.962871643055912,3.28933727,1.66003937,,,,"92",2367,"6.2",823800,661388,641343,668930,650859,666152,663604,669003,686217,"54.26",,,,,,,,8,3,"4-Seam Fastball",0,0,0,0,0,0,0,0,"Strategic","Standard",192,"-0.004","0.055",,,,"-0.055",,0,0,0.524,0.476,33,32,33,33,1,0,6,1,6,1,"1.19","0.26","-0.26","43.9",,,,,
"SI","2026-04-24","93.5","1.59","6.16","Mayza, Tim",621566,641835,,"called_strike",,,,,7,,"R","L","L","ATL","PHI","S",,,2,1,2026,"1.36","0.85",-0.723844106942932,1.7659352448471894,573262,660670,686948,2,8,"Bot",,,,,,,-9.026428774755768,-135.7542611587779,-7.3437528094569515,18.752351170108973,27.01429074968319,-20.271501524055658,3.37183399,1.701673228,,,,"94.7",2092,"6.9",824932,596117,547180,681082,664761,607208,669016,702222,666969,"53.58",,,,,,,,75,4,"Sinker",5,3,5,3,3,5,5,3,"Standard","Standard",141,"-0.006","-0.051",,,,"0.051",,2,2,0.946,0.946,34,32,34,32,1,4,3,1,2,1,"1.75","1.36","1.36","41.4",,,,,
"SL","2026-04-24","82.4","-1.64","5.92","Young, Brandon",596115,687064,,"ball",,,,,14,,"R","R","R","BAL","BOS","B",,,0,0,2026,"-0.04","-0.18",0.7434951475708771,1.2955256001029296,,,,1,2,"Top",,,,,,,5.406205454633543,-119.95981445634156,-3.411188620756759,-1.3659377302795455,22.582535211619565,-33.42507004623201,3.241945538,1.636122047,,,,"82.6",2169,"6.3",824854,668939,624413,669236,691723,683002,621493,665750,687637,"54.19",,,,,,,,14,1,"Slider",4,1,1,4,1,4,1,4,"Standard","Standard",53,"-0.002","0.039",,,,"-0.039",,3,-3,0.798,0.20199999999999996,27,33,28,34,1,0,18,1,6,1,"3.52","0.04","0.04","40.4",,,,,
"FF","2026-04-24","97.5","-1.5","5.93","Erceg, Lucas",545361,668674,"walk","ball",,,,,12,"Mike Trout challenged (pitch result), call on the field was overturned: Mike Trout walks.","R","R","R","KC","LAA","B",,,3,2,2026,"-0.69","1.22",0.2771646358831932,3.4822463128608554,,,,2,9,"Top",,,,,,,6.360365183488837,-141.80090282906636,-3.7051533096068336,-10.850274015438865,35.48133704582303,-15.07791398606715,3.243700787,1.637007874,,,,"97.4",2212,"6.5",824124,553869,521692,686681,679845,677951,686555,664728,657041,"54.02",,0.704857,"0.7",1,0,0,,74,6,"4-Seam Fastball",6,3,3,6,3,6,3,6,"Standard","Standard",219,"-0.007","0.259",,,,"-0.259",,3,-3,0.995,0.0050000000000000044,31,34,31,35,1,4,3,2,2,1,"1.2","0.69","0.69","49.3",,,,,
"FF","2026-04-24","91.4","1.91","6.08","Pomeranz, Drew",686555,519141,,"called_strike",,,,,3,,"R","R","L","KC","LAA","S",,,2,0,2026,"0.26","1.69",0.5987298674904562,2.660372180942013,,664728,,2,8,"Bot",,,,,,,-3.7671621132628537,-132.9995337674512,-6.129186513166889,3.9095446209983593,29.74533033679432,-11.032535630827105,3.012885499,1.520521654,,,,"90.1",2653,"5.6",824124,681351,694384,687093,660162,687263,669326,545361,666176,"54.93",,,,,,,,69,3,"4-Seam Fastball",5,3,5,3,3,5,5,3,"Standard","Standard",162,"0","-0.051",,,,"0.051",,2,2,0.935,0.935,37,28,38,29,1,3,3,3,2,1,"1.05","0.26","-0.26","35.7",,,,,
"SI","2026-04-24","95.8","0.61","5.98","Valdez, Framber",701398,664285,,"ball",,,,,13,,"R","R","L","CIN","DET","B",,,2,0,2026,"1.44","0.49",-0.8314117953043567,1.4808579955639478,,,,0,2,"Bot",,,,,,,-7.050544208710596,-139.29190728973123,-7.111388070720523,20.382700535372866,31.416473870641617,-24.396442163289723,3.239312664,1.634793307,,,,"95.4",2359,"6.1",824529,693307,679529,701678,805808,595879,682985,663837,663330,"54.37",,,,,,,,12,3,"Sinker",0,1,0,1,1,0,0,1,"Standard","Standard",144,"0.013","0.152",,,,"-0.152",,-1,-1,0.455,0.455,32,22,33,23,1,0,5,2,6,1,"2","1.44","-1.44","43.8",,,,,
"FF","2026-04-24","97.4","-2.06","5.72","Anderson, Drew",667472,623454,"strikeout","called_strike",,,,,1,"Dane Myers challenged (pitch result), call on the field was confirmed: Dane Myers called out on strikes.","R","R","R","CIN","DET","S",2,,3,2,2026,"-0.53","1.27",-0.7909129731694725,2.766779500772274,,,,1,8,"Bot",,,,,,,4.6370284329619205,-141.73864829216043,-5.225877948255035,-8.23598033097309,31.497010080730032,-14.107703697432715,3.213861549,1.621948819,,,,"98.2",2188,"6.7",824529,693307,679529,595879,690993,805808,682985,663837,681481,"53.85",,0,"0",1,0,0,,76,8,"4-Seam Fastball",7,8,7,8,8,7,7,8,"Standard","Standard",206,"-0.059","-0.332",,,,"0.332",,-1,-1,0.256,0.256,32,30,32,30,1,4,4,3,1,1,"1.13","0.53","0.53","45.0",,,,,
"FF","2026-04-24","96.2","-2.2","5.72","Smith, Cade",676914,671922,,"ball",,,,,12,,"R","R","R","TOR","CLE","B",,,0,0,2026,"-0.43","1.48",0.15162986093709607,3.439618037122467,672960,,,2,9,"Bot",,,,,,,7.304069933240801,-139.74544213871374,-3.6760408101220605,-7.521775944642019,36.84890699744704,-12.301126746353248,3.045357612,1.536909449,,,,"97.5",2282,"7.5",822827,666310,700932,682177,608070,677587,682657,680757,800050,"52.96",,,,,,,,78,1,"4-Seam Fastball",6,8,6,8,8,6,6,8,"Standard","Standard",208,"0.005","0.028",,,,"-0.028",,-2,-2,0.051,0.051,27,27,27,27,1,3,3,2,5,1,"1.03","0.43","0.43","40.0",,,,,
"FF","2026-04-24","93.1","-1.69","5.68","Abreu, Bryan",665862,650556,"strikeout","called_strike",,,,,8,"Jazz Chisholm Jr. challenged (pitch result), call on the field was confirmed: Jazz Chisholm Jr. called out on strikes.","R","L","R","HOU","NYY","S",2,,3,2,2026,"-0.66","1.39",-0.0680023828470755,1.9331988713798132,,,,1,9,"Top",,,,,,,5.613602007107005,-135.30804454991932,-6.7082825348530015,-9.37536398917525,31.30528057040144,-13.820210306222197,3.15593832,1.592716535,,,,"93.2",2173,"6.5",824204,673237,572233,694728,694376,669699,687957,669288,701358,"53.96",,0,"0",1,0,0,,79,6,"4-Seam Fastball",4,12,12,4,12,4,12,4,"Infield shade","Standard",212,"0","-0.332",,,,"0.332",,-8,8,0.001,0.999,29,28,29,28,1,4,7,1,6,1,"1.26","0.66","-0.66","39.6",,,,,
"FF","2026-04-24","95.6","2.13","5.64","Kikuchi, Yusei",657041,579328,,"ball",,,,,13,,"R","R","L","KC","LAA","B",,,0,0,2026,"0.7","1.26",-0.656383482167673,1.3786238306324996,,,,0,2,"Bot",,,,,,,-8.928158218332522,-138.81216855532858,-8.273728402305105,11.132421682485171,31.735106247741275,-14.195001226119734,3.146284449,1.587844488,,,,"96.1",2320,"6.8",824124,681351,694384,687093,672724,687263,669326,545361,666176,"53.73",,,,,,,,10,1,"4-Seam Fastball",0,0,0,0,0,0,0,0,"Standard","Standard",148,"0.004","0.041",,,,"-0.041",,0,0,0.551,0.551,35,30,35,31,1,0,6,2,5,2,"1.25","0.7","-0.7","43.4",,,,,
"SI","2026-04-24","97.2","-1.58","5.93","Erceg, Lucas",687263,668674,"strikeout","called_strike",,,,,4,"Zach Neto challenged (pitch result), call on the field was confirmed: Zach Neto called out on strikes.","R","R","R","KC","LAA","S",2,,3,2,2026,"-1.31","0.97",-0.8267989014679447,2.366179700480199,,,,1,9,"Top",,,,,,,5.076468406880853,-141.454744299737,-6.109921490005161,-18.72143522577056,32.00575147654743,-17.959116136284564,3.169980315,1.59980315,,,,"97.7",1763,"6.6",824124,553869,521692,686681,679845,677951,686555,664728,657041,"53.93",,0,"0",1,0,0,,73,6,"Sinker",6,3,3,6,3,6,3,6,"Standard","Standard",227,"0.014","-0.332",,,,"0.332",,3,-3,0.982,0.018000000000000016,31,25,31,25,1,4,3,2,2,1,"1.44","1.31","1.31","46.8",,,,,
"SL","2026-04-24","83.6","-2.08","6.02","Alcantara, Sandy",656305,645261,,"ball",,,,,14,,"R","R","R","SF","MIA","B",,,0,1,2026,"0.15","0.4",0.10849352335014775,1.487851998956585,,,650333,1,1,"Bot",,,,,,,4.6675481180558345,-121.67557637180487,-4.589790658552333,0.6460515311763995,22.993009022342928,-27.524239434640673,3.250721785,1.640551181,,,,"83.5",2372,"6.1",823232,689414,681393,669364,688363,672640,669065,805300,683357,"54.36",,,,,,,,9,2,"Slider",0,3,0,3,3,0,0,3,"Infield shade","Standard",66,"0.003","0.019",,,,"-0.019",,-3,-3,0.266,0.266,30,33,31,33,1,0,6,1,5,1,"2.85","-0.15","-0.15","38.1",,,,,
"SI","2026-04-24","91","2.46","5.55","Lovelady, Richard",695657,663992,,"called_strike",,,,,1,,"R","L","L","CWS","WSH","S",,,1,1,2026,"0.87","0.72",-0.6925552826069674,3.3529587311507374,,643217,808959,2,6,"Bot",,,,,,,-9.925447460069543,-132.14527729332715,-0.9808341911742535,12.362383490215105,29.347008163358485,-23.718183301060453,3.340239501,1.685728347,,,,"92.7",2316,"7.5",824611,686452,671277,683083,678391,682928,695734,696285,695578,"52.98",,,,,,,,49,3,"Sinker",1,3,1,3,3,1,1,3,"Standard","Standard",146,"-0.018","-0.063",,,,"0.063",,-2,-2,0.251,0.251,30,24,31,24,1,2,1,1,2,1,"2.05","0.87","0.87","23.1",,,,,
"SI","2026-04-24","90.1","2.08","5.56","King, John",666464,667463,,"called_strike",,,,,9,,"R","R","L","SF","MIA","S",,,3,1,2026,"1.04","0.02",0.7850714742015019,2.1817967281855193,,,,0,9,"Bot",,,,,,,-5.389298180227151,-131.22218822179505,-2.2791620439207025,13.09762716921405,26.82207336550997,-31.671835365471516,3.400795604,1.71628937,,,,"89.8",2067,"6",823232,689414,681393,669364,691594,672640,681715,805300,665923,"54.5",,,,,,,,81,5,"Sinker",4,9,4,9,9,4,4,9,"Infield shade","Standard",124,"-0.002","-0.094",,,,"0.094",,-5,-5,0.012,0.012,31,28,32,29,1,0,3,1,3,4,"2.77","1.04","-1.04","22.4",,,,,
"ST","2026-04-24","81.4","2.7","5.46","Lovelady, Richard",808959,663992,,"ball",,,,,11,,"R","L","L","CWS","WSH","B",,,2,0,2026,"-0.94","-0.01",-0.5357652584689656,3.4870664480089517,,643217,,1,6,"Bot",,,,,,,-5.442908789913512,-118.51895802170087,2.371535136366881,-7.9454394787172316,20.82593691174168,-32.876531340660854,3.296358268,1.663582677,,,,"83.4",2462,"7.4",824611,686452,671277,683083,678391,682928,695734,696285,695578,"53.1",,,,,,,,47,3,"Sweeper",1,3,1,3,3,1,1,3,"Standard","Standard",297,"0.012","0.067",,,,"-0.067",,-2,-2,0.3,0.3,30,26,31,26,1,2,1,1,2,1,"3.42","-0.94","-0.94","19.6",,,,,
"FF","2026-04-24","94.7","-1.43","6.1","Graceffo, Gordon",647304,700669,,"called_strike",,,,,9,,"R","L","R","STL","SEA","S",,,0,0,2026,"-0.89","1.26",0.5390693168679339,1.527696927941491,,,,0,8,"Top",,,,,,,7.072743280339857,-137.4574161461597,-8.826600876155583,-12.82550080282422,30.658671494410502,-14.423775317413675,3.110301837,1.569685039,,,,"94.4",2032,"6.3",823069,671056,676475,802139,602104,691026,665877,701675,691023,"54.22",,,,,,,,58,1,"4-Seam Fastball",2,3,3,2,3,2,3,2,"Standard","Standard",212,"0.003","-0.039",,,,"0.039",,-1,1,0.255,0.745,26,29,26,29,1,3,2,2,1,1,"1.3","0.89","-0.89","51.3",,,,,
"KC","2026-04-23","74.7","-2.45","5.07","Ryan, Joe",668901,657746,,"called_strike",,,,,7,,"R","R","R","NYM","MIN","S",,,1,1,2026,"1.53","-1.06",-0.6669698883393373,1.9918219680722222,,,,1,5,"Bot",,,,,,,0.8683413464923168,-108.45055913239673,3.287800959334071,11.528944973520144,25.708998446808334,-41.38001509503247,3.340239501,1.685728347,,,,"73.9",2708,"6.6",823639,680777,665019,807712,656484,686797,663616,621439,668885,"53.89",,,,,,,,49,3,"Knuckle Curve",7,2,7,2,2,7,7,2,"Infield shade","Standard",61,"-0.001","-0.064",,,,"0.064",,5,5,0.957,0.957,30,26,30,27,3,2,6,1,5,1,"5.29","-1.53","-1.53","30.5",,,,,
"SI","2026-04-23","92.7","-2.09","5.67","Martin, Davis",545121,663436,,"ball",,,,,13,,"R","L","R","AZ","CWS","B",,,0,0,2026,"-1.43","0.71",-0.8835745241053454,2.235257077461951,,,,0,7,"Bot",,,,,,,6.207215066972229,-134.78069544923426,-4.309575953093606,-18.75005217064399,29.868977364126867,-22.807216042120565,3.161204068,1.595374016,,,,"92.6",2334,"6.3",825096,624512,808959,805367,678246,695657,803011,671976,677592,"54.2",,,,,,,,52,1,"Sinker",1,1,1,1,1,1,1,1,"Standard","Standard",219,"0.006","0.041",,,,"-0.041",,0,0,0.588,0.588,29,34,29,35,3,2,6,1,5,2,"1.95","1.43","-1.43","30.3",,,,,
"SI","2026-04-23","94.2","1.87","6","Sánchez, Cristopher",673548,650911,,"ball",,,,,13,,"R","R","L","CHC","PHI","B",,,2,0,2026,"1.35","0.36",-0.027368233850622037,1.3654459014672522,,,,1,4,"Bot",,,,,,,-7.992420218428195,-136.7703770748016,-6.940433644081258,18.690101869637246,30.86460206088692,-26.19961764617606,3.177878937,1.60378937,,,,"95",2033,"6.9",824689,596117,547180,681082,664761,607208,694025,702222,669016,"53.55",,,,,,,,37,3,"Sinker",5,2,5,2,2,5,5,2,"Standard","Standard",121,"0.004","0.143",,,,"-0.143",,3,3,0.853,0.853,29,31,30,32,3,2,5,1,7,1,"2.22","1.35","-1.35","31.4",,,,,
"CU","2026-04-23","85.3","-0.99","6.08","Cabrera, Edward",656941,665795,"strikeout","called_strike",,,,,7,"Kyle Schwarber challenged (pitch result), call on the field was confirmed: Kyle Schwarber called out on strikes.","R","L","R","CHC","PHI","S",2,,1,2,2026,"1","-0.47",-0.7799889475402656,2.05692849374425,,,,1,6,"Top",,,,,,,-1.5484107871286463,-124.25771205262052,-2.0148455216111834,10.707208652221398,23.54499855783624,-36.88212872036503,3.180511811,1.60511811,,,,"85.5",2543,"6.2",824689,608348,683737,663538,608324,621020,664023,807713,673548,"54.29",,0,"0",1,0,0,,48,5,"Curveball",5,2,2,5,2,5,2,5,"Infield shade","Standard",45,"0.011","-0.18",,,,"0.18",,3,-3,0.891,0.10899999999999999,28,33,28,33,3,2,6,1,5,1,"3.58","-1","1","36.5",,,,,
"CH","2026-04-23","85.9","-2.05","4.69","Webb, Logan",690976,657277,"walk","ball",,,,,13,"Alex Freeland challenged (pitch result), call on the field was overturned: Alex Freeland walks.","R","L","R","SF","LAD","B",,,3,2,2026,"-0.65","-0.6",-0.6500059823317368,1.42626792382047,,808975,,2,4,"Top",,,,,,,4.656691358942934,-125.100255708609,-0.10648444853323302,-7.731891697899171,22.29624332982843,-38.67063657095662,3.184899934,1.607332677,,,,"87.1",1377,"6.7",823233,672275,646240,650333,656305,642715,671218,687551,808982,"53.78",,0.704857,"0.7",1,0,0,,28,6,"Changeup",0,3,3,0,3,0,3,0,"Standard","Standard",278,"-0.004","0.134",,,,"-0.134",,-3,3,0.194,0.806,29,24,30,25,2,1,6,2,7,1,"3.65","0.65","-0.65","14.4",,,,,
"FC","2026-04-23","89.7","-2.14","5.69","Martin, Davis",677950,663436,,"ball",,,,,13,,"R","L","R","AZ","CWS","B",,,0,0,2026,"0.19","0.67",-0.2631640067961277,1.4038784233122912,,,,1,5,"Bot",,,,,,,4.178286482332336,-130.58363305723046,-5.820128951654941,1.316000093585933,27.56486448965681,-23.43829449341236,3.072563976,1.550639764,,,,"89.8",2445,"6.3",825096,624512,808959,805367,678246,695657,803011,671976,677592,"54.17",,,,,,,,39,1,"Cutter",1,1,1,1,1,1,1,1,"Infield shade","Standard",200,"0.003","0.039",,,,"-0.039",,0,0,0.537,0.537,29,26,29,26,2,1,6,2,5,2,"2.16","-0.19","0.19","31.3",,,,,
"CU","2026-04-23","82","-1.94","5.55","Ritchie, JR",695578,702275,,"called_strike",,,,,4,,"R","L","R","WSH","ATL","S",,,3,1,2026,"1.17","-1.05",-0.7506599575912658,2.854128499238363,,,,2,5,"Bot",,,,,,,0.34170578055734707,-119.15891270045974,2.9073515776605845,10.8814338367131,27.623082938705387,-42.94589932783522,3.488558071,1.760580709,,,,"81.7",2728,"6.7",822745,686948,621566,645277,663586,643289,573262,671739,660670,"53.84",,,,,,,,42,5,"Curveball",2,2,2,2,2,2,2,2,"Strategic","Standard",45,"-0.004","-0.086",,,,"0.086",,0,0,0.521,0.521,23,23,23,24,3,2,,1,6,1,"4.51","-1.17","1.17","28.1",,,,,
"FF","2026-04-23","94.1","-1.2","6.55","Morris, Andrew",683146,702193,,"called_strike",,,,,7,,"R","L","R","NYM","MIN","S",,,1,0,2026,"-0.39","1.77",-0.4454124750387004,1.7522519766949518,,,,0,8,"Bot",,,,,,,2.8062996417617034,-136.48835201073916,-10.239072063328633,-5.561206959507401,37.56083826017418,-7.893110064920794,3.327952756,1.679527559,,,,"92.5",2035,"6.1",823639,680777,665019,807712,656484,686797,663616,621439,668885,"54.41",,,,,,,,73,2,"4-Seam Fastball",7,7,7,7,7,7,7,7,"Infield shade","Standard",194,"-0.008","-0.05",,,,"0.05",,0,0,0.614,0.614,24,26,25,27,1,3,4,1,4,1,"0.87","0.39","-0.39","68.0",,,,,
"FF","2026-04-23","97.4","-1.83","6.1","Tidwell, Blade",660271,694918,,"ball",,,,,11,,"R","L","R","SF","LAD","B",,,1,1,2026,"-0.7","1.53",-0.5667100955900749,3.5601214449959175,687221,808975,,2,9,"Top",,,,,,,5.022555866835806,-141.78544077109643,-4.752667101867231,-10.575754486603,30.13869647923357,-10.583367356812234,3.369201116,1.700344488,,,,"98.2",2353,"6.6",823233,672275,646240,650333,656305,642715,671218,687551,808982,"53.94",,,,,,,,62,3,"4-Seam Fastball",0,3,3,0,3,0,3,0,"Infield shade","Standard",211,"0","0.022",,,,"-0.022",,-3,3,0.034,0.966,25,31,25,32,1,4,6,1,5,1,"0.86","0.7","-0.7","40.4",,,,,
"FF","2026-04-23","99.7","-0.6","5.92","Chandler, Bubba",694497,696149,"strikeout","called_strike",,,,,1,"Evan Carter challenged (pitch result), call on the field was confirmed: Evan Carter called out on strikes.","R","L","R","TEX","PIT","S",2,,2,2,2026,"-0.29","1.62",-0.6918291483695405,2.995811966772908,607043,669394,673962,2,1,"Bot",,,,,,,0.45652866559996336,-145.16033814400186,-6.352135432818097,-4.267261771783378,34.394600041594906,-8.03716054912345,3.315666011,1.673326772,,,,"100.4",2313,"6.7",822912,663698,687462,664040,693304,804606,668804,665833,656811,"53.81",,0,"0",1,0,0,,9,5,"4-Seam Fastball",0,0,0,0,0,0,0,0,"Standard","Standard",204,"-0.061","-0.236",,,,"0.236",,0,0,0.561,0.561,23,23,24,24,1,0,6,1,6,1,"0.68","0.29","-0.29","58.7",,,,,
"FS","2026-04-23","89.5","-2.46","5.87","Halvorsen, Seth",657656,678020,"strikeout","called_strike",,,,,9,"Ramón Laureano challenged (pitch result), call on the field was confirmed: Ramón Laureano called out on strikes.","R","R","R","COL","SD","S",2,,2,2,2026,"-0.88","0.57",0.5640669196123972,1.707194713886778,630105,,,2,6,"Top",,,,,,,9.3729326090815,-130.10862756903245,-5.41884483097492,-11.751760692840346,22.03738552827678,-24.769312568250974,3.064665354,1.546653543,,,,"91.3",1541,"7",824368,664954,681198,671289,691720,678662,666160,664983,687859,"53.49",,0,"0",1,0,0,,54,6,"Split-Finger",6,4,4,6,4,6,4,6,"Standard","Standard",233,"0.039","-0.191",,,,"0.191",,2,-2,0.806,0.19399999999999995,26,31,26,32,1,3,,1,3,2,"2.23","0.88","0.88","38.2",,,,,
"FC","2026-04-23","86.5","1.75","5.86","Holton, Tyler",663604,663947,,"called_strike",,,,,8,,"R","R","L","DET","MIL","S",,,3,1,2026,"-0.25","0.81",0.2051548979809584,1.7029868982399414,,687401,666152,1,7,"Top",,,,,,,-3.1207877629543743,-125.90203626307257,-5.180332386742957,-2.032061640210163,25.351873053754037,-22.6787722049952,3.226148294,1.628149606,,,,"86.9",2348,"6.5",824288,693307,679529,650402,805808,595879,682985,663837,672761,"53.98",,,,,,,,53,5,"Cutter",3,4,4,3,4,3,4,3,"Standard","Standard",182,"0.015","-0.075",,,,"0.075",,-1,1,0.243,0.757,30,29,30,29,1,3,3,1,2,1,"2.23","-0.25","0.25","39.7",,,,,
"ST","2026-04-23","85.8","-1.97","5.48","Domínguez, Seranthony",678489,622554,,"called_strike",,,,,8,,"R","L","R","AZ","CWS","S",,,0,0,2026,"0.77","0.49",-0.027032251863501666,1.4108064564613083,,,,2,9,"Bot",,,,,,,2.961934877152628,-124.94669549861744,-4.129590510489194,7.455696394537058,26.375494840753333,-26.413220644533833,2.958472769,1.493061024,,,,"86.1",2476,"6.5",825096,700337,808959,805367,678246,695657,803011,671976,656537,"53.96",,,,,,,,73,1,"Sweeper",1,4,1,4,4,1,1,4,"Standard","Standard",49,"0","-0.043",,,,"0.043",,-3,-3,0.005,0.005,31,25,32,25,1,3,4,1,1,2,"2.61","-0.77","0.77","28.2",,,,,
"FF","2026-04-23","93.4","1.72","5.83","Samaniego, Tyler",676609,701719,,"called_strike",,,,,3,,"R","R","L","BOS","NYY","S",,,0,0,2026,"0.28","1.33",0.7169519432345145,3.0108738936443578,,,665862,2,8,"Top",,,,,,,-3.2257200166433604,-135.9258160967141,-4.29073382612217,4.20366277134292,33.047901831214965,-15.031037041498381,3.083095472,1.555954724,,,,"94.3",2089,"7",824770,665966,575929,691785,702332,596115,680776,678882,677800,"53.45",,,,,,,,60,1,"4-Seam Fastball",2,4,4,2,4,2,4,2,"Standard","Standard",150,"0.002","-0.042",,,,"0.042",,-2,2,0.153,0.847,27,29,27,30,1,3,2,1,2,1,"1.31","0.28","-0.28","39.5",,,,,
"FF","2026-04-23","93.4","2.5","6.42","Banks, Tanner",683737,621383,"strikeout","called_strike",,,,,4,"Michael Busch challenged (pitch result), call on the field was confirmed: Michael Busch called out on strikes.","R","L","L","CHC","PHI","S",2,,2,2,2026,"0.34","1.06",-0.7026962389832314,2.440335914739058,664023,673548,608348,0,10,"Bot",,,,,,,-8.789933183973027,-135.76114115556777,-6.5687499165838155,6.120739278182235,28.427479969750724,-17.77668064672998,3.166469816,1.598031496,,,,"92.3",2149,"5.6",824689,665561,547180,624641,664761,607208,669016,702222,666969,"54.92",,0,"0",1,0,0,,95,6,"4-Seam Fastball",7,7,7,7,7,7,7,7,"Strategic","Strategic",152,"-0.077","-0.231",,,,"0.231",,0,0,0.914,0.914,34,28,35,29,1,5,2,1,2,1,"1.55","0.34","0.34","51.4",,,,,
"FF","2026-04-23","92.4","-2.87","5.5","Gray, Peyton",804606,682608,,"ball",,,,,14,,"R","R","R","TEX","PIT","B",,,0,1,2026,"-1.15","1.03",0.5463296672298104,1.5150076612916594,,,,2,9,"Top",,,,,,,11.225573324068014,-133.8874888166096,-6.346252860407209,-16.38376284507739,30.92880361018869,-18.56703154553496,3.334973753,1.683070866,,,,"92.8",2309,"6.9",822912,643376,669394,669701,673962,608369,696030,694497,607043,"53.59",,,,,,,,73,2,"4-Seam Fastball",6,1,1,6,1,6,1,6,"Infield shade","Standard",224,"0","0.027",,,,"-0.027",,5,-5,0.999,0.0010000000000000009,31,20,31,20,1,3,,1,3,1,"1.68","1.15","1.15","37.8",,,,,
"CU","2026-04-23","83.7","-0.75","5.91","Taylor, Grant",677950,691799,,"called_strike",,,,,9,,"R","L","R","AZ","CWS","S",,,0,0,2026,"0.4","-1.21",0.28957251570873255,1.5758633196946303,,,571448,2,7,"Bot",,,,,,,1.5785311231449504,-121.85718722519726,-0.8522501976468705,3.6126566983601385,25.581574765735393,-44.257325898734294,3.072563976,1.550639764,,,,"84.6",2645,"7",825096,624512,808959,805367,678246,695657,803011,671976,677592,"53.5",,,,,,,,55,1,"Curveball",1,1,1,1,1,1,1,1,"Standard","Standard",13,"-0.006","-0.042",,,,"0.042",,0,0,0.541,0.541,24,26,24,26,1,2,4,2,2,2,"4.48","-0.4","0.4","58.0",,,,,
"FF","2026-04-23","90.7","-3.65","4.32","Sewald, Paul",805367,623149,"walk","ball",,,,,11,"Chase Meidroth challenged (pitch result), call on the field was overturned: Chase Meidroth walks.","R","R","R","AZ","CWS","B",,,3,0,2026,"-1.12","1.04",-0.10612524424465586,3.2678044453893618,,,,0,9,"Top",,,,,,,11.192417778052782,-131.6820898236402,1.20914684917505,-15.43563819033322,28.362941546868726,-20.554948041730746,3.068175853,1.548425197,,,,"90.8",2535,"6.5",825096,543510,545121,606466,571448,672695,678489,677950,682998,"54.02",,0.704857,"0.7",1,0,0,,65,4,"4-Seam Fastball",1,1,1,1,1,1,1,1,"Standard","Standard",242,"-0.032","0.171",,,,"-0.171",,0,0,0.451,0.5489999999999999,36,24,36,25,1,3,1,1,6,1,"1.74","1.12","1.12","10.3",,,,,
"FF","2026-04-23","93.1","2.14","6.11","Martin, Riley",607208,702303,"walk","ball",,,,,13,"Trea Turner challenged (pitch result), call on the field was overturned: Trea Turner walks.","R","R","L","CHC","PHI","B",,,3,2,2026,"0.75","1.41",-0.39915583347673,1.4737817532981579,,,,0,9,"Top",,,,,,,-8.012949664611197,-135.08162348995535,-8.90042526646015,10.91089118038577,30.186517759287426,-13.084643488050006,3.244578412,1.637450787,,,,"92",2412,"5.9",824689,608348,683737,663538,608324,621020,664023,691718,673548,"54.63",,0.704857,"0.7",1,0,0,,80,6,"4-Seam Fastball",7,7,7,7,7,7,7,7,"Standard","Standard",151,"-0.069","0.356",,,,"-0.356",,0,0,0.488,0.512,28,33,28,33,1,4,2,1,,1,"1.24","0.75","-0.75","54.0",,,,,
"FF","2026-04-22","95.7","-0.87","6.17","Ashcraft, Braxton",694497,677952,,"ball",,,,,14,,"R","L","R","TEX","PIT","B",,,1,0,2026,"-0.87","1.42",0.782901999484974,1.5235038110237689,,,673962,0,7,"Bot",,,,,,,6.283445585643504,-138.8086213545622,-9.537535870532816,-12.66477557685045,34.88348512897052,-11.825927110834776,3.315666011,1.673326772,,,,"95.1",2429,"6.4",822913,680779,687462,664040,693304,804606,668804,665833,656811,"54.07",,,,,,,,53,2,"4-Seam Fastball",2,4,2,4,4,2,2,4,"Standard","Standard",224,"0.021","0.062",,,,"-0.062",,-2,-2,0.3,0.3,26,23,27,24,3,2,6,1,6,1,"1.11","0.87","-0.87","37.8",,,,,
"FC","2026-04-22","90","-1.43","5.42","Buehler, Walker",650489,621111,,"called_strike",,,,,4,,"R","L","R","COL","SD","S",,,2,1,2026,"0.53","0.49",-0.6501131171924879,2.6128368878498334,,691720,,1,3,"Bot",,,,,,,0.7796536197087708,-131.3543802236835,-2.042950231889217,6.07979989933508,20.51490132207723,-26.210741609855763,3.203330053,1.616633858,,,,"91.5",2353,"6.4",824367,669134,592206,630105,592518,593428,657656,701538,665487,"54.05",,,,,,,,29,4,"Cutter",4,1,4,1,1,4,4,1,"Infield shade","Standard",177,"-0.004","-0.065",,,,"0.065",,3,3,0.851,0.851,31,29,32,29,2,1,6,1,6,1,"2.25","-0.53","0.53","40.3",,,,,
"SI","2026-04-22","90.8","2.41","5.42","Boyd, Matthew",547180,571510,,"called_strike",,,,,3,,"R","L","L","CHC","PHI","S",,,1,0,2026,"1.66","0.89",0.5571451741885436,3.3617727191749878,,,607208,1,3,"Top",,,,,,,-8.164744054011798,-131.937742995642,-0.9509407373795176,21.14899217485032,29.049894192107153,-21.841744735677462,3.26476378,1.647637795,,,,"90.4",2220,"6.2",824688,665804,683737,663538,608324,621020,664023,691718,673548,"54.27",,,,,,,,22,2,"Sinker",2,2,2,2,2,2,2,2,"Infield shade","Standard",126,"0.006","-0.056",,,,"0.056",,0,0,0.493,0.507,35,33,35,34,2,1,21,1,5,1,"1.89","1.66","1.66","19.5",,,,,
"SI","2026-04-22","93.3","-1.76","5.97","Martinez, Nick",664731,607259,,"called_strike",,,,,6,,"R","R","R","TB","CIN","S",,,0,0,2026,"-1.27","1.07",0.8001962248785228,2.5274207889385716,663993,668715,666181,0,5,"Top",,,,,,,9.292991791503725,-135.37517829131082,-5.180684097447431,-17.742558999398945,32.191773400410945,-18.06125596312155,3.138385827,1.583858268,,,,"92.6",2281,"6.2",822993,663743,666018,810938,691406,670764,802415,676356,668723,"54.29",,,,,,,,36,1,"Sinker",4,0,0,4,0,4,0,4,"Infield shade","Standard",207,"0.01","-0.045",,,,"0.045",,4,-4,0.737,0.263,35,33,36,33,2,1,5,6,6,,"1.58","1.27","1.27","52.1",,,,,
"ST","2026-04-22","84.2","-1.99","5.7","Ohtani, Shohei",808982,660271,,"ball",,,,,14,,"R","L","R","SF","LAD","B",,,0,0,2026,"1.17","0.64",0.30069626283947415,1.428460659553846,,,,0,5,"Bot",,,,,,,2.909158703362271,-122.57394826042976,-4.629699735023136,11.285114400504181,22.976026440033323,-25.06452145236451,3.22351542,1.626820866,,,,"84.8",2708,"6.6",823231,669257,518692,500743,571970,808975,606192,681624,663656,"53.94",,,,,,,,35,1,"Sweeper",0,0,0,0,0,0,0,0,"Standard","Standard",71,"0.005","0.041",,,,"-0.041",,0,0,0.567,0.567,31,27,32,28,2,1,7,1,6,1,"2.56","-1.17","1.17","34.3",,,,,
"FF","2026-04-22","95.6","-0.7","5.56","Junk, Janson",695336,676083,,"ball",,,,,14,,"R","R","R","MIA","STL","B",,,0,2,2026,"-0.53","1.43",0.5806239640308513,1.440019534431379,,,701675,1,5,"Top",,,,,,,4.553001728159826,-138.8749442452425,-8.225287083777623,-7.912136713581124,34.017143509660684,-12.030185240395804,3.141018701,1.585187008,,,,"95.4",2285,"6.5",823878,682663,689414,677870,691594,672640,681715,805300,683357,"54.04",,,,,,,,36,5,"4-Seam Fastball",3,0,0,3,0,3,0,3,"Standard","Standard",205,"-0.003","0.01",,,,"-0.01",,3,-3,0.845,0.15500000000000003,30,24,30,24,2,1,5,2,6,5,"1.09","0.53","0.53","43.6",,,,,
"FC","2026-04-22","86.9","-2.34","6.4","Bibee, Tanner",514888,676440,,"ball",,,,,14,,"R","R","R","CLE","HOU","B",,,1,0,2026,"0.73","0.26",0.8733626051937798,1.8336852043761303,,,670541,2,3,"Top",,,,,,,6.10398814412973,-126.41586901801236,-5.043632965951885,6.5054209940699685,27.125399692504203,-28.469190391711226,2.926000656,1.476673228,,,,"87.2",2720,"6.6",824449,666310,700932,682877,682177,677587,671655,680757,800050,"53.87",,,,,,,,20,2,"Cutter",0,2,2,0,2,0,2,0,"Standard","Strategic",118,"-0.003","0.048",,,,"-0.048",,-2,2,0.307,0.6930000000000001,27,36,27,36,2,1,5,1,6,2,"2.77","-0.73","-0.73","52.6",,,,,
"FC","2026-04-22","92.4","-2.42","5.84","Lambert, Peter",666310,663567,,"ball",,,,,11,,"R","L","R","CLE","HOU","B",,,2,1,2026,"0.22","0.96",-0.886515998510714,2.730507620229208,,,682177,1,2,"Bot",,,,,,,3.370079796422253,-134.51514484256225,-4.039383831239027,1.9644444601373596,28.649886560285854,-19.85548524212841,3.089238845,1.559055118,,,,"92.3",2224,"6.2",824449,543877,572233,514888,670623,621043,694728,669288,701358,"54.33",,,,,,,,16,4,"Cutter",0,2,0,2,2,0,0,2,"Infield shade","Standard",192,"0.013","0.109",,,,"-0.109",,-2,-2,0.348,0.348,29,26,29,26,1,0,5,1,8,2,"1.7","-0.22","0.22","46.4",,,,,
"SL","2026-04-22","88.1","1.62","5.94","Rojas, Kendry",668901,696070,,"ball",,,,,14,,"R","R","L","NYM","MIN","B",,,1,2,2026,"-0.22","0.25",1.0577052296969505,2.4823400133890194,,,,2,6,"Bot",,,,,,,-0.8957112080199324,-128.45199331683895,-2.6990223282679824,-2.2809157769482327,24.603618266661684,-29.091244584154328,3.340239501,1.685728347,,,,"89.2",2225,"6.7",823641,605170,665019,807712,668904,686797,663616,621439,670242,"53.81",,,,,,,,48,4,"Slider",2,2,2,2,2,2,2,2,"Infield shade","Standard",230,"0.002","0.042",,,,"-0.042",,0,0,0.512,0.512,23,26,24,27,1,2,,1,18,1,"2.66","-0.22","0.22","48.5",,,,,
"CH","2026-04-22","92","-1.36","5.61","Leiter, Jack",665833,683004,"strikeout","called_strike",,,,,9,"Oneil Cruz challenged (pitch result), call on the field was confirmed: Oneil Cruz called out on strikes.","R","L","R","TEX","PIT","S",2,,2,2,2026,"-1.49","-0.12",0.33903119797465386,1.7558135237637735,,,,1,3,"Top",,,,,,,7.599617351124067,-133.6110707570237,-3.32568730607991,-19.59993268150872,34.58809498042053,-32.92744494614187,3.515764436,1.774311024,,,,"91.6",1765,"6.6",822913,543309,669394,669701,673962,608369,677649,694497,607043,"53.87",,0,"0",1,0,0,,19,5,"Changeup",2,1,1,2,1,2,1,2,"Infield shade","Standard",221,"0.016","-0.228",,,,"0.228",,1,-1,0.641,0.359,26,27,26,28,2,1,6,1,5,1,"2.87","1.49","-1.49","46.1",,,,,
"SL","2026-04-22","89.3","0.15","6.63","Fisher, Braydon",694384,680755,,"called_strike",,,,,8,,"R","L","R","LAA","TOR","S",,,1,0,2026,"0.35","0.37",0.129397182730428,1.688237033337252,545361,666176,660162,2,7,"Bot",,,,,,,-0.7809200865520203,-130.0199902197892,-6.595573351884267,4.1600703431647466,27.16659631109035,-26.793388598399957,3.290214895,1.660482283,,,,"87.9",2276,"5.4",824044,623168,672820,676391,672960,665926,664770,662139,660821,"55.15",,,,,,,,63,2,"Slider",3,3,3,3,3,3,3,3,"Standard","Standard",201,"-0.025","-0.035",,,,"0.035",,0,0,0.639,0.639,25,24,26,24,1,3,2,1,2,2,"2.48","-0.35","0.35","48.4",,,,,
"CH","2026-04-22","85.6","1.09","5.97","Rodriguez, Eduardo",808959,593958,"strikeout","called_strike",,,,,7,"Munetaka Murakami challenged (pitch result), call on the field was confirmed: Munetaka Murakami called out on strikes. Miguel Vargas steals (4) 2nd base.","R","L","L","AZ","CWS","S",2,,3,2,2026,"1.51","0.66",-0.5684908586021769,1.6910122426071945,805367,,678246,0,1,"Top",,,,,,,-6.9684695227136615,-124.39660853247179,-4.8862228942289,17.077277659290786,26.595346378900448,-24.48006559174249,3.296358268,1.663582677,,,,"85.5",2032,"6.4",825097,543510,545121,606466,571448,672695,666971,678489,682998,"54.05",,0,"0",1,0,0,,3,8,"Changeup",0,0,0,0,0,0,0,0,"Infield shade","Standard",126,"0.038","-0.336",,,,"0.336",,0,0,0.377,0.623,33,26,33,26,1,0,7,1,7,1,"2.47","1.51","1.51","42.4",,,,,
"FC","2026-04-22","90.8","-2.39","4.98","Topa, Justin",543760,623437,,"ball",,,,,12,,"R","R","R","NYM","MIN","B",,,1,1,2026,"-0.04","0.72",0.7419926603510353,3.4274235867965928,682626,,668901,2,8,"Bot",,,,,,,7.751803137950031,-132.1529027573006,0.5647134050371255,-1.9975173612332837,26.173407572884315,-23.974876855953138,3.212106299,1.621062992,,,,"90.4",2246,"5.9",823641,680777,605170,807712,668904,686797,668885,621439,670242,"54.64",,,,,,,,67,3,"Cutter",3,2,3,2,2,3,3,2,"Standard","Standard",236,"0.003","0.03",,,,"-0.03",,1,1,0.864,0.864,35,35,35,36,1,3,1,1,4,1,"2.02","0.04","0.04","12.6",,,,,
"FC","2026-04-22","91.6","-1.73","6.52","Jansen, Kenley",686217,445276,,"called_strike",,,,,4,,"R","L","R","DET","MIL","S",,,0,1,2026,"0.5","1.58",-0.799377674799931,2.0181704175890154,,,663604,1,9,"Top",,,,,,,1.2334088527514733,-133.12677915144408,-8.778810820357442,5.701526017545964,29.433752537612868,-11.707786559055576,3.062910105,1.545767717,,,,"92.3",2693,"6.9",824286,668670,679529,650402,805808,595879,682985,663837,672761,"53.63",,,,,,,,70,2,"Cutter",5,2,2,5,2,5,2,5,"Infield shade","Standard",170,"0.006","-0.047",,,,"0.047",,3,-3,0.967,0.03300000000000003,38,26,39,26,1,3,4,1,2,1,"1.15","-0.5","0.5","64.3",,,,,
"FC","2026-04-22","91.8","-2.54","4.98","Topa, Justin",543760,623437,,"ball",,,,,12,,"R","R","R","NYM","MIN","B",,,0,0,2026,"-0.43","0.66",0.6007587583010293,3.4408932408781707,682626,,668901,2,8,"Bot",,,,,,,8.724595396646098,-133.48894230654872,0.6693499410467789,-7.117157783324832,29.58477375165885,-24.721244705299696,3.212106299,1.621062992,,,,"91",2292,"5.9",823641,680777,605170,807712,668904,686797,668885,621439,670242,"54.6",,,,,,,,67,1,"Cutter",3,2,3,2,2,3,3,2,"Standard","Standard",240,"0.001","0.009",,,,"-0.009",,1,1,0.866,0.866,35,35,35,36,1,3,1,1,4,1,"2.06","0.43","0.43","12.9",,,,,
"ST","2026-04-22","81.1","3.11","4.21","Backhus, Kyle",673548,679775,"strikeout","called_strike",,,,,7,"Seiya Suzuki challenged (pitch result), call on the field was confirmed: Seiya Suzuki called out on strikes.","R","R","L","CHC","PHI","S",2,,1,2,2026,"-1.07","0.12",-0.4938771718224887,1.5305396174858616,,,664023,1,1,"Bot",,,,,,,-5.910964530728549,-117.97973026652441,0.6583613252192728,-8.79138898058389,23.758709135989545,-31.386404849383116,3.177878937,1.60378937,,,,"81.8",2155,"6.9",824688,665561,694025,624641,664761,607208,656941,702222,666969,"53.61",,0,"0",1,0,0,,7,4,"Sweeper",1,0,1,0,0,1,1,0,"Standard","Standard",290,"-0.017","-0.178",,,,"0.178",,1,1,0.64,0.64,28,31,28,32,1,0,2,1,2,1,"3.36","-1.07","1.07","3.3",,,,,
"FC","2026-04-22","86.1","1.12","5.56","Pérez, Martín",678554,527048,"strikeout","called_strike",,,,,9,"Curtis Mead challenged (pitch result), call on the field was confirmed: Curtis Mead called out on strikes.","R","R","L","WSH","ATL","S",2,,2,2,2026,"-0.27","0.61",0.542552857483053,1.6192673297144484,,,,1,4,"Bot",,,,,,,-0.7869448739351071,-125.48807094600632,-4.221132201599208,-2.761737194407647,22.665677395641524,-25.071117041464326,3.247211286,1.638779528,,,,"86.4",2253,"6.2",822748,641680,621566,645277,663586,643289,573262,671739,660670,"54.34",,0,"0",1,0,0,,42,5,"Cutter",4,8,4,8,8,4,4,8,"Standard","Standard",184,"-0.011","-0.228",,,,"0.228",,-4,-4,0.122,0.122,35,25,35,26,1,0,5,1,6,1,"2.43","-0.27","0.27","43.5",,,,,
"SI","2026-04-22","92.2","-1.49","5.37","Bassitt, Chris",686469,605135,,"ball",,,,,14,,"R","L","R","KC","BAL","B",,,1,0,2026,"-1.45","0.68",0.007247945027886837,1.3934916066061334,,,,2,1,"Bot",,,,,,,6.993277916807927,-134.0490632196643,-5.529041253400008,-19.02500142612779,30.80315521080768,-22.91745927616919,3.363057743,1.697244095,,,,"92.2",2084,"6.5",824123,694212,624413,669236,691723,683002,681297,665750,687637,"54.04",,,,,,,,8,2,"Sinker",0,2,0,2,2,0,0,2,"Infield shade","Standard",231,"0.003","0.065",,,,"-0.065",,-2,-2,0.314,0.314,37,28,37,29,1,0,5,1,8,3,"2.02","1.45","-1.45","28.2",,,,,
"ST","2026-04-22","83.5","-2.16","5.09","Black, Mason",683002,696131,"strikeout","called_strike",,,,,1,"Gunnar Henderson challenged (pitch result), call on the field was confirmed: Gunnar Henderson called out on strikes.","R","L","R","KC","BAL","S",2,,3,2,2026,"1.05","0.02",-0.7025342072630286,2.9907607985193225,,,,0,9,"Top",,,,,,,1.1866597516739015,-121.46607986509689,1.8341256806061088,10.05743842235259,27.049814072478295,-32.6307698341392,3.328830381,1.679970472,,,,"83",2523,"6.3",824123,695600,686469,686681,679845,677951,657041,664728,695506,"54.23",,0,"0",1,0,0,,71,9,"Sweeper",6,8,8,6,8,6,8,6,"Infield shade","Standard",53,"0.01","-0.345",,,,"0.345",,-2,2,0.074,0.926,26,25,27,25,1,4,3,1,3,2,"3.29","-1.05","1.05","24.3",,,,,
"FF","2026-04-22","93.9","1.85","6.27","Rivera, Eduardo",676609,700842,,"ball",,,,,12,,"R","R","L","BOS","NYY","B",,,2,1,2026,"0.11","1.51",0.8308590903600048,2.8577232213511072,,,,0,7,"Top",,,,,,,-2.870736282492169,-136.6507644114544,-6.309554757459123,1.990367623164686,32.037747170641154,-12.09200485663712,3.083095472,1.555954724,,,,"94.4",2211,"6.7",824774,657136,575929,643396,702332,596115,680776,678882,677800,"53.75",,,,,,,,49,4,"4-Seam Fastball",0,4,4,0,4,0,4,0,"Standard","Standard",156,"-0.002","0.134",,,,"-0.134",,-4,4,0.058,0.942,23,29,23,30,1,2,,1,,1,"1.09","0.11","-0.11","50.2",,,,,
"FC","2026-04-22","86.7","-1.85","4.94","Criswell, Cooper",671732,681867,,"called_strike",,,,,1,,"R","L","R","SEA","ATH","S",,,2,1,2026,"0.15","0.45",-0.7854777936302192,2.882384055275493,,,,2,8,"Top",,,,,,,2.214675915126478,-126.32233814636102,0.5127239809385816,1.1292906866950458,26.166189719225663,-27.67841767144825,3.34375,1.6875,,,,"87.1",2332,"6.5",823147,663728,647304,702284,660844,641487,668227,677594,608701,"53.97",,,,,,,,67,4,"Cutter",4,3,3,4,3,4,3,4,"Standard","Standard",178,"0.007","-0.073",,,,"0.073",,1,-1,0.837,0.16300000000000003,29,25,30,26,1,3,2,1,3,2,"2.58","-0.15","0.15","13.3",,,,,
"FF","2026-04-22","94.7","-1.62","6.02","Romano, Jordan",665926,605447,,"called_strike",,,,,8,,"R","L","R","LAA","TOR","S",,,0,1,2026,"-0.38","1.49",-0.03038224407613893,1.6775962504049522,,,672960,0,9,"Top",,,,,,,5.077164578072537,-137.50284001917908,-8.880118452588933,-6.102658030400795,35.27461761910118,-11.374601999415018,3.164714567,1.597145669,,,,"96",2285,"7.5",824044,681351,694384,624428,687093,687263,666139,669326,666176,"52.98",,,,,,,,75,2,"4-Seam Fastball",7,3,3,7,3,7,3,7,"Standard","Standard",218,"0.005","-0.053",,,,"0.053",,4,-4,0.969,0.031000000000000028,33,27,33,28,1,3,5,1,3,2,"1.09","0.38","-0.38","54.2",,,,,
"SL","2026-04-22","89.5","1.74","5.86","Rojas, Kendry",665742,696070,,"called_strike",,,,,7,,"R","L","L","NYM","MIN","S",,,1,0,2026,"-0.65","0.35",-0.7947540636769591,1.5766083108971891,,,,2,5,"Bot",,,,,,,-4.811576607948139,-130.27166905402197,-5.145313493931895,-6.439593904109348,25.766827527559876,-27.364106293265586,3.259498032,1.644980315,,,,"90.4",2395,"6.7",823641,605170,665019,807712,668904,686797,663616,621439,670242,"53.84",,,,,,,,38,2,"Slider",2,1,2,1,1,2,2,1,"Infield shade","Standard",207,"-0.002","-0.054",,,,"0.054",,1,1,0.672,0.672,23,27,24,28,1,2,,19,18,1,"2.48","-0.65","-0.65","50.3",,,,,
"FF","2026-04-22","94.1","-1.83","5.6","Leahy, Kyle",805300,681517,,"ball",,,,,14,,"R","L","R","MIA","STL","B",,,2,1,2026,"-0.46","1.24",0.2085693943554272,1.4522866645210875,,,,0,1,"Bot",,,,,,,6.3351740108500305,-136.78544905255674,-7.715825467852236,-7.120958220693082,30.323255310518523,-15.031687853767423,3.212106299,1.621062992,,,,"95.5",2016,"7.2",823878,686780,602104,802139,669357,695336,665877,687363,701675,"53.35",,,,,,,,4,4,"4-Seam Fastball",0,0,0,0,0,0,0,0,"Standard","Standard",210,"0.011","0.134",,,,"-0.134",,0,0,0.551,0.551,29,25,29,25,1,0,5,1,6,2,"1.34","0.46","-0.46","42.9",,,,,
"FF","2026-04-22","93.1","3.41","5.25","Hudson, Bryan",543510,663542,,"called_strike",,,,,9,,"R","R","L","AZ","CWS","S",,,0,1,2026,"0.77","1.11",0.301462246540528,1.5849054232571387,,,,0,5,"Bot",,,,,,,-9.70686928864208,-135.05012676278776,-5.856645814357655,11.715044234666813,33.102323409682505,-17.41773496929633,3.280561024,1.655610236,,,,"93.6",2276,"7",825097,700337,808959,805367,678246,695657,695020,682668,656537,"53.47",,,,,,,,50,2,"4-Seam Fastball",8,4,8,4,4,8,8,4,"Strategic","Standard",121,"-0.001","-0.055",,,,"0.055",,4,4,0.93,0.93,29,36,29,36,1,2,3,3,2,4,"1.56","0.77","-0.77","16.8",,,,,
"SI","2026-04-22","96.8","-2.06","5.69","Hicks, Jordan",699912,663855,,"ball",,,,,13,,"R","R","R","AZ","CWS","B",,,1,0,2026,"-1.38","0.6",-0.8424661297014933,2.2942967764651083,672695,,,2,4,"Bot",,,,,,,6.355690278075566,-140.77834578111262,-4.641468303371326,-19.76713452535638,32.61606839241771,-23.356267299615094,3.351648622,1.691486221,,,,"96.1",1827,"6",825097,700337,808959,805367,678246,695657,695020,682668,656537,"54.53",,,,,,,,42,2,"Sinker",7,4,7,4,4,7,7,4,"Standard","Standard",239,"0.001","0.024",,,,"-0.024",,3,3,0.856,0.856,29,22,30,23,1,2,4,1,3,1,"1.84","1.38","1.38","29.4",,,,,
"ST","2026-04-22","82.7","-2.6","5.21","Bender, Anthony",602104,669622,,"called_strike",,,,,1,,"R","R","R","MIA","STL","S",,,0,0,2026,"2","0.12",-0.6536624728542209,2.762452611075516,,669357,,0,7,"Top",,,,,,,0.425000124355712,-120.30896529626709,0.9687651405518491,19.00907962530512,27.659793641555417,-31.534221209712907,3.098015092,1.563484252,,,,"80.9",2840,"5.5",823878,682663,689414,691594,688363,672640,681715,805300,683357,"55.01",,,,,,,,51,1,"Sweeper",4,0,0,4,0,4,0,4,"Standard","Standard",69,"0.005","-0.043",,,,"0.043",,4,-4,0.902,0.09799999999999998,31,32,31,32,1,2,2,2,3,2,"3.27","-2","-2","9.3",,,,,
"ST","2026-04-21","81.1","2.15","5.37","Bubic, Kris",642215,663460,"strikeout","called_strike",,,,,3,"Weston Wilson challenged (pitch result), call on the field was confirmed: Weston Wilson called out on strikes.","R","R","L","KC","BAL","S",2,,3,2,2026,"-1.04","-0.31",0.6751031366670979,3.2862514688492035,,,,2,6,"Top",,,,,,,-1.2380125513728593,-118.07855818309898,2.8256301775241854,-9.426862990232932,24.105216686553028,-35.88917620793921,3.342872375,1.687057087,,,,"81.6",2659,"6.7",824127,521692,686469,686681,672580,677951,686555,664728,695506,"53.76",,0,"0",1,0,0,,46,12,"Sweeper",3,3,3,3,3,3,3,3,"Standard","Standard",317,"0.02","-0.328",,,,"0.328",,0,0,0.556,0.44399999999999995,28,31,29,32,3,2,5,1,7,9,"3.79","-1.04","1.04","33.8",,,,,
"SL","2026-04-21","83.4","-2.49","6.08","Burke, Sean",677950,680732,,"ball",,,,,11,,"R","L","R","AZ","CWS","B",,,1,1,2026,"0.22","0.07",-0.9810833374655823,2.9118583895149244,,,,2,5,"Bot",,,,,,,3.0197012572677027,-121.50541240936955,-0.8103248579930722,1.578398068801014,23.38384722182974,-31.518647090766525,3.072563976,1.550639764,,,,"84.3",2308,"6.8",825099,624512,808959,805367,678246,695657,803011,671976,677592,"53.73",,,,,,,,46,3,"Slider",1,8,1,8,8,1,1,8,"Standard","Standard",106,"0","0.053",,,,"-0.053",,-7,-7,0.017,0.017,26,26,27,26,2,1,6,2,5,2,"3.19","-0.22","0.22","39.9",,,,,
"SI","2026-04-21","94.7","-3.8","5.3","McLean, Nolan",680777,690997,,"ball",,,,,13,,"R","R","R","NYM","MIN","B",,,1,1,2026,"-1.58","0.66",-0.4685400090006233,1.4453584146264047,,,,0,7,"Top",,,,,,,12.158230262185638,-137.2542901939551,-5.597143138033903,-22.66938970697291,31.780180080562214,-22.72865375865416,3.284949147,1.657824803,,,,"94.4",2103,"6.5",823640,682626,668901,543760,666182,596019,701807,673357,621438,"54.05",,,,,,,,47,3,"Sinker",3,2,2,3,2,3,2,3,"Strategic","Standard",232,"-0.009","0.055",,,,"-0.055",,1,-1,0.694,0.30600000000000005,24,29,25,29,3,2,7,2,5,1,"1.91","1.58","1.58","31.5",,,,,
"CH","2026-04-21","87","-2.15","5.85","Vásquez, Randy",681198,681190,,"called_strike",,,,,7,,"R","L","R","COL","SD","S",,,0,0,2026,"-1.15","0.24",-0.8159657789588561,1.7953303443117785,,,,0,7,"Bot",,,,,,,5.5060828854752755,-126.73998046069887,-3.881289389892531,-13.497194606642813,22.76329841946907,-29.001072291614875,3.422736221,1.727362205,,,,"86.8",1904,"5.8",824369,666023,657757,630105,592518,593428,657656,701538,665487,"54.68",,,,,,,,49,1,"Changeup",0,1,0,1,1,0,0,1,"Infield shade","Standard",251,"-0.007","-0.039",,,,"0.039",,-1,-1,0.364,0.364,27,26,28,26,3,2,6,1,6,1,"2.73","1.15","-1.15","29.0",,,,,
"FF","2026-04-21","91.3","3.39","5.4","Lopez, Jacob",647304,682052,,"called_strike",,,,,9,,"R","L","L","SEA","ATH","S",,,2,1,2026,"1.03","1.03",0.7105802694092676,1.7212450346575265,,,677594,1,5,"Bot",,,,,,,-9.006546945186894,-132.65871985874833,-5.445491957522608,14.091367607386081,27.666305670487844,-19.03256587286259,3.110301837,1.569685039,,,,"92.2",2142,"6.9",823148,669127,701762,643446,691777,805779,691016,680869,671732,"53.63",,,,,,,,44,4,"4-Seam Fastball",2,2,2,2,2,2,2,2,"Infield shade","Standard",128,"-0.011","-0.075",,,,"0.075",,0,0,0.574,0.574,28,29,28,29,3,2,5,1,5,1,"1.71","1.03","1.03","24.6",,,,,
"CU","2026-04-21","75.2","-1.76","5.56","Roupp, Landen",687221,694738,"walk","ball",,,,,13,"Dalton Rushing challenged (pitch result), call on the field was overturned: Dalton Rushing walks. Teoscar Hernández to 3rd. Max Muncy to 2nd.","R","L","R","SF","LAD","B",,,3,1,2026,"1.99","-0.28",-0.8347646775117892,2.0977274557515413,,606192,571970,1,4,"Top",,,,,,,-1.682212040707343,-109.34090353796879,0.8217856452381953,16.0720276153762,22.866142903105562,-34.833581160401764,3.191920932,1.610875984,,,,"73.9",3137,"5.8",823236,672275,646240,650333,656305,642715,671218,687551,808982,"54.69",,0.704857,"0.7",1,0,0,,29,5,"Curveball",3,0,0,3,0,3,0,3,"Standard","Standard",60,"-0.04","0.212",,,,"-0.212",,3,-3,0.742,0.258,27,25,28,25,2,1,5,1,5,2,"4.38","-1.99","1.99","25.6",,,,,
"FF","2026-04-21","90.4","2.04","5.61","Bubic, Kris",621493,663460,,"ball",,,,,11,,"R","R","L","KC","BAL","B",,,0,0,2026,"0.05","1.57",-0.37405453439558645,3.3298582222993565,,,677942,0,5,"Top",,,,,,,-6.110773133603959,-131.45445821276192,-2.9135140922537897,2.023728606889979,31.837647158569666,-13.700683538722556,3.190165682,1.609990158,,,,"91",2526,"7",824127,521692,686469,686681,672580,677951,686555,664728,695506,"53.48",,,,,,,,36,1,"4-Seam Fastball",1,3,3,1,3,1,3,1,"Standard","Standard",157,"-0.004","0.04",,,,"-0.04",,-2,2,0.222,0.778,28,32,29,33,3,2,5,1,7,1,"1.26","0.05","-0.05","41.8",,,,,
"FF","2026-04-21","94.3","2.57","5.41","Early, Connelly",592450,813349,,"called_strike",,,,,9,,"R","R","L","BOS","NYY","S",,,0,1,2026,"1.05","1.29",0.5033663436565716,1.858648291155366,,,642708,0,6,"Top",,,,,,,-7.733021905092671,-136.8666239704529,-6.1851980209618445,14.975051262795427,34.793489037467296,-14.74782713408565,3.522785433,1.777854331,,,,"94.4",2346,"6.8",824773,665966,575929,691785,702332,596115,701350,678882,677800,"53.68",,,,,,,,38,2,"4-Seam Fastball",0,1,1,0,1,0,1,0,"Standard","Standard",124,"0.009","-0.053",,,,"0.053",,-1,1,0.307,0.6930000000000001,24,34,24,34,3,2,6,2,5,1,"1.32","1.05","-1.05","30.8",,,,,
"FF","2026-04-21","93","-2.35","6.32","Burke, Sean",677950,680732,,"ball",,,,,11,,"R","L","R","AZ","CWS","B",,,1,0,2026,"-0.48","1.55",-0.3962539947721644,3.3123056352532902,,,,0,3,"Bot",,,,,,,6.0729888079384615,-135.22166108832783,-5.200622689447425,-7.292252705589025,30.370994454895317,-12.200663439265258,3.072563976,1.550639764,,,,"93.6",2532,"6.8",825099,624512,808959,805367,678246,695657,803011,671976,677592,"53.73",,,,,,,,27,2,"4-Seam Fastball",0,7,0,7,7,0,0,7,"Standard","Standard",204,"0.004","0.077",,,,"-0.077",,-7,-7,0.046,0.046,26,26,27,26,1,0,6,2,5,2,"1.09","0.48","-0.48","43.9",,,,,
"CH","2026-04-21","90.9","-1.83","5.08","Dollander, Chase",592518,801403,"strikeout","called_strike",,,,,1,"Manny Machado challenged (pitch result), call on the field was confirmed: Manny Machado called out on strikes.","R","R","R","COL","SD","S",2,,1,2,2026,"-0.89","0.07",-0.6693234005740569,2.8990993878755256,,,,2,4,"Top",,,,,,,4.836562012928877,-132.58538107040118,0.34223777083257934,-11.448554640692189,22.03032141106163,-31.617919264325174,3.313910761,1.672440945,,,,"92.5",1996,"6.7",824369,696100,687859,666397,691720,678662,687597,686668,666160,"53.85",,0,"0",1,0,0,,24,6,"Changeup",0,0,0,0,0,0,0,0,"Standard","Standard",244,"0.009","-0.182",,,,"0.182",,0,0,0.551,0.44899999999999995,24,33,25,34,2,1,5,2,5,1,"2.63","0.89","0.89","21.0",,,,,
"FF","2026-04-21","96","-0.92","5.38","Jax, Griffin",663647,643377,"walk","ball",,,,,14,"Ke'Bryan Hayes challenged (pitch result), call on the field was overturned: Ke'Bryan Hayes walks.","R","R","R","TB","CIN","B",,,3,2,2026,"-0.79","1.42",0.15236328957367173,1.3637368965669165,,,,1,6,"Top",,,,,,,4.642957841234575,-139.506815957539,-8.003151494814897,-11.41901508673723,34.37292152696548,-12.000702766661139,3.166469816,1.598031496,,,,"95.8",2518,"6.5",822995,676439,666018,680700,691406,670764,802415,656775,676356,"54.04",,0.704857,"0.7",1,0,0,,46,6,"4-Seam Fastball",0,5,5,0,5,0,5,0,"Standard","Standard",219,"-0.004","0.339",,,,"-0.339",,-5,5,0.051,0.949,31,29,32,29,1,2,3,1,5,3,"1.08","0.79","0.79","40.0",,,,,
"FF","2026-04-21","92.2","1.96","5.41","Imanaga, Shota",624641,684007,,"ball",,,,,13,,"R","R","L","CHC","PHI","B",,,1,0,2026,"1.09","1.52",-0.8892856934263209,1.8757753502098005,,,,1,3,"Top",,,,,,,-9.522188928442208,-133.7162183402679,-6.182273821857774,15.244605160770002,31.673460220361783,-12.821083255826663,3.186655184,1.608218504,,,,"91.5",2655,"6.2",824690,608348,683737,663538,807713,621020,664023,691718,673548,"54.25",,,,,,,,18,2,"4-Seam Fastball",0,0,0,0,0,0,0,0,"Standard","Standard",148,"-0.005","0.071",,,,"-0.071",,0,0,0.522,0.478,32,30,33,30,1,0,6,3,5,1,"1.21","1.09","-1.09","36.9",,,,,
"SI","2026-04-21","97.6","1.43","6.62","Miller, Erik",571970,669062,,"ball",,,,,11,,"R","L","L","SF","LAD","B",,,1,2,2026,"1.49","0.83",-0.8315889852064173,2.6127623390043664,,,606192,1,8,"Top",,,,,,,-9.577701504116005,-141.611712256316,-6.950240999850581,22.329798730117286,34.76248931563761,-19.569729249992385,3.127854331,1.578543307,,,,"98",2397,"6.9",823236,672275,646240,650333,656305,642715,671218,687551,666464,"53.65",,,,,,,,60,4,"Sinker",3,1,1,3,1,3,1,3,"Infield shade","Standard",139,"-0.008","0.044",,,,"-0.044",,2,-2,0.868,0.132,28,35,28,36,1,3,3,1,4,1,"1.6","1.49","1.49","42.8",,,,,
"ST","2026-04-21","79.4","2.8","5.92","Griffin, Foster",643289,656492,,"ball",,,,,13,,"R","R","L","WSH","ATL","B",,,0,0,2026,"-1.73","0.07",-0.3212985044926002,1.3201694247839306,,,,2,2,"Top",,,,,,,-3.4270011002037437,-115.6251670877834,-3.145077085982816,-14.695938459163767,23.47110003446219,-31.110698991210228,3.17085794,1.600246063,,,,"78.8",2397,"6",822747,686452,671277,683083,678391,682928,695734,696285,695578,"54.47",,,,,,,,15,1,"Sweeper",3,0,0,3,0,3,0,3,"Standard","Standard",311,"-0.001","0.037",,,,"-0.037",,3,-3,0.813,0.18700000000000006,30,31,31,32,1,0,5,2,5,1,"3.56","-1.73","1.73","43.6",,,,,
"SI","2026-04-21","94","1.51","6.41","Alvarado, José",663538,621237,,"called_strike",,,,,1,,"R","R","L","CHC","PHI","S",,,0,1,2026,"1.11","1.11",-0.7447820487971086,2.779344486919998,664068,691718,,1,8,"Bot",,,,,,,-8.400417272919723,-136.5745427379526,-6.037155893338738,15.736270748851485,30.560848841198947,-17.11244368964986,3.185777559,1.607775591,,,,"95.4",1987,"7.2",824690,592663,547180,624641,664761,607208,694025,669016,666969,"53.29",,,,,,,,77,2,"Sinker",7,3,7,3,3,7,7,3,"Strategic","Standard",150,"-0.001","-0.083",,,,"0.083",,4,4,0.992,0.992,31,29,31,29,1,5,3,1,2,1,"1.48","1.11","-1.11","59.3",,,,,
"SI","2026-04-21","97.6","-0.81","6.04","Stanek, Ryne",682663,592773,,"called_strike",,,,,6,,"R","R","R","MIA","STL","S",,,2,1,2026,"-1.56","0.91",0.8111502086526519,2.5450868790588146,,669364,689414,1,8,"Bot",,,,,,,7.8815971723483,-141.79624406726646,-5.70046058498172,-22.826110599685684,35.62417444915788,-18.81137084228163,3.256865158,1.643651575,,,,"96.5",2193,"6",823880,686780,676475,802139,669357,691026,701675,687363,691023,"54.52",,,,,,,,68,4,"Sinker",1,5,1,5,5,1,1,5,"Standard","Standard",219,"-0.013","-0.063",,,,"0.063",,-4,-4,0.088,0.088,34,24,35,25,1,3,2,1,4,1,"1.52","1.56","1.56","39.6",,,,,
"FF","2026-04-21","91.1","3.38","5.39","Lopez, Jacob",647304,682052,"walk","ball",,,,,13,"Josh Naylor challenged (pitch result), call on the field was overturned: Josh Naylor walks. Julio Rodríguez to 2nd.","R","L","L","SEA","ATH","B",,,3,1,2026,"1.06","1.02",-0.8426251341091526,2.146631453619834,,,677594,2,1,"Bot",,,,,,,-12.886324728709441,-131.90122474805293,-4.195604011366752,15.228035658159298,30.1850000149507,-19.511304376856213,3.110301837,1.569685039,,,,"91.5",2116,"7",823148,669127,701762,643446,691777,805779,691016,680869,671732,"53.55",,0.704857,"0.7",1,0,0,,9,5,"4-Seam Fastball",0,1,0,1,1,0,0,1,"Infield shade","Standard",126,"0.013","0.147",,,,"-0.147",,-1,-1,0.429,0.429,28,29,28,29,1,0,5,1,5,1,"1.77","1.06","1.06","25.5",,,,,
"SI","2026-04-21","94.9","-1.43","5.1","Mlodzinski, Carmen",669394,669387,,"ball",,,,,14,,"R","R","R","TEX","PIT","B",,,1,0,2026,"-1.49","0.51",0.15696621981427628,1.445599346371282,694671,,,2,1,"Bot",,,,,,,7.49003297469156,-137.88394730908092,-4.82458280922768,-20.649952361534595,31.637051727819564,-24.755401920961834,3.229658793,1.62992126,,,,"94.9",2065,"6.5",822914,680779,656811,693304,694377,804606,668804,665833,663968,"54.05",,,,,,,,9,2,"Sinker",0,1,0,1,1,0,0,1,"Standard","Standard",239,"0.003","0.024",,,,"-0.024",,-1,-1,0.436,0.436,27,30,27,30,1,0,6,2,5,1,"2.03","1.49","1.49","25.7",,,,,
"SL","2026-04-21","88","-2.36","5.85","Wilcox, Cole",680869,677961,"strikeout","called_strike",,,,,1,"Zack Gelof challenged (pitch result), call on the field was confirmed: Zack Gelof called out on strikes.","R","R","R","SEA","ATH","S",2,,1,2,2026,"-0.19","-0.25",-0.7101564064438507,3.186363647278207,,691777,671732,2,8,"Top",,,,,,,4.350596742354674,-128.23299288055833,0.2679767959458028,-2.9436069338110684,23.433007608310426,-35.16847871260578,3.291970144,1.66136811,,,,"88.5",2148,"6.3",823148,641598,647304,702284,660844,641487,668227,677594,670042,"54.21",,0,"0",1,0,0,,68,4,"Slider",2,4,4,2,4,2,4,2,"Standard","Standard",21,"0.018","-0.191",,,,"0.191",,-2,2,0.149,0.851,26,26,27,27,1,3,3,1,6,3,"3.15","0.19","0.19","35.1",,,,,
"SI","2026-04-21","93.8","-2.44","5.98","Rocker, Kumar",542303,677958,,"called_strike",,,,,4,,"R","R","R","TEX","PIT","S",,,0,0,2026,"-1.35","0.37",-0.7314136736129953,2.637731945332904,,,656811,1,1,"Top",,,,,,,7.470074175687946,-136.38836304352265,-3.566532192999728,-18.547247364301537,29.718633794759157,-26.921348100524003,3.255987533,1.643208661,,,,"94.5",2135,"6.7",822914,643376,669394,669701,673962,608369,694671,694497,607043,"53.81",,,,,,,,4,1,"Sinker",0,1,1,0,1,0,1,0,"Infield shade","Standard",214,"0.004","-0.04",,,,"0.04",,-1,1,0.402,0.598,26,35,27,36,1,0,6,2,5,1,"2.22","1.35","1.35","35.6",,,,,
"CH","2026-04-21","85.1","-2.3","5.12","Williams, Devin",807712,642207,,"called_strike",,,,,7,,"R","R","R","NYM","MIN","S",,,0,0,2026,"-1.84","0.15",-0.588727512206251,1.6257753718738313,681546,680777,665019,0,9,"Top",,,,,,,7.928097185659972,-123.63567490387443,-1.9168177596833413,-20.48489689068284,27.061309254123834,-30.427606865353724,3.213861549,1.621948819,,,,"86.7",2587,"7.6",823640,682626,668901,543760,666182,596019,701807,673357,621438,"52.89",,,,,,,,64,1,"Changeup",3,3,3,3,3,3,3,3,"Strategic","Standard",271,"0.017","-0.045",,,,"0.045",,0,0,0.172,0.8280000000000001,31,23,32,24,1,3,2,2,2,1,"3.03","1.84","1.84","15.9",,,,,
"FF","2026-04-21","90","0.27","6.33","Anderson, Jack",676609,681252,"strikeout","called_strike",,,,,7,"José Caballero challenged (pitch result), call on the field was confirmed: José Caballero called out on strikes.","R","R","R","BOS","NYY","S",2,,3,2,2026,"-0.34","1.53",-0.6682214258831753,1.527471623862494,641355,545341,665862,2,6,"Top",,,,,,,-1.5681403736720252,-130.8791445914098,-8.941482672862428,-3.5420281855540217,27.287487416135324,-12.917586512963497,3.083095472,1.555954724,,,,"89.7",1992,"6.1",824773,665966,575929,691785,702332,596115,701350,678882,677800,"54.38",,0,"0",1,0,0,,44,6,"4-Seam Fastball",0,3,3,0,3,0,3,0,"Standard","Strategic",201,"0.044","-0.3",,,,"0.3",,-3,3,0.119,0.881,26,29,27,30,1,2,2,2,,1,"1.28","0.34","0.34","64.0",,,,,
"ST","2026-04-21","83.4","-2.38","5.85","Bazardo, Eduard",643446,660825,,"ball",,,,,13,,"R","L","R","SEA","ATH","B",,,0,1,2026,"1","-0.54",-1.062853520389834,2.0090929035640763,,805779,,0,6,"Top",,,,,,,0.9718144348801805,-121.43959401770613,-1.0141337895884255,9.62753895857262,26.977101871967957,-37.48073345797778,3.213861549,1.621948819,,,,"81.7",2663,"5.4",823148,641598,647304,702284,660844,641487,668227,677594,608701,"55.07",,,,,,,,48,2,"Sweeper",2,3,3,2,3,2,3,2,"Standard","Standard",47,"-0.005","0.026",,,,"-0.026",,-1,1,0.28,0.72,30,34,31,34,1,2,3,1,3,1,"3.85","-1","1","39.5",,,,,
"FC","2026-04-21","91.9","-2.43","5.08","Topa, Justin",701807,623437,,"called_strike",,,,,3,,"R","L","R","NYM","MIN","S",,,3,1,2026,"-0.3","0.84",0.6008949310411774,3.3595734281833707,,,,1,7,"Bot",,,,,,,8.149716418402974,-133.756687569322,-0.24617932250599017,-5.286515864638365,26.831205228179652,-22.228675523704084,3.259498032,1.644980315,,,,"91.2",2403,"5.7",823640,680777,665019,807712,668904,686797,663616,621439,670242,"54.83",,,,,,,,53,5,"Cutter",3,3,3,3,3,3,3,3,"Infield shade","Standard",231,"-0.01","-0.087",,,,"0.087",,0,0,0.566,0.566,35,23,35,23,1,2,3,2,1,2,"1.85","0.3","-0.3","15.1",,,,,
"FF","2026-04-21","95.4","1.6","6.36","Headrick, Brent",702332,687396,"strikeout","called_strike",,,,,8,"Caleb Durbin challenged (pitch result), call on the field was confirmed: Caleb Durbin called out on strikes.","R","R","L","BOS","NYY","S",2,,1,2,2026,"0.52","1.57",0.1908562308242555,1.3769171172419865,,596115,678882,2,7,"Bot",,,,,,,-4.912308021271433,-138.39249401107992,-10.871764666145223,7.820547108527168,32.2007328864726,-9.672936021723647,2.947063648,1.48730315,,,,"96.3",2308,"7.1",824773,669224,700250,665862,641857,676609,545341,641355,592450,"53.42",,0,"0",1,0,0,,56,4,"4-Seam Fastball",0,3,0,3,3,0,0,3,"Standard","Standard",149,"-0.037","-0.191",,,,"0.191",,-3,-3,0.109,0.109,28,26,29,26,1,2,4,1,1,1,"0.96","0.52","-0.52","41.8",,,,,
"SL","2026-04-21","90.2","2.45","5.86","Martin, Riley",607208,702303,"strikeout","called_strike",,,,,9,"Trea Turner challenged (pitch result), call on the field was confirmed: Trea Turner called out on strikes.","R","R","L","CHC","PHI","S",2,,1,2,2026,"-0.01","0.35",0.7428568052124841,1.669166594688606,,,,1,8,"Top",,,,,,,-4.1311458335480635,-131.38576507503564,-4.961993567253764,0.7652772392606806,26.855361345465855,-27.28154771291487,3.244578412,1.637450787,,,,"89.4",2431,"5.7",824690,608348,683737,663538,664068,621020,664023,691718,673548,"54.85",,0,"0",1,0,0,,69,4,"Slider",6,1,1,6,1,6,1,6,"Standard","Standard",167,"0.002","-0.18",,,,"0.18",,5,-5,0.991,0.009000000000000008,28,33,28,33,1,3,2,1,2,1,"2.44","-0.01","0.01","47.9",,,,,
"FF","2026-04-21","94.4","1.72","6.26","Headrick, Brent",702332,687396,,"ball",,,,,14,,"R","R","L","BOS","NYY","B",,,0,1,2026,"0.59","1.67",0.32464815965483584,1.2589242011926642,,596115,678882,2,7,"Bot",,,,,,,-4.982462369411786,-136.8068818071283,-10.768825043910605,8.648580452622276,36.68564454243764,-8.832841432758268,2.947063648,1.48730315,,,,"94.4",2396,"7",824773,669224,700250,665862,641857,676609,545341,641355,592450,"53.5",,,,,,,,56,2,"4-Seam Fastball",0,3,0,3,3,0,0,3,"Standard","Standard",149,"0.005","0.018",,,,"-0.018",,-3,-3,0.117,0.117,28,26,29,26,1,2,4,1,1,1,"0.95","0.59","-0.59","37.4",,,,,
"FC","2026-04-21","88.6","2.7","5.94","Griffin, Foster",660670,656492,"strikeout","called_strike",,,,,6,"Ronald Acuña Jr. challenged (pitch result), call on the field was confirmed: Ronald Acuña Jr. called out on strikes.","R","R","L","WSH","ATL","S",2,,3,2,2026,"-0.4","0.54",0.7482393854064453,2.3244250663085397,,,,0,1,"Top",,,,,,,-3.856061543910172,-129.01479008602985,-3.7328446062982183,-3.7221886317630104,25.373442109502864,-25.581097490185105,3.200697179,1.615305118,,,,"88.7",2273,"6.2",822747,686452,671277,683083,678391,682928,695734,696285,695578,"54.29",,0,"0",1,0,0,,1,7,"Cutter",0,0,0,0,0,0,0,0,"Standard","Standard",181,"0.027","-0.345",,,,"0.345",,0,0,0.495,0.505,30,28,31,29,1,0,5,1,5,1,"2.35","-0.4","0.4","49.2",,,,,
"ST","2026-04-21","87.3","-2.62","5.48","Soriano, George",681393,666277,"strikeout","called_strike",,,,,9,"Connor Norby challenged (pitch result), call on the field was confirmed: Connor Norby called out on strikes.","R","R","R","MIA","STL","S",2,,1,2,2026,"0.57","-0.02",0.7197696023352489,1.681884038027328,691594,,681715,2,8,"Bot",,,,,,,6.768754911205957,-126.91993823674339,-2.6512103121742756,4.641191113378855,28.249618903133204,-32.05081500570545,3.112934711,1.57101378,,,,"87.6",2765,"6.7",823880,686780,676475,802139,669357,691026,701675,687363,691023,"53.78",,0,"0",1,0,0,,71,6,"Sweeper",3,5,3,5,5,3,3,5,"Standard","Standard",24,"-0.066","-0.18",,,,"0.18",,-2,-2,0.142,0.142,27,26,27,26,1,3,3,1,3,3,"3.04","-0.57","-0.57","32.2",,,,,
"SL","2026-04-21","83.9","1.34","6.62","Miller, Erik",660271,669062,,"called_strike",,,,,4,,"R","L","L","SF","LAD","S",,,3,1,2026,"-0.34","0.22",-0.7751799661623364,2.702397572731928,,,690976,2,7,"Top",,,,,,,-4.166475766292556,-122.08950954616436,-2.8430470014672307,-2.5526478926838476,25.320714482115136,-29.636571041346773,3.369201116,1.700344488,,,,"84.3",2598,"6.6",823236,672275,646240,650333,656305,642715,671218,687551,808982,"53.86",,,,,,,,53,5,"Slider",3,1,1,3,1,3,1,3,"Infield shade","Standard",323,"0.009","-0.094",,,,"0.094",,2,-2,0.84,0.16000000000000003,28,31,28,32,1,3,3,1,4,1,"3.03","-0.34","-0.34","39.7",,,,,
"ST","2026-04-21","83.7","-1.17","6.01","Phillips, Tyler",671056,663969,,"called_strike",,,,,2,,"R","R","R","MIA","STL","S",,,1,1,2026,"1.38","-0.01",-0.015510854840352417,3.272195347175793,,,,0,7,"Top",,,,,,,-0.1544568206299094,-121.76216062102259,0.46405692322724357,13.5933894962531,28.809459286448426,-32.68721493720244,3.173490814,1.601574803,,,,"83.1",2526,"6.4",823880,689414,681393,669364,688363,672640,669065,805300,683357,"54.13",,,,,,,,53,3,"Sweeper",1,5,5,1,5,1,5,1,"Standard","Standard",57,"0.001","-0.061",,,,"0.061",,-4,4,0.059,0.9410000000000001,28,26,29,26,1,3,4,1,4,1,"3.33","-1.38","-1.38","34.5",,,,,
"SL","2026-04-21","79.2","-1.62","5.94","López, Reynaldo",695578,625643,,"ball",,,,,13,,"R","L","R","WSH","ATL","B",,,1,0,2026,"0.66","-0.42",-0.5847022313496933,1.3915635203471455,,,,0,1,"Bot",,,,,,,0.9786927727897929,-115.46061871862683,-2.1278866960903344,5.755515018104524,21.352349251284046,-35.76012363773367,3.488558071,1.760580709,,,,"79.3",2378,"6.2",822747,641680,621566,645277,663586,643289,642201,671739,660670,"54.25",,,,,,,,4,2,"Slider",0,0,0,0,0,0,0,0,"Strategic","Standard",82,"0.007","0.077",,,,"-0.077",,0,0,0.551,0.551,32,23,32,24,1,0,7,1,8,1,"4.04","-0.66","0.66","42.4",,,,,
"KC","2026-04-20","79","-1.89","5.19","Nola, Aaron",664023,605400,"walk","ball",,,,,13,"Ian Happ challenged (pitch result), call on the field was overturned: Ian Happ walks.","R","L","R","CHC","PHI","B",,,3,1,2026,"1.25","-0.94",-0.8429634590943287,2.004673171095087,,608324,,1,5,"Bot",,,,,,,-0.12432910846017259,-114.98952265493101,1.9671813943318806,11.009150098771684,23.720779484216834,-41.128229246374836,3.136630577,1.582972441,,,,"79.3",2563,"6.7",824692,665561,547180,681082,664761,607208,669016,702222,666969,"53.77",,0.704857,"0.7",1,0,0,,44,5,"Knuckle Curve",5,1,5,1,1,5,5,1,"Standard","Standard",60,"0.002","0.144",,,,"-0.144",,4,4,0.938,0.938,33,31,33,32,3,2,6,1,6,1,"4.63","-1.25","1.25","22.8",,,,,
"FC","2026-04-20","87.8","-2.64","4.7","Arrighetti, Spencer",608070,681293,"strikeout","called_strike",,,,,4,"José Ramírez challenged (pitch result), call on the field was confirmed: José Ramírez called out on strikes.","R","L","R","CLE","HOU","S",2,,0,2,2026,"0.25","0.89",-0.693980271679537,2.2849105068793527,,677587,800050,2,4,"Bot",,,,,,,4.199199494647102,-127.84755500502872,-1.4509900089085794,1.9051348707619065,26.1572970514073,-22.27944673327373,3.034826116,1.531594488,,,,"89.6",2308,"7.4",824450,673237,572233,514888,670623,621043,687957,694728,701358,"53.14",,0,"0",1,0,0,,42,3,"Cutter",2,6,2,6,6,2,2,6,"Infield shade","Standard",183,"-0.022","-0.178",,,,"0.178",,-4,-4,0.126,0.126,26,33,26,34,3,2,5,1,6,1,"2.06","-0.25","0.25","17.2",,,,,
"FF","2026-04-20","94","1.95","5.54","Wrobleski, Justin",678662,680736,,"called_strike",,,,,8,,"R","R","L","COL","LAD","S",,,0,1,2026,"0.44","1.17",-0.17107551238028296,1.5809329030172286,,,,1,6,"Bot",,,,,,,-6.319698534116637,-136.88301798040436,-6.981259666661811,6.716399458171764,23.143397814582205,-16.13463167710778,3.219127297,1.624606299,,,,"93.5",2496,"5.5",824370,669257,687221,669289,571970,500743,606192,681624,669743,"55.04",,,,,,,,53,2,"4-Seam Fastball",1,6,1,6,6,1,1,6,"Standard","Standard",137,"-0.002","-0.052",,,,"0.052",,-5,-5,0.043,0.043,25,24,26,25,3,2,7,1,6,1,"1.36","0.44","-0.44","34.0",,,,,
"FF","2026-04-20","94.1","1.51","6.06","Detmers, Reid",672960,672282,"strikeout","called_strike",,,,,7,"Kazuma Okamoto challenged (pitch result), call on the field was confirmed: Kazuma Okamoto called out on strikes.","R","R","L","LAA","TOR","S",2,,3,2,2026,"0.62","1.33",-0.5138761710368197,1.583588190007693,,,,2,3,"Top",,,,,,,-6.597158914673037,-136.63771606123112,-8.659899889346148,9.206330147173809,29.390221582360613,-13.795581856834637,3.255987533,1.643208661,,,,"94.5",2064,"6.6",824046,681351,694384,624428,660162,687263,666139,545361,666176,"53.94",,0,"0",1,0,0,,23,8,"4-Seam Fastball",1,2,2,1,2,1,2,1,"Standard","Standard",142,"0.013","-0.328",,,,"0.328",,-1,1,0.424,0.5760000000000001,26,30,27,30,2,1,6,1,6,1,"1.25","0.62","-0.62","42.2",,,,,
"CS","2026-04-20","69.8","-2.01","5.24","Lugo, Seth",624413,607625,"strikeout","called_strike",,,,,1,"Pete Alonso challenged (pitch result), call on the field was confirmed: Pete Alonso called out on strikes.","R","R","R","KC","BAL","S",2,,0,2,2026,"1","-0.17",-0.31972370140232276,3.2927353674712707,,,,2,4,"Top",,,,,,,1.5199582647113496,-101.60709881265555,4.34871720032121,6.700190646558848,16.533375119090092,-34.29737703742278,3.323564633,1.677312992,,,,"69",2538,"5.6",824125,695600,686469,686681,672580,677951,686555,664728,695506,"54.86",,0,"0",1,0,0,,30,3,"Slow Curve",1,0,0,1,0,1,0,1,"Strategic","Standard",62,"0.008","-0.16",,,,"0.16",,1,-1,0.677,0.32299999999999995,36,31,37,32,2,1,5,1,6,1,"4.85","-1","-1","26.2",,,,,
"SI","2026-04-20","92.8","-2.39","5.44","Lowder, Rhett",641584,695076,"strikeout","called_strike",,,,,8,"Jake Fraley challenged (pitch result), call on the field was confirmed: Jake Fraley called out on strikes.","R","L","R","TB","CIN","S",2,,3,2,2026,"-1.68","0.44",0.0002256580538804176,1.6277187154474888,691406,666018,650490,0,1,"Bot",,,,,,,9.75368521612902,-134.70555065815273,-4.625999794750955,-22.618682529325163,31.859739818009437,-25.95915731081628,3.169980315,1.59980315,,,,"92.2",2328,"6.3",822994,663886,701398,680574,663647,682829,668715,670770,677956,"54.22",,0,"0",1,0,0,,10,7,"Sinker",1,2,1,2,2,1,1,2,"Standard","Standard",238,"-0.079","-0.348",,,,"0.348",,-1,-1,0.632,0.632,24,31,24,31,1,0,5,2,6,1,"2.24","1.68","-1.68","24.9",,,,,
"FF","2026-04-20","98.2","-2.09","6.1","Cease, Dylan",660162,656302,"strikeout","called_strike",,,,,9,"Yoán Moncada challenged (pitch result), call on the field was confirmed: Yoán Moncada called out on strikes.","R","L","R","LAA","TOR","S",2,,3,2,2026,"-0.22","1.33",0.6806579308193295,1.665494896782639,,624585,,2,1,"Bot",,,,,,,7.973149114135202,-142.4300268185061,-9.378203789971606,-5.012426754459788,35.76513904607032,-11.949209744387737,3.217372047,1.623720472,,,,"98.3",2367,"6.7",824046,623168,665489,672820,672960,676391,676914,662139,664702,"53.79",,0,"0",1,0,0,,11,6,"4-Seam Fastball",1,0,1,0,0,1,1,0,"Standard","Standard",187,"-0.03","-0.277",,,,"0.277",,1,1,0.633,0.633,30,31,31,31,1,0,5,1,7,1,"1.06","0.22","-0.22","48.7",,,,,
"SI","2026-04-20","95.8","-1.91","5.69","Lange, Alex",683002,656638,"strikeout","called_strike",,,,,6,"Gunnar Henderson challenged (pitch result), call on the field was confirmed: Gunnar Henderson called out on strikes.","R","L","R","KC","BAL","S",2,,2,2,2026,"-1.31","0.61",0.6858062756576684,2.3594590237422146,,,,1,12,"Top",,,,,,,9.774621453919107,-139.27997866711698,-4.389686770743511,-19.21797168929816,29.316153440902113,-23.419839209540083,3.328830381,1.679970472,,,,"95.9",2181,"6.3",824125,553869,686469,679845,672580,677951,686555,664728,657041,"54.22",,0,"0",1,0,0,,94,6,"Sinker",2,7,7,2,7,2,7,2,"Infield shade","Standard",226,"0.001","-0.228",,,,"0.228",,-5,5,0.019,0.981,30,25,31,25,1,5,3,1,2,1,"1.86","1.31","-1.31","37.0",,,,,
"SI","2026-04-20","95.1","-2.84","5.27","Shugart, Chase",608324,663767,"strikeout","called_strike",,,,,9,"Alex Bregman challenged (pitch result), call on the field was confirmed: Alex Bregman called out on strikes.","R","R","R","CHC","PHI","S",2,,2,2,2026,"-1.49","0.85",0.48950373391202007,1.4635641375414437,,663538,,1,7,"Bot",,,,,,,11.970800104704203,-137.72913318857192,-5.924653253215341,-21.78581214782059,33.61351668731126,-20.093171567095634,3.126099081,1.57765748,,,,"94.3",2084,"6.3",824692,665561,547180,681082,664761,607208,669016,702222,666969,"54.19",,0,"0",1,0,0,,59,5,"Sinker",5,1,5,1,1,5,5,1,"Standard","Standard",223,"-0.003","-0.227",,,,"0.227",,4,4,0.972,0.972,29,32,30,32,1,3,1,1,3,1,"1.71","1.49","1.49","32.6",,,,,
"CH","2026-04-20","86.1","-2.62","6.21","Gordon, Tanner",669257,685299,"strikeout","called_strike",,,,,8,"Will Smith challenged (pitch result), call on the field was confirmed: Will Smith called out on strikes.","R","R","R","COL","LAD","S",2,,2,2,2026,"-1.21","0.68",0.10934741144485738,1.5555786981029303,500743,660271,669743,2,6,"Top",,,,,,,8.911218038939959,-125.07897547505304,-6.069983668042282,-14.324252809562978,21.266776892297578,-24.0126456663508,3.137508202,1.583415354,,,,"86.9",2173,"6.5",824370,664954,681198,650489,691720,678662,687597,686668,687859,"53.96",,0,"0",1,0,0,,51,5,"Changeup",1,6,6,1,6,1,6,1,"Standard","Standard",233,"0.011","-0.236",,,,"0.236",,-5,5,0.046,0.954,28,31,29,31,1,3,5,1,8,1,"2.36","1.21","1.21","47.7",,,,,
"CU","2026-04-20","71.8","-2.14","6.04","Cecconi, Slade",666211,677944,,"ball",,,,,11,,"R","L","R","CLE","HOU","B",,,1,1,2026,"1.11","-1.14",-0.5209186643469198,3.4023851762274058,,,670623,2,1,"Top",,,,,,,1.2540604798555992,-104.39067363159214,4.5781723302398,7.799446615420642,20.28529104948818,-41.56561241681721,3.26300853,1.646751969,,,,"71.6",2225,"6.5",824450,666310,700932,682877,608070,677587,671655,680757,800050,"53.95",,,,,,,,6,3,"Curveball",0,2,2,0,2,0,2,0,"Infield shade","Strategic",38,"-0.003","0.054",,,,"-0.054",,-2,2,0.336,0.6639999999999999,27,28,27,29,1,0,5,1,6,,"5.63","-1.11","1.11","44.7",,,,,
"SI","2026-04-20","97.8","-1.44","5.96","Erceg, Lucas",621493,668674,,"called_strike",,,,,7,,"R","R","R","KC","BAL","S",,,2,0,2026,"-1.33","0.77",-0.7529797463928056,1.8822884134688829,,,,1,9,"Top",,,,,,,4.9787197419622995,-142.27913704015205,-7.1075432977197215,-19.162124072008886,32.49382723951253,-20.248086427442416,3.190165682,1.609990158,,,,"98.3",2060,"6.6",824125,695600,686469,679845,672580,677951,686555,664728,695506,"53.92",,,,,,,,67,3,"Sinker",1,0,0,1,0,1,0,1,"Standard","Standard",224,"0.017","-0.066",,,,"0.066",,1,-1,0.883,0.11699999999999999,31,32,31,33,1,3,4,1,1,1,"1.61","1.33","1.33","45.5",,,,,
"FF","2026-04-20","98.7","-3.21","5.31","Varland, Louis",624428,686973,,"ball",,,,,13,,"R","L","R","LAA","TOR","B",,,0,1,2026,"-0.81","1.28",-0.1929921405461541,1.3843296627843675,,,,1,7,"Bot",,,,,,,10.10236495872771,-143.1258679068915,-8.032991199126785,-13.651424837436927,35.659203832306964,-12.848901109676426,3.111179462,1.570127953,,,,"99.1",2114,"6.9",824046,623168,665489,672820,672960,676391,664702,662139,664770,"53.62",,,,,,,,57,2,"4-Seam Fastball",2,4,2,4,4,2,2,4,"Standard","Standard",14,"0.003","0.029",,,,"-0.029",,-2,-2,0.177,0.177,28,34,29,35,1,2,4,1,1,1,"1.09","0.81","-0.81","38.8",,,,,
"SL","2026-04-20","86.6","-1.16","5.93","Whitlock, Garrett",650402,676477,,"called_strike",,,,,7,,"R","R","R","BOS","DET","S",,,0,1,2026,"-0.05","-0.19",-0.38579985774874537,1.503947822956012,,,,1,7,"Top",,,,,,,1.9671085147539868,-126.08389488583698,-3.718699114731538,-0.9763653301502258,27.627357877388743,-33.625736366334294,3.12960958,1.579429134,,,,"88.1",1977,"7.3",824776,665966,575929,691785,702332,596115,701350,680776,677800,"53.15",,,,,,,,59,2,"Slider",3,3,3,3,3,3,3,3,"Standard","Standard",30,"0.008","-0.052",,,,"0.052",,0,0,0.543,0.45699999999999996,30,29,30,30,1,3,3,1,6,1,"3.25","0.05","0.05","41.7",,,,,
"SL","2026-04-20","86.7","1.62","6.2","Detmers, Reid",676914,672282,,"ball",,,,,12,,"R","R","L","LAA","TOR","B",,,2,0,2026,"-0.15","-0.29",0.06584101727387069,3.321193619043522,,,,0,1,"Top",,,,,,,-3.354466110690654,-126.25306144406439,0.08141840921886212,-0.9546423051775883,24.675877272506163,-35.52395527644545,3.045357612,1.536909449,,,,"86.8",2494,"6.2",824046,681351,694384,624428,660162,687263,666139,545361,666176,"54.28",,,,,,,,1,3,"Slider",0,0,0,0,0,0,0,0,"Standard","Standard",289,"-0.011","0.152",,,,"-0.152",,0,0,0.489,0.511,26,27,27,27,1,0,6,3,6,2,"3.31","-0.15","0.15","44.9",,,,,
"SI","2026-04-20","101.3","-1.97","5.93","Henriquez, Edgardo",696100,683618,"strikeout","called_strike",,,,,8,"Hunter Goodman challenged (pitch result), call on the field was confirmed: Hunter Goodman called out on strikes.","R","R","R","COL","LAD","S",2,,0,2,2026,"-1.01","0.85",-0.025154959844393532,1.5330711875213348,,,,0,8,"Bot",,,,,,,7.835538612132343,-147.31980262156063,-8.94586756233383,-16.413232721293014,26.952114166243103,-18.000160137792278,3.178756562,1.604232283,,,,"102.7",2424,"6.5",824370,669257,687221,669289,571970,500743,606192,681624,669743,"53.95",,0,"0",1,0,0,,71,3,"Sinker",1,9,1,9,9,1,1,9,"Standard","Standard",222,"-0.001","-0.165",,,,"0.165",,-8,-8,0.002,0.002,24,26,24,27,1,3,2,1,4,1,"1.33","1.01","1.01","33.9",,,,,
"FF","2026-04-19","94","-2.47","5.9","Burrows, Mike",687363,681347,,"called_strike",,,,,1,,"R","L","R","HOU","STL","S",,,3,1,2026,"-0.63","1.51",-0.7846867850873345,2.787223515708669,691026,701675,686780,2,5,"Top",,,,,,,5.760445098122097,-136.4969251508852,-5.415604725372219,-9.337520649247182,36.97223679004479,-12.448803535534564,3.136630577,1.582972441,,,,"93.4",2319,"6.6",824205,673237,572233,514888,670623,621043,694376,666211,701358,"53.93",,,,,,,,33,5,"4-Seam Fastball",1,0,0,1,0,1,0,1,"Standard","Standard",221,"0.033","-0.09",,,,"0.09",,1,-1,0.548,0.45199999999999996,26,25,27,25,2,1,6,2,6,1,"1.13","0.63","-0.63","38.9",,,,,
"SI","2026-04-19","97.1","-1.63","5","Woo, Bryan",669394,693433,"strikeout","called_strike",,,,,9,"Jake Burger challenged (pitch result), call on the field was confirmed: Jake Burger called out on strikes.","R","R","R","SEA","TEX","S",2,,2,2,2026,"-1.53","0.17",0.5825545094086493,1.9757153038006705,,608369,694671,0,7,"Top",,,,,,,9.421575630783588,-141.16811954375527,-2.80100878026995,-22.504072256498468,29.80159632455969,-29.46896655976701,3.229658793,1.62992126,,,,"97.7",2394,"6.5",823150,641598,656582,702284,660844,641487,668227,677594,608701,"53.96",,0,"0",1,0,0,,48,5,"Sinker",5,0,0,5,0,5,0,5,"Standard","Standard",229,"0.026","-0.251",,,,"0.251",,5,-5,0.922,0.07799999999999996,26,30,26,30,3,2,5,1,6,2,"2.24","1.53","1.53","23.0",,,,,
"SL","2026-04-19","82.8","-1.25","5.89","Ober, Bailey",682829,641927,,"called_strike",,,,,7,,"R","L","R","MIN","CIN","S",,,0,0,2026,"-0.08","0.62",-0.6121400152332332,1.784271091482422,,,,0,6,"Top",,,,,,,1.6248887076631406,-120.51706663622852,-3.8912646302130396,-1.1410828537850717,24.8518589450902,-25.538084939382944,3.460474081,1.74640748,,,,"83.6",2108,"6.9",823718,605170,665019,807712,656484,686797,663616,621439,681546,"53.57",,,,,,,,45,1,"Slider",3,1,1,3,1,3,1,3,"Infield shade","Standard",175,"0.005","-0.039",,,,"0.039",,2,-2,0.779,0.22099999999999997,30,24,31,24,3,2,6,1,6,1,"2.71","0.08","-0.08","27.3",,,,,
"FF","2026-04-19","89.7","2.33","6.13","Springs, Jeffrey",678246,605488,,"ball",,,,,12,,"R","R","L","ATH","CWS","B",,,0,1,2026,"0.84","1.48",1.01477864869272,2.7801101974363815,,,,0,5,"Top",,,,,,,-4.998028430145005,-130.41404899820884,-5.246359794175284,10.602799739320572,28.44798752074469,-14.388064304028358,3.290214895,1.660482283,,,,"89.6",1998,"6.3",825018,669127,701762,628451,687231,805779,691016,672016,680869,"54.17",,,,,,,,35,2,"4-Seam Fastball",1,4,4,1,4,1,4,1,"Standard","Standard",147,"-0.001","0.031",,,,"-0.031",,-3,3,0.166,0.834,33,26,34,27,3,2,5,1,6,2,"1.37","0.84","-0.84","46.8",,,,,
"FF","2026-04-19","99.4","-1.77","5.07","Misiorowski, Jacob",682663,694819,"strikeout","called_strike",,,,,3,"Agustín Ramírez challenged (pitch result), call on the field was confirmed: Agustín Ramírez called out on strikes.","R","R","R","MIA","MIL","S",2,,0,2,2026,"-0.91","1.5",0.6683485632035572,3.158578860888613,,669364,672640,1,3,"Bot",,,,,,,8.971827270407362,-144.32547922753548,-3.224833818489997,-14.878004795993897,37.39824684399139,-10.808461591581333,3.256865158,1.643651575,,,,"101.3",2678,"7.7",823881,596142,641343,668930,650859,666152,675659,663604,682641,"52.8",,0,"0",1,0,0,,24,3,"4-Seam Fastball",3,0,3,0,0,3,3,0,"Standard","Standard",224,"-0.013","-0.16",,,,"0.16",,3,3,0.849,0.849,24,24,24,25,2,1,5,1,6,1,"0.84","0.91","0.91","26.0",,,,,
"FF","2026-04-19","93.1","0.46","6.08","Cantillo, Joey",624413,676282,,"ball",,,,,14,,"R","R","L","CLE","BAL","B",,,0,2,2026,"0.3","1.26",0.8662078473385844,2.269631514105278,,,,0,4,"Top",,,,,,,0.36081071470589,-135.3713890569663,-6.5670956844207335,3.56055527324386,33.18429771304048,-15.404710035535413,3.323564633,1.677312992,,,,"93.4",1918,"6.8",824452,595978,656555,682877,682177,677587,682657,680757,681807,"53.71",,,,,,,,23,3,"4-Seam Fastball",1,0,0,1,0,1,0,1,"Infield shade","Standard",156,"-0.003","0.024",,,,"-0.024",,1,-1,0.635,0.365,26,31,27,32,2,1,5,1,6,1,"1.4","0.3","-0.3","51.5",,,,,
"SL","2026-04-19","88.7","2.58","5.48","Weathers, Ryan",672580,677960,"strikeout","called_strike",,,,,6,"Maikel Garcia challenged (pitch result), call on the field was confirmed: Maikel Garcia called out on strikes.","R","R","L","NYY","KC","S",2,,3,2,2026,"-0.41","0.17",0.7599164634978103,2.31539680433228,,,,2,3,"Top",,,,,,,-3.523563719929399,-129.24934735524334,-1.85907331474134,-3.8430576510318617,26.3649627674586,-30.11595997628092,3.262130906,1.646309055,,,,"88.4",2598,"6",823556,669224,502671,642708,641857,676609,641355,663757,592450,"54.54",,0,"0",1,0,0,,22,7,"Slider",4,0,0,4,0,4,0,4,"Strategic","Standard",206,"0.008","-0.328",,,,"0.328",,4,-4,0.886,0.11399999999999999,26,26,27,26,2,1,5,1,6,1,"2.72","-0.41","0.41","42.3",,,,,
"ST","2026-04-19","82.6","2.73","5.35","Weathers, Ryan",672580,677960,,"ball",,,,,14,,"R","R","L","NYY","KC","B",,,2,2,2026,"-1.17","0.13",0.5956015446625551,1.40859090538585,,,,2,3,"Top",,,,,,,-2.4647163051073253,-120.24954867272238,-2.4025497502854836,-10.72708468451882,26.146863770515445,-30.67131968883433,3.262130906,1.646309055,,,,"81.7",2617,"5.9",823556,669224,502671,642708,641857,676609,641355,663757,592450,"54.57",,,,,,,,22,6,"Sweeper",4,0,0,4,0,4,0,4,"Strategic","Standard",303,"-0.002","0.104",,,,"-0.104",,4,-4,0.888,0.11199999999999999,26,26,27,26,2,1,5,1,6,1,"3.24","-1.17","1.17","37.6",,,,,
"FF","2026-04-19","93","2.38","6.31","Ray, Robbie",695578,592662,,"called_strike",,,,,4,,"R","L","L","WSH","SF","S",,,1,1,2026,"0.62","1.31",-0.7331974783839907,2.4574774995314588,,,660688,0,3,"Bot",,,,,,,-9.231274888449136,-135.12794861128106,-6.874200132123331,9.354498482604605,24.138164204901074,-14.792397926352933,3.488558071,1.760580709,,,,"93.5",2268,"6.3",822750,672275,669477,650333,656305,642715,671218,687551,808982,"54.25",,,,,,,,24,3,"4-Seam Fastball",0,0,0,0,0,0,0,0,"Infield shade","Standard",143,"-0.009","-0.07",,,,"0.07",,0,0,0.593,0.593,34,23,35,24,2,1,5,1,6,1,"1.3","0.62","0.62","45.8",,,,,
"FF","2026-04-19","98.1","-0.63","5.82","Taylor, Grant",680869,691799,,"ball",,,,,14,,"R","R","R","ATH","CWS","B",,,0,0,2026,"-0.23","1.28",0.1862510521647714,1.41653114108192,,691016,687231,2,7,"Bot",,,,,,,2.7546417423012586,-142.63999826906178,-9.339503504105009,-3.7625753074098998,32.989407054481774,-12.712175719482024,3.291970144,1.66136811,,,,"99.8",2288,"7.3",825018,700337,808959,805367,678246,695657,695020,682668,656537,"53.22",,,,,,,,59,1,"4-Seam Fastball",1,7,1,7,7,1,1,7,"Standard","Standard",201,"0.001","0.024",,,,"-0.024",,-6,-6,0.018,0.018,24,26,24,27,1,2,3,1,4,1,"1.09","0.23","0.23","58.9",,,,,
"FF","2026-04-19","89.8","0.41","6.44","Anderson, Jack",681481,681252,,"called_strike",,,,,9,,"R","L","R","BOS","DET","S",,,2,0,2026,"-0.4","1.73",0.39328021358886905,1.5884791138968084,,,595879,0,9,"Top",,,,,,,0.831456525920637,-130.49641064620704,-9.414271023984405,-4.732304144923821,30.041246555246328,-10.6637212717963,3.234046916,1.632135827,,,,"89.6",2103,"6.5",824777,665966,655316,691785,702332,596115,701350,678882,677800,"54.05",,,,,,,,67,3,"4-Seam Fastball",1,5,5,1,5,1,5,1,"Infield shade","Strategic",196,"0.001","-0.066",,,,"0.066",,-4,4,0.012,0.988,26,28,27,29,1,1,5,1,2,1,"1.13","0.4","-0.4","63.9",,,,,
"SI","2026-04-19","96.1","1.5","6.38","Mayza, Tim",642086,641835,"strikeout","called_strike",,,,,4,"Dominic Smith challenged (pitch result), call on the field was confirmed: Dominic Smith called out on strikes.","R","L","L","PHI","ATL","S",2,,2,2,2026,"1.39","0.65",-0.7161155598533806,2.4365536940357293,663586,645277,,2,5,"Top",,,,,,,-9.08443786980936,-139.48286039029497,-6.107840231632115,20.218754875543187,33.051528665841246,-22.428476494065777,3.176123688,1.602903543,,,,"96.6",2239,"6.8",823475,665561,547180,681082,664761,607208,669016,702222,666969,"53.66",,0,"0",1,0,0,,41,7,"Sinker",2,4,4,2,4,2,4,2,"Infield shade","Standard",142,"0.039","-0.219",,,,"0.219",,-2,2,0.25,0.75,34,31,34,31,1,2,2,2,2,1,"1.84","1.39","1.39","43.1",,,,,
"SI","2026-04-19","91.4","-1.21","5.24","Singer, Brady",807712,663903,,"ball",,,,,12,,"R","R","R","MIN","CIN","B",,,0,2,2026,"-1.38","0.87",0.9297968070662441,3.1395487406085936,,,,0,2,"Bot",,,,,,,8.411284716061958,-132.81436958706374,-1.0904458750375579,-18.141679152431514,30.34392827686943,-21.933751932296275,3.213861549,1.621948819,,,,"92",2396,"6.9",823718,663886,701398,680574,663647,682829,668715,670770,677956,"53.64",,,,,,,,14,3,"Sinker",1,0,1,0,0,1,1,0,"Infield shade","Standard",226,"0.002","0.024",,,,"-0.024",,1,1,0.648,0.648,29,23,30,24,1,0,5,1,6,2,"1.88","1.38","1.38","24.3",,,,,
"FS","2026-04-19","87.1","-2.35","6.69","Painter, Andrew",645277,691725,,"ball",,,,,11,,"R","L","R","PHI","ATL","B",,,1,2,2026,"-0.9","0.53",-0.6012933270930623,3.3488813068643637,,,663586,0,2,"Top",,,,,,,6.062416809684649,-126.82984727982836,-2.8011302469254606,-10.950689685402855,24.427031951455707,-26.12022596659314,2.984801509,1.506348425,,,,"87.8",1643,"6.6",823475,665561,547180,681082,664761,607208,669016,702222,666969,"53.93",,,,,,,,11,6,"Split-Finger",2,0,0,2,0,2,0,2,"Standard","Standard",205,"-0.006","0.036",,,,"-0.036",,2,-2,0.67,0.32999999999999996,23,29,23,29,1,0,7,1,5,1,"2.46","0.9","-0.9","50.2",,,,,
"FF","2026-04-19","98.8","-0.6","5.92","Taylor, Grant",687231,691799,,"ball",,,,,13,,"R","R","R","ATH","CWS","B",,,0,2,2026,"-0.06","1.49",-0.8930760002299284,2.29238894426313,,691016,,1,7,"Bot",,,,,,,-0.6524671029021907,-143.7219232561719,-7.815166998912817,-0.6639643395307323,35.63819135194116,-9.930100613370314,3.185777559,1.607775591,,,,"99.8",2342,"7",825018,700337,808959,805367,678246,695657,695020,682668,656537,"53.46",,,,,,,,57,6,"4-Seam Fastball",1,7,1,7,7,1,1,7,"Strategic","Standard",198,"0.001","0.015",,,,"-0.015",,-6,-6,0.019,0.019,24,24,24,25,1,2,3,3,4,6,"0.86","0.06","0.06","59.2",,,,,
"SL","2026-04-19","86.1","-0.48","5.94","Hoffmann, Andrew",664702,694851,"strikeout","called_strike",,,,,6,"Myles Straw challenged (pitch result), call on the field was confirmed: Myles Straw called out on strikes.","R","R","R","AZ","TOR","S",2,,1,2,2026,"0.45","-0.02",0.8124860318600156,2.174840842981942,,,,0,3,"Top",,,,,,,2.126977535467062,-125.39396036330092,-2.4648809553877653,4.34731774924861,24.428415141790758,-32.12826210915917,3.073441601,1.551082677,,,,"87.1",2375,"6.8",825100,543510,545121,606466,571448,699912,666971,677950,682998,"53.73",,0,"0",1,0,0,,26,4,"Slider",1,9,9,1,9,1,9,1,"Standard","Standard",95,"0.001","-0.189",,,,"0.189",,-8,8,0.025,0.975,26,31,26,32,1,1,6,1,6,1,"3.08","-0.45","-0.45","57.1",,,,,
"FF","2026-04-19","93","-0.57","6.02","Myers, Tobias",694208,668964,,"called_strike",,,,,9,,"R","L","R","CHC","NYM","S",,,1,1,2026,"-0.4","1.72",0.7418395562798364,1.5732730031629079,,,673548,1,2,"Bot",,,,,,,4.2558231705131675,-135.13361401911442,-9.23111349219397,-5.904181205996529,30.3052041685456,-9.322016911546486,3.040091864,1.534251969,,,,"93.5",2194,"6.7",824691,620443,668901,543760,666182,596019,701807,673357,683146,"53.8",,,,,,,,12,3,"4-Seam Fastball",0,0,0,0,0,0,0,0,"Infield shade","Standard",194,"-0.007","-0.056",,,,"0.056",,0,0,0.552,0.552,27,22,28,23,1,0,4,1,4,1,"0.93","0.4","-0.4","63.8",,,,,
"FF","2026-04-19","93.4","2.05","5.79","Rogers, Trevor",681807,669432,"strikeout","called_strike",,,,,7,"David Fry challenged (pitch result), call on the field was confirmed: David Fry called out on strikes.","R","R","L","CLE","BAL","S",2,,1,2,2026,"0.84","1.25",-0.5042805073681859,1.7032206571663449,,,,1,2,"Bot",,,,,,,-8.375507097260755,-135.72105177639452,-7.375428021637245,12.12015774793889,27.704584050652738,-15.241650142634803,3.242823163,1.636564961,,,,"93.8",2538,"6.5",824452,669087,624413,669236,642215,683002,621493,677942,671286,"54.03",,0,"0",1,0,0,,13,5,"4-Seam Fastball",0,0,0,0,0,0,0,0,"Standard","Standard",132,"-0.012","-0.18",,,,"0.18",,0,0,0.523,0.523,28,30,29,31,1,0,5,5,6,6,"1.35","0.84","-0.84","21.8",,,,,
"SI","2026-04-19","90.1","-1.36","5.36","Singer, Brady",665019,663903,,"ball",,,,,12,,"R","L","R","MIN","CIN","B",,,1,1,2026,"-1.48","0.67",0.5676521441120481,3.4253143391768037,,,663616,2,1,"Bot",,,,,,,7.971299514273717,-130.87678572760268,-0.030295871541732633,-18.724717750219888,30.00880631722058,-24.809696825937348,3.211228675,1.620620079,,,,"90.3",2427,"6.7",823718,663886,701398,680574,663647,682829,668715,670770,677956,"53.8",,,,,,,,9,3,"Sinker",1,0,1,0,0,1,1,0,"Infield shade","Standard",218,"0.003","0.054",,,,"-0.054",,1,1,0.622,0.622,29,30,30,30,1,0,5,1,6,2,"2.17","1.48","-1.48","21.8",,,,,
"FF","2026-04-19","95.4","1.93","5.65","Speier, Gabe",694671,642100,,"ball",,,,,13,,"R","R","L","SEA","TEX","B",,,0,0,2026,"0.45","1.21",-0.8530397709411485,1.9694199203212583,,607043,,2,8,"Top",,,,,,,-8.20916724639788,-138.60583755568675,-6.535522599864056,7.7047717393096535,31.28300648879755,-15.318648125602854,3.196309055,1.613090551,,,,"94.8",2232,"6",823150,641598,656582,702284,660844,641487,668227,677594,608701,"54.45",,,,,,,,61,1,"4-Seam Fastball",5,2,2,5,2,5,2,5,"Standard","Standard",141,"-0.002","0.019",,,,"-0.019",,3,-3,0.95,0.050000000000000044,31,24,31,25,1,3,1,1,2,2,"1.31","0.45","-0.45","31.2",,,,,
"CH","2026-04-19","82.9","1.36","6.28","Ragans, Cole",502671,666142,,"called_strike",,,,,7,,"R","R","L","NYY","KC","S",,,2,1,2026,"1.05","1.17",-0.49479805071849037,1.5889432691670808,,,641355,0,1,"Bot",,,,,,,-6.222900545322054,-120.38509451226236,-6.201358654146211,11.484460028739516,24.9705480180061,-19.805437656775265,3.30250164,1.666683071,,,,"82.1",2002,"6",823556,553869,686469,686681,672580,677951,686555,657041,516782,"54.49",,,,,,,,8,4,"Changeup",2,0,2,0,0,2,2,0,"Standard","Standard",124,"-0.007","-0.078",,,,"0.078",,2,2,0.761,0.761,28,38,29,39,1,0,5,4,6,3,"2.18","1.05","-1.05","43.7",,,,,
"FF","2026-04-19","89","0.31","6.52","Anderson, Jack",672761,681252,,"called_strike",,,,,8,,"R","L","R","BOS","DET","S",,,0,0,2026,"-0.4","1.54",0.2462060338712418,1.527443029562833,,,,0,8,"Top",,,,,,,0.6984517873183809,-129.37553078587632,-9.212421974316623,-4.618569604187759,26.568730609455628,-13.180559351686243,3.18226706,1.606003937,,,,"88.9",1970,"6.3",824777,665966,655316,691785,702332,596115,701350,678882,677800,"54.24",,,,,,,,60,1,"4-Seam Fastball",1,5,5,1,5,1,5,1,"Standard","Standard",192,"0.001","-0.039",,,,"0.039",,-4,4,0.036,0.964,26,26,27,27,1,3,5,1,2,1,"1.34","0.4","-0.4","66.7",,,,,
"SI","2026-04-19","95.4","1.43","6.38","Mayza, Tim",621566,641835,,"called_strike",,,,,9,,"R","L","L","PHI","ATL","S",,,0,1,2026,"1.34","0.83",0.35806992668147375,1.7190773513382154,671739,660670,686948,0,5,"Top",,,,,,,-5.919968435014238,-138.54487974482421,-8.301176292157388,18.622092573676046,32.4378323642826,-19.824985064071782,3.37183399,1.701673228,,,,"96.2",2298,"7",823475,665561,547180,681082,664761,607208,669016,702222,666969,"53.54",,,,,,,,37,2,"Sinker",2,1,1,2,1,2,1,2,"Standard","Standard",143,"0.022","-0.061",,,,"0.061",,1,-1,0.419,0.581,34,32,34,32,1,2,2,1,2,1,"1.7","1.34","1.34","43.1",,,,,
"ST","2026-04-19","83.7","-1.39","5.91","Armstrong, Shawn",683002,542888,,"called_strike",,,,,2,,"R","L","R","CLE","BAL","S",,,0,0,2026,"1.19","1.07",0.07308647054460626,3.3908846438568263,,,,2,9,"Top",,,,,,,0.9562996779519104,-121.81555212218858,-1.2899703345074502,11.51851739152513,26.29971735690475,-21.548005795636413,3.328830381,1.679970472,,,,"83.7",2564,"6.5",824452,595978,656555,682877,682177,677587,682657,680757,681807,"53.99",,,,,,,,75,1,"Sweeper",8,4,4,8,4,8,4,8,"Infield shade","Strategic",88,"0","-0.043",,,,"0.043",,4,-4,0.999,0.0010000000000000009,35,25,36,25,1,4,2,1,2,1,"2.21","-1.19","1.19","44.1",,,,,
"FC","2026-04-19","89.4","-1.15","5.73","Rodriguez, Carlos",682663,692230,,"called_strike",,,,,7,,"R","R","R","MIA","MIL","S",,,0,0,2026,"-0.05","0.75",-0.6557527454941333,1.6004221703278703,,,669065,0,7,"Bot",,,,,,,1.3183601789883186,-130.15467999298608,-5.534946479924652,-0.862749537857263,28.178105244339633,-22.643613730928177,3.256865158,1.643651575,,,,"89.5",2186,"6.4",823881,596142,641343,668930,650859,666152,675659,663604,682641,"54.09",,,,,,,,56,1,"Cutter",5,1,5,1,1,5,5,1,"Standard","Standard",196,"-0.001","-0.043",,,,"0.043",,4,4,0.975,0.975,24,24,25,25,1,3,,1,3,1,"2.1","0.05","0.05","41.0",,,,,
"SI","2026-04-19","92.7","2.7","5.43","Weathers, Ryan",672580,677960,,"ball",,,,,13,,"R","R","L","NYY","KC","B",,,2,1,2026,"1.44","1",-0.6587521900231577,1.2885585127764143,,,,0,1,"Top",,,,,,,-11.502691053601811,-134.31594071000188,-6.609875867621338,20.042077337141286,30.969229340562485,-18.734476464846814,3.262130906,1.646309055,,,,"91.2",2306,"5.8",823556,669224,502671,642708,641857,676609,641355,663757,592450,"54.74",,,,,,,,1,4,"Sinker",0,0,0,0,0,0,0,0,"Standard","Standard",128,"-0.01","0.134",,,,"-0.134",,0,0,0.496,0.504,26,26,27,26,1,0,5,1,6,1,"1.69","1.44","-1.44","30.8",,,,,
"SI","2026-04-19","90.1","1.98","5.69","Rogers, Taylor",667472,573124,,"called_strike",,,,,7,,"R","R","L","MIN","CIN","S",,,2,1,2026,"1.52","0.89",-0.6430096646557169,1.623178823055226,,668715,677956,1,7,"Top",,,,,,,-9.613262060209207,-130.77666087855317,-5.768605781582182,19.43341157449096,27.67416602225304,-20.854745578261497,3.213861549,1.621948819,,,,"89.4",2088,"6",823718,605170,665019,807712,656484,686797,663616,621439,681546,"54.5",,,,,,,,54,4,"Sinker",3,1,1,3,1,3,1,3,"Infield shade","Standard",129,"0.021","-0.063",,,,"0.063",,2,-2,0.734,0.266,35,30,36,30,1,0,5,1,3,2,"1.93","1.52","-1.52","29.4",,,,,
"FF","2026-04-19","93.6","1.7","5.97","Sabrowski, Erik",669236,681870,"walk","ball",,,,,11,"Jeremiah Jackson challenged (pitch result), call on the field was overturned: Jeremiah Jackson walks.","R","R","L","CLE","BAL","B",,,3,0,2026,"0.85","1.49",-0.15384913030670333,3.6339828377030985,,,,0,8,"Top",,,,,,,-6.66528764955786,-136.05690197642002,-3.4047360874282133,12.102013298336388,33.03915946640043,-13.175073527487797,3.175246063,1.60246063,,,,"93.5",2557,"6.5",824452,595978,656555,682877,682177,677587,682657,680757,681807,"53.96",,0.704857,"0.7",1,0,0,,62,4,"4-Seam Fastball",6,4,4,6,4,6,4,6,"Standard","Standard",147,"-0.028","0.171",,,,"-0.171",,2,-2,0.821,0.17900000000000005,28,26,29,26,1,3,2,1,3,1,"1.14","0.85","-0.85","45.0",,,,,
"FF","2026-04-19","95.7","-0.31","6.77","Fairbanks, Pete",650859,664126,"strikeout","called_strike",,,,,4,"Luis Rengifo challenged (pitch result), call on the field was confirmed: Luis Rengifo called out on strikes.","R","L","R","MIA","MIL","S",2,,0,2,2026,"-0.14","1.61",-0.7704153911071516,2.342305329802642,,,,0,9,"Top",,,,,,,-0.8758449049802152,-138.95760753652428,-9.382343935361575,-1.5755840114887798,35.22098433963223,-9.349406446722837,3.087483596,1.558169291,,,,"94.7",2438,"6.1",823881,689414,681393,669364,691594,672640,669065,805300,683357,"54.36",,0,"0",1,0,0,,70,3,"4-Seam Fastball",5,3,3,5,3,5,3,5,"Infield shade","Standard",201,"0.023","-0.165",,,,"0.165",,2,-2,0.94,0.06000000000000005,32,29,33,29,1,3,2,1,1,2,"0.91","0.14","-0.14","51.3",,,,,
"FC","2026-04-19","96.9","-0.13","6.56","Ashcraft, Graham",665019,668933,,"called_strike",,,,,1,,"R","L","R","MIN","CIN","S",,,2,0,2026,"-0.31","1.45",-0.5816915721977228,3.3153318973073844,,605170,,0,10,"Bot",,,,,,,-0.45799979905969035,-141.0652942176764,-6.201803161171127,-4.025214701130407,33.4536363763456,-11.644073547310624,3.211228675,1.620620079,,,,"95.7",2589,"5.6",823718,664731,668715,680574,701398,682829,666181,667472,677956,"54.86",,,,,,,,87,3,"Cutter",4,7,4,7,7,4,4,7,"Standard","Standard",202,"-0.019","-0.078",,,,"0.078",,-3,-3,0.129,0.129,28,30,28,30,1,4,2,1,5,2,"0.99","0.31","-0.31","53.5",,,,,
"SI","2026-04-19","93.5","1.68","6.28","Mayza, Tim",686948,641835,,"ball",,,,,13,,"R","L","L","PHI","ATL","B",,,1,0,2026,"1.27","0.65",-0.3003172372864824,1.4362278347351893,,671739,660670,0,5,"Top",,,,,,,-7.977069913476196,-135.81685900787178,-7.972600807516734,17.505047088214283,30.463268560133773,-22.468528442522135,3.205962927,1.617962598,,,,"94.2",2122,"6.9",823475,665561,547180,681082,664761,607208,669016,702222,666969,"53.64",,,,,,,,36,2,"Sinker",2,1,1,2,1,2,1,2,"Standard","Standard",142,"-0.02","0.076",,,,"-0.076",,1,-1,0.497,0.503,34,25,34,25,1,2,2,1,2,1,"1.97","1.27","1.27","39.1",,,,,
"CU","2026-04-19","75.4","-0.23","6.28","Thielbar, Caleb",668901,573204,,"ball",,,,,13,,"R","R","L","CHC","NYM","B",,,0,0,2026,"-0.42","-1.2",-0.36742973865611483,1.4770991192869287,,669004,,0,10,"Top",,,,,,,0.48275840114542984,-109.76555106587708,-0.31446389192581337,-3.4681113929164895,22.78549066279733,-41.95700010990621,3.340239501,1.685728347,,,,"74.6",2555,"6.1",824691,608348,683737,663538,608324,621020,624424,691718,673548,"54.44",,,,,,,,69,1,"Curveball",1,1,1,1,1,1,1,1,"Standard","Standard",328,"0.162","0.032",,,,"-0.032",,0,0,0.333,0.667,39,26,39,27,1,3,1,1,2,2,"5.27","-0.42","0.42","62.4",,,,,
"ST","2026-04-19","84.6","-1.48","5.87","Armstrong, Shawn",681297,542888,,"ball",,,,,13,,"R","L","R","CLE","BAL","B",,,0,0,2026,"1.21","0.73",-0.11967342712883289,1.499857813066475,,,,0,9,"Top",,,,,,,0.6672719397287096,-123.00368564741343,-4.977950405312546,12.00393871080648,27.892443243810913,-24.006602471506103,3.328830381,1.679970472,,,,"84.4",2575,"6.6",824452,595978,656555,682877,682177,677587,682657,680757,681807,"53.94",,,,,,,,73,1,"Sweeper",8,4,4,8,4,8,4,8,"Standard","Standard",87,"-0.002","0.041",,,,"-0.041",,4,-4,0.985,0.015000000000000013,35,26,36,26,1,0,2,1,2,1,"2.5","-1.21","1.21","44.5",,,,,
"FF","2026-04-19","91.7","1.06","5.94","Dreyer, Jack",678662,676263,,"called_strike",,,,,4,,"R","R","L","COL","LAD","S",,,0,0,2026,"0.5","1.19",-0.7187415600608197,2.588987109795184,,,671289,0,7,"Bot",,,,,,,-5.608737203182798,-133.5996776765264,-5.159199238186323,7.110411533752152,24.631564613461524,-17.025038845699278,3.219127297,1.624606299,,,,"93.2",2427,"6.8",824371,669257,669899,690976,571970,808975,669743,681624,663656,"53.72",,,,,,,,63,1,"4-Seam Fastball",6,4,6,4,4,6,6,4,"Standard","Standard",156,"-0.002","-0.043",,,,"0.043",,2,2,0.902,0.902,27,24,27,25,1,0,2,1,3,1,"1.49","0.5","-0.5","57.8",,,,,
"SI","2026-04-18","94.2","-1.54","5.42","Feltner, Ryan",606192,663372,,"ball",,,,,11,,"R","R","R","COL","LAD","B",,,1,0,2026,"-1.09","0.43",-0.5403838581273461,3.5090906992481554,518692,,,1,6,"Top",,,,,,,5.044919546566917,-137.21468602313274,-0.12342229673149663,-14.83327617872191,27.820620193763226,-26.900063399750856,3.199819554,1.614862205,,,,"95.2",2430,"6.6",824372,696100,687859,666397,691720,678662,687597,686668,666160,"53.88",,,,,,,,44,2,"Sinker",2,3,3,2,3,2,3,2,"Infield shade","Standard",203,"-0.003","0.037",,,,"-0.037",,-1,1,0.28,0.72,29,33,30,34,3,2,7,1,5,2,"2.12","1.09","1.09","43.4",,,,,
"FF","2026-04-18","93.9","-1.84","6.16","Cavalli, Cade",671218,676917,,"called_strike",,,,,8,,"R","R","R","WSH","SF","S",,,0,0,2026,"-0.39","1.33",-0.0037268828759484673,1.6633244545557715,,,,0,4,"Top",,,,,,,5.593727416702274,-136.54988004116183,-8.768534763205116,-6.009921354341776,26.897777559175893,-13.832464564973971,3.18402231,1.606889764,,,,"94.9",2286,"6.7",822751,686452,671277,683083,678391,682928,695734,696285,695578,"53.83",,,,,,,,33,1,"4-Seam Fastball",5,3,3,5,3,5,3,5,"Standard","Standard",207,"0.004","-0.039",,,,"0.039",,2,-2,0.729,0.271,27,26,28,27,2,1,5,1,5,1,"1.24","0.39","0.39","39.6",,,,,
"FS","2026-04-18","81.2","-2.09","6.07","Kremer, Dean",671655,665152,,"called_strike",,,,,7,,"R","L","R","CLE","BAL","S",,,0,0,2026,"-0.98","0.67",-0.5258361584765625,1.6681125437288862,,,,0,5,"Bot",,,,,,,5.3622214224810465,-118.11272690812316,-4.311936818855615,-10.165428349585513,21.5754642621576,-25.29836068761566,3.140141076,1.584744095,,,,"81.4",1322,"6.3",824451,694212,624413,669236,691723,683002,621493,665750,687637,"54.16",,,,,,,,34,1,"Split-Finger",0,1,0,1,1,0,0,1,"Standard","Standard",215,"-0.005","-0.039",,,,"0.039",,-1,-1,0.415,0.415,30,25,30,26,2,1,5,1,,2,"2.78","0.98","-0.98","44.2",,,,,
"CH","2026-04-18","83.9","2.17","6","Skubal, Tarik",678882,669373,,"ball",,,,,12,,"R","R","L","BOS","DET","B",,,0,0,2026,"1.25","0.48",1.1446524382441081,2.7724334162781954,,,677800,0,5,"Bot",,,,,,,-4.854644824620226,-122.12581192293831,-1.7928137121187429,13.473108502101182,25.70151401132196,-27.214467554983248,3.110301837,1.569685039,,,,"83.8",1555,"6.3",824775,668670,679529,650402,805808,595879,682985,672761,681481,"54.16",,,,,,,,39,1,"Changeup",0,4,0,4,4,0,0,4,"Standard","Standard",127,"0.006","0.04",,,,"-0.04",,-4,-4,0.157,0.157,29,25,30,26,2,1,6,1,5,1,"2.77","1.25","-1.25","42.4",,,,,
"SI","2026-04-18","96.6","-2.38","5.6","Skenes, Paul",641584,694973,"strikeout","called_strike",,,,,6,"Jake Fraley challenged (pitch result), call on the field was confirmed: Jake Fraley called out on strikes.","R","L","R","PIT","TB","S",2,,0,2,2026,"-1.35","0.58",0.7114688308732675,2.534551868561417,,,,0,4,"Top",,,,,,,11.301011624181706,-140.32944112136192,-3.7846863065104577,-20.29238505778018,28.340771280125573,-23.859028740089865,3.169980315,1.59980315,,,,"97.3",2185,"6.6",823394,680779,687462,664040,694377,804606,668804,665833,656811,"53.94",,0,"0",1,0,0,,25,3,"Sinker",2,0,0,2,0,2,0,2,"Strategic","Standard",237,"0.016","-0.165",,,,"0.165",,2,-2,0.74,0.26,24,31,24,31,2,1,5,1,6,2,"1.85","1.35","-1.35","26.9",,,,,
"SI","2026-04-18","97.4","-1.96","5.84","Alcantara, Sandy",641343,645261,,"called_strike",,,,,3,,"R","L","R","MIA","MIL","S",,,0,1,2026,"-1.59","0.97",0.7770547318460406,2.973303988770601,,,,0,4,"Top",,,,,,,10.88573585178473,-141.32922800503843,-4.154370438593583,-23.884728171111497,34.2580428123178,-18.40613455366558,3.217372047,1.623720472,,,,"96.5",2356,"6.1",823882,689414,681393,669364,691594,672640,681715,805300,683357,"54.44",,,,,,,,26,2,"Sinker",1,0,0,1,0,1,0,1,"Standard","Standard",236,"0.008","-0.055",,,,"0.055",,1,-1,0.627,0.373,30,30,31,31,2,1,6,1,6,1,"1.46","1.59","-1.59","31.2",,,,,
"SI","2026-04-18","95.5","1.99","6.12","Sánchez, Cristopher",621566,650911,,"ball",,,,,13,,"R","L","L","PHI","ATL","B",,,1,0,2026,"1.61","0.15",-0.39000352276405015,1.5510618956699036,,686948,645277,2,3,"Top",,,,,,,-9.989621622524565,-138.6598395982287,-6.563352427408316,22.962784859614427,30.39266544790212,-28.924260768132548,3.37183399,1.701673228,,,,"96.7",2127,"7",823474,592663,547180,624641,664761,607208,694025,669016,666969,"53.47",,,,,,,,22,2,"Sinker",1,0,0,1,0,1,0,1,"Standard","Standard",117,"-0.007","0.029",,,,"-0.029",,1,-1,0.614,0.386,29,32,30,32,2,1,5,1,5,1,"2.36","1.61","1.61","33.5",,,,,
"SI","2026-04-18","95.5","1.8","6.16","Sánchez, Cristopher",660670,650911,,"ball",,,,,13,,"R","R","L","PHI","ATL","B",,,1,2,2026,"1.64","0.28",-0.8685001416808984,2.0914106838406825,,,,1,3,"Top",,,,,,,-10.794822248807705,-138.63704780276208,-5.493520253405126,23.641847249212514,31.928861745740328,-27.40546309584899,3.200697179,1.615305118,,,,"96.1",1974,"6.9",823474,592663,547180,624641,664761,607208,694025,669016,666969,"53.64",,,,,,,,19,4,"Sinker",1,0,0,1,0,1,0,1,"Infield shade","Standard",117,"-0.003","0.048",,,,"-0.048",,1,-1,0.644,0.356,29,28,30,29,2,1,5,1,5,1,"2.23","1.64","-1.64","32.2",,,,,
"FF","2026-04-18","98.2","-2.64","5.52","Skenes, Paul",670764,694973,"strikeout","called_strike",,,,,8,"Taylor Walls challenged (pitch result), call on the field was confirmed: Taylor Walls called out on strikes.","R","L","R","PIT","TB","S",2,,3,2,2026,"-0.89","1.05",-0.012904719839013756,1.4483134924324617,641584,656775,676439,1,2,"Top",,,,,,,9.17388326042128,-142.47576010150215,-7.7856789962588095,-14.289995004647626,34.375887791188546,-16.223899399556604,3.055889108,1.542224409,,,,"98.6",2409,"6.8",823394,680779,687462,664040,694377,804606,668804,665833,656811,"53.72",,0,"0",1,0,0,,14,6,"4-Seam Fastball",2,0,0,2,0,2,0,2,"Standard","Standard",241,"0.095","-0.342",,,,"0.342",,2,-2,0.574,0.42600000000000005,24,29,24,30,1,0,5,2,6,1,"1.34","0.89","-0.89","23.8",,,,,
"FC","2026-04-18","91.3","-1.43","5.88","Woodruff, Brandon",669364,605540,,"called_strike",,,,,1,,"R","L","R","MIA","MIL","S",,,1,1,2026,"-0.02","1.35",-0.5112931832838247,3.1538772191884927,,,691594,1,3,"Bot",,,,,,,2.3286009425589804,-132.91623284817842,-3.7047835550913257,-0.7732883710792725,31.202717374794045,-15.692399584008404,3.055011483,1.541781496,,,,"91.2",2363,"6.4",823882,661388,641343,668930,650859,687401,663604,669003,686217,"54.07",,,,,,,,24,3,"Cutter",1,0,1,0,0,1,1,0,"Standard","Standard",199,"-0.007","-0.056",,,,"0.056",,1,1,0.67,0.67,33,26,33,27,2,1,6,1,6,1,"1.41","0.02","-0.02","39.4",,,,,
"SI","2026-04-18","95.7","1.79","6.13","Sánchez, Cristopher",622761,650911,,"ball",,,,,13,,"R","R","L","PHI","ATL","B",,,2,2,2026,"1.51","0.13",-0.8680486758947137,1.8864101859983968,,,,0,3,"Top",,,,,,,-10.450868893498253,-138.77262247387222,-5.575503313928484,21.86800433846001,33.545958619515915,-29.370818153490337,3.198064305,1.613976378,,,,"96",2177,"6.8",823474,592663,547180,624641,664761,607208,694025,669016,666969,"53.68",,,,,,,,18,5,"Sinker",1,0,0,1,0,1,0,1,"Standard","Standard",121,"-0.01","0.112",,,,"-0.112",,1,-1,0.616,0.384,29,31,30,31,1,0,5,5,5,2,"2.4","1.51","-1.51","32.6",,,,,
"SL","2026-04-18","85.7","-1.22","6.36","Adam, Jason",694384,592094,,"ball",,,,,11,,"R","L","R","LAA","SD","B",,,1,2,2026,"0.2","0.11",-0.8819980679296815,3.2371599116005165,,681351,624428,2,8,"Bot",,,,,,,0.3747032192025367,-124.87025219870844,-1.1476415460738592,2.067882013967981,25.191229560656776,-31.01141763501003,3.290214895,1.660482283,,,,"86.4",2470,"6.6",824049,666023,657757,630105,592518,593428,657656,701538,665487,"53.86",,,,,,,,62,4,"Slider",0,2,0,2,2,0,0,2,"Standard","Standard",309,"0.013","0.012",,,,"-0.012",,-2,-2,0.138,0.138,34,24,35,24,1,3,2,1,3,1,"2.99","-0.2","0.2","35.4",,,,,
"SI","2026-04-18","92.1","-3.33","5.4","Warren, Will",695600,701542,,"ball",,,,,14,,"R","L","R","NYY","KC","B",,,1,1,2026,"-1.14","0.23",0.20018074455010537,1.38985512507473,,,,0,2,"Top",,,,,,,11.37342425914018,-133.43474575664567,-4.448244383503926,-16.39751109377586,34.21696917727666,-28.570116443571834,3.191043307,1.610433071,,,,"91.3",2383,"6.5",823558,641555,700250,665862,642708,676609,545341,641355,592450,"54.03",,,,,,,,9,3,"Sinker",0,0,0,0,0,0,0,0,"Standard","Standard",243,"-0.005","0.055",,,,"-0.055",,0,0,0.501,0.499,27,22,27,23,1,0,5,1,6,2,"2.53","1.14","-1.14","23.7",,,,,
"FF","2026-04-18","97.6","1.24","5.62","Pérez, Cionel",669477,672335,,"called_strike",,,,,6,,"R","R","L","WSH","SF","S",,,0,0,2026,"0.65","1.01",0.7999388766224185,2.201240246686233,,,646240,1,12,"Top",,,,,,,-2.6719198603368945,-142.22746036168735,-5.909904839323465,9.505472338395842,26.854652415638576,-17.392494303270794,3.196309055,1.613090551,,,,"97.7",2079,"5.9",822751,686452,678554,683083,678391,682928,695734,696285,695578,"54.6",,,,,,,,98,1,"4-Seam Fastball",6,7,7,6,7,6,7,6,"Standard","Standard",145,"0.205","-0.04",,,,"0.04",,-1,1,0.164,0.836,30,27,30,27,1,5,2,1,3,1,"1.35","0.65","-0.65","33.2",,,,,
"SI","2026-04-18","94.5","-1.85","5.64","Rasmussen, Drew",542303,656876,,"called_strike",,,,,9,,"R","R","R","PIT","TB","S",,,0,0,2026,"-1.01","0.86",0.43968566125086794,1.6188018131196058,,,,2,1,"Bot",,,,,,,8.221020543769558,-137.21999046339016,-6.469291242562975,-14.63372428848558,31.99243746276787,-20.06313481107857,3.255987533,1.643208661,,,,"94.7",2463,"6.7",823394,676439,666018,680700,691406,670764,802415,656775,641584,"53.83",,,,,,,,9,1,"Sinker",2,0,2,0,0,2,2,0,"Infield shade","Standard",217,"-0.001","-0.043",,,,"0.043",,2,2,0.705,0.705,30,35,31,36,1,0,6,1,6,1,"1.72","1.01","1.01","51.8",,,,,
"FF","2026-04-18","95.4","-2.38","5.39","Perkins, Jack",805367,678022,,"called_strike",,,,,3,,"R","R","R","ATH","CWS","S",,,3,1,2026,"-0.57","1.32",0.779152926378967,2.7857360969450706,,803011,,0,10,"Top",,,,,,,9.505063557183137,-138.54871320983648,-4.030197510448533,-9.514256721604083,31.230686926022077,-14.413315577969541,3.068175853,1.548425197,,,,"95.2",2270,"6.3",825020,642851,701762,680869,691777,805779,691016,672016,671732,"54.18",,,,,,,,88,5,"4-Seam Fastball",6,6,6,6,6,6,6,6,"Standard","Standard",224,"0.012","-0.095",,,,"0.095",,0,0,0.48,0.52,26,24,27,25,1,4,2,1,3,1,"1.19","0.57","0.57","35.1",,,,,
"FF","2026-04-18","95.2","-3.54","5.22","Warren, Will",686469,701542,,"ball",,,,,14,,"R","L","R","NYY","KC","B",,,2,1,2026,"-0.94","1.33",0.37536973310358923,1.5760086469583536,,672580,,1,1,"Top",,,,,,,12.385726586101292,-137.9083432763645,-6.7019331505076085,-14.883957294871593,32.040659753041055,-13.853590172620693,3.363057743,1.697244095,,,,"95.7",2562,"6.9",823558,641555,700250,665862,642708,676609,545341,641355,592450,"53.59",,,,,,,,3,4,"4-Seam Fastball",0,0,0,0,0,0,0,0,"Infield shade","Standard",227,"-0.006","0.071",,,,"-0.071",,0,0,0.479,0.521,27,28,27,29,1,0,5,1,6,1,"1.22","0.94","-0.94","23.0",,,,,
"SI","2026-04-18","91.9","-1.58","3.66","Kelly, Kevin",542303,687330,"strikeout","called_strike",,,,,6,"Marcell Ozuna challenged (pitch result), call on the field was confirmed: Marcell Ozuna called out on strikes.","R","R","R","PIT","TB","S",2,,2,2,2026,"-1.49","-0.11",0.7685206674293816,2.160204193270915,665833,668804,663968,1,10,"Bot",,,,,,,9.276892808010395,-133.446334980483,2.52130984854868,-19.784701084896096,28.932570069272646,-34.25748078169494,3.255987533,1.643208661,,,,"93",2176,"7.1",823394,663743,668723,810938,691406,670764,802415,656775,676356,"53.41",,0,"0",1,0,0,,85,6,"Sinker",5,5,5,5,5,5,5,5,"Standard","Strategic",257,"-0.146","-0.273",,,,"0.273",,0,0,0.811,0.811,28,35,29,36,1,4,2,1,4,1,"2.82","1.49","1.49","0.1",,,,,
"FF","2026-04-18","93.8","-2.47","5.17","Santillan, Tony",807712,663574,,"called_strike",,,,,7,,"R","R","R","MIN","CIN","S",,,1,1,2026,"-1.18","1.09",-0.39526670458272006,1.9788673773567305,,,,1,9,"Bot",,,,,,,7.9064120653195165,-136.3343497142807,-4.742248120967345,-16.45375891545085,30.116037911816292,-17.650804679770456,3.213861549,1.621948819,,,,"93.3",2348,"6.1",823721,663886,668715,680574,701398,682829,670770,667472,677956,"54.41",,,,,,,,81,3,"4-Seam Fastball",4,5,4,5,5,4,4,5,"Standard","Standard",239,"-0.017","-0.064",,,,"0.064",,-1,-1,0.112,0.112,29,23,29,24,1,4,1,1,4,1,"1.5","1.18","1.18","20.8",,,,,
"FC","2026-04-18","91.3","-1.51","5.64","Leiter Jr., Mark",808959,643410,,"ball",,,,,14,,"R","L","R","ATH","CWS","B",,,2,0,2026,"-0.06","1.04",0.20932709296290208,1.4636051996456103,,,,1,9,"Top",,,,,,,4.40154996871126,-132.86591352261829,-6.700531987611064,-1.5950323492712097,26.565225014622552,-18.676165868601913,3.296358268,1.663582677,,,,"91.7",2090,"6.4",825020,642851,701762,680869,691777,805779,691016,672016,671732,"54.1",,,,,,,,78,3,"Cutter",6,6,6,6,6,6,6,6,"Infield shade","Standard",213,"-0.018","0.143",,,,"-0.143",,0,0,0.541,0.45899999999999996,35,26,35,26,1,4,3,1,2,1,"1.68","0.06","-0.06","41.7",,,,,
"FF","2026-04-18","91.7","1.17","5.69","Morán, Jovani",682985,663558,"walk","ball",,,,,14,"Riley Greene challenged (pitch result), call on the field was overturned: Riley Greene walks.","R","L","L","BOS","DET","B",,,3,0,2026,"0.58","1.45",0.2903106532488128,1.534426710546129,,,,1,5,"Top",,,,,,,-3.5166544317944495,-133.39253787185592,-7.654656630128472,7.738853014083644,28.77131060432687,-13.355908620163964,3.303379265,1.667125984,,,,"92.3",2315,"6.7",824775,657136,575929,643396,702332,655316,701350,678882,677800,"53.82",,0.704857,"0.7",1,0,0,,35,4,"4-Seam Fastball",0,4,4,0,4,0,4,0,"Strategic","Standard",169,"-0.004","0.164",,,,"-0.164",,-4,4,0.107,0.893,29,25,29,26,1,2,5,1,2,1,"1.26","0.58","0.58","46.9",,,,,
"SI","2026-04-18","91.3","-1.17","5.68","Leiter Jr., Mark",808959,643410,,"ball",,,,,13,,"R","L","R","ATH","CWS","B",,,1,0,2026,"-1.42","0.9",-0.2141364003487245,1.4477869677507962,,,,1,9,"Top",,,,,,,5.516928326338001,-132.703387689265,-6.488186297476646,-17.991786528772067,29.50783767793039,-20.308429186434395,3.296358268,1.663582677,,,,"91.6",2069,"6.6",825020,642851,701762,680869,691777,805779,691016,672016,671732,"53.86",,,,,,,,78,2,"Sinker",6,6,6,6,6,6,6,6,"Infield shade","Standard",218,"-0.011","0.071",,,,"-0.071",,0,0,0.552,0.44799999999999995,35,26,35,26,1,4,3,1,2,1,"1.85","1.42","-1.42","43.9",,,,,
"FF","2026-04-18","94.7","-1.09","5.36","Sheehan, Emmet",666397,686218,,"ball",,,,,11,,"R","L","R","COL","LAD","B",,,1,0,2026,"-0.84","1.16",-0.3343103619370382,3.422779291667034,,,,0,1,"Bot",,,,,,,3.887504326699645,-137.99050531036303,-1.9755230248368947,-11.617118037953981,25.78771473890936,-16.94944778843777,3.234924541,1.63257874,,,,"96.1",2325,"6.7",824372,687221,518692,690976,571970,500743,606192,681624,663656,"53.85",,,,,,,,6,2,"4-Seam Fastball",0,2,0,2,2,0,0,2,"Standard","Standard",212,"0.007","0.077",,,,"-0.077",,-2,-2,0.356,0.356,26,27,27,27,1,0,7,1,6,1,"1.34","0.84","-0.84","32.7",,,,,
"CU","2026-04-17","78.5","-0.12","6.46","Civale, Aaron",678246,650644,,"ball",,,,,14,,"R","R","R","ATH","CWS","B",,,0,1,2026,"0.97","-1.1",1.1045379887141977,2.127085694945512,682668,808959,,1,4,"Top",,,,,,,0.7696934286240151,-114.24306848864937,-0.14021324214695152,8.254386050159757,24.103967684434053,-41.941328913105565,3.290214895,1.660482283,,,,"76.9",2946,"5.4",825019,669127,701762,643446,691777,805779,666126,672016,671732,"55.06",,,,,,,,30,2,"Curveball",0,3,3,0,3,0,3,0,"Strategic","Standard",47,"-0.005","0.015",,,,"-0.015",,-3,3,0.143,0.857,31,26,31,27,3,2,5,1,5,1,"4.85","-0.97","-0.97","49.6",,,,,
"FF","2026-04-17","93.9","-2.32","6.42","Wacha, Michael",641355,608379,,"ball",,,,,11,,"R","L","R","NYY","KC","B",,,0,2,2026,"-0.66","1.6",-0.8695497685641921,2.7466271006738854,676609,,592450,2,5,"Bot",,,,,,,5.211974826421441,-136.36938453909661,-7.084760305969384,-9.421393706527926,34.43547692865591,-10.876382565847651,3.344627625,1.687942913,,,,"93.7",2223,"6.6",823559,521692,686469,686681,672580,677951,657041,664728,695506,"53.85",,,,,,,,38,3,"4-Seam Fastball",2,0,2,0,0,2,2,0,"Standard","Standard",205,"0.003","0.007",,,,"-0.007",,2,2,0.799,0.799,34,30,35,31,3,2,6,1,5,1,"1.03","0.66","-0.66","49.8",,,,,
"SL","2026-04-17","89.2","-1.45","5.8","deGrom, Jacob",670042,594798,,"ball",,,,,14,,"R","L","R","SEA","TEX","B",,,1,0,2026,"0.48","0.25",0.06791130991283145,1.4937776279531256,,,,0,4,"Bot",,,,,,,2.6721875371738726,-130.0031167447709,-4.958776863744578,4.9331716778757855,24.54075462970381,-28.53554811410564,3.340239501,1.685728347,,,,"89.8",2630,"6.4",823152,643376,669394,669701,673962,608369,694671,694497,607043,"54.14",,,,,,,,34,2,"Slider",0,2,0,2,2,0,0,2,"Infield shade","Standard",141,"0.009","0.077",,,,"-0.077",,-2,-2,0.316,0.316,38,31,38,32,2,1,5,1,6,1,"2.58","-0.48","0.48","34.9",,,,,
"SI","2026-04-17","91.8","-1.55","6.54","Walker, Taijuan",660670,592836,,"called_strike",,,,,8,,"R","R","R","PHI","ATL","S",,,0,0,2026,"-1.41","1.05",0.22054771761953207,1.5696591059607616,,,643289,2,3,"Top",,,,,,,7.503824764578436,-133.29984901213263,-8.731450762780238,-18.461322548634346,28.734438871837973,-17.87761852054564,3.200697179,1.615305118,,,,"91.4",1848,"6.2",823476,592663,547180,624641,664761,607208,805249,702222,666969,"54.31",,,,,,,,29,1,"Sinker",0,7,7,0,7,0,7,0,"Standard","Standard",217,"0","-0.042",,,,"0.042",,-7,7,0.042,0.958,33,28,34,29,3,2,6,2,5,1,"1.66","1.41","1.41","48.4",,,,,
"FF","2026-04-17","96.7","-1.7","6.1","Schlittler, Cam",672580,693645,,"ball",,,,,11,,"R","R","R","NYY","KC","B",,,0,0,2026,"-0.59","1.65",-0.17612721960760658,3.4956720558621206,,,,1,6,"Top",,,,,,,5.4149999893680825,-140.48989782246124,-4.9434285946493,-9.136128181574618,37.67044431948383,-9.592681826304865,3.262130906,1.646309055,,,,"96.6",2523,"6.7",823559,669224,700250,665862,642708,676609,641355,663757,592450,"53.77",,,,,,,,40,1,"4-Seam Fastball",2,0,0,2,0,2,0,2,"Standard","Standard",209,"-0.004","0.039",,,,"-0.039",,2,-2,0.81,0.18999999999999995,25,26,25,26,3,2,5,1,6,1,"0.84","0.59","0.59","42.6",,,,,
"SI","2026-04-17","93.8","-1.97","5.65","Leahy, Kyle",543877,681517,"strikeout","called_strike",,,,,2,"Christian Vázquez challenged (pitch result), call on the field was confirmed: Christian Vázquez called out on strikes.","R","R","R","HOU","STL","S",2,,1,2,2026,"-1.18","1.37",0.2203688438736071,3.0447621809558987,572233,701358,666211,1,4,"Bot",,,,,,,8.39422599162556,-136.27650382380355,-3.87801880412354,-16.57486283600082,32.75276025293929,-14.54452287494233,3.036581365,1.532480315,,,,"95.1",2238,"7.3",824207,686780,676475,802139,669357,691026,701675,687363,691023,"53.18",,0,"0",1,0,0,,38,4,"Sinker",2,4,2,4,4,2,2,4,"Standard","Standard",214,"-0.069","-0.223",,,,"0.223",,-2,-2,0.416,0.416,29,35,29,36,2,1,6,3,5,1,"1.25","1.18","1.18","43.2",,,,,
"FF","2026-04-17","98.6","-2.66","5.44","Soriano, José",657757,667755,"strikeout","called_strike",,,,,7,"Gavin Sheets challenged (pitch result), call on the field was confirmed: Gavin Sheets called out on strikes.","R","L","R","LAA","SD","S",2,,3,2,2026,"-1.32","1.03",-0.7655103330479938,1.6114546539509325,,,,2,4,"Top",,,,,,,8.299892872742097,-143.11470855863323,-7.1649659646658375,-20.14870110620743,35.64046580801547,-16.479066326617,3.350770997,1.691043307,,,,"99.2",2371,"7",824048,681351,694384,672724,660162,687263,624428,545361,666139,"53.54",,0,"0",1,0,0,,31,6,"4-Seam Fastball",3,0,0,3,0,3,0,3,"Standard","Standard",250,"0.011","-0.328",,,,"0.328",,3,-3,0.849,0.15100000000000002,27,30,28,30,2,1,5,1,5,1,"1.34","1.32","-1.32","27.9",,,,,
"FC","2026-04-17","88.5","1.04","6.45","Williamson, Brandon",807712,682227,"strikeout","called_strike",,,,,7,"Luke Keaschall challenged (pitch result), call on the field was confirmed: Luke Keaschall called out on strikes.","R","R","L","MIN","CIN","S",2,,2,2,2026,"-0.32","0.46",-0.8076459391564549,1.630951706520333,670242,621439,668885,2,3,"Bot",,,,,,,-3.7470448602790807,-128.8654463324106,-6.446053557819199,-2.9023888522176375,24.249244478241494,-25.934459482678935,3.213861549,1.621948819,,,,"88.4",2584,"6",823720,663886,701398,680574,553993,682829,668715,670770,666181,"54.5",,0,"0",1,0,0,,22,7,"Cutter",0,0,0,0,0,0,0,0,"Standard","Standard",174,"-0.07","-0.236",,,,"0.236",,0,0,0.57,0.57,28,23,28,24,2,1,6,2,5,1,"2.42","-0.32","0.32","39.6",,,,,
"FC","2026-04-17","89.7","-1.93","5.87","Martinez, Nick",668804,607259,,"called_strike",,,,,4,,"R","L","R","PIT","TB","S",,,3,1,2026,"-0.04","0.7",-0.7204913504692453,2.547712691606689,,,664040,1,3,"Bot",,,,,,,3.0258437701662664,-130.74071129456732,-3.6094890694535584,-1.0432789838736984,24.379128898059,-23.536938544346647,3.284071522,1.65738189,,,,"89.6",2410,"5.9",823397,663743,666018,680700,691406,810938,802415,656775,641584,"54.62",,,,,,,,22,5,"Cutter",1,0,1,0,0,1,1,0,"Infield shade","Standard",196,"-0.008","-0.085",,,,"0.085",,1,1,0.684,0.684,35,31,36,31,2,1,6,1,5,1,"2.09","0.04","-0.04","49.6",,,,,
"FF","2026-04-17","97.6","-0.92","5.94","Chandler, Bubba",691406,696149,,"called_strike",,,,,6,,"R","R","R","PIT","TB","S",,,1,1,2026,"-0.59","1.57",0.5047252676939816,2.681560889344408,,,,0,4,"Top",,,,,,,5.170217627381836,-141.9262707298419,-6.73008228218162,-9.170935533952948,32.50679322136278,-9.582034681479945,3.243700787,1.637007874,,,,"97.9",2450,"6.5",823397,680779,687462,664040,693304,804606,668804,665833,656811,"54.02",,,,,,,,25,3,"4-Seam Fastball",1,0,0,1,0,1,0,1,"Standard","Standard",207,"0.008","-0.061",,,,"0.061",,1,-1,0.624,0.376,23,22,24,23,2,1,5,1,6,1,"0.82","0.59","0.59","50.4",,,,,
"FF","2026-04-17","94.2","1.03","5.81","Suarez, José",664761,660761,,"called_strike",,,,,3,,"R","R","L","PHI","ATL","S",,,0,1,2026,"0.78","1.52",0.5807404931522311,3.1531629404020203,,,592663,2,8,"Bot",,,,,,,-2.8982510029255693,-137.0552660095979,-4.3550230328080515,10.40651386037622,33.1695766723737,-12.378605962756811,3.406938976,1.719389764,,,,"93.4",2413,"6.1",823476,686948,621566,645277,663586,643289,642201,671739,660670,"54.45",,,,,,,,73,2,"4-Seam Fastball",0,8,0,8,8,0,0,8,"Standard","Standard",145,"0","-0.055",,,,"0.055",,-8,-8,0.001,0.001,28,29,28,30,1,3,4,2,4,1,"1.07","0.78","-0.78","46.1",,,,,
"SL","2026-04-17","86.5","2.28","5.96","Dreyer, Jack",681198,676263,,"called_strike",,,,,1,,"R","L","L","COL","LAD","S",,,1,1,2026,"-0.15","0.3",-0.5005298954166979,3.471263370297741,,,666160,1,9,"Bot",,,,,,,-6.276916466532551,-125.9608841335814,-0.27548796273631126,-0.5320432856665422,20.920880048951616,-29.058343877669518,3.422736221,1.727362205,,,,"87.7",2175,"6.6",824373,669257,518692,690976,669289,808975,606192,681624,663656,"53.9",,,,,,,,72,3,"Slider",1,7,1,7,7,1,1,7,"Infield shade","Standard",164,"-0.001","-0.056",,,,"0.056",,-6,-6,0.003,0.003,27,26,27,26,1,3,5,1,2,1,"2.7","-0.15","-0.15","60.2",,,,,
"SI","2026-04-17","95.3","0.16","6.18","Peralta, Wandy",681351,593974,"strikeout","called_strike",,,,,7,"Logan O'Hoppe challenged (pitch result), call on the field was confirmed: Logan O'Hoppe called out on strikes.","R","R","L","LAA","SD","S",2,,1,2,2026,"1.22","0.85",-0.7364722658470515,1.9402595085807885,,672724,666139,1,6,"Bot",,,,,,,-5.037028323515029,-138.5985180695346,-7.1041628171101685,16.84012106523431,31.07152032404059,-19.847009280328404,3.29109252,1.660925197,,,,"94.2",2055,"5.7",824048,669134,664034,630105,592518,593428,657757,701538,665487,"54.81",,0,"0",1,0,0,,59,4,"Sinker",8,0,8,0,0,8,8,0,"Standard","Standard",129,"-0.001","-0.174",,,,"0.174",,8,8,0.997,0.997,34,26,35,26,1,3,2,2,5,1,"1.67","1.22","-1.22","46.9",,,,,
"SI","2026-04-17","96.5","-0.94","5.99","Phillips, Tyler",596142,663969,,"called_strike",,,,,7,,"R","R","R","MIA","MIL","S",,,2,1,2026,"-1.81","0.83",-0.7324086797053118,1.9657039177405067,,661388,668930,2,7,"Top",,,,,,,4.747668647089762,-140.23635423547267,-6.742056369925793,-24.80022321347735,36.14192944236341,-19.79934299744056,3.311277887,1.671112205,,,,"96",2026,"6.4",823883,682663,681393,669364,688363,672640,691594,805300,683357,"54.1",,,,,,,,55,4,"Sinker",3,4,4,3,4,3,4,3,"Standard","Standard",225,"0.01","-0.08",,,,"0.08",,-1,1,0.312,0.688,28,33,29,34,1,3,5,1,4,1,"1.65","1.81","1.81","31.8",,,,,
"FF","2026-04-17","97.4","-0.9","5.76","Chandler, Bubba",641584,696149,,"ball",,,,,14,,"R","L","R","PIT","TB","B",,,0,1,2026,"-0.54","1.47",0.5071735851591374,1.435982062741562,,,,1,2,"Top",,,,,,,5.03418684235404,-141.544632393299,-9.319636264160774,-8.454995817223645,32.34327728019861,-10.4251176844951,3.169980315,1.59980315,,,,"97.9",2413,"6.6",823397,680779,687462,664040,693304,804606,668804,665833,656811,"53.86",,,,,,,,9,2,"4-Seam Fastball",0,0,0,0,0,0,0,0,"Standard","Standard",211,"-0.002","0.029",,,,"-0.029",,0,0,0.526,0.474,23,31,24,31,1,0,5,1,6,1,"0.94","0.54","-0.54","52.2",,,,,
"FF","2026-04-17","95.3","1.24","5.84","Sabrowski, Erik",665750,681870,"walk","ball",,,,,13,"Leody Taveras challenged (pitch result), call on the field was overturned: Leody Taveras walks. Pete Alonso to 3rd. Dylan Beavers to 2nd.","R","R","L","CLE","BAL","B",,,3,2,2026,"0.78","1.52",-0.2595701056560257,1.4357507885025773,,624413,687637,1,8,"Top",,,,,,,-5.720931509492524,-138.31472143395848,-9.172982683069726,11.320399620854872,33.035018171194466,-10.773214856952558,3.286704396,1.65871063,,,,"95.9",2356,"7",824454,666310,656555,682877,608070,682177,682657,680757,800050,"53.54",,0.704857,"0.7",1,0,0,,67,7,"4-Seam Fastball",4,1,1,4,1,4,1,4,"Standard","Standard",143,"-0.071","0.287",,,,"-0.287",,3,-3,0.861,0.139,28,27,29,28,1,3,3,1,2,1,"1.02","0.78","-0.78","43.8",,,,,
"SL","2026-04-17","84.9","0.9","6.41","Gage, Matt",691781,657424,,"ball",,,,,13,,"R","R","L","WSH","SF","B",,,2,1,2026,"-0.31","-0.01",-0.5818091406268783,1.2103470505806198,,,,0,7,"Bot",,,,,,,-2.8010356636269838,-123.72374936161604,-5.656776542031434,-2.736755714494761,21.937310806328412,-31.50166546009183,3.370956365,1.701230315,,,,"85.7",2410,"6.5",822752,691740,646240,650333,656305,642715,671218,687551,808982,"54.03",,,,,,,,63,4,"Slider",5,9,5,9,9,5,5,9,"Infield shade","Standard",259,"0.011","0.134",,,,"-0.134",,-4,-4,0.074,0.074,33,23,33,23,1,3,5,1,1,1,"3.14","-0.31","0.31","48.1",,,,,
"SI","2026-04-17","93.8","-2","5.86","Bazardo, Eduard",669701,660825,,"called_strike",,,,,3,,"R","L","R","SEA","TEX","S",,,1,1,2026,"-1.28","0.63",0.512592259162377,3.1149004531261637,592626,673962,,1,6,"Top",,,,,,,9.184438071664704,-136.38816234203563,-2.601431115647144,-17.936066941120846,28.547955389322972,-23.92670258534477,3.068175853,1.548425197,,,,"93",1978,"5.8",823152,663728,647304,702284,660844,641487,668227,677594,670042,"54.74",,,,,,,,48,3,"Sinker",0,2,2,0,2,0,2,0,"Strategic","Standard",217,"0.015","-0.094",,,,"0.094",,-2,2,0.159,0.841,30,28,31,29,1,2,2,1,1,1,"1.96","1.28","-1.28","39.3",,,,,
"FF","2026-04-17","98.5","-2.27","5.84","Alvarado, Elvis",808959,665660,,"called_strike",,,,,1,,"R","L","R","ATH","CWS","S",,,0,0,2026,"-0.83","1.25",-0.7944437003214397,2.929126073029272,,643217,,2,5,"Top",,,,,,,5.840223579644369,-143.18083340773174,-5.099753892590874,-12.750111571857415,35.739237878762076,-13.990351995139456,3.296358268,1.663582677,,,,"97.2",2454,"5.8",825019,669127,701762,643446,691777,805779,666126,672016,671732,"54.7",,,,,,,,42,1,"4-Seam Fastball",1,5,5,1,5,1,5,1,"Infield shade","Standard",228,"0.002","-0.04",,,,"0.04",,-4,4,0.109,0.891,27,26,27,26,1,3,3,1,,1,"1.12","0.83","-0.83","20.1",,,,,
"SL","2026-04-17","87.4","-1.33","5.81","Uribe, Abner",681393,682842,,"called_strike",,,,,7,,"R","R","R","MIA","MIL","S",,,1,1,2026,"0.96","0.12",-0.7173981293965239,1.5248822471257863,,,,0,9,"Bot",,,,,,,-0.5759360102526836,-127.22988947600163,-4.130211014650374,10.506808119223509,29.260616371250176,-30.145891969130144,3.112934711,1.57101378,,,,"87.2",2560,"6.4",823883,661388,641343,668930,650859,666152,675659,669003,686217,"54.08",,,,,,,,74,3,"Slider",4,4,4,4,4,4,4,4,"Standard","Standard",76,"-0.014","-0.061",,,,"0.061",,0,0,0.636,0.636,26,26,26,26,1,3,2,2,1,1,"2.89","-0.96","-0.96","39.7",,,,,
"SL","2026-04-16","86.9","-2.21","5.02","Castillo, Luis",593428,622491,,"ball",,,,,14,,"R","R","R","SD","SEA","B",,,0,1,2026,"0.13","0.24",0.08622345547622609,1.5094608241541083,,,,1,5,"Bot",,,,,,,5.112045386921682,-126.57255578788994,-2.5324027513283407,0.38988776811626596,24.02140424426868,-29.345582668001413,3.284949147,1.657824803,,,,"86.3",2117,"5.7",823313,663728,647304,702284,680977,641487,668227,677594,670042,"54.8",,,,,,,,40,2,"Slider",4,0,4,0,0,4,4,0,"Standard","Standard",245,"0.001","0.029",,,,"-0.029",,4,4,0.924,0.924,33,33,34,34,3,2,5,1,5,1,"2.76","-0.13","-0.13","16.3",,,,,
"SL","2026-04-16","88.5","-1.89","5.36","Dollander, Chase",701358,801403,,"called_strike",,,,,9,,"R","R","R","HOU","COL","S",,,0,0,2026,"0.44","0.17",0.8012633330009209,1.768734742185011,670623,621043,,2,6,"Bot",,,,,,,5.5507749458754425,-128.86423987063165,-2.8804962246468055,3.899518837577247,24.990965682412472,-29.955545066402774,3.348138123,1.689714567,,,,"88.9",2951,"6.3",824208,696100,681198,666397,691720,678662,666160,686668,671289,"54.17",,,,,,,,51,1,"Slider",2,3,2,3,3,2,2,3,"Standard","Standard",112,"-0.016","-0.036",,,,"0.036",,-1,-1,0.413,0.413,24,23,25,23,3,2,4,1,5,1,"2.73","-0.44","-0.44","25.7",,,,,
"FF","2026-04-16","97.5","-1.24","5.77","Leiter, Jack",643446,683004,"strikeout","called_strike",,,,,7,"Jeff McNeil challenged (pitch result), call on the field was confirmed: Jeff McNeil called out on strikes.","R","L","R","ATH","TEX","S",2,,2,2,2026,"-0.73","1.4",-0.4114509028805179,1.7910723941933036,,,,0,5,"Bot",,,,,,,3.946080239529877,-141.7574618073176,-8.257501532890862,-10.728756231726827,33.418587249788615,-11.65712396507685,3.213861549,1.621948819,,,,"98.1",2453,"6.8",825023,543309,669394,669701,673962,677649,664059,694671,607043,"53.75",,0,"0",1,0,0,,41,5,"4-Seam Fastball",0,2,0,2,2,0,0,2,"Infield shade","Standard",209,"-0.027","-0.232",,,,"0.232",,-2,-2,0.284,0.284,26,34,26,34,3,2,5,1,6,1,"1.01","0.73","-0.73","49.6",,,,,
"FF","2026-04-16","89.7","3.19","5.39","Lopez, Jacob",607043,682052,,"ball",,,,,13,,"R","L","L","ATH","TEX","B",,,0,0,2026,"1.13","0.76",-0.8895428755633985,2.2779012960440923,,,677649,1,5,"Top",,,,,,,-12.4999393505586,-130.05390968113505,-3.1178279951471284,15.431583224495729,26.85510738385685,-23.07924163441087,3.270029528,1.650295276,,,,"90.5",2021,"6.9",825023,642851,701762,643446,687231,805779,691016,671732,666126,"53.58",,,,,,,,37,1,"4-Seam Fastball",0,1,1,0,1,0,1,0,"Standard","Standard",126,"-0.004","0.035",,,,"-0.035",,-1,1,0.36,0.64,28,33,28,33,3,2,5,1,5,1,"2.09","1.13","1.13","23.8",,,,,
"KC","2026-04-16","85.7","-1.21","5.77","Baz, Shane",700932,669358,"strikeout","called_strike",,,,,2,"Kyle Manzardo challenged (pitch result), call on the field was confirmed: Kyle Manzardo called out on strikes.","R","L","R","CLE","BAL","S",2,,3,2,2026,"0.18","-0.97",0.017421823419459748,3.0755844031519968,,,,0,4,"Bot",,,,,,,2.5132879307912694,-124.82221557634097,2.077383266715545,1.3950951914063263,24.13473277867999,-42.947471950486936,3.187532808,1.608661417,,,,"86.3",2639,"6.6",824453,694212,624413,669236,691723,677942,621493,665750,671286,"53.95",,0,"0",1,0,0,,26,7,"Knuckle Curve",2,0,2,0,0,2,2,0,"Infield shade","Standard",36,"-0.019","-0.345",,,,"0.345",,2,2,0.789,0.789,27,25,27,26,2,1,6,1,5,1,"4.06","-0.18","0.18","36.7",,,,,
"FF","2026-04-16","95.5","-2.49","5.91","Weiss, Ryan",671289,680802,,"called_strike",,,,,8,,"R","R","R","HOU","COL","S",,,0,0,2026,"-0.4","1.45",-0.16059922205607613,1.602221423876392,691720,686668,666397,0,3,"Top",,,,,,,6.98264758760155,-138.5803938136439,-8.738898518424177,-6.809941491811552,32.99629641393856,-11.7175061440488,3.150672572,1.590059055,,,,"95.5",2480,"6.6",824208,673237,572233,514888,670623,621043,694388,666211,701358,"53.88",,,,,,,,21,1,"4-Seam Fastball",2,0,0,2,0,2,0,2,"Standard","Standard",214,"0.011","-0.045",,,,"0.045",,2,-2,0.519,0.481,29,27,30,27,2,1,6,1,5,3,"1.08","0.4","0.4","37.9",,,,,
"CH","2026-04-16","82.1","2.78","5.73","Griffin, Foster",542303,656492,,"ball",,,,,14,,"R","R","L","PIT","WSH","B",,,1,1,2026,"1.15","0.58",0.2760823075040273,1.5029697173362844,,,665833,0,4,"Bot",,,,,,,-7.840322286410049,-119.41049880042706,-3.9831342701597254,12.453066313378802,21.028097455746735,-26.018302329167657,3.255987533,1.643208661,,,,"82.3",1977,"6.3",823396,686452,671277,683083,691781,682928,695734,696285,695578,"54.22",,,,,,,,28,3,"Changeup",0,0,0,0,0,0,0,0,"Standard","Strategic",138,"0.008","0.044",,,,"-0.044",,0,0,0.601,0.601,30,35,31,36,2,1,5,1,5,1,"2.78","1.15","-1.15","44.6",,,,,
"SL","2026-04-16","74.7","3.52","6.07","Suter, Brent",663757,608718,,"called_strike",,,,,3,,"R","L","L","NYY","LAA","S",,,0,0,2026,"-0.62","0.04",0.5085478676027727,3.215330957083758,,,,0,3,"Bot",,,,,,,-5.111117158462209,-108.60488908161088,1.5337860689336105,-3.9742718242091466,19.64254415335852,-32.34795052479438,3.138385827,1.583858268,,,,"76.2",2255,"7.5",823560,518595,694384,687093,672724,687263,666139,669326,666176,"53.01",,,,,,,,22,1,"Slider",1,2,1,2,2,1,1,2,"Standard","Standard",295,"-0.004","-0.039",,,,"0.039",,-1,-1,0.437,0.437,36,29,37,30,2,1,5,1,3,1,"4.06","-0.62","-0.62","46.7",,,,,
"ST","2026-04-16","87.9","-2.29","6.13","Blubaugh, AJ",696100,805123,,"ball",,,,,14,,"R","R","R","HOU","COL","B",,,1,2,2026,"0.56","0.32",1.0715595159548879,2.0454193395525913,686668,671289,681198,1,7,"Top",,,,,,,6.864863708699633,-127.82634072346096,-4.163188929320861,4.595562769901858,28.924647720142488,-27.984946328118138,3.178756562,1.604232283,,,,"87.9",2662,"6.6",824208,673237,572233,514888,670623,621043,694388,666211,701358,"53.92",,,,,,,,56,4,"Sweeper",2,3,3,2,3,2,3,2,"Standard","Standard",91,"-0.011","0.05",,,,"-0.05",,-1,1,0.23,0.77,25,26,26,27,1,3,2,1,2,2,"2.66","-0.56","-0.56","41.9",,,,,
"FF","2026-04-16","93.1","-1.1","5.59","Buehler, Walker",641487,621111,,"ball",,,,,13,,"R","L","R","SD","SEA","B",,,0,0,2026,"-0.54","1.36",-0.9754630715029554,2.068056556140061,,,,0,3,"Top",,,,,,,1.533147068436775,-135.43284473675067,-6.064961334511578,-6.925594915084197,32.747892288962746,-14.288515928282267,3.219127297,1.624606299,,,,"93",2073,"6.5",823313,669134,657757,630105,592518,593428,657656,701538,665487,"54.01",,,,,,,,19,1,"4-Seam Fastball",4,0,0,4,0,4,0,4,"Infield shade","Standard",212,"-0.003","0.041",,,,"-0.041",,4,-4,0.858,0.14200000000000002,31,31,32,31,1,0,6,2,6,1,"1.29","0.54","-0.54","42.2",,,,,
"SI","2026-04-16","93.7","1.95","5.88","Matz, Steven",678246,571927,,"ball",,,,,13,,"R","R","L","CWS","TB","B",,,2,2,2026,"1.17","1",-0.8922118782630037,2.4083042978837828,,,,1,3,"Bot",,,,,,,-9.89335353364899,-136.09958745407786,-5.257168178043944,16.79523631939581,30.530450004387287,-18.69822800514101,3.290214895,1.660482283,,,,"93.7",2150,"6.4",824614,663743,668723,810938,691406,670764,802415,656775,676356,"54.07",,,,,,,,23,5,"Sinker",0,0,0,0,0,0,0,0,"Infield shade","Standard",123,"0.007","0.104",,,,"-0.104",,0,0,0.527,0.527,35,26,35,27,2,1,6,1,5,1,"1.61","1.17","-1.17","32.7",,,,,
"FF","2026-04-16","93.4","-2.13","5.78","Montero, Keider",686681,672456,,"ball",,,,,14,,"R","L","R","DET","KC","B",,,0,0,2026,"-0.5","1.42",0.28848540141228185,1.336981496572172,,,,0,3,"Top",,,,,,,7.258816071738475,-135.71542896914747,-8.648374549623624,-7.6917142065657975,28.372221289643317,-12.89289663343543,3.199819554,1.614862205,,,,"93.6",2324,"6.4",824289,693307,679529,650402,805808,595879,682985,663837,672761,"54.09",,,,,,,,16,1,"4-Seam Fastball",1,0,0,1,0,1,0,1,"Standard","Standard",214,"-0.004","0.041",,,,"-0.041",,1,-1,0.612,0.388,25,28,26,28,1,0,6,1,5,1,"1.19","0.5","-0.5","42.4",,,,,
"CU","2026-04-16","78.2","-1.72","5.44","Dollander, Chase",670623,801403,,"ball",,,,,13,,"R","R","R","HOU","COL","B",,,0,1,2026,"1.41","-0.6",-0.5130135752278693,1.1304449895191935,,,,1,3,"Bot",,,,,,,-0.0755740577593419,-113.90798231672974,-0.9900312665570512,12.195753430771829,22.767800300010276,-37.42510640335294,3.180511811,1.60511811,,,,"78.5",2646,"6.7",824208,696100,681198,666397,691720,678662,666160,686668,671289,"53.84",,,,,,,,24,2,"Curveball",2,1,2,1,1,2,2,1,"Standard","Standard",55,"0.001","0.029",,,,"-0.029",,1,1,0.646,0.646,24,27,25,27,1,1,4,1,5,1,"4.35","-1.41","-1.41","30.6",,,,,
"FF","2026-04-16","86.1","3.23","6","Suter, Brent",665862,608718,,"called_strike",,,,,3,,"R","L","L","NYY","LAA","S",,,1,1,2026,"-0.32","1.19",0.6083386262615643,3.0275242076739013,,,,2,2,"Bot",,,,,,,-5.605326600487633,-125.29546506527734,-3.11251569127542,-2.192952056200819,25.65772552183373,-19.20818157945091,3.15593832,1.592716535,,,,"87.9",2136,"7.4",823560,518595,694384,687093,672724,687263,666139,669326,666176,"53.07",,,,,,,,15,3,"4-Seam Fastball",1,2,1,2,2,1,1,2,"Standard","Standard",176,"-0.003","-0.062",,,,"0.062",,-1,-1,0.399,0.399,36,28,37,28,1,0,5,1,3,1,"1.89","-0.32","-0.32","51.4",,,,,
"CH","2026-04-16","89.6","-2.64","5.56","Chivilli, Angel",672724,683409,"walk","ball",,,,,13,"Oswald Peraza challenged (pitch result), call on the field was overturned: Oswald Peraza walks.","R","R","R","NYY","LAA","B",,,3,2,2026,"-0.88","0.52",-0.05419028281418026,1.328285360602619,,,,2,7,"Top",,,,,,,8.181677809176891,-130.22562095015078,-5.3258683643865,-11.738878422354144,26.775964926066063,-25.335945831783665,3.186655184,1.608218504,,,,"89.5",1723,"6.3",823560,641555,700250,665862,642708,676609,641355,663757,592450,"54.22",,0.704857,"0.7",1,0,0,,58,6,"Changeup",4,7,7,4,7,4,7,4,"Standard","Standard",251,"-0.004","0.259",,,,"-0.259",,-3,3,0.122,0.878,23,26,24,26,1,3,,1,3,1,"2.32","0.88","0.88","33.2",,,,,
"FF","2026-04-16","96.4","1.97","5.88","Kay, Anthony",670764,641743,,"ball",,,,,12,,"R","R","L","CWS","TB","B",,,1,0,2026,"0.76","1.33",0.9210671963088827,2.7356474381495905,,,663743,0,3,"Top",,,,,,,-4.4803843140293464,-140.30285018244643,-5.607370743252844,10.993882225022366,32.13604152853423,-13.56831477461961,3.055889108,1.542224409,,,,"95.9",2433,"6",824614,700337,808959,805367,678246,695020,803011,656537,677592,"54.51",,,,,,,,17,2,"4-Seam Fastball",0,0,0,0,0,0,0,0,"Standard","Standard",135,"-0.012","0.062",,,,"-0.062",,0,0,0.453,0.5469999999999999,31,29,31,30,1,0,7,1,6,2,"1.13","0.76","-0.76","35.0",,,,,
"SI","2026-04-16","91.8","2.43","6.22","Corbin, Patrick",596142,571578,,"ball",,,,,14,,"R","R","L","MIL","TOR","B",,,1,1,2026,"1.16","0.99",0.9239166738817217,1.680685871109164,,,,0,2,"Bot",,,,,,,-6.36045303174571,-133.3715425850101,-7.567276763787019,15.186435841040161,29.74302757836771,-18.887959997080284,3.311277887,1.671112205,,,,"92.2",2086,"6.7",823801,623168,672960,672820,676391,665926,676914,662139,660821,"53.81",,,,,,,,10,3,"Sinker",0,0,0,0,0,0,0,0,"Standard","Standard",148,"0.005","0.055",,,,"-0.055",,0,0,0.55,0.55,36,33,37,34,1,0,6,1,5,1,"1.73","1.16","-1.16","36.5",,,,,
"SL","2026-04-16","89.1","-1.59","6.2","Miller, Mason",702284,695243,"strikeout","called_strike",,,,,7,"Cole Young challenged (pitch result), call on the field was confirmed: Cole Young called out on strikes.","R","L","R","SD","SEA","S",2,,3,2,2026,"0.5","-0.37",-0.5179832913443632,1.974487060155805,,,,2,9,"Top",,,,,,,1.5363139618977963,-129.71424264394994,-3.3257616479986662,5.330326247544899,28.507361792511464,-35.79075220961617,3.133120079,1.581200787,,,,"90",2419,"6.9",823313,669134,657757,630105,592518,593428,657656,701538,665487,"53.55",,0,"0",1,0,0,,73,6,"Slider",5,2,2,5,2,5,2,5,"Standard","Standard",38,"0.005","-0.328",,,,"0.328",,3,-3,0.995,0.0050000000000000044,27,22,28,23,1,3,2,1,2,1,"3.25","-0.5","0.5","39.9",,,,,
"CH","2026-04-16","79.2","2.89","5.2","Yarbrough, Ryan",687263,642232,,"ball",,,,,13,,"R","R","L","NYY","LAA","B",,,0,0,2026,"1.86","-0.08",-0.2986325784245605,1.1903264074177669,,,624428,2,8,"Top",,,,,,,-10.3955903132314,-114.8157538642822,-1.5088133987423797,18.38071490239175,22.14282661826778,-32.81474403939503,3.169980315,1.59980315,,,,"79",1961,"6.4",823560,641555,700250,665862,642708,676609,641355,663757,592450,"54.08",,,,,,,,67,1,"Changeup",4,7,7,4,7,4,7,4,"Standard","Standard",91,"-0.001","0.035",,,,"-0.035",,-3,3,0.08,0.92,34,25,35,25,1,4,4,1,8,1,"3.75","1.86","-1.86","18.9",,,,,
"ST","2026-04-16","84.5","-1.86","5.29","Dollander, Chase",514888,801403,,"ball",,,,,13,,"R","R","R","HOU","COL","B",,,1,1,2026,"1.1","0.63",-0.900584895763121,2.0838553069740082,,,,2,2,"Bot",,,,,,,-0.03379868419926657,-123.0492984714954,-2.171440384506792,11.155240823178776,25.49231238517374,-25.534285594824016,2.926000656,1.476673228,,,,"84.7",2902,"6.5",824208,696100,681198,666397,691720,678662,666160,686668,671289,"54",,,,,,,,17,3,"Sweeper",2,0,2,0,0,2,2,0,"Standard","Standard",85,"0.001","0.053",,,,"-0.053",,2,2,0.72,0.72,24,36,25,36,1,1,4,2,5,1,"2.57","-1.1","-1.1","25.4",,,,,
"CU","2026-04-16","86.9","1.17","5.36","Pérez, Cionel",804606,672335,"strikeout","called_strike",,,,,3,"Konnor Griffin challenged (pitch result), call on the field was confirmed: Konnor Griffin called out on strikes.","R","R","L","PIT","WSH","S",2,,1,2,2026,"-0.24","-1.03",0.6948715034604169,3.0620987185928734,,,664040,1,8,"Bot",,,,,,,-0.6301985458308481,-126.54587907924306,2.961889712888028,-2.4397523740243656,25.83970890835107,-44.051482975954535,3.334973753,1.683070866,,,,"86.6",2713,"6",823396,660688,678554,683083,691781,682928,695734,696285,695578,"54.47",,0,"0",1,0,0,,73,4,"Curveball",6,7,6,7,7,6,6,7,"Standard","Strategic",319,"-0.058","-0.178",,,,"0.178",,-1,-1,0.291,0.291,30,20,30,20,1,3,2,2,2,1,"4.04","-0.24","0.24","38.6",,,,,
"FF","2026-04-16","94.3","2.4","6.03","Newcomb, Sean",641584,656794,"strikeout","called_strike",,,,,4,"Jake Fraley challenged (pitch result), call on the field was confirmed: Jake Fraley called out on strikes.","R","L","L","CWS","TB","S",2,,0,2,2026,"0.99","1.18",-0.6060716716795411,2.552275994662394,,650490,680700,2,7,"Top",,,,,,,-9.803188788693728,-136.91906970204926,-5.673508589719003,14.596965870635035,31.06767886073222,-16.27436496340549,3.169980315,1.59980315,,,,"93",2469,"5.7",824614,700337,808959,805367,678246,695657,803011,671976,677592,"54.82",,0,"0",1,0,0,,60,3,"4-Seam Fastball",2,2,2,2,2,2,2,2,"Standard","Standard",134,"0.046","-0.178",,,,"0.178",,0,0,0.542,0.45799999999999996,33,31,33,31,1,1,4,1,2,1,"1.4","0.99","0.99","27.0",,,,,
"FF","2026-04-16","98.4","1.81","6.4","Burke, Brock",646240,656271,"strikeout","called_strike",,,,,7,"Rafael Devers challenged (pitch result), call on the field was confirmed: Rafael Devers called out on strikes.","R","L","L","CIN","SF","S",2,,1,2,2026,"0.44","1.39",-0.7326971393492279,1.9840616127984485,,,650333,1,7,"Top",,,,,,,-7.901542387542505,-142.7212631531257,-9.531214561321564,8.020838104787192,35.965888820115644,-11.061278411559902,3.217372047,1.623720472,,,,"98.7",2375,"6.8",824530,664731,701398,680574,663647,682829,668715,670770,677956,"53.65",,0,"0",1,0,0,,42,4,"4-Seam Fastball",0,0,0,0,0,0,0,0,"Infield shade","Standard",150,"0.035","-0.178",,,,"0.178",,0,0,0.512,0.488,29,29,30,30,1,2,1,1,2,1,"1","0.44","0.44","51.8",,,,,
"SL","2026-04-16","84.3","1.89","5.54","Bubic, Kris",805808,663460,,"ball",,,,,13,,"R","L","L","DET","KC","B",,,1,1,2026,"-0.3","-0.28",-0.5328892922042967,1.3189977956574648,,,650402,0,1,"Bot",,,,,,,-5.011289843827773,-122.7704556039818,-2.647815615049307,-2.0394510606186476,24.71678734993808,-34.73116197967215,3.085728346,1.557283465,,,,"85.4",2527,"7",824289,695600,686469,663697,672580,677951,686681,664728,695506,"53.48",,,,,,,,5,3,"Slider",0,0,0,0,0,0,0,0,"Infield shade","Standard",316,"0.007","0.044",,,,"-0.044",,0,0,0.581,0.581,28,21,29,22,1,0,6,1,5,1,"3.49","-0.3","-0.3","43.8",,,,,
"SI","2026-04-16","97.6","-1.66","5.86","Erceg, Lucas",805808,668674,"walk","ball",,,,,14,"Kevin McGonigle challenged (pitch result), call on the field was overturned: Kevin McGonigle walks. Gleyber Torres to 2nd.","R","L","R","DET","KC","B",,,3,1,2026,"-1.15","0.94",0.04615099248146626,1.2733490783621122,,,650402,0,9,"Bot",,,,,,,7.254626039368856,-141.83797648736316,-8.84075111335233,-17.137908022617815,30.59375291652972,-17.726710242501134,3.085728346,1.557283465,,,,"98.4",1744,"6.7",824289,695600,686469,663697,672580,677951,657041,664728,695506,"53.8",,0.704857,"0.7",1,0,0,,79,5,"Sinker",7,9,7,9,9,7,7,9,"Infield shade","Standard",227,"0.085","0.26",,,,"-0.26",,-2,-2,0.249,0.249,31,21,31,22,1,4,5,1,4,1,"1.45","1.15","-1.15","46.8",,,,,
"SL","2026-04-16","89.3","-1.48","5.7","Hill, Jaden",514888,677955,,"called_strike",,,,,3,,"R","R","R","HOU","COL","S",,,0,0,2026,"0.24","0.17",0.34544084407333076,2.969368199186922,,,,2,7,"Bot",,,,,,,3.897235851969661,-130.05631371653527,-0.8891760470972478,1.8693665446881147,27.19894084683317,-30.299741163032248,2.926000656,1.476673228,,,,"88.8",2361,"5.9",824208,696100,681198,666397,691720,678662,666160,686668,671289,"54.57",,,,,,,,60,1,"Slider",2,3,2,3,3,2,2,3,"Standard","Standard",131,"-0.004","-0.043",,,,"0.043",,-1,-1,0.279,0.279,26,36,27,36,1,3,1,2,2,1,"2.69","-0.24","-0.24","23.4",,,,,
"CH","2026-04-16","91.2","-1.36","6.04","Medina, Luis",592626,665622,,"ball",,,,,13,,"R","L","R","ATH","TEX","B",,,0,2,2026,"-0.59","0.26",-0.8434436650143505,2.062889852098301,,,,1,6,"Top",,,,,,,2.5788235848928878,-132.99290316756336,-4.597901616074999,-7.558960426838452,22.548706242041625,-28.47877974829542,3.23667979,1.633464567,,,,"92.2",1252,"6.3",825023,642851,701762,643446,687231,805779,691016,671732,666126,"54.19",,,,,,,,48,3,"Changeup",3,2,2,3,2,3,2,3,"Infield shade","Strategic",224,"-0.003","0.017",,,,"-0.017",,1,-1,0.707,0.29300000000000004,27,34,27,34,1,0,3,1,3,1,"2.43","0.59","-0.59","46.7",,,,,
"SL","2026-04-16","88.1","-1.64","6.25","Miller, Mason",641487,695243,"strikeout","called_strike",,,,,9,"J.P. Crawford challenged (pitch result), call on the field was confirmed: J.P. Crawford called out on strikes.","R","L","R","SD","SEA","S",2,,2,2,2026,"0.66","-0.35",0.6081979822262329,1.7427031955701588,,,,0,9,"Top",,,,,,,4.0231530061195,-128.22834112340445,-3.8112166196722725,6.240463125199971,29.74675953771234,-35.34023539294841,3.219127297,1.624606299,,,,"88.4",2425,"6.7",823313,669134,657757,630105,592518,593428,657656,701538,665487,"53.77",,0,"0",1,0,0,,71,5,"Slider",5,2,2,5,2,5,2,5,"Infield shade","Standard",36,"0.016","-0.232",,,,"0.232",,3,-3,0.969,0.031000000000000028,27,31,28,31,1,3,2,2,2,1,"3.31","-0.66","0.66","40.6",,,,,
"CH","2026-04-16","85.9","1.53","5.59","Fried, Max",687263,608331,"strikeout","called_strike",,,,,8,"Zach Neto challenged (pitch result), call on the field was confirmed: Zach Neto called out on strikes.","R","R","L","NYY","LAA","S",2,,2,2,2026,"1.44","0.67",0.08525535380616378,1.6224986570829856,,,,0,1,"Top",,,,,,,-6.400047247309991,-124.97240257665173,-4.3688531459099575,16.33265379335611,23.070786613098395,-24.49817832340657,3.169980315,1.59980315,,,,"87.2",1651,"6.9",823560,641555,700250,665862,642708,676609,641355,663757,592450,"53.58",,0,"0",1,0,0,,1,5,"Changeup",0,0,0,0,0,0,0,0,"Infield shade","Standard",121,"0.019","-0.232",,,,"0.232",,0,0,0.503,0.497,32,25,32,25,1,0,5,1,6,1,"2.4","1.44","-1.44","39.1",,,,,
"SL","2026-04-16","89.4","-1.25","6.22","Nance, Tommy",596142,667297,,"ball",,,,,12,,"R","R","R","MIL","TOR","B",,,0,0,2026,"-0.07","0.2",0.9062538320272191,2.777660426184863,,,661388,2,6,"Bot",,,,,,,5.375292062633496,-130.21518673353077,-2.7803683699925004,-1.731968769118738,22.80537526895649,-29.547090316206575,3.311277887,1.671112205,,,,"89.7",2641,"6.1",823801,623168,672960,672820,676391,665926,676914,662139,660821,"54.44",,,,,,,,45,1,"Slider",1,1,1,1,1,1,1,1,"Standard","Standard",136,"0.003","0.035",,,,"-0.035",,0,0,0.535,0.535,35,33,35,34,1,2,4,1,3,1,"2.61","0.07","0.07","40.8",,,,,
"SL","2026-04-16","79.3","-1.94","5.87","Junis, Jakob",671732,596001,,"ball",,,,,14,,"R","L","R","ATH","TEX","B",,,0,0,2026,"0.96","-0.06",0.9593860432142124,1.9221360998705261,,,,0,8,"Bot",,,,,,,4.3931146148386535,-115.6154437376782,-1.6708309243851198,8.093846745175167,17.170939180849352,-32.654477778499796,3.34375,1.6875,,,,"79.1",2407,"5.6",825023,543309,669394,669701,673962,677649,694671,694497,607043,"54.91",,,,,,,,72,1,"Slider",3,5,3,5,5,3,3,5,"Standard","Standard",57,"0.008","0.041",,,,"-0.041",,-2,-2,0.167,0.167,33,25,34,26,1,3,4,1,3,1,"3.61","-0.96","0.96","30.8",,,,,
"ST","2026-04-16","85.1","-2.54","5.72","Smith, Cade",621493,671922,,"called_strike",,,,,1,,"R","R","R","CLE","BAL","S",,,0,1,2026,"1.4","0.23",-0.44781831850098675,3.2642356096201213,,665750,677942,0,9,"Top",,,,,,,2.013163835211062,-123.94634315911559,0.24360817720705719,14.075215220831675,23.796467842476552,-30.014434453997858,3.190165682,1.609990158,,,,"86.9",2258,"7.3",824453,595978,700932,682877,608070,677587,682657,680757,671655,"53.24",,,,,,,,63,2,"Sweeper",4,0,0,4,0,4,0,4,"Standard","Standard",71,"0.01","-0.053",,,,"0.053",,4,-4,0.93,0.06999999999999995,27,32,27,33,1,3,2,1,2,1,"2.9","-1.4","-1.4","37.8",,,,,
"FF","2026-04-16","97.1","0.12","6.69","Megill, Trevor",623168,656730,,"ball",,,,,13,,"R","L","R","MIL","TOR","B",,,0,0,2026,"-0.47","1.5",-0.12483138607606215,1.3102254830103663,,,,0,8,"Top",,,,,,,0.4542268128369057,-140.92438976027813,-12.055624498831207,-6.340699664911286,32.581940500821524,-9.69426923942508,3.110301837,1.569685039,,,,"97.4",2280,"6.6",823801,661388,641343,668930,666152,687401,663604,669003,675659,"53.86",,,,,,,,56,1,"4-Seam Fastball",2,1,1,2,1,2,1,2,"Standard","Standard",199,"-0.009","0.041",,,,"-0.041",,1,-1,0.745,0.255,32,35,33,35,1,2,2,2,1,1,"0.94","0.47","-0.47","56.9",,,,,
"FF","2026-04-16","86.4","2.76","5.69","Yarbrough, Ryan",694384,642232,,"ball",,,,,13,,"R","L","L","NYY","LAA","B",,,0,0,2026,"1.28","1.2",-0.9210278448649167,2.0828180023159844,,672724,687093,2,7,"Top",,,,,,,-11.30855659984,-125.34879654742373,-4.621307562672904,15.766816841195613,24.503219953305408,-18.76470909246277,3.290214895,1.660482283,,,,"86.4",1867,"6.4",823560,641555,700250,665862,642708,676609,641355,663757,592450,"54.09",,,,,,,,60,1,"4-Seam Fastball",4,7,7,4,7,4,7,4,"Standard","Standard",123,"-0.001","0.024",,,,"-0.024",,-3,3,0.109,0.891,34,24,35,24,1,3,4,1,8,1,"1.87","1.28","1.28","27.4",,,,,
"SI","2026-04-16","94.8","2.86","5.17","Zerpa, Angel",665489,672582,,"ball",,,,,13,,"R","R","L","MIL","TOR","B",,,0,0,2026,"1.53","0.39",-0.08671519598786936,1.42522938730395,,,,0,9,"Top",,,,,,,-10.88498896300889,-137.5598152097617,-4.701078200431194,21.8043208142437,30.42143531234643,-26.323407649884206,3.208595801,1.619291339,,,,"93.4",2007,"5.6",823801,661388,641343,668930,666152,687401,663604,669003,675659,"54.87",,,,,,,,63,1,"Sinker",2,1,1,2,1,2,1,2,"Standard","Standard",110,"-0.012","0.041",,,,"-0.041",,1,-1,0.835,0.16500000000000004,26,27,27,27,1,3,2,1,1,1,"2.16","1.53","-1.53","20.8",,,,,
"ST","2026-04-15","77.4","-2.71","4.74","Arrighetti, Spencer",687597,681293,,"called_strike",,,,,4,,"R","R","R","HOU","COL","S",,,1,1,2026,"1.33","0.14",-0.7136760885871691,2.3563554587210946,,,664983,2,6,"Top",,,,,,,1.7596900847401404,-112.56020388980555,1.9252528563450173,10.791024169670703,23.216026599195125,-31.636474902738595,3.316543635,1.673769685,,,,"77.9",2582,"7",824209,673237,572233,670623,621043,669397,694728,694388,701358,"53.52",,,,,,,,51,3,"Sweeper",3,1,1,3,1,3,1,3,"Infield shade","Standard",72,"0","-0.073",,,,"0.073",,2,-2,0.816,0.18400000000000005,26,25,26,25,3,2,,1,5,3,"3.71","-1.33","-1.33","18.0",,,,,
"CU","2026-04-15","77.6","-2.2","5.5","Lugo, Seth",805808,607625,"strikeout","called_strike",,,,,4,"Kevin McGonigle challenged (pitch result), call on the field was confirmed: Kevin McGonigle called out on strikes.","R","L","R","DET","KC","S",2,,2,2,2026,"1.49","-1.22",-0.7937490779575365,2.2186366879511645,,,,0,6,"Bot",,,,,,,0.20246944036686182,-112.79798085895706,2.488370818786435,12.44290323886176,24.931158179632327,-43.214813893154854,3.085728346,1.557283465,,,,"75.8",3322,"5.6",824291,521692,686469,686681,672580,677951,657041,664728,695506,"54.93",,0,"0",1,0,0,,41,5,"Curveball",1,1,1,1,1,1,1,1,"Infield shade","Standard",40,"-0.029","-0.232",,,,"0.232",,0,0,0.571,0.571,36,21,37,22,3,2,6,1,5,1,"5.08","-1.49","1.49","29.6",,,,,
"SI","2026-04-15","94.1","-1.68","5.89","Vásquez, Randy",660844,681190,"walk","ball",,,,,14,"Leo Rivas challenged (pitch result), call on the field was overturned: Leo Rivas walks. Randy Arozarena to 3rd. Cole Young to 2nd.","R","L","R","SD","SEA","B",,,3,2,2026,"-1.56","0.85",0.9041136440424935,2.039235107443939,,668227,702284,2,4,"Top",,,,,,,10.070379982300691,-136.51338151397297,-5.830397683685136,-21.80931783500041,34.69518329735804,-20.33090672081814,3.006742126,1.51742126,,,,"92.9",2454,"6.1",823314,669134,664034,630105,592518,593428,657656,701538,592206,"54.38",,0.704857,"0.7",1,0,0,,27,6,"Sinker",0,2,2,0,2,0,2,0,"Infield shade","Standard",224,"-0.02","0.195",,,,"-0.195",,-2,2,0.273,0.727,27,28,28,29,2,1,6,4,6,2,"1.77","1.56","-1.56","37.0",,,,,
"SL","2026-04-15","85.9","-2.98","5.64","Gil, Luis",687263,661563,,"ball",,,,,14,,"R","R","R","NYY","LAA","B",,,2,0,2026,"0.37","0.92",0.8592884224536803,2.181452260815743,,,,1,5,"Top",,,,,,,8.262073938103121,-124.7410724526006,-3.545745852361855,1.9688015176434814,27.601290098733926,-22.10621770673936,3.169980315,1.59980315,,,,"86",2543,"6.7",823561,669224,700250,665862,641857,676609,641355,663757,592450,"53.82",,,,,,,,37,3,"Slider",3,2,2,3,2,3,2,3,"Infield shade","Standard",84,"-0.011","0.143",,,,"-0.143",,1,-1,0.659,0.34099999999999997,28,25,28,25,3,2,5,1,6,1,"2.21","-0.37","-0.37","35.0",,,,,
"SL","2026-04-15","89.1","-1.64","6.1","Bradish, Kyle",606466,680694,,"called_strike",,,,,9,,"R","L","R","BAL","AZ","S",,,0,0,2026,"0.77","0.69",0.640556356059542,1.686936857576997,,678489,,2,4,"Top",,,,,,,3.886136210803443,-129.60356872108176,-6.04458833728796,7.893606902563022,26.887250857656074,-23.3702406963144,3.218249672,1.624163386,,,,"89.2",2572,"6.3",824855,669087,624413,669236,691723,683002,642215,677942,671286,"54.17",,,,,,,,35,1,"Slider",2,3,3,2,3,2,3,2,"Standard","Standard",47,"0.005","-0.04",,,,"0.04",,-1,1,0.393,0.607,29,32,30,33,3,2,7,2,5,2,"2.18","-0.77","0.77","45.1",,,,,
"FF","2026-04-15","99.4","-1.38","6.21","Cease, Dylan",596142,656302,,"ball",,,,,14,,"R","R","R","MIL","TOR","B",,,1,0,2026,"-0.03","1.66",1.008784000620429,2.262349745874101,,,,1,4,"Bot",,,,,,,6.5553357235876675,-144.34085303163803,-9.12906940644257,-2.0379662827816274,35.22365920609612,-7.049472831229323,3.311277887,1.671112205,,,,"99.7",2592,"6.7",823803,678218,665489,672820,676391,665926,660821,662139,664770,"53.81",,,,,,,,27,2,"4-Seam Fastball",0,1,0,1,1,0,0,1,"Standard","Standard",194,"0.007","0.071",,,,"-0.071",,-1,-1,0.401,0.401,30,33,31,34,2,1,7,1,5,1,"0.67","0.03","0.03","52.9",,,,,
"ST","2026-04-15","86.2","-2.76","5.09","May, Dustin",682877,669160,,"called_strike",,,,,7,,"R","L","R","STL","CLE","S",,,1,1,2026,"1.32","-0.38",-0.7417371569095776,1.7474327150123794,671655,,,2,4,"Top",,,,,,,2.0012905535506076,-125.54154224755514,-0.6669808072982325,13.51429849787392,26.898702061938913,-36.30576276309424,3.220882546,1.625492126,,,,"86.4",3140,"6.5",823071,686780,676475,802139,669357,691026,701675,687363,691023,"54",,,,,,,,31,3,"Sweeper",1,1,1,1,1,1,1,1,"Standard","Standard",52,"0.012","-0.065",,,,"0.065",,0,0,0.515,0.485,28,24,29,25,2,1,5,1,6,1,"3.46","-1.32","1.32","23.3",,,,,
"FF","2026-04-15","92.7","1.25","5.82","Rodriguez, Eduardo",671286,593958,,"ball",,,,,13,,"R","R","L","BAL","AZ","B",,,1,1,2026,"0.47","1.37",-0.7418331873357861,1.3912936707794985,,,624413,1,3,"Bot",,,,,,,-6.08081152015106,-134.6732318271727,-8.318240121270774,7.025161196988667,29.27931200967776,-13.84966598990149,3.27792815,1.654281496,,,,"92.8",2267,"6.4",824855,680728,699912,545121,571448,672695,678489,677950,682998,"54.08",,,,,,,,27,3,"4-Seam Fastball",1,2,1,2,2,1,1,2,"Standard","Standard",158,"0.007","0.063",,,,"-0.063",,-1,-1,0.438,0.438,33,26,33,27,2,1,6,3,7,1,"1.29","0.47","-0.47","47.1",,,,,
"ST","2026-04-15","78.9","-2.98","5.01","Hancock, Emerson",592518,676106,,"called_strike",,,,,4,,"R","R","R","SD","SEA","S",,,0,0,2026,"1.48","0.78",-0.6428772364243194,2.2693440683371926,,,593428,2,4,"Bot",,,,,,,2.1949883239838885,-114.69113449562111,-0.22047545635125676,12.245871923106815,27.692113363012115,-25.640344891818522,3.313910761,1.672440945,,,,"77.9",2727,"6.3",823314,663728,647304,702284,680977,660844,668227,677594,670042,"54.18",,,,,,,,34,1,"Sweeper",0,4,0,4,4,0,0,4,"Standard","Standard",75,"-0.003","-0.042",,,,"0.042",,-4,-4,0.121,0.121,27,33,27,34,2,1,5,1,5,1,"2.98","-1.48","-1.48","12.7",,,,,
"FF","2026-04-15","92.5","1.22","5.88","Rodriguez, Eduardo",691723,593958,,"called_strike",,,,,9,,"R","R","L","BAL","AZ","S",,,3,0,2026,"0.67","1.48",0.7742200331644535,2.1910485570319262,,,,2,2,"Bot",,,,,,,-2.604042794088714,-134.60275717609863,-6.62871511828086,8.653000571647018,30.46402927680846,-13.00071067112019,3.413959974,1.722933071,,,,"92.5",2337,"6.4",824855,680728,699912,545121,571448,672695,678489,677950,682998,"54.1",,,,,,,,15,4,"4-Seam Fastball",0,0,0,0,0,0,0,0,"Standard","Standard",153,"-0.003","-0.07",,,,"0.07",,0,0,0.519,0.519,33,24,33,25,1,0,6,3,7,1,"1.2","0.67","-0.67","41.8",,,,,
"CU","2026-04-15","82.6","-1.33","5.41","Watson, Ryan",665019,670245,,"called_strike",,,,,7,,"R","L","R","MIN","BOS","S",,,0,1,2026,"1.22","-1.01",-0.7540300906853583,1.8540722112523973,,,,1,9,"Bot",,,,,,,-1.1419037942632226,-120.12601502653281,0.8007828782277924,11.94535876509214,27.581933318538784,-42.287440788549134,3.211228675,1.620620079,,,,"82.8",2350,"6.9",823722,657136,655316,691785,643396,596115,680776,678882,701350,"53.63",,,,,,,,80,2,"Curveball",5,9,5,9,9,5,5,9,"Infield shade","Standard",45,"-0.001","-0.052",,,,"0.052",,-4,-4,0.006,0.006,28,30,29,30,1,1,2,1,4,3,"4.41","-1.22","1.22","32.8",,,,,
"ST","2026-04-15","79","3.97","4.67","Gilbert, Tyler",666018,656457,,"called_strike",,,,,4,,"R","L","L","CWS","TB","S",,,0,0,2026,"-1.08","0.26",-0.822196320910196,2.145724740390181,,,691406,1,7,"Top",,,,,,,-8.211369026408786,-114.80301359740268,1.019270596919223,-8.018957384668276,21.385373177690777,-30.26352626655005,3.189288058,1.609547244,,,,"78.5",2622,"6",824615,624512,678246,803011,695020,695657,643217,682668,671976,"54.47",,,,,,,,53,1,"Sweeper",0,4,4,0,4,0,4,0,"Infield shade","Standard",319,"0.001","-0.04",,,,"0.04",,-4,4,0.059,0.9410000000000001,32,28,33,28,1,3,20,1,,1,"3.4","-1.08","-1.08","7.4",,,,,
"SI","2026-04-15","91.8","2.95","4.58","Backhus, Kyle",673548,679775,,"ball",,,,,13,,"R","R","L","PHI","CHC","B",,,2,2,2026,"1.46","-0.02",-0.9119603949585375,2.2703711115673624,,,663538,2,6,"Top",,,,,,,-13.05517116804506,-133.09692038222246,0.30450700663342367,20.120655645679918,28.701258881657523,-32.762215001083455,3.177878937,1.60378937,,,,"93.1",2181,"7.3",823477,592663,547180,624641,664761,607208,805249,669016,666969,"53.23",,,,,,,,48,5,"Sinker",1,9,9,1,9,1,9,1,"Standard","Standard",94,"0","0.079",,,,"-0.079",,-8,8,0.009,0.991,28,31,28,32,1,3,10,1,4,2,"2.75","1.46","-1.46","8.6",,,,,
"FC","2026-04-15","95.1","-1.68","6.44","Jansen, Kenley",695506,445276,,"called_strike",,,,,8,,"R","L","R","DET","KC","S",,,0,1,2026,"0.48","1.08",-0.10920900391888644,1.6063999387128913,,,,2,9,"Top",,,,,,,3.00443488532945,-138.33136703040162,-9.340387681013437,5.592883705986083,29.54904892896466,-16.467373151998437,3.401673228,1.716732283,,,,"96.4",2842,"7",824291,668670,679529,650402,805808,595879,682985,663837,672761,"53.53",,,,,,,,64,2,"Cutter",2,1,1,2,1,2,1,2,"Infield shade","Strategic",169,"0.009","-0.057",,,,"0.057",,1,-1,0.969,0.031000000000000028,38,23,39,23,1,3,1,3,3,1,"1.43","-0.48","0.48","61.3",,,,,
"CH","2026-04-15","77.6","-0.49","5.85","Morgan, Eli",668670,669212,"strikeout","called_strike",,,,,8,"Jake Rogers challenged (pitch result), call on the field was confirmed: Jake Rogers called out on strikes.","R","R","R","DET","KC","S",2,,2,2,2026,"-1.39","0.28",0.19143390987999376,1.6888058344843495,,,,1,8,"Bot",,,,,,,4.024932077855416,-113.07441853922985,-2.317990575623047,-12.668145018571403,19.487897386218055,-29.601868872030156,3.18402231,1.606889764,,,,"77.9",2241,"6.3",824291,521692,686469,663697,672580,677951,516782,657041,695506,"54.17",,0,"0",1,0,0,,58,5,"Changeup",2,1,2,1,1,2,2,1,"Strategic","Standard",257,"-0.008","-0.228",,,,"0.228",,1,1,0.851,0.851,30,31,30,31,1,2,6,6,2,3,"3.48","1.39","1.39","49.5",,,,,
"SL","2026-04-15","88.4","-0.26","6.17","Ashcraft, Graham",669477,668933,,"ball",,,,,11,,"R","R","R","CIN","SF","B",,,0,0,2026,"1.03","0.28",-0.42413189442151766,3.4284589089771664,,,650333,0,8,"Top",,,,,,,-2.528009075732569,-128.66928610097654,-0.9389236388262447,11.88456032299674,28.960934381147176,-29.136950791765173,3.196309055,1.613090551,,,,"87.1",2969,"5.6",824532,663886,701398,680574,663647,682829,670770,667472,677956,"54.86",,,,,,,,64,1,"Slider",8,3,3,8,3,8,3,8,"Standard","Standard",43,"-0.003","0.04",,,,"-0.04",,5,-5,0.968,0.03200000000000003,28,27,28,27,1,3,1,1,2,1,"2.66","-1.03","-1.03","53.2",,,,,
"FF","2026-04-15","93.7","-2.12","5.48","De Los Santos, Enyel",666397,660853,,"ball",,,,,11,,"R","L","R","HOU","COL","B",,,1,1,2026,"-1.1","1.17",-0.9967728714813646,2.999741109101829,,,,1,9,"Top",,,,,,,5.356079392044862,-136.33266284267705,-3.095681756419603,-14.957306153742245,31.914247643867792,-17.120567787669373,3.234924541,1.63257874,,,,"93.6",2338,"6.4",824209,673237,572233,670623,621043,669397,694728,694388,701358,"54.09",,,,,,,,71,3,"4-Seam Fastball",3,1,1,3,1,3,1,3,"Standard","Standard",228,"-0.006","0.055",,,,"-0.055",,2,-2,0.964,0.03600000000000003,30,27,31,27,1,4,1,3,4,1,"1.44","1.1","-1.1","24.5",,,,,
"SI","2026-04-15","98.2","-1.74","5.66","O'Brien, Riley",656555,676617,,"called_strike",,,,,9,,"R","R","R","STL","CLE","S",,,1,1,2026,"-1.41","0.38",0.7961329095322074,2.129167714952294,,,,1,9,"Top",,,,,,,10.235069163290769,-142.55963265641978,-4.803259710183809,-21.569857829008928,32.178588180302725,-26.026201879200993,3.334096129,1.682627953,,,,"99.5",2211,"7.1",823071,686780,676475,802139,602104,691026,701675,687363,691023,"53.41",,,,,,,,74,3,"Sinker",5,3,3,5,3,5,3,5,"Standard","Standard",228,"0.006","-0.064",,,,"0.064",,2,-2,0.964,0.03600000000000003,31,33,31,33,1,1,1,2,3,2,"1.99","1.41","1.41","31.5",,,,,
"FF","2026-04-15","91","2.53","5.86","Quintana, Jose",621043,500779,"walk","ball",,,,,14,"Carlos Correa challenged (pitch result), call on the field was overturned: Carlos Correa walks.","R","R","L","HOU","COL","B",,,3,2,2026,"0.13","1.41",0.054338278564703135,1.4917512354256783,,,,0,1,"Bot",,,,,,,-6.437975745992964,-132.2128687168089,-7.913228230534593,2.8363345251211807,27.33639754355266,-14.158464901655858,3.336729003,1.683956693,,,,"91.6",2180,"6.7",824209,696100,687859,666397,650489,678662,666160,664983,687597,"53.83",,0.704857,"0.7",1,0,0,,6,7,"4-Seam Fastball",0,0,0,0,0,0,0,0,"Standard","Standard",149,"0.03","0.356",,,,"-0.356",,0,0,0.553,0.553,37,31,37,32,1,0,17,1,5,1,"1.35","0.13","-0.13","45.3",,,,,
"FC","2026-04-15","85.3","-2.93","5.08","Marinaccio, Ron",668227,676760,,"called_strike",,,,,9,,"R","R","R","SD","SEA","S",,,1,0,2026,"0.07","0.49",0.8139770162060244,1.6194903760980672,,,,1,5,"Top",,,,,,,8.625882205909297,-123.91931277860745,-2.5513352712440023,-1.2615252635769199,27.830609041145603,-26.792503311702628,3.127854331,1.578543307,,,,"85.6",2147,"6.8",823314,669134,664034,630105,592518,593428,657656,701538,592206,"53.67",,,,,,,,36,2,"Cutter",0,4,4,0,4,0,4,0,"Standard","Standard",159,"0.001","-0.049",,,,"0.049",,-4,4,0.111,0.889,30,31,31,31,1,2,4,1,4,1,"2.68","-0.07","-0.07","31.2",,,,,
"FF","2026-04-15","96.4","1.88","6.26","Burke, Brock",671218,656271,,"called_strike",,,,,9,,"R","R","L","CIN","SF","S",,,2,1,2026,"0.79","1.33",0.70132782073623,1.9643737129109589,646240,,691740,2,7,"Top",,,,,,,-4.955187656981989,-140.13859709209692,-8.751725084972623,11.489466150379718,31.64153331960919,-12.796374030040045,3.18402231,1.606889764,,,,"97.3",2262,"6.9",824532,663886,701398,680574,663647,682829,668715,670770,677956,"53.64",,,,,,,,56,4,"4-Seam Fastball",8,2,2,8,2,8,2,8,"Standard","Standard",153,"0.002","-0.05",,,,"0.05",,6,-6,0.983,0.017000000000000015,29,26,30,27,1,0,3,1,1,1,"1.12","0.79","-0.79","43.2",,,,,
"FF","2026-04-15","93.4","0.44","6.63","Fisher, Braydon",687401,680755,,"ball",,,,,12,,"R","R","R","MIL","TOR","B",,,0,0,2026,"-0.57","1.55",0.15495711201761753,3.629066801834384,,,663604,2,7,"Bot",,,,,,,0.5412177473564541,-136.04300883441138,-5.15565378497363,-7.19220568930633,30.70982654788755,-12.0264786788091,3.136630577,1.582972441,,,,"91.8",2131,"5.3",823803,678218,665489,672820,676391,665926,660821,662139,664770,"55.18",,,,,,,,52,1,"4-Seam Fastball",0,1,0,1,1,0,0,1,"Standard","Standard",205,"0.004","0.035",,,,"-0.035",,-1,-1,0.307,0.307,25,27,26,28,1,2,1,1,2,1,"1.06","0.57","0.57","47.6",,,,,
"SL","2026-04-14","84.3","2.66","5.9","Ray, Robbie",667472,592662,,"ball",,,,,13,,"R","R","L","CIN","SF","B",,,1,0,2026,"-0.12","0.36",-0.3942696488095354,1.3998808430822471,,,663886,1,5,"Bot",,,,,,,-6.772007843276317,-122.62132233376924,-4.619338584016798,0.06754948788247088,22.659420472532464,-27.825965864220237,3.213861549,1.621948819,,,,"84.5",2282,"6.3",824531,672275,646240,650333,656305,642715,671218,666931,808982,"54.18",,,,,,,,41,2,"Slider",2,1,2,1,1,2,2,1,"Standard","Standard",217,"0.007","0.068",,,,"-0.068",,1,1,0.713,0.713,34,30,35,30,3,2,7,2,5,2,"2.83","-0.12","0.12","45.0",,,,,
"ST","2026-04-14","81.8","2.04","5.57","Schultz, Noah",666018,702273,"strikeout","called_strike",,,,,3,"Jonathan Aranda challenged (pitch result), call on the field was confirmed: Jonathan Aranda called out on strikes.","R","L","L","CWS","TB","S",2,,0,2,2026,"-1.16","0.16",0.7527624463299636,2.7633424212006026,,,,0,5,"Top",,,,,,,-0.585564419034307,-119.03114959151188,0.1910032601825311,-10.79220272237172,25.576376108655772,-30.908945810990183,3.189288058,1.609547244,,,,"81.5",2882,"6.3",824616,700337,808959,805367,678246,682668,695020,656537,677592,"54.15",,0,"0",1,0,0,,40,3,"Sweeper",3,4,4,3,4,3,4,3,"Strategic","Standard",287,"0.014","-0.165",,,,"0.165",,-1,1,0.372,0.628,22,28,23,28,3,2,,2,5,1,"3.28","-1.16","-1.16","17.7",,,,,
"SL","2026-04-14","88.5","-1.78","5.43","Abel, Mick",655316,690953,"strikeout","called_strike",,,,,8,"Andruw Monasterio challenged (pitch result), call on the field was confirmed: Andruw Monasterio called out on strikes.","R","R","R","MIN","BOS","S",2,,2,2,2026,"0.1","0.37",-0.20956571919500055,1.8933299595087139,,,807799,1,6,"Top",,,,,,,3.6429926367408103,-128.87277778356548,-3.2237986694630543,0.41183093719233355,24.61649216992031,-27.594519225439864,3.148039698,1.588730315,,,,"90.3",2488,"7.2",823723,605170,665019,807712,656484,686797,663616,621439,670242,"53.32",,0,"0",1,0,0,,47,5,"Slider",5,0,0,5,0,5,0,5,"Infield shade","Standard",165,"0.012","-0.222",,,,"0.222",,5,-5,0.953,0.04700000000000004,24,29,25,29,3,0,5,1,,1,"2.52","-0.1","-0.1","25.5",,,,,
"FF","2026-04-14","91.6","2.04","6.01","Springs, Jeffrey",673962,605488,,"ball",,,,,13,,"R","R","L","ATH","TEX","B",,,1,2,2026,"1","1.34",-0.29655926364694407,1.4063356280733141,,,,1,4,"Top",,,,,,,-8.047286147563774,-132.91869771546604,-8.413320441555783,13.66772908141795,30.05222439962769,-14.621913595684092,3.26300853,1.646751969,,,,"91.5",2131,"6.5",825022,642851,701762,643446,691777,805779,691016,672016,680869,"53.97",,,,,,,,28,4,"4-Seam Fastball",2,1,1,2,1,2,1,2,"Standard","Standard",144,"-0.003","0.048",,,,"-0.048",,1,-1,0.658,0.34199999999999997,33,28,34,28,2,1,5,1,5,1,"1.41","1","-1","47.2",,,,,
"FF","2026-04-14","94.9","1.27","6.28","Ragans, Cole",672761,666142,"walk","ball",,,,,13,"Wenceel Pérez challenged (pitch result), call on the field was overturned: Wenceel Pérez walks.","R","R","L","DET","KC","B",,,3,2,2026,"1.01","1.52",-0.8869530331581965,2.1781532401154347,663837,,,2,4,"Bot",,,,,,,-7.81524654764999,-137.7318686339062,-8.166707092109192,14.641537538716697,32.75764563510122,-11.193235747511881,3.18226706,1.606003937,,,,"93.9",2562,"6",824292,521692,686469,663697,672580,677951,686475,657041,516782,"54.48",,0.704857,"0.7",1,0,0,,30,9,"4-Seam Fastball",0,1,0,1,1,0,0,1,"Strategic","Standard",138,"0.014","0.155",,,,"-0.155",,-1,-1,0.414,0.414,28,26,29,27,2,1,6,3,5,1,"1.04","1.01","-1.01","43.3",,,,,
"FF","2026-04-14","91.3","0.43","5.98","Cantillo, Joey",691023,676282,"strikeout","called_strike",,,,,6,"Jordan Walker challenged (pitch result), call on the field was confirmed: Jordan Walker called out on strikes.","R","R","L","STL","CLE","S",2,,1,2,2026,"0.63","1.5",0.804560331893164,2.3055638777818817,,,676475,0,4,"Bot",,,,,,,-0.45529141353496516,-132.87164568977292,-6.528653702817656,7.534325063195524,28.248757234888306,-13.242844014036693,3.461351706,1.746850394,,,,"92.9",1904,"7.2",823072,666310,700932,682177,608070,677587,682657,680757,671655,"53.31",,0,"0",1,0,0,,30,5,"4-Seam Fastball",2,2,2,2,2,2,2,2,"Strategic","Strategic",146,"-0.028","-0.165",,,,"0.165",,0,0,0.591,0.591,26,24,27,24,2,1,6,1,5,1,"1.23","0.63","-0.63","53.0",,,,,
"SI","2026-04-14","92.4","-3","5.29","King, Michael",702284,650633,"strikeout","called_strike",,,,,6,"Cole Young challenged (pitch result), call on the field was confirmed: Cole Young called out on strikes.","R","L","R","SD","SEA","S",2,,3,2,2026,"-1.47","0.53",0.6956993683192891,2.647046517844398,670042,,641487,2,2,"Top",,,,,,,12.43103787375992,-133.8568763291928,-1.7195835973053384,-20.646872634972958,34.53394552233623,-25.681298434338864,3.133120079,1.581200787,,,,"90.8",2262,"6",823315,669134,664034,630105,592518,593428,657656,701538,665487,"54.47",,0,"0",1,0,0,,13,6,"Sinker",0,1,1,0,1,0,1,0,"Infield shade","Standard",235,"0.049","-0.278",,,,"0.278",,-1,1,0.394,0.606,31,22,31,23,1,0,6,1,5,1,"2.21","1.47","-1.47","20.4",,,,,
"CH","2026-04-14","92.7","-1.8","5.31","Misiorowski, Jacob",665926,694819,"strikeout","called_strike",,,,,9,"Andrés Giménez challenged (pitch result), call on the field was confirmed: Andrés Giménez called out on strikes.","R","L","R","MIL","TOR","S",2,,0,2,2026,"-1.43","0.51",0.6683172977168492,1.6430223668504447,,,,0,3,"Top",,,,,,,9.618530075013172,-134.6038168752855,-4.5772001727890785,-19.495678818166922,28.001162447887943,-25.10425775171913,3.164714567,1.597145669,,,,"94.7",2299,"7.5",823802,661388,641343,668930,666152,687401,682641,669003,686217,"53.04",,0,"0",1,0,0,,15,3,"Changeup",0,0,0,0,0,0,0,0,"Strategic","Standard",248,"0.015","-0.165",,,,"0.165",,0,0,0.51,0.49,24,27,24,28,1,0,7,2,5,1,"2.14","1.43","-1.43","29.9",,,,,
"FF","2026-04-14","91.3","-1.75","6.12","Mikolas, Miles",668804,571945,"walk","ball",,,,,13,"Bryan Reynolds challenged (pitch result), call on the field was overturned: Bryan Reynolds walks. Brandon Lowe to 2nd.","R","L","R","PIT","WSH","B",,,3,2,2026,"-0.8","1.15",-0.8769982430015648,2.257527484640848,,,664040,0,4,"Bot",,,,,,,3.908709663031707,-132.90093035826635,-6.103842982502315,-10.336452858914798,28.81587450345695,-17.401687421418096,3.284071522,1.65738189,,,,"91",2106,"6.1",823398,686452,671277,683083,678391,682928,695734,696285,695578,"54.41",,0.704857,"0.7",1,0,0,,33,6,"4-Seam Fastball",1,5,1,5,5,1,1,5,"Infield shade","Standard",230,"0.048","0.34",,,,"-0.34",,-4,-4,0.187,0.187,37,31,38,31,1,1,6,1,5,1,"1.58","0.8","-0.8","36.2",,,,,
"CH","2026-04-14","88.8","-1.97","5.78","Keller, Mitch",678391,656605,,"called_strike",,,,,3,,"R","L","R","PIT","WSH","S",,,1,1,2026,"-0.85","0.06",0.7423065316106122,2.6490998612194145,,,,0,2,"Top",,,,,,,8.424005778055855,-129.24359428970948,-1.6106228727812613,-11.21706615173823,24.0182257431558,-31.33175530937112,3.060277231,1.544438976,,,,"89.8",1521,"6.6",823398,663698,687462,664040,693304,804606,668804,665833,656811,"53.87",,,,,,,,11,3,"Changeup",1,3,3,1,3,1,3,1,"Standard","Standard",233,"0.004","-0.061",,,,"0.061",,-2,2,0.303,0.6970000000000001,30,25,30,25,1,0,6,1,5,1,"2.8","0.85","-0.85","37.1",,,,,
"FF","2026-04-14","93.8","-1.44","5.6","López, Reynaldo",683357,625643,"strikeout","called_strike",,,,,7,"Owen Caissie challenged (pitch result), call on the field was confirmed: Owen Caissie called out on strikes.","R","L","R","ATL","MIA","S",2,,3,2,2026,"-0.73","1.26",-0.28949721564274333,1.6072494509568984,,672640,,0,2,"Top",,,,,,,4.6112548805832425,-136.50399961772058,-7.251626491040026,-10.1320265718163,29.307958527421178,-15.05775493629743,3.369201116,1.700344488,,,,"94.5",2102,"6.7",824935,686948,621566,645277,663586,643289,573262,671739,660670,"53.85",,0,"0",1,0,0,,9,8,"4-Seam Fastball",0,1,1,0,1,0,1,0,"Strategic","Standard",212,"0.042","-0.386",,,,"0.386",,-1,1,0.336,0.6639999999999999,32,23,32,24,1,0,7,1,7,1,"1.33","0.73","-0.73","40.0",,,,,
"FS","2026-04-14","89.1","-1.51","5.51","Rea, Colin",607208,607067,"strikeout","called_strike",,,,,7,"Trea Turner challenged (pitch result), call on the field was confirmed: Trea Turner called out on strikes.","R","R","R","PHI","CHC","S",2,,2,2,2026,"-0.87","-0.37",-0.7121180285485766,1.5697268324322344,,,,0,3,"Bot",,,,,,,3.823154932347813,-129.68343874324506,-2.655717348124991,-10.587098386786137,27.04738601612142,-35.998824278867815,3.244578412,1.637450787,,,,"89.8",1245,"6.7",823478,608348,683737,663538,608324,621020,664023,691718,673548,"53.78",,0,"0",1,0,0,,24,8,"Split-Finger",3,2,3,2,2,3,3,2,"Standard","Standard",258,"-0.018","-0.232",,,,"0.232",,1,1,0.666,0.666,35,33,36,33,1,1,6,1,6,1,"3.24","0.87","0.87","30.7",,,,,
"SI","2026-04-14","97.4","-2.43","5.62","De los Santos, Yerry",672724,660787,,"ball",,,,,12,,"R","R","R","NYY","LAA","B",,,2,2,2026,"-1.51","0.67",0.9269860757094406,3.049064396004994,,,,0,8,"Top",,,,,,,12.468225700994296,-141.32810299932223,-2.736372987384555,-23.10714702360888,32.1415458234848,-22.731013535162624,3.186655184,1.608218504,,,,"97.7",2196,"6.6",823562,669224,502671,642708,641857,676609,545341,663757,592450,"53.88",,,,,,,,58,6,"Sinker",0,7,7,0,7,0,7,0,"Strategic","Standard",236,"0","0.112",,,,"-0.112",,-7,7,0.004,0.996,28,26,29,26,1,3,,2,22,1,"1.75","1.51","1.51","24.5",,,,,
"CU","2026-04-14","80","-0.66","5.68","Gray, Sonny",665019,543243,,"ball",,,,,13,,"R","L","R","MIN","BOS","B",,,1,1,2026,"0.93","-1.36",-0.07690624056181072,1.4499587130878648,,,,1,2,"Bot",,,,,,,-0.5170147269163604,-116.39433890259353,0.4203022724551304,8.389173195792633,27.135960553787484,-44.683393733138374,3.211228675,1.620620079,,,,"79.3",2595,"6.3",823723,665966,575929,643396,702332,596115,701350,680776,677800,"54.15",,,,,,,,14,3,"Curveball",1,0,1,0,0,1,1,0,"Standard","Standard",26,"0.003","0.055",,,,"-0.055",,1,1,0.635,0.635,36,30,37,30,1,0,6,2,6,1,"5","-0.93","0.93","50.3",,,,,
"FF","2026-04-14","95.1","-1.48","5.75","Mattson, Isaac",695578,676755,,"called_strike",,,,,1,,"R","L","R","PIT","WSH","S",,,1,1,2026,"-0.79","1.66",-0.797541563081459,3.29267284792097,,,,1,9,"Top",,,,,,,3.5802927420327975,-138.32614138136873,-4.358022668614235,-10.939978958938532,34.08927917567658,-10.191578856286666,3.488558071,1.760580709,,,,"95.2",2458,"6.6",823398,663698,656811,693304,694377,804606,663968,665833,668804,"53.88",,,,,,,,70,3,"4-Seam Fastball",4,5,5,4,5,4,5,4,"Strategic","Standard",213,"0.003","-0.064",,,,"0.064",,-1,1,0.182,0.8180000000000001,30,23,31,24,1,4,3,1,2,1,"0.88","0.79","-0.79","39.4",,,,,
"CU","2026-04-14","79.9","1.47","6.07","Sabrowski, Erik",676475,681870,,"ball",,,,,14,,"R","L","L","STL","CLE","B",,,2,0,2026,"-0.57","-1.24",0.9961493326845688,2.217790360166239,,,,2,8,"Bot",,,,,,,0.06539423102598971,-116.35075133675709,0.848653319083227,-5.144282075158279,22.28530356374042,-43.76859732961142,3.215616798,1.622834646,,,,"80.2",2692,"6.5",823072,681807,700932,682877,608070,677587,680757,682177,682657,"53.97",,,,,,,,65,3,"Curveball",4,5,4,5,5,4,4,5,"Strategic","Standard",329,"0.011","0.121",,,,"-0.121",,-1,-1,0.208,0.208,28,27,29,28,1,3,1,1,3,1,"4.81","-0.57","-0.57","49.6",,,,,
"FF","2026-04-14","97.8","-1.52","5.75","Morillo, Juan",687637,666661,,"called_strike",,,,,9,,"R","L","R","BAL","AZ","S",,,1,1,2026,"-0.48","1.34",0.6386357512045442,1.8430022555098535,,624413,694212,1,8,"Bot",,,,,,,6.881459859682729,-142.04123846212835,-7.938113340820663,-8.112990830476262,32.90520315272329,-12.320980767415268,3.417470472,1.724704724,,,,"97.7",2232,"6.4",824853,543510,663609,545121,571448,672695,694374,678489,682998,"54.13",,,,,,,,65,3,"4-Seam Fastball",2,4,2,4,4,2,2,4,"Standard","Standard",205,"-0.025","-0.058",,,,"0.058",,-2,-2,0.258,0.258,27,24,27,25,1,3,4,1,1,3,"1.05","0.48","-0.48","46.6",,,,,
"ST","2026-04-14","84.5","-1.19","5.85","Sims, Lucas",676356,608371,,"ball",,,,,12,,"R","R","R","CWS","TB","B",,,0,1,2026,"1.45","-0.03",0.9502506301577762,2.749034475070135,,810938,,1,6,"Top",,,,,,,1.9941069105735565,-123.19063186298023,-0.7484445668652052,14.581273920813974,20.387844665371187,-32.508271671796905,3.133120079,1.581200787,,,,"84.6",3092,"5.9",824616,700337,808959,805367,678246,682668,695020,656537,677592,"54.63",,,,,,,,48,2,"Sweeper",3,4,4,3,4,3,4,3,"Standard","Standard",71,"-0.004","0.025",,,,"-0.025",,-1,1,0.323,0.677,32,27,32,28,1,2,2,3,2,1,"3.16","-1.45","-1.45","43.7",,,,,
"SI","2026-04-14","92.1","1.81","5.64","Rogers, Taylor",702332,573124,,"ball",,,,,11,,"R","R","L","MIN","BOS","B",,,1,1,2026,"1.33","0.65",-0.18928047195765108,3.288436554130241,,701350,,1,8,"Top",,,,,,,-7.92475392546309,-133.8624294655723,-1.3857914749695661,17.73100796479223,28.477083373681015,-24.209234471821933,2.947063648,1.48730315,,,,"91.8",2122,"6.1",823723,605170,665019,807712,656484,686797,663616,621439,670242,"54.36",,,,,,,,62,3,"Sinker",6,0,0,6,0,6,0,6,"Standard","Standard",128,"-0.001","0.03",,,,"-0.03",,6,-6,0.991,0.009000000000000008,35,26,36,26,1,3,4,1,5,3,"2.04","1.33","-1.33","30.9",,,,,
"SL","2026-04-14","87.2","-2.95","5.73","Hoffman, Jeff",596142,656546,,"called_strike",,,,,9,,"R","R","R","MIL","TOR","S",,,0,0,2026,"0.13","0.33",0.64322146790444,2.019943006781777,,,668930,1,9,"Bot",,,,,,,8.262292205766611,-126.84589519217322,-3.2950879699570708,-0.07275612342149065,22.46723787737026,-28.199232685237632,3.311277887,1.671112205,,,,"87.8",2590,"6.4",823802,623168,665489,676391,672960,665926,676914,662139,660821,"54.1",,,,,,,,77,1,"Slider",5,6,5,6,6,5,5,6,"Standard","Standard",194,"0.055","-0.04",,,,"0.04",,-1,-1,0.214,0.214,33,33,33,34,1,4,2,2,4,1,"2.64","-0.13","-0.13","32.7",,,,,
"FF","2026-04-14","92.1","2.57","5.69","King, Bryan",666160,687911,,"called_strike",,,,,1,,"R","L","L","HOU","COL","S",,,3,1,2026,"0.16","1.24",-0.7214941782308295,2.96250298924116,,666397,687859,2,8,"Top",,,,,,,-8.63691707272377,-133.74532798263857,-3.5887016376105834,3.9527143485245486,30.901725243391258,-16.70804101273905,3.254232283,1.642322835,,,,"92",2196,"6.5",824210,543877,572233,514888,670623,621043,694388,666211,701358,"53.98",,,,,,,,73,5,"4-Seam Fastball",7,6,6,7,6,7,6,7,"Standard","Standard",146,"0.018","-0.11",,,,"0.11",,1,-1,0.729,0.271,29,28,30,28,1,2,3,2,5,1,"1.47","0.16","0.16","38.6",,,,,
"SL","2026-04-14","83","-1.37","5.74","Morillo, Juan",624413,666661,"walk","ball",,,,,14,"Pete Alonso challenged (pitch result), call on the field was overturned: Pete Alonso walks.","R","R","R","BAL","AZ","B",,,3,2,2026,"0.7","-0.91",0.5083503668656867,1.511051588985973,,,,1,8,"Bot",,,,,,,2.857536494468658,-120.8315360377121,-1.1081108527462709,6.22402785597086,24.969133892329303,-41.03691520834819,3.323564633,1.677312992,,,,"83.3",2648,"6.6",824853,543510,663609,545121,571448,672695,694374,678489,682998,"53.92",,0.704857,"0.7",1,0,0,,63,7,"Slider",2,4,2,4,4,2,2,4,"Standard","Standard",47,"0.047","0.339",,,,"-0.339",,-2,-2,0.131,0.131,27,31,27,32,1,3,4,1,1,1,"4.23","-0.7","-0.7","50.8",,,,,
"SL","2026-04-14","80.9","3.2","5.91","Okert, Steven",671289,595345,,"ball",,,,,14,,"R","R","L","HOU","COL","B",,,2,0,2026,"-0.72","0.14",0.9918706682093572,2.146941056044419,,,,2,6,"Top",,,,,,,-3.4614814147202133,-117.86374235475685,-1.8485147855069548,-6.137156025954369,20.929900262072138,-30.75220248296705,3.150672572,1.590059055,,,,"81.1",2131,"6.2",824210,543877,572233,514888,670623,621043,694388,666211,701358,"54.3",,,,,,,,56,3,"Slider",7,5,5,7,5,7,5,7,"Standard","Standard",264,"-0.005","0.121",,,,"-0.121",,2,-2,0.827,0.17300000000000004,34,27,35,27,1,3,3,2,1,1,"3.32","-0.72","0.72","34.0",,,,,
"ST","2026-04-14","84.9","-2.95","6.26","Treinen, Blake",673357,595014,"strikeout","called_strike",,,,,9,"Luis Robert Jr. challenged (pitch result), call on the field was confirmed: Luis Robert Jr. called out on strikes.","R","R","R","LAD","NYM","S",2,,3,2,2026,"0.87","-0.36",0.426909705029043,1.6318209939959418,701807,596019,,2,8,"Top",,,,,,,5.958245074678768,-123.57543105642587,-3.503931266517342,7.815920729278157,24.041565541191986,-35.39935620953672,3.310400263,1.670669291,,,,"84.1",2598,"5.7",823965,669257,518692,690976,571970,808975,606192,681624,663656,"54.79",,0,"0",1,0,0,,54,7,"Sweeper",1,1,1,1,1,1,1,1,"Standard","Standard",43,"0.122","-0.248",,,,"0.248",,0,0,0.486,0.514,38,28,38,29,1,3,3,1,1,1,"3.52","-0.87","-0.87","33.6",,,,,
"ST","2026-04-14","84.3","-2.73","6","Mejia, Juan",572233,675848,,"ball",,,,,14,,"R","R","R","HOU","COL","B",,,1,1,2026,"1.28","-0.13",0.9879952487200876,1.8861959446194043,,,621043,0,7,"Bot",,,,,,,5.898016753079649,-122.58713749560522,-2.5659645086645133,11.386922959880652,28.176693544503152,-33.09805253111943,3.178756562,1.604232283,,,,"83.3",2960,"6",824210,696100,681198,650489,691720,678662,666160,664983,687597,"54.48",,,,,,,,65,3,"Sweeper",7,5,7,5,5,7,7,5,"Standard","Standard",55,"0.003","0.044",,,,"-0.044",,2,2,0.901,0.901,25,35,26,35,1,3,4,1,2,1,"3.38","-1.28","-1.28","36.9",,,,,
"FF","2026-04-14","93.9","0.5","6.31","Parker, Mitchell",665833,680730,,"ball",,,,,11,,"R","L","L","PIT","WSH","B",,,1,2,2026,"0.62","1.59",-0.3835919740324857,3.639638823243186,,,,1,5,"Bot",,,,,,,-3.686413767070996,-136.71910212867144,-4.5853110816373714,8.636498173458206,31.186460281114027,-11.503435744551178,3.515764436,1.774311024,,,,"94.1",2100,"6.5",823398,686452,671277,683083,678391,682928,695734,696285,695578,"54.03",,,,,,,,43,4,"4-Seam Fastball",4,5,4,5,5,4,4,5,"Infield shade","Strategic",173,"0.004","0.048",,,,"-0.048",,-1,-1,0.374,0.374,26,27,27,28,1,2,,1,4,1,"1","0.62","0.62","72.5",,,,,
"SL","2026-04-13","85.8","2.15","5.66","Kikuchi, Yusei",676609,579328,,"ball",,,,,12,,"R","R","L","NYY","LAA","B",,,1,1,2026,"-0.27","0.24",0.8629506638575872,2.5877828028998566,,,,2,3,"Bot",,,,,,,-2.4979439613485024,-125.03000919941843,-1.3535704754139204,-2.3276067680511283,23.40659574901917,-29.634916913995102,3.083095472,1.555954724,,,,,2211,,823563,681351,694384,624428,660162,687263,666139,545361,666176,"53.57",,,,,,,,27,3,"Slider",4,0,4,0,0,4,4,0,"Standard","Standard",195,"0.001","0.053",,,,"-0.053",,4,4,0.88,0.88,35,29,35,30,2,1,6,1,5,1,"2.83","-0.27","0.27",,,,,,
"SL","2026-04-13","86.4","2.38","5.52","Wrobleski, Justin",668901,680736,,"called_strike",,,,,7,,"R","R","L","LAD","NYM","S",,,1,1,2026,"-0.2","0.13",-0.7267759219196124,1.7244931967102803,,,,2,4,"Top",,,,,,,-6.804625558326492,-125.81782598864677,-2.8959531290610783,-0.8062702212154066,23.759697096709573,-30.394355058639068,3.340239501,1.685728347,,,,"85.4",2303,"5.5",823964,669257,518692,669289,571970,500743,606192,681624,663656,"55.03",,,,,,,,28,3,"Slider",4,0,0,4,0,4,0,4,"Standard","Standard",286,"0.002","-0.062",,,,"0.062",,4,-4,0.906,0.09399999999999997,25,26,26,27,2,1,7,1,7,1,"2.9","-0.2","0.2","33.8",,,,,
"SL","2026-04-13","86.5","-2.01","5.1","Gerber, Joey",571970,680702,"strikeout","called_strike",,,,,7,"Max Muncy challenged (pitch result), call on the field was confirmed: Max Muncy called out on strikes.","R","L","R","LAD","NYM","S",2,,2,2,2026,"0.44","0.67",-0.7963783724162754,1.7125676271811932,,,,0,8,"Bot",,,,,,,1.9475332800401388,-126.0829363769938,-3.1254927389496743,4.419094428778191,22.847220680314408,-24.58593104349933,3.127854331,1.578543307,,,,"87.1",2240,"6.3",823964,682626,668901,543760,666182,596019,502054,673357,621438,"54.18",,0,"0",1,0,0,,59,5,"Slider",4,0,4,0,0,4,4,0,"Infield shade","Standard",184,"-0.001","-0.232",,,,"0.232",,4,4,0.988,0.988,29,35,29,36,1,3,,1,,1,"2.34","-0.44","0.44","31.6",,,,,
"FF","2026-04-13","94.9","-2.41","5.5","Eovaldi, Nathan",701762,543135,,"ball",,,,,13,,"R","L","R","ATH","TEX","B",,,1,1,2026,"-1.05","0.95",-0.34924485253605986,1.5313488588464723,,,,1,4,"Bot",,,,,,,7.7755671424100194,-137.8564532554414,-6.632254261629239,-15.165168934219759,34.38878552536402,-18.685946930767397,3.413082349,1.722490158,,,,"95.1",2146,"6.8",825024,543309,669394,669701,673962,608369,677649,694497,607043,"53.7",,,,,,,,30,3,"4-Seam Fastball",0,4,0,4,4,0,0,4,"Infield shade","Standard",228,"0.003","0.055",,,,"-0.055",,-4,-4,0.123,0.123,36,23,36,23,2,1,6,1,5,1,"1.61","1.05","-1.05","35.0",,,,,
"SI","2026-04-13","94.8","-3.07","5.53","Warren, Will",660162,701542,"strikeout","called_strike",,,,,2,"Yoán Moncada challenged (pitch result), call on the field was confirmed: Yoán Moncada called out on strikes.","R","L","R","NYY","LAA","S",2,,2,2,2026,"-1.41","0.28",0.11403706702045846,3.2521057508610207,,,,1,2,"Top",,,,,,,11.452991097577753,-137.5667439926913,-0.6712866051054664,-20.613829724164304,33.40504944715833,-28.69788654299544,3.217372047,1.623720472,,,,,2457,,823563,669224,502671,665862,642708,676609,545341,641355,592450,"53.92",,0,"0",1,0,0,,11,6,"Sinker",2,0,0,2,0,2,0,2,"Infield shade","Standard",224,"0.014","-0.228",,,,"0.228",,2,-2,0.723,0.277,27,31,27,31,1,0,5,2,5,1,"2.29","1.41","-1.41",,,,,,
"SI","2026-04-13","96.3","-2.47","5.62","Muñoz, Rolddy",689414,691548,,"ball",,,,,13,,"R","L","R","ATL","MIA","B",,,1,0,2026,"-1.3","0.73",-0.9626513244486543,1.8313957389571298,805300,,682663,2,6,"Top",,,,,,,6.910995912865176,-140.05543662504567,-5.935337208487586,-18.67794968892496,30.021579821920806,-21.436683922475268,3.085728346,1.557283465,,,,"95.9",2165,"6",824937,686948,621566,645277,663586,622761,643289,671739,660670,"54.52",,,,,,,,54,2,"Sinker",4,8,8,4,8,4,8,4,"Standard","Standard",239,"-0.001","0.023",,,,"-0.023",,-4,4,0.081,0.919,26,27,26,27,1,3,,1,,1,"1.72","1.3","-1.3","24.4",,,,,
"FF","2026-04-13","95.7","-2.48","6.11","Gaddis, Hunter",695336,683769,"strikeout","called_strike",,,,,9,"Thomas Saggese challenged (pitch result), call on the field was confirmed: Thomas Saggese called out on strikes.","R","R","R","STL","CLE","S",2,,2,2,2026,"-0.45","1.08",0.5390502514539957,1.484288837155662,,669357,691026,2,8,"Bot",,,,,,,8.99476190229018,-138.901818631419,-8.890167675688993,-7.812514682688968,31.66351483561243,-16.26264781606837,3.141018701,1.585187008,,,,"96.7",2105,"7",823073,595978,656555,682877,608070,677587,680757,682177,682657,"53.48",,0,"0",1,0,0,,74,5,"4-Seam Fastball",3,9,3,9,9,3,3,9,"Strategic","Standard",210,"-0.005","-0.203",,,,"0.203",,-6,-6,0.008,0.008,28,24,28,24,1,1,,1,4,1,"1.42","0.45","0.45","32.9",,,,,
"FF","2026-04-13","94.2","-1.72","5.76","Romano, Jordan",641857,605447,,"ball",,,,,13,,"R","L","R","NYY","LAA","B",,,1,1,2026,"-0.59","1.68",-0.0144133155721764,1.4577860446351703,676609,,669224,0,9,"Bot",,,,,,,5.85711331006875,-136.66815105923297,-9.136235513980415,-8.83637820820821,33.99869491476336,-9.230250453675344,3.31742126,1.674212598,,,,"95.8",2345,"7.7",823563,681351,694384,624428,672724,687263,669326,545361,666176,"52.83",,,,,,,,89,3,"4-Seam Fastball",10,10,10,10,10,10,10,10,"Strategic","Strategic",202,"0.005","0.052",,,,"-0.052",,0,0,0.922,0.922,33,31,33,32,1,2,7,1,2,1,"0.93","0.59","-0.59","49.6",,,,,
"ST","2026-04-13","83.9","-3.53","5.46","Warren, Will",694384,701542,,"ball",,,,,13,,"R","L","R","NYY","LAA","B",,,1,1,2026,"1.68","-0.13",-0.7918070754023254,1.4943710141546913,,,,2,1,"Top",,,,,,,2.873587579464982,-122.11819728237761,-2.1767193821384208,15.962013778528075,28.40423533549994,-33.15585533010952,3.290214895,1.660482283,,,,,3163,,823563,669224,502671,665862,642708,676609,545341,641355,592450,"53.69",,,,,,,,3,3,"Sweeper",0,0,0,0,0,0,0,0,"Standard","Standard",56,"-0.001","0.053",,,,"-0.053",,0,0,0.538,0.46199999999999997,27,24,27,24,1,0,5,1,5,2,"3.41","-1.68","1.68",,,,,,
"SI","2026-04-13","93.7","-1.09","5.43","Watson, Ryan",807712,670245,"strikeout","called_strike",,,,,9,"Luke Keaschall challenged (pitch result), call on the field was confirmed: Luke Keaschall called out on strikes.","R","R","R","MIN","BOS","S",2,,3,2,2026,"-1.46","0.92",0.4036534929714104,1.6016387862564219,,,,1,5,"Bot",,,,,,,7.1905886036819116,-136.22181612234138,-6.091943784629585,-19.705879151288432,29.170085168335184,-19.59586038757713,3.213861549,1.621948819,,,,"95.3",2385,"7.2",823725,665966,575929,691785,702332,596115,680776,678882,677800,"53.29",,0,"0",1,0,0,,51,6,"Sinker",12,3,12,3,3,12,12,3,"Infield shade","Strategic",217,"0","-0.332",,,,"0.332",,9,9,0.996,0.996,28,23,29,24,1,3,2,1,2,1,"1.68","1.46","1.46","34.3",,,,,
"FF","2026-04-13","96.7","-2.42","5.61","Muñoz, Rolddy",688363,691548,"strikeout","called_strike",,,,,7,"Graham Pauley challenged (pitch result), call on the field was confirmed: Graham Pauley called out on strikes.","R","L","R","ATL","MIA","S",2,,2,2,2026,"-1.33","0.59",-0.7773120359190295,2.1265127209076047,,,681715,0,6,"Top",,,,,,,7.351636646872854,-140.62797279594366,-4.831081431691293,-19.282075488768204,32.68228076217837,-23.449872112803398,3.254232283,1.642322835,,,,"96",2159,"6",824937,686948,621566,645277,663586,622761,643289,671739,660670,"54.5",,0,"0",1,0,0,,50,7,"4-Seam Fastball",4,7,7,4,7,4,7,4,"Infield shade","Standard",240,"0.013","-0.201",,,,"0.201",,-3,3,0.123,0.877,26,25,26,26,1,2,,2,,1,"1.86","1.33","-1.33","23.0",,,,,
"FF","2026-04-13","95.3","-0.63","6","Hoffmann, Andrew",677942,694851,"strikeout","called_strike",,,,,1,"Blaze Alexander challenged (pitch result), call on the field was confirmed: Blaze Alexander called out on strikes.","R","R","R","BAL","AZ","S",2,,1,2,2026,"-0.27","1.29",-0.5304006036866831,3.2775520573999852,,,,0,8,"Bot",,,,,,,0.8864702283541135,-138.83406774539543,-4.310768625889739,-3.717369488662538,30.331719808883836,-14.683827003018116,3.178756562,1.604232283,,,,"95.8",2275,"6.5",824856,680728,545121,606466,571448,672695,678489,677950,682998,"54.03",,0,"0",1,0,0,,70,4,"4-Seam Fastball",9,7,9,7,7,9,9,7,"Standard","Standard",205,"-0.004","-0.189",,,,"0.189",,2,2,0.936,0.936,26,27,26,27,1,3,5,3,6,1,"1.21","0.27","0.27","55.9",,,,,
"SL","2026-04-13","89","-0.62","5.96","Helsley, Ryan",678489,664854,,"ball",,,,,13,,"R","L","R","BAL","AZ","B",,,1,0,2026,"0.68","0.36",-0.12619956762107498,1.2141059764854547,,,,1,9,"Top",,,,,,,-0.26035789806851545,-129.6184928897,-6.1444827017976875,7.6812245867522995,26.85792734189151,-27.095150492574067,2.958472769,1.493061024,,,,"89.4",2469,"6.5",824856,694212,624413,669236,677942,683002,621493,665750,681297,"54.01",,,,,,,,74,2,"Slider",9,7,7,9,7,9,7,9,"Standard","Standard",177,"-0.011","0.071",,,,"-0.071",,2,-2,0.958,0.04200000000000004,31,25,32,25,1,3,2,1,2,1,"2.51","-0.68","0.68","54.9",,,,,
"SI","2026-04-13","94.8","-2.65","5.88","Burrows, Mike",680977,681347,,"called_strike",,,,,7,,"R","L","R","SEA","HOU","S",,,1,1,2026,"-1.32","0.93",-0.5197016572800908,1.5734688184364876,,,,0,1,"Bot",,,,,,,8.488360862828017,-137.70297109442498,-7.4582916171920814,-18.678520003758067,29.613903403050937,-18.79943522050016,3.159448819,1.594488189,,,,"94.8",2213,"6.3",823153,673237,572233,514888,621043,669397,670541,666211,701358,"54.18",,,,,,,,5,3,"Sinker",0,0,0,0,0,0,0,0,"Infield shade","Standard",215,"-0.006","-0.061",,,,"0.061",,0,0,0.547,0.547,26,29,27,29,1,0,6,1,6,1,"1.61","1.32","-1.32","36.7",,,,,
"FF","2026-04-12","95.9","-1.97","6.12","Schlittler, Cam",666018,693645,,"ball",,,,,11,,"R","L","R","TB","NYY","B",,,0,2,2026,"-0.31","1.37",-0.625606813175631,3.392611412503712,,,691406,1,5,"Bot",,,,,,,4.280707238381839,-139.4254296918238,-4.518396617633334,-5.125916084093407,34.93548489005026,-13.569225402895084,3.189288058,1.609547244,,,,"96.3",2400,"6.8",822998,641555,700250,665862,641857,676609,641355,663757,545341,"53.69",,,,,,,,37,3,"4-Seam Fastball",3,0,3,0,0,3,3,0,"Infield shade","Standard",198,"0.001","0.01",,,,"-0.01",,3,3,0.88,0.88,25,28,25,28,3,2,5,1,5,2,"1.14","0.31","-0.31","43.0",,,,,
"FF","2026-04-12","96.9","-2.24","6.6","Painter, Andrew",672695,691725,,"called_strike",,,,,1,,"R","L","R","PHI","AZ","S",,,0,0,2026,"-0.33","1.42",-0.6648821307765976,3.000172357859096,,545121,682998,0,6,"Top",,,,,,,4.940625024743697,-140.9063125946877,-7.163864316178676,-5.497736713005337,31.67714348267759,-11.841923087898227,3.31742126,1.674212598,,,,"97.4",2256,"6.6",823479,665561,547180,681082,664761,607208,669016,702222,666969,"53.92",,,,,,,,38,1,"4-Seam Fastball",0,1,1,0,1,0,1,0,"Standard","Standard",205,"0.008","-0.053",,,,"0.053",,-1,1,0.248,0.752,23,26,23,27,2,2,6,1,7,1,"1.01","0.33","-0.33","47.5",,,,,
"SI","2026-04-12","94.8","-1.51","5.69","Houser, Adrian",621493,605288,,"ball",,,,,13,,"R","R","R","BAL","SF","B",,,0,0,2026,"-1.32","0.6",-0.8679847907660516,2.031642354572079,,,683002,1,3,"Bot",,,,,,,4.701301493233563,-137.86064389628783,-5.044375997434983,-17.919539620304068,31.521351493136983,-23.592123748521203,3.190165682,1.609990158,,,,"95.4",2087,"6.7",824859,691740,646240,683766,656305,642715,671218,808982,666464,"53.78",,,,,,,,20,1,"Sinker",2,0,2,0,0,2,2,0,"Standard","Standard",226,"0.002","0.035",,,,"-0.035",,2,2,0.766,0.766,33,32,33,33,2,1,6,1,6,1,"1.95","1.32","1.32","37.7",,,,,
"FF","2026-04-12","93.9","1.91","6.24","Skubal, Tarik",596103,669373,"walk","ball",,,,,14,"Austin Slater challenged (pitch result), call on the field was overturned: Austin Slater walks.","R","R","L","DET","MIA","B",,,3,0,2026,"0.48","1.52",1.0159178518387244,2.29453613209235,,,,0,4,"Top",,,,,,,-3.361404261891179,-136.5396306559496,-7.628423798616403,6.7680529389183715,32.32298389614682,-11.658757649667562,3.257742782,1.644094488,,,,"93.6",2249,"6.3",824293,693307,679529,650402,656716,805808,682985,595879,681481,"54.18",,0.704857,"0.7",1,0,0,,23,4,"4-Seam Fastball",3,0,0,3,0,3,0,3,"Standard","Standard",154,"-0.016","0.171",,,,"-0.171",,3,-3,0.791,0.20899999999999996,29,33,30,34,2,1,5,5,6,3,"1.08","0.48","-0.48","52.5",,,,,
"FC","2026-04-12","89.7","-1.98","5.92","Rasmussen, Drew",700250,656876,"strikeout","called_strike",,,,,9,"Ben Rice challenged (pitch result), call on the field was confirmed: Ben Rice called out on strikes.","R","L","R","TB","NYY","S",2,,3,2,2026,"0.67","0.16",0.32113247704459436,1.8076289587330363,,,,0,4,"Top",,,,,,,4.189559273765686,-130.62813021620076,-4.281181232444286,6.783246558752437,28.423269574861855,-29.638365067273757,3.280561024,1.655610236,,,,"90",2786,"6.5",822998,676439,666018,680700,691406,670764,802415,656775,641584,"53.99",,0,"0",1,0,0,,26,6,"Cutter",3,0,0,3,0,3,0,3,"Infield shade","Strategic",146,"0.028","-0.345",,,,"0.345",,3,-3,0.808,0.19199999999999995,30,27,31,27,2,1,11,1,6,1,"2.68","-0.67","0.67","56.6",,,,,
"FF","2026-04-12","95.8","-3.56","5.15","Peralta, Freddy",672016,642547,,"ball",,,,,11,,"R","R","R","NYM","ATH","B",,,1,1,2026,"-0.59","1.35",-0.8355418608012555,2.9108572241253023,666126,,687231,2,2,"Top",,,,,,,8.49676396412789,-139.36070822661063,-3.275032151647938,-9.457597158765795,29.403550177909167,-14.046278785420863,3.363057743,1.697244095,,,,"96.7",2477,"6.7",823642,620443,676724,543760,666182,596019,621438,701807,683146,"53.81",,,,,,,,13,3,"4-Seam Fastball",0,0,0,0,0,0,0,0,"Standard","Standard",201,"-0.006","0.03",,,,"-0.03",,0,0,0.503,0.497,30,26,30,26,1,0,5,1,6,1,"1.13","0.59","0.59","35.5",,,,,
"FF","2026-04-12","94.2","-1.77","6.49","Bibee, Tanner",622761,676440,,"called_strike",,,,,6,,"R","R","R","ATL","CLE","S",,,1,1,2026,"-0.68","1.59",0.7243712903501891,2.4474154927083096,,643289,,2,2,"Bot",,,,,,,7.968073040554262,-136.81820014066116,-8.169056143210264,-10.357315429394836,31.171099998897436,-10.507045633885637,3.198064305,1.613976378,,,,"94.5",2450,"6.6",824938,681807,656555,682877,608070,677587,682657,682177,800050,"53.88",,,,,,,,18,3,"4-Seam Fastball",1,0,1,0,0,1,1,0,"Standard","Standard",196,"-0.007","-0.056",,,,"0.056",,1,1,0.64,0.64,27,31,27,31,1,0,6,1,5,1,"0.99","0.68","0.68","63.5",,,,,
"FF","2026-04-12","93.6","3.36","5.34","Barco, Hunter",608324,682995,,"called_strike",,,,,4,,"R","R","L","CHC","PIT","S",,,2,1,2026,"1.35","1.21",-0.7857381675546242,2.3153509071462457,621020,663538,665804,1,7,"Bot",,,,,,,-13.53871261394151,-135.51875424914036,-4.432185659730464,19.797234132099653,34.02244219664956,-16.44993179942101,3.126099081,1.57765748,,,,"92.7",2431,"6.4",824696,663698,687462,664040,694377,804606,668804,665833,656811,"54.13",,,,,,,,59,4,"4-Seam Fastball",3,6,3,6,6,3,3,6,"Standard","Standard",127,"-0.029","-0.097",,,,"0.097",,-3,-3,0.293,0.293,25,32,26,32,1,3,8,1,16,1,"1.45","1.35","-1.35","25.7",,,,,
"SL","2026-04-12","91.4","-1.57","5.68","deGrom, Jacob",808975,594798,"strikeout","called_strike",,,,,9,"Hyeseong Kim challenged (pitch result), call on the field was confirmed: Hyeseong Kim called out on strikes.","R","L","R","LAD","TEX","S",2,,2,2,2026,"0.15","0.26",0.5216535390879173,1.6073349982323615,,,669743,0,3,"Bot",,,,,,,4.895421386983548,-133.0392107325867,-4.732829814540085,0.776655084375981,28.39202114423103,-28.273779760958927,3.124343832,1.576771654,,,,"91.9",2527,"6.5",823966,643376,669394,669701,673962,608369,677649,694497,607043,"53.96",,0,"0",1,0,0,,27,5,"Slider",1,2,1,2,2,1,1,2,"Infield shade","Standard",162,"-0.035","-0.201",,,,"0.201",,-1,-1,0.475,0.475,38,27,38,27,1,0,6,1,5,2,"2.47","-0.15","0.15","32.7",,,,,
"FF","2026-04-12","90.9","-0.68","5.82","Bellozo, Valente",593428,678368,,"ball",,,,,12,,"R","R","R","SD","COL","B",,,2,1,2026,"-0.75","1.41",0.9494176600871272,2.5739325066766714,,,592518,2,3,"Bot",,,,,,,5.6575661605430065,-132.28638605039723,-5.069888672627301,-9.997591466615837,28.443449741737236,-14.733131754168209,3.284949147,1.657824803,,,,"90.7",2093,"6.2",823317,664954,681198,666397,691720,678662,666160,686668,671289,"54.32",,,,,,,,23,4,"4-Seam Fastball",2,0,2,0,0,2,2,0,"Standard","Standard",207,"0.005","0.079",,,,"-0.079",,2,2,0.747,0.747,26,33,26,34,1,1,3,2,,2,"1.35","0.75","0.75","40.0",,,,,
"SL","2026-04-12","86.9","-2.28","6.34","Brubaker, JT",624413,664141,,"ball",,,,,11,,"R","R","R","BAL","SF","B",,,1,1,2026,"0.03","0.09",-0.5065496023748601,3.4869513873976263,,669236,621493,1,8,"Bot",,,,,,,4.073236241952756,-126.59597365857208,-0.7009434380251649,-0.40261830324871806,24.017611911984968,-31.26864588698732,3.323564633,1.677312992,,,,"86.1",2538,"5.6",824859,691740,646240,683766,656305,642715,671218,808982,666464,"54.92",,,,,,,,68,3,"Slider",6,1,6,1,1,6,6,1,"Infield shade","Standard",133,"0","0.048",,,,"-0.048",,5,5,0.996,0.996,32,31,33,32,1,4,2,1,3,1,"2.9","-0.03","-0.03","46.6",,,,,
"SI","2026-04-12","92.3","-1.55","3.81","Kelly, Kevin",676609,687330,,"ball",,,,,14,,"R","R","R","TB","NYY","B",,,0,0,2026,"-1.27","-0.72",0.13665760096935076,1.152142120391106,,,641857,0,8,"Top",,,,,,,7.156251273088788,-134.12915589689536,0.9685269577568898,-16.920273240962594,32.66062173167468,-41.31816958610752,3.083095472,1.555954724,,,,"93",1843,"7.1",822998,663743,666018,680700,691406,670764,802415,656775,641584,"53.41",,,,,,,,58,1,"Sinker",4,2,2,4,2,4,2,4,"Standard","Standard",261,"-0.011","0.04",,,,"-0.04",,2,-2,0.793,0.20699999999999996,28,29,29,30,1,2,1,1,4,1,"3.43","1.27","1.27","2.0",,,,,
"FC","2026-04-12","85.6","-1.53","6.02","Taillon, Jameson",656811,592791,,"called_strike",,,,,8,,"R","L","R","CHC","PIT","S",,,1,0,2026,"0.49","1",-0.044708056411774943,1.673558135138017,,,664040,1,1,"Top",,,,,,,2.4822394985327074,-124.63774817381677,-5.885746387001107,4.6755247421118655,23.008731210149868,-20.821737540963337,3.28933727,1.66003937,,,,"86.6",2515,"6.7",824696,608348,807713,663538,608324,621020,664023,691718,673548,"53.82",,,,,,,,4,2,"Cutter",0,1,1,0,1,0,1,0,"Infield shade","Standard",177,"0.004","-0.056",,,,"0.056",,-1,1,0.399,0.601,34,32,35,33,1,0,6,1,6,1,"2.09","-0.49","0.49","41.9",,,,,
"ST","2026-04-12","79.2","-2.68","4.83","Barlow, Scott",621438,605130,,"ball",,,,,13,,"R","R","R","NYM","ATH","B",,,2,1,2026,"1.64","0.83",-0.5734929500737262,1.399762724771239,,,,2,8,"Bot",,,,,,,1.4373013477691619,-115.40549215118418,-2.0765037550289662,14.34669191240438,22.17156050217527,-24.56502740457182,3.231414042,1.630807087,,,,"80.1",2383,"6.9",823642,669127,701762,643446,691777,687231,691016,672016,671732,"53.57",,,,,,,,58,4,"Sweeper",0,1,0,1,1,0,0,1,"Infield shade","Standard",97,"0.01","0.117",,,,"-0.117",,-1,-1,0.201,0.201,33,32,34,32,1,2,2,1,3,1,"2.8","-1.64","-1.64","22.6",,,,,
"SI","2026-04-12","95.9","-2.3","6.22","Brubaker, JT",621493,664141,"walk","ball",,,,,14,"Taylor Ward challenged (pitch result), call on the field was overturned: Taylor Ward walks.","R","R","R","BAL","SF","B",,,3,2,2026,"-1.48","0.68",0.8548737244222129,2.0844952720225227,,669236,,1,8,"Bot",,,,,,,11.482718258971419,-139.07512246450068,-6.515212669733648,-21.81643181035641,33.14426904137976,-21.982117892135957,3.190165682,1.609990158,,,,"94.6",2256,"5.9",824859,691740,646240,683766,656305,642715,671218,808982,666464,"54.65",,0.704857,"0.7",1,0,0,,67,6,"Sinker",6,1,6,1,1,6,6,1,"Infield shade","Standard",220,"0.001","0.212",,,,"-0.212",,5,5,0.995,0.995,32,32,33,33,1,4,2,1,3,1,"1.83","1.48","1.48","42.9",,,,,
"SI","2026-04-12","95.8","-2.11","5.01","Morgan, David",696100,688158,,"called_strike",,,,,9,,"R","R","R","SD","COL","S",,,3,1,2026,"-1.47","0.3",0.3729484641080745,1.6032970415978052,,,,0,7,"Top",,,,,,,9.792561290074788,-139.17564489456734,-3.8540129499013527,-21.290529081938836,30.475852870068284,-27.542147578039078,3.178756562,1.604232283,,,,"95.5",2117,"6.2",823317,666023,664034,665487,592518,593428,657656,701538,669369,"54.34",,,,,,,,51,5,"Sinker",6,2,2,6,2,6,2,6,"Standard","Standard",229,"0.008","-0.094",,,,"0.094",,4,-4,0.929,0.07099999999999995,26,26,27,27,1,2,3,1,5,2,"2.18","1.47","1.47","28.3",,,,,
"SL","2026-04-12","88.4","-2.65","5.66","Hoffman, Jeff",663616,656546,"strikeout","called_strike",,,,,1,"Trevor Larnach challenged (pitch result), call on the field was confirmed: Trevor Larnach called out on strikes.","R","L","R","TOR","MIN","S",2,,1,2,2026,"0.32","0.03",-0.5766713249375992,3.424184910225115,,,,2,9,"Top",,,,,,,4.3233083188230825,-128.7907207741122,0.6402747147581238,2.8773149282850574,22.72961476228708,-32.165244618746755,3.323564633,1.677312992,,,,"89.4",2773,"6.5",822828,678218,665489,676391,672960,665926,660821,662139,664770,"53.99",,0,"0",1,0,0,,76,4,"Slider",2,8,8,2,8,2,8,2,"Infield shade","Standard",90,"0","-0.182",,,,"0.182",,-6,6,0.003,0.997,33,29,33,29,1,4,4,1,2,2,"2.85","-0.32","0.32","36.7",,,,,
"FF","2026-04-12","93.6","-2.18","5.17","Henry, Cole",596142,669371,,"ball",,,,,14,,"R","R","R","MIL","WSH","B",,,1,0,2026,"-1.18","1.03",0.9852239594157852,2.2161166267940233,,668930,661388,2,7,"Bot",,,,,,,10.75330978682316,-135.86833974061804,-4.000381098543565,-16.995797914164555,29.04363784179439,-18.73372073717212,3.311277887,1.671112205,,,,"94",2565,"6.6",823804,660688,678554,683083,678391,682928,695734,696285,695578,"53.9",,,,,,,,61,2,"4-Seam Fastball",3,6,3,6,6,3,3,6,"Standard","Standard",238,"0.009","0.029",,,,"-0.029",,-3,-3,0.13,0.13,26,33,27,34,1,1,4,1,,2,"1.58","1.18","1.18","22.5",,,,,
"ST","2026-04-12","85","-3.95","4.59","Sewald, Paul",702222,623149,"strikeout","called_strike",,,,,7,"Justin Crawford challenged (pitch result), call on the field was confirmed: Justin Crawford called out on strikes.","R","L","R","PHI","AZ","S",2,,1,2,2026,"1.1","0.4",-0.8141210355558217,1.9924401144922381,,,,2,9,"Bot",,,,,,,5.000786332606616,-123.79408977402441,-0.38612868258618416,10.24702668093434,25.504244876786927,-28.227132976340936,3.278805774,1.654724409,,,,"84.9",2484,"6.2",823479,543510,663609,606466,699912,672695,545121,677950,678489,"54.26",,0,"0",1,0,0,,74,5,"Sweeper",3,4,3,4,4,3,3,4,"Standard","Strategic",90,"-0.047","-0.182",,,,"0.182",,-1,-1,0.047,0.047,36,22,36,22,1,3,2,1,2,1,"2.76","-1.1","1.1","17.5",,,,,
"SI","2026-04-12","94.9","-1.42","5.79","Bello, Brayan",676475,678394,,"ball",,,,,14,,"R","L","R","STL","BOS","B",,,0,1,2026,"-1.19","0.72",0.882873094379441,1.9629757635925458,,,,2,1,"Bot",,,,,,,8.648362973404005,-137.85836918313,-5.7109677159642995,-17.129734943533876,30.97235569964231,-21.93968687257886,3.215616798,1.622834646,,,,"94.7",2021,"6.3",823075,657136,575929,691785,702332,596115,680776,678882,677800,"54.21",,,,,,,,8,2,"Sinker",0,2,0,2,2,0,0,2,"Infield shade","Standard",226,"0.001","0.027",,,,"-0.027",,-2,-2,0.311,0.311,27,27,27,28,1,0,6,1,6,1,"1.83","1.19","-1.19","41.5",,,,,
"FF","2026-04-12","98.2","-0.93","6.25","Phillips, Tyler",682985,663969,,"ball",,,,,13,,"R","L","R","DET","MIA","B",,,2,2,2026,"-0.55","0.98",-0.19175601493162486,1.453725266679384,,,,0,7,"Bot",,,,,,,3.248349498189634,-142.86883645418595,-9.651215207251598,-8.184768027391677,27.31859833473539,-16.879968769232125,3.303379265,1.667125984,,,,"99.1",2208,"6.4",824293,682663,681393,669364,691594,672640,681715,805300,596103,"54.09",,,,,,,,57,5,"4-Seam Fastball",7,1,7,1,1,7,7,1,"Infield shade","Standard",213,"0","0.112",,,,"-0.112",,6,6,0.993,0.993,28,25,29,26,1,3,3,1,5,2,"1.35","0.55","-0.55","39.2",,,,,
"ST","2026-04-12","84.1","3.5","5.97","Fluharty, Mason",681546,689254,"strikeout","called_strike",,,,,7,"James Outman challenged (pitch result), call on the field was confirmed: James Outman called out on strikes.","R","L","L","TOR","MIN","S",2,,1,2,2026,"-1.16","0",-0.4964261328456806,1.7584616875461778,,,,0,6,"Top",,,,,,,-6.832775764687482,-122.347925394611,-3.123724831305906,-10.308147323564395,24.49051559739212,-31.778164684367702,3.292847769,1.661811024,,,,"84.6",2674,"6.7",822828,678218,665489,676391,672960,665926,660821,662139,664770,"53.83",,0,"0",1,0,0,,50,4,"Sweeper",1,8,8,1,8,1,8,1,"Standard","Standard",300,"0.001","-0.189",,,,"0.189",,-7,7,0.015,0.985,24,29,25,29,1,2,4,3,2,3,"3.23","-1.16","-1.16","40.0",,,,,
"FF","2026-04-12","95.9","-2.26","6.14","Roa, Christian",647304,685005,,"called_strike",,,,,4,,"R","L","R","SEA","HOU","S",,,0,0,2026,"-0.79","1.28",-0.6762844857556085,2.196148836405115,,,,1,4,"Bot",,,,,,,5.949403276774502,-139.43119153294367,-7.511677207425028,-11.606304541471985,32.48946394024935,-13.996377353458692,3.110301837,1.569685039,,,,"96",2335,"6.5",823154,673237,572233,514888,670623,669397,694388,666211,701358,"54.01",,,,,,,,35,1,"4-Seam Fastball",4,0,4,0,0,4,4,0,"Infield shade","Standard",216,"-0.001","-0.039",,,,"0.039",,4,4,0.905,0.905,27,29,27,29,1,2,4,1,4,1,"1.21","0.79","-0.79","35.1",,,,,
"FF","2026-04-12","95.5","-0.93","5.94","Leasure, Jordan",672580,673929,,"ball",,,,,13,,"R","R","R","KC","CWS","B",,,0,1,2026,"-0.48","1.64",-0.5910779311939571,1.4392722078674676,,686555,,2,6,"Bot",,,,,,,2.020176794764048,-138.72323867385555,-9.741224005196612,-6.699249846983355,33.32490489940756,-9.016732060392387,3.262130906,1.646309055,,,,"96",2371,"6.8",824126,700337,808959,805367,678246,695657,643217,682668,656537,"53.66",,,,,,,,55,2,"4-Seam Fastball",5,5,5,5,5,5,5,5,"Strategic","Standard",193,"0.005","0.015",,,,"-0.015",,0,0,0.546,0.546,27,26,28,26,1,3,3,1,4,2,"0.88","0.48","0.48","54.8",,,,,
"FF","2026-04-12","92.8","2.19","6.04","Martin, Riley",663698,702303,,"called_strike",,,,,9,,"R","R","L","CHC","PIT","S",,,0,0,2026,"0.56","1.6",0.3266838805757075,1.7278398598254092,,,,0,7,"Top",,,,,,,-5.862708687233187,-134.81386093197307,-8.362247316115123,8.155875211422119,32.43237043702559,-11.030153582910005,3.299868766,1.665354331,,,,"91.1",2420,"5.6",824696,608348,807713,663538,608324,621020,664023,691718,673548,"54.9",,,,,,,,52,1,"4-Seam Fastball",3,6,6,3,6,3,6,3,"Standard","Standard",153,"0.001","-0.039",,,,"0.039",,-3,3,0.107,0.893,28,29,28,30,1,2,2,1,2,1,"1.08","0.56","-0.56","55.3",,,,,
"CH","2026-04-11","83.6","3.53","5.01","Lopez, Jacob",668901,682052,,"called_strike",,,,,2,,"R","R","L","NYM","ATH","S",,,1,1,2026,"1.56","0.52",-0.027968333259166256,3.336971301603598,,,,2,5,"Bot",,,,,,,-11.365327014717948,-121.05660697867914,1.8945730145775088,17.6991326405843,26.978517166172075,-27.834303239735444,3.340239501,1.685728347,,,,"84",1903,"7.2",823644,669127,701762,643446,691777,805779,691016,672016,671732,"53.33",,,,,,,,49,3,"Changeup",3,7,3,7,7,3,3,7,"Standard","Standard",186,"-0.002","-0.062",,,,"0.062",,-4,-4,0.089,0.089,28,26,28,27,3,2,6,2,5,1,"2.81","1.56","-1.56","16.8",,,,,
"ST","2026-04-11","79.1","-2.24","4.68","Ryan, Joe",665489,657746,,"ball",,,,,12,,"R","R","R","TOR","MIN","B",,,0,1,2026,"1.55","-0.05",0.9022346861561197,3.034413178925378,,,,2,6,"Bot",,,,,,,3.8208277624801377,-114.93885469197764,3.585455094672904,12.853824522707614,23.892265558890767,-33.57758353239007,3.208595801,1.619291339,,,,"79",2836,"6.6",822830,680777,605170,807712,668952,686797,663616,621439,668885,"53.94",,,,,,,,49,2,"Sweeper",2,7,2,7,7,2,2,7,"Standard","Standard",73,"0.001","0.027",,,,"-0.027",,-5,-5,0.035,0.035,30,27,30,27,3,2,5,1,6,1,"3.74","-1.55","-1.55","22.3",,,,,
"CU","2026-04-11","74.9","2.04","5.94","Suarez, Ranger",691023,624133,,"ball",,,,,12,,"R","R","L","STL","BOS","B",,,0,0,2026,"-0.7","-0.54",0.9912580501667235,2.724334906183328,,,,1,6,"Bot",,,,,,,-0.8694044679050941,-109.08056115742532,1.6673901784841756,-5.476812311490402,18.61370759627466,-37.02150061654669,3.461351706,1.746850394,,,,"74.7",2190,"6.1",823074,665966,575929,691785,702332,596115,680776,678882,677800,"54.44",,,,,,,,44,1,"Curveball",0,2,0,2,2,0,0,2,"Standard","Standard",309,"0.004","0.039",,,,"-0.039",,-2,-2,0.225,0.225,30,24,31,24,3,2,6,1,6,1,"4.59","-0.7","0.7","43.1",,,,,
"FF","2026-04-11","88.5","1.63","6.06","Lauer, Eric",668885,641778,"walk","ball",,,,,12,"Austin Martin challenged (pitch result), call on the field was overturned: Austin Martin walks.","R","R","L","TOR","MIN","B",,,3,1,2026,"0.8","1.35",0.7364107649054533,3.3504261895840735,,,,2,4,"Top",,,,,,,-3.816626194639304,-128.88098054473315,-3.2277584946836635,9.695427275314868,25.7053825127281,-16.653547983644273,3.12960958,1.579429134,,,,"88",2025,"5.9",822830,678218,665489,676914,676391,665926,660821,662139,664770,"54.63",,0.704857,"0.7",1,0,0,,31,5,"4-Seam Fastball",2,7,7,2,7,2,7,2,"Standard","Standard",141,"-0.002","0.173",,,,"-0.173",,-5,5,0.089,0.911,31,27,31,27,3,2,6,1,6,2,"1.55","0.8","-0.8","42.1",,,,,
"FF","2026-04-11","93.7","-1.82","6.03","Senga, Kodai",691777,673540,"strikeout","called_strike",,,,,9,"Max Muncy challenged (pitch result), call on the field was confirmed: Max Muncy called out on strikes.","R","R","R","NYM","ATH","S",2,,3,2,2026,"-0.64","1.7",0.49289694860095146,1.5224217540220708,,805779,643446,0,3,"Top",,,,,,,7.349838934708981,-135.82608609356936,-9.317971287897986,-9.829803829029688,36.99017638809023,-9.133996489756116,3.227903543,1.629035433,,,,"92.7",2218,"6.5",823644,682626,668901,543760,666182,596019,701807,673357,621438,"54.05",,0,"0",1,0,0,,24,6,"4-Seam Fastball",1,4,4,1,4,1,4,1,"Standard","Standard",210,"0.035","-0.357",,,,"0.357",,-3,3,0.148,0.852,33,23,33,24,2,1,6,1,6,1,"0.97","0.64","0.64","46.5",,,,,
"SL","2026-04-11","85.2","-2.64","4.69","Ryan, Joe",676914,657746,,"called_strike",,,,,2,,"R","R","R","TOR","MIN","S",,,0,0,2026,"0.28","0.28",0.10350066103030031,3.1169904136648654,,,665489,1,4,"Bot",,,,,,,5.813635752807718,-123.93754217671999,2.2776944940485935,1.6085666681692723,26.54176591805581,-30.074120228952335,3.045357612,1.536909449,,,,"85.5",2332,"6.6",822830,680777,605170,807712,668952,686797,663616,621439,668885,"53.85",,,,,,,,35,1,"Slider",2,7,2,7,7,2,2,7,"Standard","Standard",173,"-0.003","-0.04",,,,"0.04",,-5,-5,0.095,0.095,30,27,30,27,2,1,5,1,6,3,"2.88","-0.28","-0.28","19.8",,,,,
"CU","2026-04-11","82.5","-2.83","5.83","Pfaadt, Brandon",681082,694297,"walk","ball",,,,,11,"Bryson Stott challenged (pitch result), call on the field was overturned: Bryson Stott walks.","R","L","R","PHI","AZ","B",,,3,2,2026,"0.93","-0.82",-0.9144838250170165,2.682751001461119,,,,2,3,"Bot",,,,,,,2.4612349978267707,-120.11610222779251,1.1833679154056311,8.5529786518119,22.88762361289545,-40.57113919284933,3.225270669,1.627706693,,,,"83",2585,"6.5",823480,680728,699912,606466,571448,672695,694374,677950,678489,"53.97",,0.704857,"0.7",1,0,0,,27,7,"Curveball",4,2,4,2,2,4,4,2,"Standard","Standard",51,"0.008","0.259",,,,"-0.259",,2,2,0.738,0.738,27,28,28,29,2,1,6,1,8,1,"4.16","-0.93","0.93","33.8",,,,,
"FF","2026-04-11","92.4","-2.04","6.49","Wacha, Michael",695020,608379,,"called_strike",,,,,4,,"R","R","R","KC","CWS","S",,,1,1,2026,"-0.39","1.61",-0.7193418910365256,2.266470328024572,,,,2,5,"Top",,,,,,,4.222451388165791,-134.2771602664037,-8.302216837659993,-5.663823015236345,29.682878042037668,-11.07012021404117,3.275295276,1.652952756,,,,"92.9",2178,"6.7",824129,521692,686469,663697,672580,677951,686681,664728,695506,"53.81",,,,,,,,35,3,"4-Seam Fastball",1,0,0,1,0,1,0,1,"Standard","Standard",203,"0.003","-0.062",,,,"0.062",,1,-1,0.694,0.30600000000000005,34,26,35,27,2,1,5,1,6,1,"1.07","0.39","0.39","50.0",,,,,
"CU","2026-04-11","70.6","-1.36","5.65","Bassitt, Chris",642715,605135,"strikeout","called_strike",,,,,7,"Willy Adames challenged (pitch result), call on the field was confirmed: Willy Adames called out on strikes.","R","R","R","BAL","SF","S",2,,3,2,2026,"1.43","-1.13",-0.5396250061227763,1.5275152440736859,,,,1,3,"Top",,,,,,,-0.8478043390278107,-102.71016532013232,1.87728112482901,10.137508663275085,20.23657170336445,-40.65399363200368,3.22351542,1.626820866,,,,"70",2261,"6.3",824857,694212,624413,669236,691723,683002,621493,665750,681297,"54.25",,0,"0",1,0,0,,18,10,"Curveball",1,1,1,1,1,1,1,1,"Standard","Standard",44,"0.022","-0.332",,,,"0.332",,0,0,0.521,0.479,37,30,37,31,2,1,6,1,6,1,"5.77","-1.43","-1.43","38.0",,,,,
"CU","2026-04-11","71.4","-1.53","5.68","Bassitt, Chris",642715,605135,,"ball",,,,,14,,"R","R","R","BAL","SF","B",,,0,1,2026,"1.41","-1.14",0.0009590500548679604,1.433054454000656,,,,1,3,"Top",,,,,,,0.5348775721898776,-103.68754966843443,1.6943572993217058,9.762958070793514,23.95387450272905,-40.8459407560492,3.22351542,1.626820866,,,,"70",2380,"6.2",824857,694212,624413,669236,691723,683002,621493,665750,681297,"54.29",,,,,,,,18,2,"Curveball",1,1,1,1,1,1,1,1,"Standard","Standard",45,"-0.002","0.029",,,,"-0.029",,0,0,0.528,0.472,37,30,37,31,2,1,6,1,6,1,"5.78","-1.41","-1.41","42.4",,,,,
"CU","2026-04-11","75.5","0.96","6.27","Fried, Max",670764,608331,"strikeout","called_strike",,,,,3,"Taylor Walls challenged (pitch result), call on the field was confirmed: Taylor Walls called out on strikes.","R","R","L","TB","NYY","S",2,,0,2,2026,"-0.74","-1.44",0.4498461176334032,3.0544042401254545,,,,0,3,"Bot",,,,,,,0.2953979208307659,-109.78050936094748,3.4313758914272507,-5.982122789520761,23.388038469963316,-44.657768502088985,3.055889108,1.542224409,,,,"75",2808,"6.4",822996,669224,700250,665862,641857,676609,641355,663757,592450,"54.09",,0,"0",1,0,0,,23,4,"Curveball",1,1,1,1,1,1,1,1,"Infield shade","Standard",328,"-0.015","-0.165",,,,"0.165",,0,0,0.545,0.545,32,29,32,30,1,0,6,1,5,1,"5.52","-0.74","0.74","52.6",,,,,
"CH","2026-04-11","91","-2.37","5.44","Sproat, Brandon",695578,687075,,"called_strike",,,,,9,,"R","L","R","MIL","WSH","S",,,0,0,2026,"-1.32","0.12",0.8023668488297462,1.9789596842648818,,,660688,2,7,"Top",,,,,,,10.742649905442564,-132.00410492975297,-2.7667548351019766,-17.730052372447958,29.49265259194644,-30.32839306090305,3.488558071,1.760580709,,,,"91",1649,"6.6",823805,661388,641343,668930,650859,687401,663604,663368,686217,"53.93",,,,,,,,52,1,"Changeup",0,2,2,0,2,0,2,0,"Standard","Standard",247,"0.003","-0.042",,,,"0.042",,-2,2,0.204,0.796,25,23,26,24,1,3,7,1,5,1,"2.66","1.32","-1.32","34.2",,,,,
"SI","2026-04-11","90.7","2.11","5.86","Suarez, Ranger",602104,624133,,"ball",,,,,13,,"R","R","L","STL","BOS","B",,,1,2,2026,"1.34","0.47",-0.7555659591713393,1.4027938227440866,,691023,669357,2,1,"Bot",,,,,,,-9.958038052708735,-131.60879312873337,-5.930483757861764,17.681258631188598,28.670447672778288,-25.6228126680485,3.098015092,1.563484252,,,,"90.5",1924,"6.4",823074,665966,575929,691785,702332,596115,680776,678882,677800,"54.12",,,,,,,,8,4,"Sinker",0,0,0,0,0,0,0,0,"Standard","Standard",132,"0.007","0.012",,,,"-0.012",,0,0,0.53,0.53,30,32,31,32,1,0,6,1,6,1,"2.33","1.34","-1.34","44.3",,,,,
"SI","2026-04-11","90.2","0.77","5.82","Pérez, Martín",656555,527048,,"ball",,,,,11,,"R","R","L","ATL","CLE","B",,,2,2,2026,"1.42","0.81",-0.3859010852686555,3.5001204786621427,,,,1,2,"Top",,,,,,,-5.84365239390951,-131.21571806349175,-1.374670210320902,17.59803495036544,27.762738557324756,-22.739866491754913,3.334096129,1.682627953,,,,"89.6",2007,"5.9",824939,641680,621566,645277,663586,622761,573262,643289,660670,"54.56",,,,,,,,11,6,"Sinker",0,1,1,0,1,0,1,0,"Standard","Standard",135,"-0.005","0.104",,,,"-0.104",,-1,1,0.42,0.5800000000000001,35,33,35,33,1,0,6,1,6,1,"1.99","1.42","-1.42","51.7",,,,,
"FS","2026-04-11","81","2.65","5.86","Griffin, Foster",596142,656492,,"ball",,,,,12,,"R","R","L","MIL","WSH","B",,,0,2,2026,"-0.37","0.54",0.9998906053068999,2.7769570816840026,,,,1,2,"Bot",,,,,,,-2.910967747916338,-117.92760974876707,-1.0342196143848272,-2.816734797528584,24.538632983278823,-27.19986657410928,3.311277887,1.671112205,,,,"80.8",1372,"6.3",823805,660688,678554,683083,691781,682928,695734,696285,686894,"54.17",,,,,,,,12,3,"Split-Finger",0,0,0,0,0,0,0,0,"Standard","Standard",331,"0.002","0.017",,,,"-0.017",,0,0,0.521,0.521,30,33,31,34,1,0,6,3,5,1,"2.96","-0.37","0.37","46.9",,,,,
"SI","2026-04-11","94","-1.95","5.75","Bazardo, Eduard",666211,660825,"strikeout","called_strike",,,,,3,"Taylor Trammell challenged (pitch result), call on the field was confirmed: Taylor Trammell called out on strikes.","R","L","R","SEA","HOU","S",2,,1,2,2026,"-1.38","0.42",0.6826952001760858,3.2455711804130707,621043,,694388,2,7,"Top",,,,,,,9.682300294763643,-136.55229316451414,-1.5108614329401577,-19.393044082192677,30.232371375440028,-26.81538637616795,3.26300853,1.646751969,,,,"92.7",2031,"5.6",823155,663728,647304,702284,660844,641487,668227,677594,670042,"54.88",,0,"0",1,0,0,,62,4,"Sinker",7,7,7,7,7,7,7,7,"Standard","Standard",227,"0.062","-0.18",,,,"0.18",,0,0,0.526,0.474,30,28,31,29,1,3,1,1,4,1,"2.17","1.38","-1.38","38.3",,,,,
"SI","2026-04-11","96.1","-1.84","5.76","Bender, Anthony",679529,669622,,"called_strike",,,,,6,,"R","R","R","DET","MIA","S",,,2,1,2026,"-1.35","0.12",0.7421193802021477,2.3343826046992917,682985,,,2,8,"Bot",,,,,,,9.725393658524158,-139.55025000790903,-3.411406739960059,-19.965525545405256,35.71239936593074,-29.94596208038842,3.232291667,1.63125,,,,"94.3",2299,"5.7",824294,682663,681393,669364,688363,672640,681715,805300,683357,"54.85",,,,,,,,67,4,"Sinker",5,1,5,1,1,5,5,1,"Infield shade","Standard",224,"0","-0.083",,,,"0.083",,4,4,0.988,0.988,31,26,31,27,1,3,2,1,2,1,"2.39","1.35","1.35","26.3",,,,,
"SL","2026-04-11","83.8","-1.92","5.58","Santana, Dennis",663538,642701,,"called_strike",,,,,9,,"R","R","R","CHC","PIT","S",,,1,1,2026,"0.06","0.23",0.4731304769513427,1.5113457756610713,,,621020,1,9,"Bot",,,,,,,5.3403578337683095,-121.80225609833425,-3.126024257865753,-0.5835601688182124,26.703586023821707,-29.47126137256902,3.185777559,1.607775591,,,,"83.4",2417,"6.4",824697,680779,656811,664040,694377,804606,663968,665833,695257,"54.14",,,,,,,,76,3,"Slider",2,3,2,3,3,2,2,3,"Standard","Standard",141,"-0.029","-0.056",,,,"0.056",,-1,-1,0.208,0.208,30,29,30,29,1,4,1,1,4,1,"3.06","-0.06","-0.06","33.7",,,,,
"ST","2026-04-11","83.5","-1.84","5.91","Bazardo, Eduard",701358,660825,"strikeout","called_strike",,,,,7,"Cam Smith challenged (pitch result), call on the field was confirmed: Cam Smith called out on strikes.","R","R","R","SEA","HOU","S",2,,1,2,2026,"1.09","0.01",-0.7337046935159132,2.164356796710779,621043,,694388,0,7,"Top",,,,,,,0.3250913056712941,-121.5762459795751,-1.9536090842775478,10.692301083756991,24.671464105279526,-31.900716574554608,3.348138123,1.689714567,,,,"82.2",2665,"5.4",823155,663728,647304,702284,660844,641487,668227,677594,670042,"55.06",,0,"0",1,0,0,,60,5,"Sweeper",7,7,7,7,7,7,7,7,"Strategic","Standard",46,"0.059","-0.253",,,,"0.253",,0,0,0.323,0.677,30,23,31,23,1,3,1,1,4,1,"3.26","-1.09","-1.09","45.7",,,,,
"FC","2026-04-11","85.6","-3.07","5.16","Marinaccio, Ron",666397,676760,"strikeout","called_strike",,,,,9,"Edouard Julien challenged (pitch result), call on the field was confirmed: Edouard Julien called out on strikes.","R","L","R","SD","COL","S",2,,2,2,2026,"0.36","0.45",0.7374178096655635,1.5682266212598588,,,,0,8,"Top",,,,,,,8.145548699294451,-124.36453723508956,-2.8685030852604685,2.0780145515077666,25.52808838229469,-27.13834267536229,3.234924541,1.63257874,,,,"85.7",2196,"6.5",823316,666023,657757,665487,592518,630105,657656,701538,592206,"54",,0,"0",1,0,0,,66,5,"Cutter",9,4,4,9,4,9,4,9,"Infield shade","Standard",178,"0.007","-0.232",,,,"0.232",,5,-5,0.983,0.017000000000000015,30,27,31,27,1,3,4,1,4,1,"2.68","-0.36","0.36","29.6",,,,,
"SL","2026-04-11","84.3","-1.76","5.95","Erceg, Lucas",643217,668674,"strikeout","called_strike",,,,,1,"Andrew Benintendi challenged (pitch result), call on the field was confirmed: Andrew Benintendi called out on strikes.","R","L","R","KC","CWS","S",2,,3,2,2026,"-0.16","-0.42",-0.6908311697016655,2.8254928416053646,,,,1,9,"Top",,,,,,,2.7936986103674464,-122.78269624744898,0.22518589621186003,-2.1935607399242514,26.424424373886712,-36.69844655741489,3.068175853,1.548425197,,,,"84.3",1939,"6.4",824129,521692,686469,663697,672580,677951,657041,664728,695506,"54.06",,0,"0",1,0,0,,61,6,"Slider",2,0,0,2,0,2,0,2,"Infield shade","Standard",23,"0.033","-0.332",,,,"0.332",,2,-2,0.955,0.04500000000000004,31,31,31,32,1,3,1,2,5,1,"3.65","0.16","-0.16","41.2",,,,,
"SI","2026-04-11","95.8","-3.24","4.98","Ramírez, Yohan",665804,670990,"strikeout","called_strike",,,,,9,"Miguel Amaya challenged (pitch result), call on the field was confirmed: Miguel Amaya called out on strikes.","R","R","R","CHC","PIT","S",2,,3,2,2026,"-1.74","0.32",0.5227697337244686,1.620853888063137,,664023,691718,1,10,"Bot",,,,,,,13.933903614658414,-138.65149456031205,-3.704943333091312,-25.696054965086464,34.02373451460799,-27.34569299762171,3.248966535,1.639665354,,,,"96.2",2072,"7",824697,680779,656811,664040,693304,804606,663968,665833,694377,"53.46",,0,"0",1,0,0,,86,7,"Sinker",3,3,3,3,3,3,3,3,"Standard","Strategic",239,"-0.115","-0.313",,,,"0.313",,0,0,0.729,0.729,31,27,31,27,1,4,4,4,3,1,"2.21","1.74","1.74","16.2",,,,,
"CH","2026-04-11","80.3","2.15","5.81","Suarez, Ranger",671056,624133,,"ball",,,,,12,,"R","R","L","STL","BOS","B",,,1,1,2026,"0.76","0.64",0.6127168333852681,3.4615294280951945,,,802139,0,1,"Bot",,,,,,,-4.796511133055569,-116.80863002441399,0.4509809457439885,7.873277888058031,22.721422813669218,-26.60166427816828,3.173490814,1.601574803,,,,"79.7",1348,"6",823074,665966,575929,691785,702332,596115,680776,678882,677800,"54.5",,,,,,,,5,3,"Changeup",0,0,0,0,0,0,0,0,"Standard","Standard",122,"0.007","0.044",,,,"-0.044",,0,0,0.581,0.581,30,26,31,26,1,0,6,1,6,1,"2.9","0.76","-0.76","42.5",,,,,
"FF","2026-04-11","95.2","1.42","5.38","Pérez, Cionel",687401,672335,,"called_strike",,,,,3,,"R","R","L","MIL","WSH","S",,,2,1,2026,"0.48","1.04",0.7269581851891889,2.7395658147768946,,,,0,8,"Bot",,,,,,,-2.8602316380671535,-138.65907768010413,-3.4964101523430977,6.7948429295488655,28.99265739913446,-18.141936462658112,3.136630577,1.582972441,,,,"94.8",1984,"5.8",823805,660688,678554,683083,691781,682928,695734,696285,686894,"54.65",,,,,,,,60,4,"4-Seam Fastball",0,2,0,2,2,0,0,2,"Standard","Standard",140,"-0.015","-0.073",,,,"0.073",,-2,-2,0.175,0.175,30,27,30,28,1,2,1,3,3,1,"1.46","0.48","-0.48","33.3",,,,,
"CH","2026-04-11","84.1","-2.95","5.71","Webb, Jacob",687462,657097,,"called_strike",,,,,9,,"R","L","R","CHC","PIT","S",,,0,1,2026,"-1.54","1.15",0.7376516253676024,1.7131635525528426,,,,0,8,"Top",,,,,,,11.509181874695221,-121.80871755971599,-4.809572085057253,-17.784355676060127,27.256716913476588,-19.944500316364675,3.133120079,1.581200787,,,,"83.3",2246,"6.3",824697,665804,608348,663538,608324,621020,664023,691718,624424,"54.16",,,,,,,,63,2,"Changeup",2,3,3,2,3,2,3,2,"Infield shade","Standard",242,"0.006","-0.055",,,,"0.055",,-1,1,0.258,0.742,32,28,33,29,1,3,4,3,2,1,"2.14","1.54","-1.54","33.8",,,,,
"FF","2026-04-11","94.2","1.51","5.96","Sabrowski, Erik",660670,681870,,"called_strike",,,,,9,,"R","R","L","ATL","CLE","S",,,0,0,2026,"0.76","1.77",0.672924058246787,1.988884888393455,,,,0,8,"Bot",,,,,,,-3.8845613280278424,-136.9535377950155,-8.39560592466645,10.416472759040706,31.722436003183237,-8.1789179377544,3.200697179,1.615305118,,,,"94.6",2596,"6.7",824939,595978,656555,682877,608070,677587,680757,682177,682657,"53.79",,,,,,,,62,1,"4-Seam Fastball",0,3,0,3,3,0,0,3,"Strategic","Standard",142,"-0.004","-0.039",,,,"0.039",,-3,-3,0.087,0.087,28,28,29,29,1,3,3,1,2,1,"0.81","0.76","-0.76","43.8",,,,,
"FC","2026-04-11","91","1.21","6.61","Williamson, Brandon",687263,682227,,"called_strike",,,,,3,,"R","R","L","CIN","LAA","S",,,0,0,2026,"-0.05","1.05",0.7817414526381337,3.0612338586357506,,,,0,1,"Top",,,,,,,-0.9345214641285537,-132.54251410120048,-5.085080355476087,-0.43383839437889565,26.775599763680592,-18.9315015472069,3.169980315,1.59980315,,,,"90.9",2585,"6",824535,663886,663993,701398,663647,682829,668715,670770,682622,"54.47",,,,,,,,1,1,"Cutter",0,0,0,0,0,0,0,0,"Infield shade","Standard",160,"0.003","-0.039",,,,"0.039",,0,0,0.5,0.5,28,25,28,25,1,0,5,1,6,1,"1.69","-0.05","0.05","39.5",,,,,
"FF","2026-04-10","96.9","2.34","5.81","Luzardo, Jesús",672695,666200,"strikeout","called_strike",,,,,7,"Geraldo Perdomo challenged (pitch result), call on the field was confirmed: Geraldo Perdomo called out on strikes.","R","R","L","PHI","AZ","S",2,,2,2,2026,"1.06","1.34",-0.5988975571988142,1.8534594754379548,,606466,545121,1,5,"Top",,,,,,,-10.134382445177003,-140.56502731701062,-7.779488663758973,16.51653865089424,35.34923580782141,-12.682443709835857,3.31742126,1.674212598,,,,"95.6",2280,"6",823482,592663,547180,681082,664761,607208,669016,702222,666969,"54.51",,0,"0",1,0,0,,41,7,"4-Seam Fastball",4,3,3,4,3,4,3,4,"Standard","Standard",131,"0.056","-0.216",,,,"0.216",,1,-1,0.589,0.41100000000000003,28,26,29,27,3,2,6,1,5,1,"1.12","1.06","-1.06","32.8",,,,,
"KC","2026-04-10","79.7","-2.06","5.85","Montero, Keider",805300,672456,"strikeout","called_strike",,,,,1,"Jakob Marsee challenged (pitch result), call on the field was confirmed: Jakob Marsee called out on strikes.","R","L","R","DET","MIA","S",2,,2,2,2026,"1.18","-0.47",-0.7508730382281004,3.0868170612606263,,,,0,6,"Top",,,,,,,0.5770774938911889,-115.94674914930411,1.8707612225283305,10.385399900249249,24.744969650187855,-37.02387703491482,3.212106299,1.621062992,,,,"79.4",2685,"6.4",824297,693307,679529,650402,690993,805808,682985,595879,672761,"54.12",,0,"0",1,0,0,,41,6,"Knuckle Curve",2,0,0,2,0,2,0,2,"Infield shade","Standard",44,"0.026","-0.232",,,,"0.232",,2,-2,0.784,0.21599999999999997,25,25,26,25,3,2,5,1,6,1,"4.1","-1.18","1.18","52.4",,,,,
"SI","2026-04-10","92.4","2.28","5.84","Matz, Steven",676609,571927,,"called_strike",,,,,7,,"R","R","L","TB","NYY","S",,,0,0,2026,"1.5","1.07",-0.7354400848758575,1.7953207343898345,,,,0,5,"Top",,,,,,,-10.94453429113708,-133.93456867900434,-6.574410959183963,20.521026588706768,30.926215060336137,-17.944391582643735,3.083095472,1.555954724,,,,"92.3",2152,"6.6",822997,663743,666018,810938,691406,670764,802415,656775,676356,"53.87",,,,,,,,36,1,"Sinker",3,2,2,3,2,3,2,3,"Infield shade","Standard",128,"0.005","-0.039",,,,"0.039",,1,-1,0.638,0.362,35,29,35,30,2,1,6,1,6,1,"1.63","1.5","-1.5","33.0",,,,,
"CH","2026-04-10","83.7","2.17","5.63","Matz, Steven",665862,571927,,"called_strike",,,,,7,,"R","L","L","TB","NYY","S",,,0,0,2026,"1.22","0.45",-0.7054169760652633,1.773093731924423,,,,1,4,"Top",,,,,,,-9.034841871778033,-121.51324717447787,-3.1259544198459333,13.883964036474318,24.50733123354821,-27.285770102380983,3.15593832,1.592716535,,,,"84",2372,"6.7",822997,663743,666018,810938,691406,670764,802415,656775,676356,"53.82",,,,,,,,29,1,"Changeup",3,2,2,3,2,3,2,3,"Standard","Standard",99,"0.003","-0.039",,,,"0.039",,1,-1,0.652,0.348,35,28,35,28,2,1,6,1,6,1,"2.83","1.22","1.22","30.3",,,,,
"FC","2026-04-10","85.3","2.87","6.26","Corbin, Patrick",605137,571578,,"called_strike",,,,,7,,"R","R","L","TOR","MIN","S",,,0,0,2026,"-0.26","0.4",-0.8060207228921691,1.6665105687033335,,,,1,3,"Top",,,,,,,-8.000477643929486,-123.88510632636259,-5.039933223781146,-1.079206794720499,25.416283230383566,-27.161848943368838,3.334973753,1.683070866,,,,"85.3",2255,"6.4",822829,678218,665489,676391,672960,665926,676914,662139,660821,"54.06",,,,,,,,20,1,"Cutter",0,3,3,0,3,0,3,0,"Strategic","Standard",144,"0.001","-0.039",,,,"0.039",,-3,3,0.219,0.781,36,33,37,34,2,1,,1,6,1,"2.75","-0.26","0.26","39.4",,,,,
"SL","2026-04-10","84.5","-1.11","6.48","Woods Richardson, Simeon",543807,680573,"walk","ball",,,,,14,"George Springer challenged (pitch result), call on the field was overturned: George Springer walks.","R","R","R","TOR","MIN","B",,,3,2,2026,"0.67","0.21",0.8706866408152515,1.5216328628587559,,,,2,3,"Bot",,,,,,,3.2085016774075314,-123.01300831414905,-5.3556031403715565,6.098055388192941,25.458227945305236,-29.12160991420032,3.267396654,1.648966535,,,,"84.7",2196,"6.5",822829,680777,605137,807712,656484,686797,668885,621439,670242,"53.99",,0.704857,"0.7",1,0,0,,26,6,"Slider",0,3,0,3,3,0,0,3,"Infield shade","Standard",153,"0.01","0.259",,,,"-0.259",,-3,-3,0.198,0.198,25,36,26,37,2,1,5,2,5,1,"2.99","-0.67","-0.67","46.9",,,,,
"SI","2026-04-10","93.9","-0.92","5.57","Buehler, Walker",666160,621111,,"ball",,,,,14,,"R","L","R","SD","COL","B",,,1,1,2026,"-1.31","1.09",0.8946523870275325,1.8451346772223465,,,,1,4,"Top",,,,,,,7.624621286480586,-136.4475705545315,-6.168060973547149,-18.023228492412937,29.674218792532148,-17.414824870122875,3.254232283,1.642322835,,,,"94.4",2098,"6.7",823318,669134,657757,630105,592518,593428,657656,701538,665487,"53.84",,,,,,,,23,3,"Sinker",0,0,0,0,0,0,0,0,"Infield shade","Standard",211,"-0.004","0.055",,,,"-0.055",,0,0,0.528,0.472,31,28,32,28,2,1,5,1,6,1,"1.5","1.31","-1.31","44.1",,,,,
"FS","2026-04-10","81.8","-0.87","6.05","Myers, Tobias",666126,668964,,"called_strike",,,,,9,,"R","L","R","NYM","ATH","S",,,0,0,2026,"-0.48","0.45",0.6435155212553005,1.6380757813643245,680869,691777,,0,9,"Top",,,,,,,4.33529451794823,-119.08284353232696,-4.0863465673634884,-5.32657380135693,21.606450985225,-27.323490631195508,2.990067257,1.509005906,,,,"82.5",1237,"6.6",823643,682626,676724,543760,677595,596019,701807,673357,683146,"53.91",,,,,,,,64,1,"Split-Finger",0,2,2,0,2,0,2,0,"Strategic","Standard",196,"0.002","-0.064",,,,"0.064",,-2,2,0.033,0.967,27,29,28,29,2,3,6,2,5,1,"2.94","0.48","-0.48","64.1",,,,,
"ST","2026-04-10","78.3","-2.86","5.12","Hancock, Emerson",694388,676106,,"called_strike",,,,,9,,"R","L","R","SEA","HOU","S",,,0,0,2026,"1.23","0.13",0.6245999997631067,1.946477690197145,670623,572233,621043,1,2,"Top",,,,,,,5.093952496991197,-113.98040162483372,0.012247361203356677,9.706986010163586,22.35799066471204,-31.266455010308448,3.321809383,1.676427165,,,,"77.9",2590,"6.2",823156,663728,647304,702284,660844,641487,668227,677594,670042,"54.34",,,,,,,,17,1,"Sweeper",3,0,0,3,0,3,0,3,"Standard","Standard",74,"0.011","-0.05",,,,"0.05",,3,-3,0.678,0.32199999999999995,27,27,27,27,1,0,6,2,5,1,"3.6","-1.23","1.23","14.2",,,,,
"FC","2026-04-10","84.7","2.87","6.24","Corbin, Patrick",605170,571578,"walk","ball",,,,,12,"Victor Caratini challenged (pitch result), call on the field was overturned: Victor Caratini walks.","R","R","L","TOR","MIN","B",,,3,1,2026,"-0.44","0.46",0.8730760926072219,2.6062658272461343,,,,2,1,"Top",,,,,,,-3.704646196280873,-123.40161880935244,-2.88052183381462,-3.816549136675363,23.904852320875055,-27.136102870359395,3.200697179,1.615305118,,,,"85",2297,"6.4",822829,678218,665489,676391,672960,665926,676914,662139,660821,"54.13",,0.704857,"0.7",1,0,0,,6,5,"Cutter",0,3,3,0,3,0,3,0,"Infield shade","Standard",147,"-0.004","0.173",,,,"-0.173",,-3,3,0.257,0.743,36,32,37,33,1,0,,1,6,1,"2.7","-0.44","0.44","37.7",,,,,
"SI","2026-04-10","89.5","2.59","5.26","Banda, Anthony",676391,607455,,"ball",,,,,12,,"R","R","L","TOR","MIN","B",,,0,0,2026,"1.47","0.44",0.9734961243590508,3.266147145001815,,,676914,0,6,"Bot",,,,,,,-7.073674001963544,-130.1696029760533,0.35731740814286717,18.226998085434428,28.79852774418738,-27.508152272086978,3.191043307,1.610433071,,,,"89.2",1949,"6.3",822829,680777,605137,807712,656484,686797,668885,621439,670242,"54.25",,,,,,,,54,1,"Sinker",6,4,6,4,4,6,6,4,"Standard","Standard",124,"0.003","0.04",,,,"-0.04",,2,2,0.865,0.865,32,30,33,30,1,2,2,2,5,1,"2.42","1.47","-1.47","25.1",,,,,
"SI","2026-04-10","99.9","2.35","5.99","Morejon, Adrian",687597,670970,,"called_strike",,,,,7,,"R","R","L","SD","COL","S",,,0,0,2026,"1.23","1.06",-0.6849624105152907,2.175105540106002,,696100,671289,2,8,"Top",,,,,,,-11.21284074439422,-144.83860743925564,-7.364040894679905,20.09063898786771,38.00895446853155,-15.532755778121302,3.316543635,1.673769685,,,,"99.5",2498,"6.6",823318,669134,657757,630105,592518,593428,657656,701538,665487,"53.94",,,,,,,,55,1,"Sinker",2,1,1,2,1,2,1,2,"Standard","Standard",157,"0.016","-0.047",,,,"0.047",,1,-1,0.758,0.242,27,25,27,25,1,1,1,3,4,1,"1.26","1.23","-1.23","43.0",,,,,
"ST","2026-04-10","81.1","1.71","5.46","Samaniego, Tyler",671056,701719,,"called_strike",,,,,9,,"R","R","L","STL","BOS","S",,,1,1,2026,"-0.81","-0.06",0.6638960427200834,1.521924082459241,,687363,802139,0,6,"Bot",,,,,,,-0.7438197606975321,-118.06323632520146,-1.7804889923634293,-7.378242043596194,24.78360477931339,-32.63807742170694,3.173490814,1.601574803,,,,"81.9",2306,"7",823076,665966,575929,691785,702332,596115,680776,678882,677800,"53.49",,,,,,,,52,3,"Sweeper",3,2,3,2,2,3,3,2,"Standard","Standard",277,"-0.011","-0.065",,,,"0.065",,1,1,0.816,0.816,27,26,27,26,1,3,2,2,3,1,"3.56","-0.81","0.81","32.1",,,,,
"FF","2026-04-10","95.3","1.78","6.21","Headrick, Brent",663743,687396,"strikeout","called_strike",,,,,7,"Nick Fortes challenged (pitch result), call on the field was confirmed: Nick Fortes called out on strikes.","R","R","L","TB","NYY","S",2,,1,2,2026,"0.58","1.7",-0.4429898401253205,1.5844685628235107,810938,,670764,0,6,"Bot",,,,,,,-7.152636999705888,-138.1714036945533,-10.153395086845315,9.170168383342288,34.88814682410425,-8.195479028118227,3.161204068,1.595374016,,,,"95.7",2362,"7",822997,669224,502671,665862,642708,676609,545341,641355,592450,"53.48",,0,"0",1,0,0,,50,4,"4-Seam Fastball",3,2,3,2,2,3,3,2,"Strategic","Standard",141,"-0.031","-0.253",,,,"0.253",,1,1,0.835,0.835,28,29,29,30,1,2,2,3,2,1,"0.85","0.58","-0.58","37.2",,,,,
"SL","2026-04-10","79.5","3.26","5.77","Okert, Steven",663728,595345,,"ball",,,,,12,,"R","R","L","SEA","HOU","B",,,1,2,2026,"-0.31","0.85",0.9172981235246671,2.6943246246576873,,,,1,2,"Bot",,,,,,,-4.491964665492615,-115.7315917416167,-1.4243222663308843,-2.0204616145820733,20.621406029132874,-24.467643832703537,3.282316273,1.656496063,,,,"79.9",2217,"6.5",823156,543877,572233,670623,621043,665161,670541,694388,701358,"54.03",,,,,,,,21,4,"Slider",3,3,3,3,3,3,3,3,"Infield shade","Standard",264,"0.002","0.048",,,,"-0.048",,0,0,0.523,0.523,34,29,35,30,1,1,3,2,1,1,"2.74","-0.31","0.31","38.3",,,,,
"FF","2026-04-10","97.4","-2.24","5.89","Mejia, Juan",593428,675848,,"ball",,,,,14,,"R","R","R","SD","COL","B",,,2,0,2026,"-0.4","1.17",1.0044699676139965,1.788679475341684,,701538,592518,0,9,"Bot",,,,,,,9.511766942462481,-141.37347592764795,-7.9488669495688935,-7.5074250294201965,31.567147070550647,-14.838893283473576,3.284949147,1.657824803,,,,"97.2",2408,"6.3",823318,664954,681198,650489,691720,678662,687597,686668,671289,"54.2",,,,,,,,66,3,"4-Seam Fastball",2,2,2,2,2,2,2,2,"Standard","Standard",209,"0.035","0.185",,,,"-0.185",,0,0,0.846,0.846,25,33,26,34,1,3,1,1,4,2,"1.24","0.4","0.4","38.2",,,,,
"FF","2026-04-10","93.6","0.19","6.19","Thielbar, Caleb",693304,573204,,"ball",,,,,14,,"R","R","L","CHC","PIT","B",,,0,2,2026,"0.29","1.94",0.9343551437273276,2.2109007514644103,,,,1,7,"Top",,,,,,,1.2293799391019393,-135.99845611846814,-8.532170467010944,3.2893947403905157,33.43999017383208,-6.470818029454854,3.05062336,1.539566929,,,,"92.7",2370,"6.1",824695,608348,683737,663538,608324,621020,664023,691718,673548,"54.37",,,,,,,,49,4,"4-Seam Fastball",0,2,2,0,2,0,2,0,"Standard","Standard",165,"-0.001","0.017",,,,"-0.017",,-2,2,0.205,0.795,39,27,39,27,1,2,3,2,1,1,"0.7","0.29","-0.29","53.0",,,,,
"SL","2026-04-10","86.7","3.02","5.86","Morejon, Adrian",696100,670970,,"ball",,,,,14,,"R","R","L","SD","COL","B",,,1,1,2026,"-0.69","-0.12",0.9494906191310429,2.101687860589531,686668,,,2,8,"Top",,,,,,,-3.435771810445814,-126.24104880224614,-2.2928140862203903,-6.703117876358275,26.275768189335555,-33.2216821132627,3.178756562,1.604232283,,,,"86.6",2887,"6.2",823318,669134,657757,630105,592518,593428,657656,701538,665487,"54.27",,,,,,,,53,3,"Slider",2,0,0,2,0,2,0,2,"Standard","Standard",292,"-0.005","0.018",,,,"-0.018",,2,-2,0.893,0.10699999999999998,27,26,27,27,1,0,1,1,4,1,"3.16","-0.69","0.69","42.0",,,,,
"FF","2026-04-10","98.1","-2.14","5.57","May, Dustin",575929,669160,"strikeout","called_strike",,,,,1,"Willson Contreras challenged (pitch result), call on the field was confirmed: Willson Contreras called out on strikes.","R","R","R","STL","BOS","S",2,,2,2,2026,"-1.02","1.12",-0.7616967299367878,2.938811587412892,,,807799,2,1,"Top",,,,,,,6.131076137373506,-142.60374470968833,-4.055809761674434,-15.353728872961472,36.43357015934456,-16.21439254811733,3.229658793,1.62992126,,,,"98.4",2418,"6.8",823076,686780,676475,802139,602104,691026,665877,687363,691023,"53.73",,0,"0",1,0,0,,4,5,"4-Seam Fastball",0,0,0,0,0,0,0,0,"Standard","Standard",225,"0.019","-0.216",,,,"0.216",,0,0,0.529,0.471,28,34,29,34,1,0,6,2,5,1,"1.28","1.02","1.02","35.1",,,,,
"CU","2026-04-10","81.9","-1.09","5.63","Nicolas, Kyle",694384,693312,,"called_strike",,,,,7,,"R","L","R","CIN","LAA","S",,,0,0,2026,"0.74","-1.01",-0.7702566557577936,1.8683461151451701,624428,687263,545361,1,8,"Top",,,,,,,-0.7506562702486363,-119.28967958965013,0.326744372145783,7.153191067686619,24.37661844776059,-42.0879079209321,3.290214895,1.660482283,,,,"82.8",2621,"7",824534,663886,701398,680574,663647,682829,668715,670770,666181,"53.54",,,,,,,,66,1,"Curveball",1,6,6,1,6,1,6,1,"Strategic","Standard",44,"0.001","-0.05",,,,"0.05",,-5,5,0.011,0.989,27,24,27,24,1,4,,2,2,1,"4.42","-0.74","0.74","44.6",,,,,
"FF","2026-04-10","92.2","-0.95","6.55","Woods Richardson, Simeon",665489,680573,,"called_strike",,,,,9,,"R","R","R","TOR","MIN","S",,,0,0,2026,"-0.45","1.38",0.8000980692739315,2.0050821770133878,,662139,,1,1,"Bot",,,,,,,5.417910800416191,-133.88259534645616,-8.520324971531043,-6.639003102436427,30.006491453771968,-13.87245001069791,3.208595801,1.619291339,,,,"92.4",1977,"6.6",822829,680777,605137,807712,656484,686797,668885,621439,670242,"53.9",,,,,,,,10,1,"4-Seam Fastball",0,3,0,3,3,0,0,3,"Standard","Standard",199,"-0.005","-0.038",,,,"0.038",,-3,-3,0.284,0.284,25,27,26,27,1,0,5,2,5,1,"1.32","0.45","0.45","50.9",,,,,
"SI","2026-04-10","95.1","-2.01","5.7","Montero, Keider",682663,672456,"strikeout","called_strike",,,,,8,"Agustín Ramírez challenged (pitch result), call on the field was confirmed: Agustín Ramírez called out on strikes.","R","R","R","DET","MIA","S",2,,0,2,2026,"-1.16","1.2",0.14760933044839852,1.738120746663022,669364,,,1,1,"Top",,,,,,,8.258230592513044,-138.15643739356207,-7.242268683307677,-16.675955282502148,29.921131765976348,-15.4002517147224,3.256865158,1.643651575,,,,"95.5",2187,"6.5",824297,693307,679529,650402,690993,805808,682985,595879,672761,"53.96",,0,"0",1,0,0,,3,4,"Sinker",0,0,0,0,0,0,0,0,"Strategic","Standard",210,"0.034","-0.298",,,,"0.298",,0,0,0.477,0.523,25,24,26,25,1,0,5,1,6,1,"1.33","1.16","1.16","40.5",,,,,
"SI","2026-04-10","93.5","-3.67","5.77","Curvelo, Luis",606192,681168,,"ball",,,,,13,,"R","R","R","LAD","TEX","B",,,2,1,2026,"-1.27","1.24",-0.9853056915630933,2.00524971055028,,,571970,0,8,"Bot",,,,,,,9.619912097382121,-135.75882516909064,-6.44987604552013,-17.81647620917872,30.17049487457024,-15.538773407089886,3.199819554,1.614862205,,,,"92.9",2389,"6.1",823968,643376,669394,669701,673962,608369,677649,694497,607043,"54.43",,,,,,,,64,4,"Sinker",5,4,5,4,4,5,5,4,"Standard","Standard",226,"0.008","0.116",,,,"-0.116",,1,1,0.889,0.889,25,33,26,34,1,3,2,2,3,1,"1.38","1.27","1.27","28.1",,,,,
"FF","2026-04-10","92.5","1.67","6.63","Lee, Dylan",680757,669276,,"called_strike",,,,,1,,"R","L","L","ATL","CLE","S",,,0,1,2026,"0.8","1.81",-0.7703689882536253,2.806967019772169,,,,2,7,"Top",,,,,,,-7.860040176497457,-134.29550700245275,-7.61849817788585,11.408149681871558,31.26840034452904,-8.824922961268026,3.02253937,1.525393701,,,,"91.8",2399,"6.2",824941,686948,621566,645277,663586,643289,573262,671739,660670,"54.33",,,,,,,,56,2,"4-Seam Fastball",7,2,2,7,2,7,2,7,"Standard","Standard",155,"0.001","-0.057",,,,"0.057",,5,-5,0.983,0.017000000000000015,31,28,32,29,1,3,3,2,4,1,"0.89","0.8","0.8","49.7",,,,,
"SI","2026-04-10","92.8","2.65","5.54","Hart, Kyle",687597,606996,"walk","ball",,,,,13,"Jordan Beck challenged (pitch result), call on the field was overturned: Jordan Beck walks.","R","R","L","SD","COL","B",,,3,2,2026,"1.39","0.52",-0.8458146148507977,2.2846335012741528,,,,0,7,"Top",,,,,,,-12.00243351455838,-134.69906948919711,-3.5227895774486977,19.409575286365495,27.36809999772447,-25.225725473997098,3.316543635,1.673769685,,,,"93.6",2192,"6.8",823318,669134,657757,630105,592518,593428,657656,701538,665487,"53.72",,0.704857,"0.7",1,0,0,,43,6,"Sinker",2,0,0,2,0,2,0,2,"Standard","Standard",140,"-0.052","0.356",,,,"-0.356",,2,-2,0.806,0.19399999999999995,33,25,34,25,1,0,2,3,2,1,"2.12","1.39","-1.39","37.0",,,,,
"CH","2026-04-10","86.7","-1.59","6.26","Elder, Bryce",800050,693821,,"ball",,,,,13,,"R","L","R","ATL","CLE","B",,,0,1,2026,"-0.87","0.23",-0.5889332712727535,1.515529461979753,,,,1,1,"Top",,,,,,,4.154011888461871,-126.16209633379181,-5.319182499853508,-10.098139420179372,26.77787608343263,-28.839449658089706,3.339361877,1.685285433,,,,"86.4",1055,"6.2",824941,686948,621566,645277,663586,643289,573262,671739,660670,"54.31",,,,,,,,2,2,"Changeup",0,0,0,0,0,0,0,0,"Strategic","Standard",241,"-0.001","0.029",,,,"-0.029",,0,0,0.524,0.476,27,24,27,25,1,0,6,2,5,1,"2.82","0.87","-0.87","47.8",,,,,
"SL","2026-04-10","89.8","-2.1","4.9","Díaz, Edwin",592626,621242,,"ball",,,,,13,,"R","L","R","LAD","TEX","B",,,0,2,2026,"-0.07","0.42",-0.9387142095370361,1.6348140296153026,,,,0,9,"Top",,,,,,,3.012538982531328,-130.88043460698842,-2.866823897085375,-1.3462099695162295,25.606727636121132,-26.981320108552755,3.23667979,1.633464567,,,,"90.8",2584,"6.7",823968,669257,518692,669289,571970,500743,606192,681624,663656,"53.83",,,,,,,,70,3,"Slider",7,4,4,7,4,7,4,7,"Infield shade","Standard",174,"-0.002","0.024",,,,"-0.024",,3,-3,0.974,0.026000000000000023,32,34,32,34,1,0,3,2,9,1,"2.38","0.07","-0.07","19.6",,,,,
"SI","2026-04-10","93.8","-1.07","5.62","Buehler, Walker",666397,621111,,"ball",,,,,14,,"R","L","R","SD","COL","B",,,1,1,2026,"-1.17","1.23",0.6664029839642296,1.484455002910333,,,,0,1,"Top",,,,,,,7.1130233634555955,-136.31412638527814,-7.5140817423945805,-16.201482982752754,29.160308170665584,-15.411832480541428,3.234924541,1.63257874,,,,"94.3",2152,"6.6",823318,669134,657757,630105,592518,593428,657656,701538,665487,"53.89",,,,,,,,1,3,"Sinker",0,0,0,0,0,0,0,0,"Infield shade","Standard",211,"-0.005","0.055",,,,"-0.055",,0,0,0.501,0.499,31,27,32,27,1,0,5,1,6,1,"1.37","1.17","-1.17","42.6",,,,,
"CH","2026-04-10","85.9","-2.26","5.9","Paddack, Chris",805808,663978,,"ball",,,,,13,,"R","L","R","DET","MIA","B",,,1,1,2026,"-1.26","0.18",-0.7885710195860329,1.1947930697431226,,,,0,1,"Bot",,,,,,,6.106493532193426,-124.86454965715828,-4.998535357670353,-14.465822543183087,26.54222660262632,-29.4850351338362,3.085728346,1.557283465,,,,"86.6",1578,"6.9",824297,689414,681393,669364,688363,672640,691594,805300,683357,"53.6",,,,,,,,5,3,"Changeup",0,0,0,0,0,0,0,0,"Standard","Standard",241,"0.004","0.055",,,,"-0.055",,0,0,0.547,0.547,30,21,30,22,1,0,5,1,5,1,"2.93","1.26","-1.26","41.5",,,,,
"FF","2026-04-10","98.9","-1.55","5.74","Morillo, Juan",656941,666661,,"called_strike",,,,,8,,"R","L","R","PHI","AZ","S",,,1,1,2026,"-0.35","1.47",-0.09669044085570855,1.6537566572276896,,,,2,7,"Bot",,,,,,,4.781892162358983,-143.65992932129484,-8.980375801570528,-6.007387151809543,34.17356959889622,-9.873612041611098,3.180511811,1.60511811,,,,"99.3",2075,"6.7",823482,543510,545121,606466,571448,672695,694374,677950,678489,"53.83",,,,,,,,59,3,"4-Seam Fastball",4,5,4,5,5,4,4,5,"Infield shade","Standard",210,"-0.006","-0.062",,,,"0.062",,-1,-1,0.278,0.278,27,33,27,33,1,3,3,2,4,1,"0.87","0.35","-0.35","45.7",,,,,
"SL","2026-04-10","83.2","1.25","6.06","Raquet, Nick",650333,675919,,"ball",,,,,13,,"R","L","L","BAL","SF","B",,,0,0,2026,"-0.26","-0.34",-0.8784874568562074,1.5474227926460467,,,,0,7,"Top",,,,,,,-4.320529039678282,-121.17790781096875,-3.025577674589382,-1.759436479567473,22.28052120970172,-35.21994662965085,3.124343832,1.576771654,,,,"83.8",2346,"6.5",824858,668939,624413,669236,677942,683002,621493,665750,687637,"54.01",,,,,,,,54,1,"Slider",1,3,3,1,3,1,3,1,"Standard","Standard",319,"-0.002","0.041",,,,"-0.041",,-2,2,0.185,0.815,30,29,31,29,1,3,,2,4,1,"3.62","-0.26","-0.26","55.5",,,,,
"SI","2026-04-09","94.9","-1.85","5.82","Vásquez, Randy",687859,681190,,"called_strike",,,,,3,,"R","L","R","SD","COL","S",,,2,1,2026,"-1.5","0.97",0.7602732437308011,2.718136894863151,,,696100,0,6,"Top",,,,,,,10.046173300617857,-137.82911173151382,-4.4333557315740375,-21.299871606364988,29.836767747688352,-18.975172277012334,3.159448819,1.594488189,,,,"94.2",2370,"5.9",823319,666023,664034,630105,592518,593428,657757,701538,665487,"54.59",,,,,,,,42,4,"Sinker",1,1,1,1,1,1,1,1,"Infield shade","Standard",224,"0.016","-0.078",,,,"0.078",,0,0,0.439,0.5609999999999999,27,29,28,29,3,2,5,1,6,2,"1.57","1.5","-1.5","27.7",,,,,
"FF","2026-04-09","92","1.19","6.02","Rodriguez, Eduardo",673357,593958,"strikeout","called_strike",,,,,9,"Luis Robert Jr. challenged (pitch result), call on the field was confirmed: Luis Robert Jr. called out on strikes.","R","R","L","NYM","AZ","S",2,,0,2,2026,"0.85","1.29",0.2850651068301415,1.6234940017593154,621438,,666182,1,5,"Bot",,,,,,,-4.141657360975285,-133.8153383060008,-7.953836505086841,11.04125653725979,26.884524943385287,-15.158823132395316,3.310400263,1.670669291,,,,"92.4",2284,"6.4",823645,543510,545121,606466,699912,672695,694374,677950,678489,"54.12",,0,"0",1,0,0,,37,3,"4-Seam Fastball",1,0,1,0,0,1,1,0,"Standard","Standard",157,"-0.039","-0.254",,,,"0.254",,1,1,0.747,0.747,33,28,33,29,3,2,6,1,6,1,"1.39","0.85","-0.85","41.4",,,,,
"CU","2026-04-09","81.7","-3.9","5.33","McLean, Nolan",606466,690997,"strikeout","called_strike",,,,,7,"Ketel Marte challenged (pitch result), call on the field was confirmed: Ketel Marte called out on strikes.","R","L","R","NYM","AZ","S",2,,2,2,2026,"1.63","-1",-0.5441565327682214,1.5621488964480212,,,694374,1,6,"Top",,,,,,,4.2476622192500235,-118.68478641684547,0.5315856472777174,13.963636661499118,29.636119704506854,-41.861298323368224,3.218249672,1.624163386,,,,"80.5",3139,"6.3",823645,620443,668901,543760,666182,596019,621438,673357,683146,"54.2",,0,"0",1,0,0,,41,6,"Curveball",1,0,0,1,0,1,0,1,"Standard","Standard",42,"0.041","-0.222",,,,"0.222",,1,-1,0.662,0.33799999999999997,24,32,25,33,3,2,6,1,5,1,"4.52","-1.63","1.63","29.1",,,,,
"SL","2026-04-09","82.5","2.23","6.12","Springs, Jeffrey",641355,605488,,"called_strike",,,,,4,,"R","L","L","NYY","ATH","S",,,1,1,2026,"0.06","0.42",-0.7068481765938356,2.5648498277472958,,,,0,7,"Bot",,,,,,,-6.732483064131199,-120.16028898221604,-2.2771402279776964,1.734034364939535,20.669903646954808,-27.842925304710086,3.344627625,1.687942913,,,,"83.2",2222,"6.4",823565,642851,701762,687231,628451,805779,691016,672016,671732,"54.07",,,,,,,,48,3,"Slider",0,1,0,1,1,0,0,1,"Infield shade","Standard",225,"-0.012","-0.061",,,,"0.061",,-1,-1,0.362,0.362,33,30,34,31,3,2,6,1,5,1,"2.89","0.06","0.06","47.9",,,,,
"FF","2026-04-09","91.5","-2.07","5.68","Lowder, Rhett",669364,695076,,"ball",,,,,11,,"R","L","R","MIA","CIN","B",,,0,0,2026,"-1.05","1.05",-0.6161761209651118,3.248346285979247,,,,0,5,"Bot",,,,,,,5.914625232315256,-133.05898956164293,-2.324175127465189,-13.801254648402123,31.77746652788088,-19.473321764085398,3.055011483,1.541781496,,,,"90.9",2197,"6.2",823884,664731,701398,680574,553993,682829,670770,667472,668715,"54.27",,,,,,,,43,1,"4-Seam Fastball",4,1,4,1,1,4,4,1,"Standard","Standard",228,"0.001","0.041",,,,"-0.041",,3,3,0.884,0.884,24,26,24,27,3,2,5,1,6,1,"1.7","1.05","-1.05","34.7",,,,,
"SI","2026-04-09","94.6","2.63","5.38","Weathers, Ryan",671732,677960,"strikeout","called_strike",,,,,2,"Lawrence Butler challenged (pitch result), call on the field was confirmed: Lawrence Butler called out on strikes.","R","L","L","NYY","ATH","S",2,,1,2,2026,"1.66","0.64",-0.2343665921782876,3.2576603699858753,,,701762,0,6,"Top",,,,,,,-10.961039419653662,-137.22282350671495,-1.0783729746958544,23.435240779336553,31.946352432335143,-24.04907749529604,3.34375,1.6875,,,,"93",2348,"5.6",823565,669224,700250,642708,641857,676609,545341,641355,592450,"54.85",,0,"0",1,0,0,,38,4,"Sinker",0,0,0,0,0,0,0,0,"Infield shade","Standard",132,"0.035","-0.165",,,,"0.165",,0,0,0.462,0.538,26,25,27,26,3,2,5,1,5,1,"1.93","1.66","1.66","28.4",,,,,
"SL","2026-04-09","83.3","2.32","6.09","Springs, Jeffrey",676609,605488,,"called_strike",,,,,9,,"R","R","L","NYY","ATH","S",,,2,0,2026,"-0.08","0.37",0.41557119946868076,1.4568925708785292,,,,2,5,"Bot",,,,,,,-4.152418844209694,-121.1287082549901,-4.60312265572022,0.10009981024923321,26.52356043229065,-27.76219721333782,3.083095472,1.555954724,,,,"82.8",2155,"6.3",823565,642851,701762,687231,628451,805779,691016,672016,671732,"54.21",,,,,,,,36,3,"Slider",0,0,0,0,0,0,0,0,"Standard","Standard",215,"-0.003","-0.066",,,,"0.066",,0,0,0.52,0.52,33,29,34,30,2,1,6,2,5,1,"2.95","-0.08","0.08","47.8",,,,,
"SI","2026-04-09","93.9","-3.41","5.42","McLean, Nolan",678489,690997,"strikeout","called_strike",,,,,9,"Jorge Barrosa challenged (pitch result), call on the field was confirmed: Jorge Barrosa called out on strikes.","R","L","R","NYM","AZ","S",2,,2,2,2026,"-1.53","0.67",0.7729779015668932,1.752168571591033,,,,1,3,"Top",,,,,,,14.087145617982284,-135.9987399449594,-4.9727935524610345,-22.107899812183582,30.818986306379735,-22.909444122469495,2.958472769,1.493061024,,,,"93.6",2129,"6.4",823645,620443,668901,543760,666182,596019,621438,673357,683146,"54.07",,0,"0",1,0,0,,17,7,"Sinker",1,0,0,1,0,1,0,1,"Standard","Standard",233,"0.016","-0.228",,,,"0.228",,1,-1,0.641,0.359,24,25,25,25,1,0,6,1,5,1,"1.95","1.53","-1.53","33.1",,,,,
"CU","2026-04-09","74.1","-2.04","5.66","Lugo, Seth",808959,607625,,"ball",,,,,14,,"R","L","R","KC","CWS","B",,,0,0,2026,"1.41","-1.28",0.5338871638628144,1.3001259505267182,,,,0,4,"Top",,,,,,,2.6178686146657557,-107.67886131319526,1.0683306935105912,10.155377881697074,24.121002141160172,-42.459410660052534,3.296358268,1.663582677,,,,"71.9",3203,"5.4",824130,521692,686469,663697,672580,677951,686555,664728,657041,"55.15",,,,,,,,24,1,"Curveball",0,0,0,0,0,0,0,0,"Infield shade","Standard",41,"-0.004","0.041",,,,"-0.041",,0,0,0.5,0.5,36,26,37,26,2,1,5,1,6,1,"5.55","-1.41","1.41","31.2",,,,,
"CU","2026-04-09","85.4","-1.94","5.99","Vásquez, Randy",681198,681190,,"ball",,,,,13,,"R","L","R","SD","COL","B",,,0,0,2026,"1.04","-0.3",-0.021780496932045756,1.3889072006661918,,,,1,2,"Top",,,,,,,2.303347045619873,-124.39964946108459,-3.682406598759948,10.3653949297698,24.474385874916862,-34.823173698425826,3.422736221,1.727362205,,,,"84.8",3207,"5.8",823319,666023,664034,630105,592518,593428,657757,701538,665487,"54.69",,,,,,,,8,1,"Curveball",0,0,0,0,0,0,0,0,"Infield shade","Standard",76,"-0.003","0.039",,,,"-0.039",,0,0,0.523,0.477,27,26,28,26,1,0,5,1,6,1,"3.42","-1.04","1.04","34.7",,,,,
"FF","2026-04-09","93","-1.93","5.83","Vest, Will",665019,676684,,"ball",,,,,11,,"R","L","R","MIN","DET","B",,,2,0,2026,"-0.29","1.5",-0.9240361287040119,3.2387546230410043,,670242,605170,1,8,"Bot",,,,,,,3.2018206159782996,-135.48936573319932,-4.0603693862901995,-4.285389648696007,28.048699073963085,-12.993376970456465,3.211228675,1.620620079,,,,"93.4",2164,"6.4",823724,668670,679529,656716,690993,805808,682985,595879,681481,"54.13",,,,,,,,66,3,"4-Seam Fastball",1,1,1,1,1,1,1,1,"Standard","Standard",211,"0.031","0.117",,,,"-0.117",,0,0,0.704,0.704,31,30,31,30,1,3,1,3,5,3,"1.12","0.29","-0.29","50.0",,,,,
"SL","2026-04-09","86.2","-1.75","5.55","Lugo, Seth",678246,607625,,"called_strike",,,,,9,,"R","R","R","KC","CWS","S",,,0,1,2026,"0.25","0.33",0.775405447941521,1.9778258830193662,,,808959,1,1,"Top",,,,,,,5.353441590924337,-125.49238219523883,-2.775962574794405,1.6755708464825014,22.79451651289521,-28.331255044998763,3.290214895,1.660482283,,,,"85.6",2583,"5.6",824130,521692,686469,663697,672580,677951,686555,664728,657041,"54.88",,,,,,,,3,2,"Slider",0,0,0,0,0,0,0,0,"Standard","Standard",152,"0.007","-0.047",,,,"0.047",,0,0,0.502,0.498,36,26,37,27,1,0,5,1,6,1,"2.71","-0.25","-0.25","36.4",,,,,
"SI","2026-04-09","97","-0.53","6.07","Rodriguez, Bradgley",650489,699134,,"called_strike",,,,,9,,"R","L","R","SD","COL","S",,,1,0,2026,"-1.16","1.2",0.5152451657337327,1.793111766369879,,,,0,7,"Top",,,,,,,5.424136865907971,-141.03927746553651,-8.399641881625076,-16.651852212788715,32.10887850319997,-14.389216807799599,3.203330053,1.616633858,,,,"96.5",2358,"6.1",823319,666023,664034,630105,592518,593428,657757,701538,665487,"54.45",,,,,,,,50,2,"Sinker",1,1,1,1,1,1,1,1,"Infield shade","Standard",209,"0.008","-0.05",,,,"0.05",,0,0,0.494,0.506,22,29,23,29,1,2,2,2,2,1,"1.22","1.16","-1.16","48.6",,,,,
"FF","2026-04-09","95.5","-1.77","5.59","Abel, Mick",690993,690953,,"called_strike",,,,,4,,"R","L","R","MIN","DET","S",,,3,1,2026,"-0.78","1.39",-0.7735994443550998,2.330398115198041,,,,0,1,"Top",,,,,,,4.444338321107517,-139.0538093204138,-6.03421220641806,-11.08669361042792,29.76407498586501,-13.034602522718371,3.27792815,1.654281496,,,,"96.9",2477,"7",823724,605170,605137,665019,668904,656484,681546,621439,670242,"53.53",,,,,,,,1,5,"4-Seam Fastball",0,0,0,0,0,0,0,0,"Infield shade","Standard",220,"0.009","-0.094",,,,"0.094",,0,0,0.486,0.514,24,24,25,25,1,0,5,1,5,1,"1.1","0.78","-0.78","25.4",,,,,
"CH","2026-04-08","86.8","-2.24","6.2","Burke, Sean",683002,680732,,"called_strike",,,,,8,,"R","L","R","CWS","BAL","S",,,1,1,2026,"-0.76","1.11",0.1519975075092267,1.706281437633479,,,,1,5,"Top",,,,,,,7.312955518119982,-126.08587881385537,-6.671043373140068,-9.627321215370586,26.025942401035888,-19.139903355805394,3.328830381,1.679970472,,,,"87.6",1913,"7",824617,624512,808959,805367,695657,682668,643217,671976,687957,"53.55",,,,,,,,36,3,"Changeup",2,2,2,2,2,2,2,2,"Infield shade","Standard",224,"0.006","-0.064",,,,"0.064",,0,0,0.531,0.469,26,25,27,25,3,2,5,1,7,2,"1.93","0.76","-0.76","37.8",,,,,
"SI","2026-04-08","91.3","-1.86","4.85","Nola, Aaron",656305,605400,,"called_strike",,,,,7,,"R","R","R","SF","PHI","S",,,3,1,2026,"-1.64","0.66",-0.4289040960787318,1.5888113059132014,,642715,650333,1,6,"Bot",,,,,,,7.306491559766177,-132.71844629394613,-3.580314804785882,-20.97652056965146,30.232434057216928,-23.773941277037466,3.250721785,1.640551181,,,,"92.9",2439,"7.4",823234,665561,547180,681082,664761,607208,669016,702222,666969,"53.09",,,,,,,,46,5,"Sinker",0,0,0,0,0,0,0,0,"Standard","Standard",233,"-0.02","-0.075",,,,"0.075",,0,0,0.662,0.662,33,33,33,33,3,2,5,1,6,2,"2.09","1.64","1.64","18.2",,,,,
"SL","2026-04-08","86.1","-2.72","5.68","Severino, Luis",663757,622663,,"ball",,,,,11,,"R","L","R","NYY","ATH","B",,,0,0,2026,"0.92","0.9",-0.4041237978186334,3.351428162651355,,,,0,5,"Bot",,,,,,,3.552777835204064,-125.38535338156491,-0.9399108919383017,8.871760532615047,26.914949340833992,-22.79830327054127,3.138385827,1.583858268,,,,"86.6",2394,"6.7",823564,669127,701762,643446,691777,805779,691016,671732,666126,"53.79",,,,,,,,43,1,"Slider",2,2,2,2,2,2,2,2,"Infield shade","Standard",98,"0.005","0.041",,,,"-0.041",,0,0,0.567,0.567,32,29,32,30,3,2,7,1,5,1,"2.19","-0.92","0.92","36.1",,,,,
"FF","2026-04-08","92","-1.81","4.99","Nola, Aaron",650333,605400,,"ball",,,,,12,,"R","L","R","SF","PHI","B",,,2,1,2026,"-1.19","1.3",0.4929697006580951,3.3275804381239866,,642715,,1,6,"Bot",,,,,,,8.565610917905563,-133.74868119106085,-1.0866736323184165,-16.170098292137663,28.75529123512772,-16.567725266926686,3.124343832,1.576771654,,,,"93.7",2464,"7.3",823234,665561,547180,681082,664761,607208,669016,702222,666969,"53.17",,,,,,,,45,4,"4-Seam Fastball",0,0,0,0,0,0,0,0,"Standard","Standard",224,"0.007","0.071",,,,"-0.071",,0,0,0.609,0.609,33,29,33,29,3,2,5,1,6,2,"1.4","1.19","-1.19","21.7",,,,,
"SL","2026-04-08","85.6","1.76","6.29","Detmers, Reid",643289,672282,,"called_strike",,,,,7,,"R","R","L","LAA","ATL","S",,,0,0,2026,"-0.27","-0.02",-0.7170523590465214,1.7718202394660598,,663586,,2,3,"Top",,,,,,,-5.195561157726696,-124.49953449963196,-4.065067519823948,-1.7954396870062537,25.280015969452233,-31.788458020945555,3.17085794,1.600246063,,,,"85.3",2283,"6.2",824050,681351,694384,672724,660162,687263,666139,545361,624585,"54.32",,,,,,,,26,1,"Slider",2,4,4,2,4,2,4,2,"Standard","Standard",284,"0.004","-0.04",,,,"0.04",,-2,2,0.3,0.7,26,31,27,32,2,1,5,1,6,2,"3.14","-0.27","0.27","44.2",,,,,
"ST","2026-04-08","82.5","-1.62","5.39","Rea, Colin",810938,607067,,"ball",,,,,14,,"R","R","R","TB","CHC","B",,,1,1,2026,"1.53","0.19",0.924395618942889,1.9063350967826787,,,,1,4,"Bot",,,,,,,2.6939929922106516,-120.03605196059094,-1.4198562506027925,13.886621407905633,28.046881337201654,-30.331258979060784,3.229658793,1.62992126,,,,"82.5",2511,"6.8",823000,608348,683737,663538,608324,621020,624424,691718,807713,"53.73",,,,,,,,29,3,"Sweeper",1,1,1,1,1,1,1,1,"Standard","Standard",69,"0.004","0.055",,,,"-0.055",,0,0,0.532,0.532,35,25,36,26,2,1,5,2,6,2,"3.22","-1.53","-1.53","32.5",,,,,
"SI","2026-04-08","92.7","-1.07","5.58","Scholtens, Jesse",608324,669947,"walk","ball",,,,,14,"Alex Bregman challenged (pitch result), call on the field was overturned: Alex Bregman walks.","R","R","R","TB","CHC","B",,,3,2,2026,"-1.38","1.04",0.3636951932066643,1.2897570496234831,,,,0,8,"Top",,,,,,,6.7626499523871,-134.52944242953114,-7.1840755779603755,-18.29659158458173,33.475992705398035,-18.098334590915478,3.126099081,1.57765748,,,,"92.8",2261,"6.8",823000,676439,666018,810938,691406,670764,802415,676356,641584,"53.66",,0.704857,"0.7",1,0,0,,57,6,"Sinker",1,6,6,1,6,1,6,1,"Standard","Standard",203,"-0.003","0.356",,,,"-0.356",,-5,5,0.018,0.982,32,32,32,32,2,3,,1,7,2,"1.66","1.38","1.38","39.4",,,,,
"SL","2026-04-08","84.4","1.87","6.2","Detmers, Reid",660670,672282,,"called_strike",,,,,8,,"R","R","L","LAA","ATL","S",,,1,1,2026,"-0.37","-0.47",0.21174272359487945,1.8376303378939554,,,,0,3,"Top",,,,,,,-3.050381081093104,-122.93285827718834,-2.582569662560835,-3.1399101606655075,25.502954200281867,-36.594815618708054,3.200697179,1.615305118,,,,"84.2",2538,"6.2",824050,681351,694384,672724,660162,687263,666139,545361,624585,"54.3",,,,,,,,21,3,"Slider",2,2,2,2,2,2,2,2,"Standard","Standard",304,"0.006","-0.061",,,,"0.061",,0,0,0.501,0.499,26,28,27,29,2,1,5,1,6,2,"3.67","-0.37","0.37","43.1",,,,,
"CH","2026-04-08","90.2","-2.03","5.65","Lange, Alex",682657,656638,,"ball",,,,,14,,"R","L","R","CLE","KC","B",,,0,0,2026,"-1.34","-0.02",0.11022556710098508,1.1904259014210088,,,,2,6,"Bot",,,,,,,8.130972259661053,-130.9848384221313,-4.76461734547,-17.17336387572131,29.56459918260271,-31.487150528040804,3.177878937,1.60378937,,,,"89.7",1812,"6.3",824455,695600,686469,663697,672580,677951,686681,657041,516782,"54.24",,,,,,,,51,1,"Changeup",5,2,5,2,2,5,5,2,"Standard","Standard",254,"0","0.037",,,,"-0.037",,3,3,0.898,0.898,30,24,31,24,1,3,4,1,4,2,"2.85","1.34","-1.34","41.8",,,,,
"SI","2026-04-08","95","-2.27","5.75","Holmes, Grant",681351,656550,"walk","ball",,,,,14,"Logan O'Hoppe challenged (pitch result), call on the field was overturned: Logan O'Hoppe walks. Yoán Moncada scores. Jo Adell to 3rd. Josh Lowe to 2nd.","R","R","R","LAA","ATL","B",,,3,2,2026,"-1.4","0.7",0.9447517301056345,1.9891460683914897,660162,666176,666139,0,2,"Bot",,,,,,,11.376182109064974,-137.7588252719175,-5.423662856449019,-20.498710575194725,34.01438566580007,-22.199901475166662,3.29109252,1.660925197,,,,"93.6",2435,"5.9",824050,641680,621566,645277,663586,643289,573262,671739,660670,"54.57",,0.704857,"0.7",1,0,0,,17,6,"Sinker",1,2,1,2,2,2,2,2,"Standard","Standard",221,"0.076","0.353",,,,"-0.353",,-1,-1,0.639,0.639,30,26,30,26,1,0,5,1,5,2,"1.87","1.4","1.4","40.9",,,,,
"ST","2026-04-08","84.8","-2","5.73","Agnos, Zach",701358,688642,,"ball",,,,,13,,"R","R","R","COL","HOU","B",,,0,0,2026,"0.92","-0.28",-0.3068676588217233,1.5636879218913258,,,,2,8,"Top",,,,,,,2.018978944564711,-123.64840611449681,-2.716364383080856,9.243187905051148,20.894481311840924,-34.789477982830334,3.348138123,1.689714567,,,,"84.9",2412,"5.9",824374,696100,687859,666397,691720,678662,666160,686668,664983,"54.6",,,,,,,,72,1,"Sweeper",8,1,1,8,1,8,1,8,"Infield shade","Standard",56,"0","0.037",,,,"-0.037",,7,-7,0.999,0.0010000000000000009,25,23,26,23,1,3,2,1,3,2,"3.4","-0.92","-0.92","38.5",,,,,
"FC","2026-04-08","84.7","-1.83","5.35","Laweryson, Cody",650402,689520,,"called_strike",,,,,4,,"R","R","R","MIN","DET","S",,,0,0,2026,"0.09","0.26",-0.78577958611097,2.0711013371210485,,595879,679529,2,8,"Top",,,,,,,2.2111080206834974,-123.2628042400772,-1.6026933276505417,0.45176898306136687,26.183040329832473,-29.39337840030388,3.12960958,1.579429134,,,,"84.4",2457,"6.2",823726,680777,605170,807712,668904,686797,681546,621439,670242,"54.28",,,,,,,,77,1,"Cutter",8,6,6,8,6,8,6,8,"Standard","Standard",121,"0.011","-0.047",,,,"0.047",,2,-2,0.865,0.135,28,29,28,30,1,4,2,1,,1,"2.93","-0.09","-0.09","28.7",,,,,
"SL","2026-04-08","81.7","-1.45","5.23","Singer, Brady",681393,663903,,"called_strike",,,,,9,,"R","R","R","MIA","CIN","S",,,0,1,2026,"0.35","-0.06",0.7806360266893166,1.4910879939492534,,,689414,1,1,"Bot",,,,,,,4.298537770232879,-118.86887111292225,-1.4744893865205024,2.4377146725040677,24.024117590909448,-32.68153569668554,3.112934711,1.57101378,,,,"82.1",2458,"6.7",823885,663886,701398,680574,663647,682829,666181,670770,682622,"53.78",,,,,,,,11,2,"Slider",2,2,2,2,2,2,2,2,"Standard","Standard",90,"-0.008","-0.047",,,,"0.047",,0,0,0.547,0.547,29,26,30,26,1,0,5,1,6,2,"3.49","-0.35","-0.35","26.1",,,,,
"ST","2026-04-08","80.9","-3.45","4.12","Lawrence, Justin",657656,664875,,"called_strike",,,,,4,,"R","R","R","PIT","SD","S",,,1,0,2026,"1.71","0.35",-0.7118987694328804,2.3755396133799085,,,,1,7,"Top",,,,,,,2.694190155756176,-117.6304027275603,2.362521067784007,15.156251975726041,25.510670534704612,-29.713051371040894,3.064665354,1.546653543,,,,"80.7",2978,"6.5",823403,663698,687462,664040,694377,693304,663968,665833,668804,"53.97",,,,,,,,50,2,"Sweeper",0,4,4,0,4,0,4,0,"Standard","Standard",62,"0","-0.049",,,,"0.049",,-4,4,0.064,0.9359999999999999,31,31,32,32,1,3,2,1,3,1,"3.18","-1.71","-1.71","3.4",,,,,
"FF","2026-04-08","94.6","2.84","5.94","De Jesus, Enmanuel",605137,646241,"walk","ball",,,,,14,"Josh Bell challenged (pitch result), call on the field was overturned: Josh Bell walks. Victor Caratini to 2nd.","R","R","L","MIN","DET","B",,,3,1,2026,"0.9","1.43",1.005840910299886,1.9956945763729692,680777,,605170,2,6,"Bot",,,,,,,-6.726907333445925,-137.38335715436173,-7.5183008825951365,12.952636750572449,31.91498682238478,-12.53567179351143,3.334973753,1.683070866,,,,"93.8",2412,"6",823726,693307,690993,656716,805808,595879,682985,678009,681481,"54.49",,0.704857,"0.7",1,0,0,,59,5,"4-Seam Fastball",8,2,8,2,2,8,8,2,"Standard","Standard",139,"0.001","0.122",,,,"-0.122",,6,6,0.986,0.986,29,33,30,34,1,3,3,1,8,1,"1.14","0.9","-0.9","44.7",,,,,
"FF","2026-04-08","98.1","-1.07","6.58","Petersen, Michael",663993,656848,"strikeout","called_strike",,,,,3,"Nathaniel Lowe challenged (pitch result), call on the field was confirmed: Nathaniel Lowe called out on strikes.","R","L","R","MIA","CIN","S",2,,0,2,2026,"-0.72","1.51",0.7998898473182537,3.375021859530519,,663886,682622,0,9,"Top",,,,,,,6.664953356747073,-142.50871463170765,-6.431054400602999,-11.50247805281531,37.11209943996865,-10.352359854530146,3.366568242,1.699015748,,,,"97.1",2320,"6.1",823885,689414,681393,669364,688363,691594,665052,805300,683357,"54.39",,0,"0",1,0,0,,75,4,"4-Seam Fastball",7,4,4,7,4,7,4,7,"Standard","Standard",209,"0.041","-0.178",,,,"0.178",,3,-3,0.869,0.131,32,30,32,31,1,0,4,1,3,1,"0.89","0.72","-0.72","53.2",,,,,
"SI","2026-04-08","88.5","-2.29","5.94","McGreevy, Michael",691781,700241,,"ball",,,,,13,,"R","R","R","WSH","STL","B",,,1,2,2026,"-0.42","0.57",-0.8505644425498166,1.4376316131862321,,695578,671277,0,1,"Bot",,,,,,,4.396776670707913,-128.70271402989485,-5.925312363652488,-5.586854470138234,27.167649926337216,-24.78350412360774,3.370956365,1.701230315,,,,"89.4",2140,"6.9",822753,671056,676475,802139,602104,691026,695336,701675,691023,"53.58",,,,,,,,9,4,"Sinker",0,0,0,0,0,0,0,0,"Standard","Standard",217,"0.008","0.058",,,,"-0.058",,0,0,0.621,0.621,25,23,26,23,1,0,5,1,6,2,"2.35","0.42","0.42","37.2",,,,,
"FF","2026-04-08","91.4","3.48","5.19","Hudson, Bryan",691723,663542,,"called_strike",,,,,8,,"R","R","L","CWS","BAL","S",,,0,1,2026,"1.09","1.24",-0.1266362929226501,1.6489691359374132,663624,,,2,6,"Top",,,,,,,-11.543029588514912,-132.6586577152472,-5.682326979436841,15.152378921338775,24.36660600844147,-16.430846067423186,3.413959974,1.722933071,,,,"93.3",2275,"7.2",824617,624512,808959,805367,695657,682668,643217,671976,687957,"53.25",,,,,,,,49,2,"4-Seam Fastball",3,4,4,3,4,3,4,3,"Infield shade","Standard",122,"0.011","-0.062",,,,"0.062",,-1,1,0.358,0.642,29,24,29,25,1,2,1,1,4,3,"1.47","1.09","-1.09","14.2",,,,,
"CU","2026-04-08","81.9","-0.57","6.18","Casparius, Ben",665926,676508,,"called_strike",,,,,8,,"R","L","R","TOR","LAD","S",,,0,1,2026,"0.64","-1.51",0.1778667790774422,1.762304082832883,,,676914,1,8,"Bot",,,,,,,0.4002001532999864,-119.15904212753794,-0.10262657210408577,5.9653516910818505,26.945467666965552,-46.58452153618788,3.164714567,1.597145669,,,,"80.1",3063,"5.5",822833,669257,518692,690976,571970,500743,606192,681624,663656,"55.01",,,,,,,,71,2,"Curveball",3,3,3,3,3,3,3,3,"Standard","Standard",36,"-0.014","-0.047",,,,"0.047",,0,0,0.599,0.599,27,27,27,28,1,3,4,1,4,2,"4.96","-0.64","0.64","52.9",,,,,
"SL","2026-04-08","86.5","-3.24","5.71","Cruz, Steven",700932,674444,,"ball",,,,,13,,"R","L","R","CLE","KC","B",,,0,0,2026,"0.28","0.2",-0.8449528719408762,1.4662233460243992,,,608070,0,7,"Bot",,,,,,,5.0982868642611505,-125.80355746227964,-4.037467648631354,1.8730385178288953,27.834454201953417,-29.424525511942086,3.187532808,1.608661417,,,,"87",1995,"6.8",824455,695600,686469,663697,672580,677951,686681,657041,516782,"53.66",,,,,,,,57,1,"Slider",5,2,5,2,2,5,5,2,"Standard","Standard",148,"0.001","0.04",,,,"-0.04",,3,3,0.95,0.95,27,25,27,26,1,0,3,1,31,2,"2.88","-0.28","0.28","34.2",,,,,
"FF","2026-04-08","93.5","1.83","6.32","Headrick, Brent",671732,687396,"strikeout","called_strike",,,,,2,"Lawrence Butler challenged (pitch result), call on the field was confirmed: Lawrence Butler called out on strikes.","R","L","L","NYY","ATH","S",2,,2,2,2026,"0.63","1.44",-0.19575241862648518,3.259810495736173,,,,0,8,"Top",,,,,,,-6.631581773917255,-135.7616841372651,-5.102965677792317,9.34811745076215,35.33757511112062,-13.46812785583236,3.34375,1.6875,,,,"93.6",2442,"6.9",823564,641555,700250,665862,642708,641857,641355,663757,592450,"53.58",,0,"0",1,0,0,,63,5,"4-Seam Fastball",2,2,2,2,2,2,2,2,"Standard","Standard",147,"0.039","-0.232",,,,"0.232",,0,0,0.507,0.493,28,25,29,26,1,3,1,1,2,1,"1.22","0.63","0.63","37.5",,,,,
"SI","2026-04-08","93.7","2.7","5.49","Banda, Anthony",595879,607455,,"called_strike",,,,,4,,"R","R","L","MIN","DET","S",,,1,1,2026,"1.46","0.87",-0.5790969782906419,2.2846324754490537,,,,0,7,"Top",,,,,,,-11.57580629818628,-136.00249486226485,-4.272418896397573,20.64988554501715,28.619732076783798,-20.524783253003065,3.175246063,1.60246063,,,,"93.4",2044,"6.1",823726,680777,605170,807712,668904,686797,668885,621439,670242,"54.37",,,,,,,,61,3,"Sinker",8,2,2,8,2,8,2,8,"Standard","Standard",128,"0.002","-0.061",,,,"0.061",,6,-6,0.983,0.017000000000000015,32,33,33,34,1,2,2,1,2,1,"1.73","1.46","-1.46","30.3",,,,,
"SL","2026-04-08","87.3","1.44","6.02","Dreyer, Jack",676914,676263,,"ball",,,,,11,,"R","R","L","TOR","LAD","B",,,1,1,2026,"-0.54","0.56",-0.07164385198929846,3.246277433235368,,,,0,7,"Bot",,,,,,,-2.483537349651755,-127.04482771265353,-1.4610974535429069,-5.228080695613955,28.06254718800091,-25.999948382812338,3.045357612,1.536909449,,,,"87.4",2290,"6.5",822833,669257,518692,690976,571970,500743,606192,681624,663656,"53.96",,,,,,,,58,3,"Slider",1,3,1,3,3,1,1,3,"Standard","Standard",172,"0.009","0.055",,,,"-0.055",,-2,-2,0.219,0.219,27,27,27,27,1,0,3,1,3,2,"2.44","-0.54","0.54","56.5",,,,,
"SI","2026-04-08","92.1","0.57","6.21","Valdez, Framber",668885,664285,,"called_strike",,,,,3,,"R","R","L","MIN","DET","S",,,0,0,2026,"1.4","0.39",0.7140200754660153,3.088231501703557,,,621439,0,1,"Bot",,,,,,,-2.685372119646039,-134.056365146616,-2.681992896250037,17.385618039058148,31.675620908928437,-27.08321723955082,3.12960958,1.579429134,,,,"90.7",2170,"5.6",823726,693307,690993,656716,805808,595879,682985,663837,681481,"54.85",,,,,,,,5,1,"Sinker",0,0,0,0,0,0,0,0,"Standard","Standard",143,"-0.005","-0.043",,,,"0.043",,0,0,0.583,0.583,32,27,33,27,1,0,5,1,6,1,"2.31","1.4","-1.4","45.4",,,,,
"SL","2026-04-08","91.2","-1.55","5.76","Bachar, Lake",701398,669199,,"ball",,,,,13,,"R","R","R","MIA","CIN","B",,,0,1,2026,"0.11","0.36",-0.1145648508666009,1.2060607125851726,,,,0,8,"Top",,,,,,,3.2978080716952047,-132.65867131282553,-6.030753671579251,0.5641396576898114,29.07506162272748,-26.873076651038595,3.239312664,1.634793307,,,,"90.4",2626,"5.8",823885,689414,681393,669364,688363,691594,665052,805300,683357,"54.65",,,,,,,,66,2,"Slider",7,4,4,7,4,7,4,7,"Standard","Standard",217,"-0.002","0.031",,,,"-0.031",,3,-3,0.931,0.06899999999999995,31,22,31,23,1,3,5,1,2,1,"2.39","-0.11","-0.11","39.1",,,,,
"SI","2026-04-08","87.1","-3.93","3.72","Thompson, Ryan",543760,657044,,"ball",,,,,13,,"R","R","R","NYM","AZ","B",,,0,0,2026,"-1.12","-0.52",-0.8629081441017894,2.040367280208272,,673357,683146,2,6,"Bot",,,,,,,9.651955138604599,-126.30643556361456,3.4981471541950953,-14.056733102578235,27.325100208634872,-38.712392051775225,3.212106299,1.621062992,,,,"87.2",1951,"6.7",823646,672515,699912,545121,571448,672695,694374,678489,682998,"53.81",,,,,,,,52,1,"Sinker",1,5,1,5,5,1,1,5,"Standard","Standard",263,"0.003","0.024",,,,"-0.024",,-4,-4,0.094,0.094,34,35,34,36,1,2,1,1,3,1,"3.56","1.12","1.12","-11.1",,,,,
"SL","2026-04-07","87.7","-1.44","5.38","Yamamoto, Yoshinobu",672960,808967,,"ball",,,,,14,,"R","R","R","TOR","LAD","B",,,1,2,2026,"0.45","0.39",0.9635049386667092,1.764453952687429,,,,0,7,"Bot",,,,,,,4.814829006109583,-127.71681208076062,-3.2751824867017283,4.024981061983664,23.994696497499405,-27.48540998859098,3.255987533,1.643208661,,,,"88.5",2849,"6.6",822831,669257,518692,690976,571970,808975,606192,681624,663656,"53.93",,,,,,,,53,4,"Slider",1,3,1,3,3,1,1,3,"Standard","Standard",103,"0.006","0.043",,,,"-0.043",,-2,-2,0.209,0.209,27,30,28,30,3,2,6,1,7,1,"2.55","-0.45","-0.45","42.5",,,,,
"ST","2026-04-07","83.4","2.46","6.09","Crochet, Garrett",596142,676979,"strikeout","called_strike",,,,,9,"Gary Sánchez challenged (pitch result), call on the field was confirmed: Gary Sánchez called out on strikes.","R","R","L","BOS","MIL","S",2,,3,2,2026,"-1.04","-0.14",0.6663683252024903,1.5620298747638106,,,661388,2,6,"Top",,,,,,,-2.00195970189288,-121.31974032137785,-3.3535722042450686,-9.670517989246575,27.16093478193792,-33.067943698853824,3.311277887,1.671112205,,,,"83.4",2425,"6.6",824780,657136,575929,691785,643396,596115,680776,678882,677800,"53.87",,0,"0",1,0,0,,40,8,"Sweeper",0,0,0,0,0,0,0,0,"Standard","Standard",299,"0.041","-0.295",,,,"0.295",,0,0,0.535,0.46499999999999997,27,33,27,34,3,2,6,2,6,1,"3.46","-1.04","1.04","34.5",,,,,
"FF","2026-04-07","96","-2.65","5.94","Williams, Gavin",677951,668909,,"ball",,,,,12,,"R","R","R","CLE","KC","B",,,1,2,2026,"-0.94","1.44",0.5165226410515913,3.65366212700423,,664728,,2,5,"Top",,,,,,,10.553923562260643,-139.28067285276813,-3.563108230632988,-14.769701742361347,33.88824559093371,-12.868097089561445,3.238435039,1.634350394,,,,"96.6",2192,"7",824457,595978,656555,682877,608070,677587,682657,680757,692216,"53.5",,,,,,,,35,4,"4-Seam Fastball",0,1,1,0,1,0,1,0,"Standard","Strategic",219,"-0.005","0.012",,,,"-0.012",,-1,1,0.389,0.611,26,26,27,26,3,2,6,1,6,1,"1.07","0.94","0.94","37.1",,,,,
"SL","2026-04-07","81.4","-0.53","6.18","Civale, Aaron",592450,650644,,"ball",,,,,14,,"R","R","R","NYY","ATH","B",,,1,0,2026,"0.93","0",0.8480248119647285,1.6972588363051586,,676609,,1,5,"Bot",,,,,,,1.2221893041604728,-118.68351019357662,-3.2994936246354643,8.673609413780472,19.964582310171853,-31.82068013098066,3.522785433,1.777854331,,,,"81.3",2800,"5.8",823567,669127,701762,643446,691777,805779,691016,672016,671732,"54.66",,,,,,,,40,2,"Slider",1,3,1,3,3,1,1,3,"Infield shade","Standard",86,"0.007","0.046",,,,"-0.046",,-2,-2,0.318,0.318,31,34,31,34,3,2,7,2,5,1,"3.39","-0.93","-0.93","46.8",,,,,
"SI","2026-04-07","92.5","-1.02","5.98","Civale, Aaron",669224,650644,"strikeout","called_strike",,,,,3,"Austin Wells challenged (pitch result), call on the field was confirmed: Austin Wells called out on strikes.","R","L","R","NYY","ATH","S",2,,2,2,2026,"-1.53","1.03",0.6239184974527527,3.3674257434800214,,,,2,4,"Bot",,,,,,,7.495569374632822,-134.40344359510902,-2.8425686630333677,-20.211042656865217,33.32933022209122,-19.311470899345487,3.254232283,1.642322835,,,,"91.4",2297,"6",823567,669127,701762,643446,691777,805779,691016,672016,671732,"54.49",,0,"0",1,0,0,,33,7,"Sinker",1,3,1,3,3,1,1,3,"Infield shade","Standard",213,"-0.011","-0.224",,,,"0.224",,-2,-2,0.26,0.26,31,26,31,27,2,1,7,2,5,2,"1.67","1.53","-1.53","38.7",,,,,
"SI","2026-04-07","94.9","-3.35","5.8","Burrows, Mike",691720,681347,"strikeout","called_strike",,,,,6,"Kyle Karros challenged (pitch result), call on the field was confirmed: Kyle Karros called out on strikes.","R","R","R","COL","HOU","S",2,,1,2,2026,"-0.94","0.88",0.7239541812120087,2.457871028328631,,,664954,0,5,"Bot",,,,,,,12.668880255619207,-137.74962837393716,-4.956715217917661,-14.418128201728406,25.01570692588888,-20.022888456035805,3.431512467,1.731791339,,,,"95.8",2204,"6.6",824375,673237,572233,514888,670623,665161,694728,676694,701358,"53.95",,0,"0",1,0,0,,36,4,"Sinker",3,1,3,1,1,3,3,1,"Standard","Standard",218,"-0.015","-0.165",,,,"0.165",,2,2,0.828,0.828,26,23,27,24,2,1,6,1,6,1,"1.63","0.94","0.94","37.7",,,,,
"SI","2026-04-07","94","-1.38","6.15","Schlittler, Cam",671732,693645,,"ball",,,,,14,,"R","L","R","NYY","ATH","B",,,2,2,2026,"-1.2","0.86",0.8497805288890738,1.974610958246605,,,,1,4,"Top",,,,,,,8.493754227361068,-136.38201364989575,-6.7947100990529385,-16.858691561641947,32.75171962245442,-20.00724961228104,3.34375,1.6875,,,,"94.5",2051,"7",823567,669224,700250,665862,642708,676609,641355,663757,592450,"53.54",,,,,,,,29,5,"Sinker",1,3,3,1,3,1,3,1,"Standard","Standard",207,"-0.005","0.104",,,,"-0.104",,-2,2,0.291,0.7090000000000001,25,25,25,26,2,1,6,2,5,1,"1.75","1.2","-1.2","44.9",,,,,
"CU","2026-04-07","86.2","-1.67","5.45","Misiorowski, Jacob",677800,694819,"strikeout","called_strike",,,,,1,"Wilyer Abreu challenged (pitch result), call on the field was confirmed: Wilyer Abreu called out on strikes.","R","L","R","BOS","MIL","S",2,,3,2,2026,"0.79","-0.7",-0.6956453154925745,2.8665168115388955,,,575929,2,4,"Bot",,,,,,,0.6459505770696325,-125.5313174124332,1.8407414790764476,8.143922326587434,27.896491455692818,-40.194363753686254,3.117322835,1.573228347,,,,"87.1",2216,"7.1",824780,661388,596142,666152,650859,687401,663604,663368,686217,"53.43",,0,"0",1,0,0,,28,6,"Curveball",0,0,0,0,0,0,0,0,"Infield shade","Strategic",41,"-0.032","-0.295",,,,"0.295",,0,0,0.532,0.532,24,27,24,27,2,1,6,1,7,1,"3.79","-0.79","0.79","41.7",,,,,
"SI","2026-04-07","93.4","-3.25","5.79","Burrows, Mike",687597,681347,,"ball",,,,,14,,"R","R","R","COL","HOU","B",,,1,0,2026,"-0.77","0.88",0.8281680700602404,1.5043998846464444,,,,2,4,"Bot",,,,,,,12.098702334061699,-135.55697468232282,-7.0964006884721345,-11.830734148720799,24.301717199697677,-19.99902461303298,3.316543635,1.673769685,,,,"94.1",2183,"6.4",824375,673237,572233,514888,670623,665161,694728,676694,701358,"54.07",,,,,,,,31,2,"Sinker",3,1,3,1,1,3,3,1,"Standard","Standard",222,"0.001","0.065",,,,"-0.065",,2,2,0.76,0.76,26,25,27,25,2,1,6,2,6,3,"1.71","0.77","0.77","36.9",,,,,
"SL","2026-04-07","86.8","1.12","6.07","Cameron, Noah",656555,702070,,"ball",,,,,13,,"R","R","L","CLE","KC","B",,,1,2,2026,"0.05","0.23",-0.3797339668706275,1.5601479736910613,,682657,681807,1,4,"Bot",,,,,,,-3.651944184426899,-126.31673143795813,-4.794627666400047,1.3097457764781715,27.505842003003124,-28.849878841656,3.334096129,1.682627953,,,,"86.6",2433,"6.3",824457,695600,686469,663697,672580,677951,686555,664728,695506,"54.18",,,,,,,,30,4,"Slider",0,1,0,1,1,0,0,1,"Infield shade","Standard",192,"0.009","0.043",,,,"-0.043",,-1,-1,0.464,0.464,26,33,27,33,2,1,6,1,5,1,"2.81","0.05","-0.05","47.9",,,,,
"SI","2026-04-07","96.3","-2.39","5.95","Cavalli, Cade",691023,676917,"strikeout","called_strike",,,,,9,"Jordan Walker challenged (pitch result), call on the field was confirmed: Jordan Walker called out on strikes.","R","R","R","WSH","STL","S",2,,2,2,2026,"-1.22","0.95",0.6253059630871325,2.1174494836044233,,,676475,2,3,"Top",,,,,,,10.710937639174828,-139.63376260166174,-6.497276990284659,-18.462750609780105,34.041624427368866,-18.319558610931864,3.461351706,1.746850394,,,,"96",2148,"6.5",822754,660688,678554,683083,691781,682928,695578,696285,686894,"54.01",,0,"0",1,0,0,,22,6,"Sinker",1,2,2,1,2,1,2,1,"Standard","Standard",214,"0.02","-0.216",,,,"0.216",,-1,1,0.417,0.583,27,24,28,24,2,1,6,1,6,1,"1.54","1.22","1.22","34.4",,,,,
"SI","2026-04-07","95.8","1.84","5.89","Sánchez, Cristopher",666464,650911,,"ball",,,,,14,,"R","R","L","SF","PHI","B",,,0,0,2026,"1.54","0.5",0.41844947514170916,1.537890354620697,,,,2,4,"Bot",,,,,,,-7.318059831928693,-139.23551782513408,-6.791269426398999,21.63153480051164,33.219655357924935,-24.249476431715387,3.400795604,1.71628937,,,,"96.4",2213,"6.8",823235,665561,547180,664238,624641,607208,805249,702222,666969,"53.67",,,,,,,,31,1,"Sinker",1,0,1,0,0,1,1,0,"Infield shade","Standard",122,"0.001","0.037",,,,"-0.037",,1,1,0.649,0.649,29,28,30,29,2,1,6,1,6,1,"2","1.54","-1.54","29.9",,,,,
"SI","2026-04-07","92.7","-1.58","5.96","Assad, Javier",691406,665871,,"ball",,,,,13,,"R","R","R","TB","CHC","B",,,1,0,2026,"-1.42","0.76",-0.12104500837255494,1.4758983818750337,,,,0,5,"Bot",,,,,,,6.848621887913178,-134.6656069495078,-7.055531308193707,-18.80754742759452,31.80440879176509,-21.479227744210576,3.243700787,1.637007874,,,,"92.4",1944,"6.4",822999,665804,683737,663538,608324,621020,624424,691718,807713,"54.1",,,,,,,,36,2,"Sinker",0,4,0,4,4,0,0,4,"Standard","Standard",211,"0.006","0.077",,,,"-0.077",,-4,-4,0.126,0.126,28,22,29,23,2,1,,1,6,1,"1.92","1.42","1.42","52.6",,,,,
"SI","2026-04-07","92.4","-2.76","6.02","Gallen, Zac",673357,668678,,"ball",,,,,13,,"R","R","R","NYM","AZ","B",,,0,0,2026,"-1.96","1.59",-0.7392672796633928,1.435558822033923,,,,1,3,"Bot",,,,,,,9.483281149375708,-133.79388605309222,-9.026136163484548,-25.604966583378346,34.2990708035889,-11.180240302865043,3.310400263,1.670669291,,,,"92.1",2293,"6.8",823648,672515,545121,606466,571448,672695,678489,677950,682998,"53.71",,,,,,,,26,1,"Sinker",2,0,2,0,0,2,2,0,"Standard","Standard",204,"0.002","0.039",,,,"-0.039",,2,2,0.749,0.749,30,28,31,29,2,1,6,2,5,1,"1.15","1.96","1.96","43.4",,,,,
"FC","2026-04-07","91","-2.38","5.52","Eovaldi, Nathan",670042,543135,"strikeout","called_strike",,,,,7,"Luke Raley challenged (pitch result), call on the field was confirmed: Luke Raley called out on strikes.","R","L","R","TEX","SEA","S",2,,1,2,2026,"0.17","1.02",-0.5529930332763022,1.8066591786458033,,668227,,2,4,"Top",,,,,,,4.16929161371261,-132.4292161354052,-5.434819998200531,1.1191962431310187,29.470377887828008,-19.2145780757774,3.340239501,1.685728347,,,,"91.5",2307,"6.7",822916,543309,669394,669701,677649,608369,694671,694497,607043,"53.79",,0,"0",1,0,0,,25,5,"Cutter",0,1,1,0,1,0,1,0,"Infield shade","Standard",198,"0.025","-0.208",,,,"0.208",,-1,1,0.403,0.597,36,31,36,32,2,1,6,1,6,1,"1.74","-0.17","0.17","33.3",,,,,
"FF","2026-04-07","91.6","2.4","6.02","Freeland, Kyle",670541,607536,,"ball",,,,,12,,"R","L","L","COL","HOU","B",,,1,0,2026,"0.37","1.07",0.3295194087653431,3.5477869060834966,,,665161,2,3,"Top",,,,,,,-6.028742508946048,-133.49365300979363,-2.6501782071598976,5.524728673957512,24.388797504478223,-18.952526526366192,3.392019357,1.711860236,,,,"93",2381,"6.7",824375,664954,681198,650489,691720,678662,687597,666160,687859,"53.79",,,,,,,,19,2,"4-Seam Fastball",1,1,1,1,1,1,1,1,"Infield shade","Strategic",148,"-0.005","0.048",,,,"-0.048",,0,0,0.528,0.472,33,29,33,29,2,1,6,1,21,1,"1.61","0.37","0.37","34.9",,,,,
"SI","2026-04-07","92","-1.4","6.11","Englert, Mason",663538,669438,,"ball",,,,,13,,"R","R","R","TB","CHC","B",,,0,0,2026,"-1.13","1.32",-0.019424863242599733,1.404810144728921,,807713,,2,2,"Top",,,,,,,5.94315063425552,-133.55607986388546,-8.634861282997905,-14.862004819077326,31.669408484019336,-14.64872355699923,3.185777559,1.607775591,,,,"91.3",2163,"6.2",822999,663743,666018,680700,691406,670764,802415,656775,641584,"54.29",,,,,,,,13,1,"Sinker",0,2,2,0,2,0,2,0,"Standard","Standard",214,"-0.001","0.019",,,,"-0.019",,-2,2,0.314,0.6859999999999999,26,29,27,29,2,1,3,1,5,1,"1.41","1.13","1.13","41.7",,,,,
"SI","2026-04-07","97.2","1.81","6.1","Skubal, Tarik",670242,669373,,"called_strike",,,,,8,,"R","L","L","MIN","DET","S",,,0,0,2026,"1.3","1.14",-0.2740507631440334,1.7502091925542864,605170,,605137,1,2,"Bot",,,,,,,-8.552020492553625,-141.11240431075382,-8.541866337445786,19.369814765663403,31.986752158593514,-15.094384218941475,3.394652231,1.713188976,,,,"97.4",2332,"6.5",823727,693307,679529,650402,805808,595879,682985,678009,656716,"54",,,,,,,,17,1,"Sinker",0,0,0,0,0,0,0,0,"Infield shade","Standard",148,"-0.011","-0.041",,,,"0.041",,0,0,0.621,0.621,29,28,30,29,1,0,6,1,5,1,"1.28","1.3","1.3","46.7",,,,,
"FC","2026-04-07","93.9","-2.93","5.8","Senzatela, Antonio",572233,622608,,"called_strike",,,,,4,,"R","R","R","COL","HOU","S",,,0,0,2026,"0.33","0.32",-0.7667785245381791,2.4246816643154183,,,,2,9,"Top",,,,,,,4.795869652119611,-136.9703250889717,-3.6897819496430193,3.384895926031113,23.268087834477942,-27.577163657120465,3.178756562,1.604232283,,,,"94.8",2405,"6.2",824375,664954,681198,650489,691720,678662,687859,686668,666160,"54.31",,,,,,,,65,1,"Cutter",5,1,1,5,1,5,1,5,"Standard","Standard",189,"0","-0.043",,,,"0.043",,4,-4,0.999,0.0010000000000000009,31,35,31,35,1,3,6,1,3,1,"2.2","-0.33","-0.33","38.3",,,,,
"FF","2026-04-07","99.1","-1.3","6.2","Suarez, Robert",694384,663158,,"called_strike",,,,,7,,"R","L","R","LAA","ATL","S",,,2,0,2026,"-0.63","1.29",-0.3427359104446104,1.5717334812368602,,,624428,2,7,"Bot",,,,,,,4.114814006678488,-144.0175856669205,-10.104180152359952,-9.775387676742328,33.670884195546485,-12.009656098968032,3.290214895,1.660482283,,,,"100",2377,"6.9",824051,641680,621566,645277,663586,643289,573262,642201,660670,"53.64",,,,,,,,59,3,"4-Seam Fastball",2,4,2,4,4,2,2,4,"Standard","Standard",203,"-0.008","-0.044",,,,"0.044",,-2,-2,0.188,0.188,35,24,35,24,1,3,2,2,7,1,"1.03","0.63","-0.63","44.1",,,,,
"SI","2026-04-07","95.8","-1.84","5.64","Bender, Anthony",668715,669622,"strikeout","called_strike",,,,,6,"Spencer Steer challenged (pitch result), call on the field was confirmed: Spencer Steer called out on strikes.","R","R","R","MIA","CIN","S",2,,3,2,2026,"-1.62","-0.12",0.7755497540444252,2.494209971669477,,666181,,2,9,"Top",,,,,,,10.42823651146664,-138.9361534615446,-2.0346712744959174,-23.504708222239405,37.17868143081382,-33.433187007594775,3.096259843,1.562598425,,,,"93.9",2368,"5.8",823887,682663,681393,669364,688363,672640,691594,805300,665052,"54.71",,0,"0",1,0,0,,67,9,"Sinker",2,2,2,2,2,2,2,2,"Standard","Standard",231,"0.108","-0.277",,,,"0.277",,0,0,0.531,0.469,31,28,31,29,1,3,2,1,2,2,"2.66","1.62","1.62","23.8",,,,,
"FF","2026-04-07","92.2","2.45","6.04","Freeland, Kyle",701358,607536,,"called_strike",,,,,3,,"R","R","L","COL","HOU","S",,,0,0,2026,"0.18","1.2",0.7942521955509103,3.2789752419854543,,,,1,2,"Top",,,,,,,-4.606987276413872,-134.40180372543128,-3.8075120006893015,3.026292885847984,24.776805119567207,-16.875506328179554,3.348138123,1.689714567,,,,"93.9",2323,"6.8",824375,664954,681198,650489,691720,678662,687597,666160,687859,"53.66",,,,,,,,9,1,"4-Seam Fastball",0,1,1,0,1,0,1,0,"Standard","Standard",150,"0.002","-0.039",,,,"0.039",,-1,1,0.418,0.5820000000000001,33,23,33,23,1,0,6,1,21,1,"1.43","0.18","-0.18","35.9",,,,,
"SI","2026-04-07","92.4","-1.35","6.11","Englert, Mason",694208,669438,,"ball",,,,,12,,"R","L","R","TB","CHC","B",,,0,2,2026,"-1.53","0.8",0.457456891972597,3.1696560392857798,,,,1,2,"Top",,,,,,,7.883018137879984,-134.12717803440117,-3.1188275375783556,-20.169578739463482,33.9019678243901,-22.07310062270748,3.040091864,1.534251969,,,,"91.3",2153,"6.1",822999,663743,666018,680700,691406,670764,802415,656775,641584,"54.35",,,,,,,,9,3,"Sinker",0,0,0,0,0,0,0,0,"Infield shade","Standard",217,"-0.002","0.017",,,,"-0.017",,0,0,0.53,0.47,26,22,27,23,1,0,3,2,5,1,"1.92","1.53","-1.53","39.4",,,,,
"FC","2026-04-07","91.6","-1.08","6.55","Pivetta, Nick",656811,601713,,"ball",,,,,11,,"R","L","R","PIT","SD","B",,,1,1,2026,"0.36","1.32",-0.057732660454700435,3.6396051451418794,,,,0,2,"Bot",,,,,,,1.7650245362826427,-133.45402574813102,-4.219819205752898,3.9656696451428224,29.054743360823363,-15.738123458569728,3.28933727,1.66003937,,,,"92",2529,"6.5",823402,666023,657757,630105,592518,593428,657656,701538,665487,"53.98",,,,,,,,11,3,"Cutter",0,0,0,0,0,0,0,0,"Infield shade","Standard",176,"0.005","0.055",,,,"-0.055",,0,0,0.55,0.55,33,32,33,33,1,0,6,1,5,1,"1.4","-0.36","0.36","57.1",,,,,
"FF","2026-04-07","98","0.21","6.39","Helsley, Ryan",656537,664854,,"ball",,,,,13,,"R","R","R","CWS","BAL","B",,,1,1,2026,"-0.28","1.89",-0.19616117226322224,1.352134500540551,,,687957,2,9,"Bot",,,,,,,-0.41422841586059994,-142.10149232225783,-12.209607257872863,-3.6420268951476276,36.804842847233466,-3.8346084535465392,3.215616798,1.622834646,,,,"97.6",2630,"6.6",824618,694212,624413,669236,691723,677942,621493,665750,641933,"53.92",,,,,,,,81,3,"4-Seam Fastball",2,4,2,4,4,2,2,4,"Standard","Standard",189,"0.005","0.054",,,,"-0.054",,-2,-2,0.046,0.046,31,30,32,31,1,3,1,1,4,1,"0.52","0.28","0.28","70.6",,,,,
"ST","2026-04-07","83.9","-1.44","5.93","Armstrong, Shawn",521692,542888,,"called_strike",,,,,4,,"R","R","R","CLE","KC","S",,,0,0,2026,"0.46","1.07",-0.6878365859892419,2.46355026821973,,677951,657041,1,8,"Top",,,,,,,0.7965086309608754,-122.1590058824104,-3.522023788159956,4.375199391693107,25.5740646682076,-21.046080691780524,3.312155512,1.671555118,,,,"84.1",2555,"6.5",824457,595978,656555,682877,608070,677587,682657,680757,692216,"53.99",,,,,,,,59,1,"Sweeper",1,1,1,1,1,1,1,1,"Standard","Standard",105,"0.013","-0.033",,,,"0.033",,0,0,0.428,0.5720000000000001,35,36,36,36,1,3,2,1,4,1,"2.19","-0.46","-0.46","46.8",,,,,
"FF","2026-04-07","92.5","-2.22","5.87","Cruz, Fernando",671732,518585,,"called_strike",,,,,9,,"R","L","R","NYY","ATH","S",,,1,1,2026,"-0.48","1.47",0.5895677812033319,1.7678654193482553,,,667670,2,8,"Top",,,,,,,8.201829524694793,-134.2434922706258,-7.641681563929947,-7.801203884729995,32.89030605403785,-12.893705502898708,3.34375,1.6875,,,,"92.6",2163,"6.8",823567,669224,700250,665862,642708,676609,641355,663757,592450,"53.69",,,,,,,,62,3,"4-Seam Fastball",1,3,3,1,3,1,3,1,"Standard","Standard",209,"-0.002","-0.073",,,,"0.073",,-2,2,0.154,0.846,36,25,36,26,1,3,2,2,4,1,"1.24","0.48","-0.48","48.3",,,,,
"CU","2026-04-07","73.5","-1.2","5.87","Leiter Jr., Mark",665862,643410,,"called_strike",,,,,4,,"R","L","R","NYY","ATH","S",,,0,0,2026,"0.66","-1.5",-0.6798657348810969,2.07467180214955,,700250,545341,0,8,"Bot",,,,,,,-0.13734757919278154,-106.82451254702849,2.7692084387707654,4.984446936398715,24.122742124191046,-44.27393698111332,3.15593832,1.592716535,,,,"72.7",2159,"6.5",823567,669127,701762,643446,628451,805779,691016,672016,671732,"54.03",,,,,,,,67,1,"Curveball",2,3,2,3,3,2,2,3,"Infield shade","Standard",29,"-0.019","-0.053",,,,"0.053",,-1,-1,0.54,0.54,35,28,35,28,1,3,2,2,3,1,"5.84","-0.66","0.66","46.4",,,,,
"FF","2026-04-07","91.2","-1.63","5.77","Sulser, Cole",691718,642121,,"called_strike",,,,,9,,"R","L","R","TB","CHC","S",,,1,0,2026,"-0.78","1.73",0.37818073058840496,1.5720083294389173,,,608324,0,5,"Top",,,,,,,6.725028339964649,-132.28323678111929,-8.09880744773213,-10.722638898106899,33.06251966487668,-10.330501846083205,3.202452428,1.616190945,,,,"90.9",2485,"6.7",822999,663743,666018,680700,691406,670764,802415,656775,641584,"53.83",,,,,,,,34,2,"4-Seam Fastball",0,4,4,0,4,0,4,0,"Standard","Standard",215,"0.003","-0.048",,,,"0.048",,-4,4,0.089,0.911,36,24,36,24,1,2,3,1,4,1,"1.07","0.78","-0.78","47.9",,,,,
"CH","2026-04-07","88.2","-0.67","5.81","Rodriguez, Bradgley",656811,699134,,"ball",,,,,13,,"R","L","R","PIT","SD","B",,,1,0,2026,"-1.45","0.61",-0.022525838389821917,1.310200219112369,,,,1,6,"Bot",,,,,,,4.648905275212151,-128.2256272033761,-5.887760131973379,-16.983093560204182,27.232975939112908,-24.462154704505615,3.28933727,1.66003937,,,,"88.5",1692,"6.6",823402,666023,657757,630105,592518,593428,657656,701538,665487,"53.89",,,,,,,,43,2,"Changeup",2,0,2,0,0,2,2,0,"Infield shade","Standard",233,"0.003","0.071",,,,"-0.071",,2,2,0.833,0.833,22,32,23,33,1,2,2,1,2,1,"2.34","1.45","-1.45","49.1",,,,,
"FF","2026-04-07","93","-2.19","5.87","Cruz, Fernando",667670,518585,"walk","ball",,,,,13,"Brent Rooker challenged (pitch result), call on the field was overturned: Brent Rooker walks.","R","R","R","NYY","ATH","B",,,3,1,2026,"-0.6","1.69",-0.3835472531727945,1.5655253194593197,,,,1,8,"Top",,,,,,,5.950831241958052,-134.9478863473825,-8.746165900068068,-8.689939095684016,33.46448396208633,-9.797880525614683,3.363935368,1.697687008,,,,"93.2",2201,"6.9",823567,669224,700250,665862,642708,676609,641355,663757,592450,"53.63",,0.704857,"0.7",1,0,0,,60,5,"4-Seam Fastball",1,3,3,1,3,1,3,1,"Infield shade","Standard",211,"-0.008","0.253",,,,"-0.253",,-2,2,0.145,0.855,36,31,36,32,1,3,2,2,4,1,"0.99","0.6","0.6","43.2",,,,,
"SL","2026-04-07","79.1","-1.53","5.87","Morillo, Juan",666182,666661,,"called_strike",,,,,9,,"R","R","R","NYM","AZ","S",,,1,0,2026,"1.46","-1.51",0.7549475265934064,1.8940716649380231,,,,2,7,"Bot",,,,,,,2.124298243457757,-114.78605738056946,1.7406804548349657,11.637073617866807,34.16046352505872,-45.75028112562816,3.162081693,1.595816929,,,,"77.1",2718,"6.4",823648,672515,545121,606466,571448,672695,678489,677950,682998,"54.05",,,,,,,,61,2,"Slider",2,3,2,3,3,2,2,3,"Standard","Standard",45,"-0.004","-0.054",,,,"0.054",,-1,-1,0.282,0.282,27,28,27,28,1,3,3,2,3,1,"5.37","-1.46","-1.46","50.4",,,,,
"SI","2026-04-07","96.4","-3.2","4.81","Ramírez, Yohan",592518,670990,,"called_strike",,,,,9,,"R","R","R","PIT","SD","S",,,0,1,2026,"-1.57","0.1",0.5754084542452587,1.748014708396198,,,,1,9,"Top",,,,,,,13.615272213400631,-139.6323491744555,-2.5095928839247246,-23.764543353418567,33.49835753321647,-30.412215024746857,3.313910761,1.672440945,,,,"96.6",2068,"6.8",823402,680779,656811,693304,694377,804606,663968,665833,668804,"53.67",,,,,,,,68,2,"Sinker",7,1,1,7,1,7,1,7,"Standard","Standard",240,"0","-0.052",,,,"0.052",,6,-6,0.999,0.0010000000000000009,31,33,31,34,1,3,1,1,4,2,"2.39","1.57","1.57","18.0",,,,,
"FF","2026-04-07","97.4","-1.57","5.83","Brazobán, Huascar",680728,623211,,"ball",,,,,14,,"R","L","R","NYM","AZ","B",,,1,2,2026,"-1.41","1.52",0.8549057078103757,2.28337978725259,682998,672695,672515,2,5,"Top",,,,,,,9.625415943244228,-140.83815158490756,-6.916283257015133,-21.307443742463096,48.62782632487616,-10.566075540740037,3.090994095,1.559940945,,,,"94.2",2247,"6",823648,682626,668901,543760,666182,596019,701807,673357,683146,"54.52",,,,,,,,42,5,"4-Seam Fastball",2,0,0,2,0,2,0,2,"Standard","Standard",227,"-0.014","0.034",,,,"-0.034",,2,-2,0.743,0.257,36,26,37,27,1,2,2,3,4,2,"1.02","1.41","-1.41","35.0",,,,,
"SL","2026-04-07","84.2","-2.18","6.66","Ginkel, Kevin",682626,656464,,"ball",,,,,14,,"R","R","R","NYM","AZ","B",,,0,0,2026,"0.67","0.15",0.9169695916568543,1.5753705588397278,,,,1,9,"Bot",,,,,,,5.753370064599139,-122.20867061752244,-5.227426977084743,4.999816465975951,32.16088565941447,-29.57562463999582,3.120833333,1.575,,,,"83.2",2459,"6.6",823648,672515,545121,606466,571448,672695,694374,678489,682998,"53.94",,,,,,,,77,1,"Slider",3,3,3,3,3,3,3,3,"Standard","Standard",83,"0.005","0.039",,,,"-0.039",,0,0,0.582,0.582,32,24,32,25,1,3,2,2,4,1,"3.17","-0.67","-0.67","42.3",,,,,
"ST","2026-04-07","83.7","-2.35","5.06","Bender, Anthony",701398,669622,,"ball",,,,,14,,"R","R","R","MIA","CIN","B",,,0,0,2026,"1.93","0.29",0.9013167990514268,2.1765626134527145,,680574,682829,1,9,"Top",,,,,,,3.4536204750654984,-121.7459254304428,-0.44896662603938475,18.051064893781966,29.659651417358116,-29.535610422408183,3.239312664,1.634793307,,,,"81.7",2870,"5.5",823887,682663,681393,669364,688363,672640,691594,805300,665052,"54.98",,,,,,,,65,1,"Sweeper",2,0,0,2,0,2,0,2,"Standard","Standard",62,"-0.011","0.031",,,,"-0.031",,2,-2,0.826,0.17400000000000004,31,22,31,23,1,3,2,1,2,1,"3.04","-1.93","-1.93","9.3",,,,,
"FF","2026-04-06","91.3","-2.78","4.65","Ryan, Joe",690993,657746,"strikeout","called_strike",,,,,1,"Colt Keith challenged (pitch result), call on the field was confirmed: Colt Keith called out on strikes.","R","L","R","MIN","DET","S",2,,3,2,2026,"-0.95","1.22",-0.6643530967077388,3.0047949462871397,,805808,650402,1,5,"Top",,,,,,,7.466685702648307,-132.76828940655244,-0.7063801269165307,-12.877383522588147,31.25605953281984,-17.935189932282853,3.27792815,1.654281496,,,,"92.4",2144,"7.2",823728,605170,605137,807712,668904,686797,663616,681546,670242,"53.32",,0,"0",1,0,0,,43,6,"4-Seam Fastball",5,3,3,5,3,5,3,5,"Standard","Standard",215,"0.073","-0.313",,,,"0.313",,2,-2,0.683,0.31699999999999995,30,24,30,25,3,2,5,1,5,1,"1.54","0.95","-0.95","22.5",,,,,
"KC","2026-04-06","85.7","-2.08","5.87","Soriano, José",660670,667755,,"ball",,,,,14,,"R","R","R","LAA","ATL","B",,,2,1,2026,"1.24","-0.7",0.3931302163639787,1.4764315878192278,,,,2,6,"Top",,,,,,,3.2351002133036295,-124.75133913061728,-2.380838068411924,12.131032354867214,27.094646881903035,-39.20370360500043,3.200697179,1.615305118,,,,"86",2403,"6.7",824052,681351,600869,624428,672724,687263,666176,669326,624585,"53.84",,,,,,,,43,4,"Knuckle Curve",6,1,1,6,1,6,1,6,"Standard","Standard",25,"-0.002","0.117",,,,"-0.117",,5,-5,0.97,0.030000000000000027,27,28,28,29,3,2,6,1,6,1,"3.83","-1.24","-1.24","40.9",,,,,
"SI","2026-04-06","89.4","-0.75","6.02","Littell, Zack",671056,641793,,"ball",,,,,13,,"R","R","R","WSH","STL","B",,,1,0,2026,"-1.33","1.04",-0.912668851037718,2.117152785192756,695336,,802139,1,5,"Top",,,,,,,2.444397093645336,-130.17258398448382,-5.613120878144816,-15.599330791935541,27.488245062186206,-19.33111684385853,3.173490814,1.601574803,,,,"89.4",1703,"6.2",822755,686452,671277,683083,691781,682928,695734,696285,695578,"54.26",,,,,,,,38,2,"Sinker",2,0,0,2,0,2,0,2,"Standard","Standard",219,"-0.011","0.045",,,,"-0.045",,2,-2,0.662,0.33799999999999997,30,26,31,26,3,2,6,1,6,1,"1.81","1.33","1.33","35.6",,,,,
"FF","2026-04-06","93.1","-1.48","5.71","Márquez, Germán",542303,608566,,"ball",,,,,14,,"R","R","R","PIT","SD","B",,,0,0,2026,"-1.35","1.05",1.002275902560895,1.6171058410980006,,,,0,4,"Bot",,,,,,,9.07665778669806,-135.13395878079604,-6.678670652399322,-18.524778704086266,30.21389937960207,-17.971239235458977,3.255987533,1.643208661,,,,"91",2228,"5.2",823401,666023,657757,630105,592518,593428,657656,701538,665487,"55.28",,,,,,,,31,1,"4-Seam Fastball",0,1,0,1,1,0,0,1,"Standard","Standard",234,"0.005","0.041",,,,"-0.041",,-1,-1,0.428,0.428,31,35,31,36,2,1,6,2,5,4,"1.6","1.35","1.35","30.2",,,,,
"FF","2026-04-06","93.6","-1.58","6.11","Pallante, Andre",683083,669467,,"called_strike",,,,,1,,"R","L","R","WSH","STL","S",,,0,1,2026,"-0.26","1.04",-0.5414454356343474,2.901174412128232,,,,0,4,"Bot",,,,,,,3.224057108604245,-136.1805750975819,-4.651293518140472,-3.923685394620406,31.278738943087124,-18.452051166182496,3.045357612,1.536909449,,,,"93.6",2220,"6.4",822755,671056,676475,802139,602104,691026,695336,687363,691023,"54.09",,,,,,,,31,2,"4-Seam Fastball",2,0,2,0,0,2,2,0,"Standard","Strategic",194,"-0.004","-0.055",,,,"0.055",,2,2,0.784,0.784,27,25,28,26,2,1,6,1,6,1,"1.57","0.26","-0.26","56.9",,,,,
"FF","2026-04-06","97.6","-1.55","5.55","deGrom, Jacob",660844,594798,"strikeout","called_strike",,,,,1,"Leo Rivas challenged (pitch result), call on the field was confirmed: Leo Rivas called out on strikes.","R","L","R","TEX","SEA","S",2,,3,2,2026,"-0.39","1.51",-0.7274764383942183,2.8589632310168076,,,,1,3,"Top",,,,,,,3.0943953382326113,-141.87316813550018,-4.992835272305568,-5.962438327229143,37.62006700776792,-10.87815967899981,3.006742126,1.51742126,,,,"97",2494,"6.4",822918,643376,669394,669701,673962,608369,694671,694497,607043,"54.1",,0,"0",1,0,0,,17,6,"4-Seam Fastball",1,1,1,1,1,1,1,1,"Infield shade","Standard",219,"0.022","-0.332",,,,"0.332",,0,0,0.521,0.479,38,28,38,29,1,0,6,1,6,4,"0.91","0.39","-0.39","29.6",,,,,
"FF","2026-04-06","94","-2.06","6","Mize, Casey",605137,663554,,"called_strike",,,,,8,,"R","L","R","MIN","DET","S",,,0,0,2026,"-1.12","1.51",-0.275589357245573,1.57628246838707,621439,663616,807712,0,3,"Bot",,,,,,,7.145693226654847,-136.4997144866257,-8.913860386512825,-15.550591822837466,31.900960647573623,-11.501881671043527,3.334973753,1.683070866,,,,"94.5",2332,"6.8",823728,668670,679529,650402,690993,805808,663837,678009,656716,"53.67",,,,,,,,22,1,"4-Seam Fastball",0,0,0,0,0,0,0,0,"Standard","Standard",212,"-0.01","-0.045",,,,"0.045",,0,0,0.728,0.728,29,33,29,34,2,1,6,1,5,1,"1.1","1.12","-1.12","44.2",,,,,
"FF","2026-04-06","92.8","-2.1","5.55","Bolton, Cody",691720,675989,"strikeout","called_strike",,,,,9,"Kyle Karros challenged (pitch result), call on the field was confirmed: Kyle Karros called out on strikes.","R","R","R","COL","HOU","S",2,,3,2,2026,"-0.02","0.86",0.6775771663625706,1.6618927180740086,,,,0,3,"Bot",,,,,,,7.063072428365675,-135.07934166598187,-5.918364007982561,-1.6244516606931858,26.12679652138319,-20.574505387765008,3.431512467,1.731791339,,,,"93.4",2269,"6.4",824376,673237,572233,514888,621043,665161,694388,676694,701358,"54.09",,0,"0",1,0,0,,22,6,"4-Seam Fastball",0,2,0,2,2,0,0,2,"Standard","Standard",208,"-0.034","-0.345",,,,"0.345",,-2,-2,0.335,0.335,28,23,28,24,1,0,6,1,6,1,"1.76","0.02","0.02","36.7",,,,,
"FF","2026-04-06","88.7","2.21","5.22","Allard, Kolby",686555,663465,"strikeout","called_strike",,,,,3,"Isaac Collins challenged (pitch result), call on the field was confirmed: Isaac Collins called out on strikes.","R","R","L","CLE","KC","S",2,,2,2,2026,"0.46","1.15",0.7144074182136697,2.9656313588125887,,,,0,9,"Top",,,,,,,-4.586768355313139,-129.1391405875801,-1.6796565251684068,6.11236405335838,29.00058502923185,-19.237172094198918,3.012885499,1.520521654,,,,"88.7",1900,"6.5",824456,666310,681807,682177,608070,677587,692216,680757,800050,"54.04",,0,"0",1,0,0,,66,6,"4-Seam Fastball",2,4,4,2,4,2,4,2,"Standard","Standard",157,"0.007","-0.232",,,,"0.232",,-2,2,0.077,0.923,28,28,29,29,1,3,6,1,4,1,"1.76","0.46","-0.46","43.0",,,,,
"FF","2026-04-06","97.5","-2.03","5.35","Morgan, David",687462,688158,,"called_strike",,,,,9,,"R","L","R","PIT","SD","S",,,0,0,2026,"-0.45","1.67",0.5108487036612785,1.6289749166344578,,,,1,9,"Bot",,,,,,,7.735533747954021,-141.56247222875328,-8.032521063866925,-7.968508870868007,35.917326765734146,-8.055652341186763,3.133120079,1.581200787,,,,"96.3",2608,"6",823401,666023,657757,630105,592518,593428,657656,701538,665487,"54.51",,,,,,,,76,1,"4-Seam Fastball",0,5,0,5,5,0,0,5,"Infield shade","Standard",218,"0","-0.039",,,,"0.039",,-5,-5,0.003,0.003,26,28,27,29,1,3,6,1,3,1,"0.76","0.45","-0.45","36.7",,,,,
"FC","2026-04-06","89.2","-2.35","6.29","Wacha, Michael",666310,608379,"strikeout","called_strike",,,,,4,"Bo Naylor challenged (pitch result), call on the field was confirmed: Bo Naylor called out on strikes.","R","L","R","CLE","KC","S",2,,2,2,2026,"0.04","0.96",-0.7210133865557351,2.0504247445223216,,,,1,2,"Bot",,,,,,,3.8916036566650507,-129.83363137496846,-6.263620530550842,-0.3774786866315113,27.21419290112514,-20.158359232442592,3.089238845,1.559055118,,,,"89.8",2021,"6.7",824456,521692,686469,663697,672580,677951,686555,664728,695506,"53.84",,0,"0",1,0,0,,13,9,"Cutter",0,0,0,0,0,0,0,0,"Infield shade","Standard",196,"-0.014","-0.228",,,,"0.228",,0,0,0.525,0.525,34,26,35,26,1,0,9,1,5,1,"1.9","-0.04","0.04","49.6",,,,,
"FF","2026-04-06","97.2","-1.52","5.66","Klein, Will",660821,694361,"strikeout","called_strike",,,,,9,"Jesús Sánchez challenged (pitch result), call on the field was confirmed: Jesús Sánchez called out on strikes.","R","L","R","TOR","LAD","S",2,,2,2,2026,"-0.91","1.4",0.5530064117559238,1.7155610942215729,,,623168,1,7,"Bot",,,,,,,7.612100971936616,-141.2171107172702,-8.07495859210799,-13.890027595846709,31.58193861101196,-11.79813014064551,3.334973753,1.683070866,,,,"97.5",2276,"6.5",822832,687221,669289,690976,571970,808975,606192,669743,663656,"53.98",,0,"0",1,0,0,,70,5,"4-Seam Fastball",1,13,1,13,13,1,1,13,"Strategic","Standard",215,"0","-0.222",,,,"0.222",,-12,-12,0.001,0.001,26,28,27,29,1,0,5,1,6,1,"1.02","0.91","-0.91","47.4",,,,,
"FF","2026-04-06","97.1","0.19","6.3","Helsley, Ryan",700337,664854,,"called_strike",,,,,6,,"R","L","R","CWS","BAL","S",,,0,1,2026,"-0.36","1.71",0.771901056587041,2.3627376536466325,678246,,643217,2,9,"Bot",,,,,,,2.3972755122449465,-141.22301986202473,-8.775478838217976,-5.42074565246615,32.821451416013126,-7.558780133046383,3.133997703,1.581643701,,,,"97.5",2593,"6.6",824619,668939,624413,669236,677942,683002,621493,681297,641933,"53.9",,,,,,,,67,2,"4-Seam Fastball",1,2,1,2,2,1,1,2,"Standard","Standard",192,"-0.009","-0.056",,,,"0.056",,-1,-1,0.196,0.196,31,23,32,23,1,3,2,1,1,1,"0.72","0.36","-0.36","59.8",,,,,
"FF","2026-04-06","95.3","-1.16","5.77","Sims, Lucas",668939,608371,"strikeout","called_strike",,,,,8,"Adley Rutschman challenged (pitch result), call on the field was confirmed: Adley Rutschman called out on strikes.","R","L","R","CWS","BAL","S",2,,1,2,2026,"-0.56","1.42",-0.2355503353773183,1.7308108306646282,,,,1,9,"Top",,,,,,,3.663249187311345,-138.626192397619,-7.988685066766159,-8.064545071053905,27.36001308568229,-12.319904322785506,3.253354659,1.641879921,,,,"95.1",2590,"5.9",824619,700337,808959,805367,678246,695657,656537,682668,671976,"54.56",,0,"0",1,0,0,,60,4,"4-Seam Fastball",0,2,2,0,2,0,2,0,"Infield shade","Standard",206,"0.004","-0.18",,,,"0.18",,-2,2,0.086,0.914,32,28,32,28,1,3,5,2,2,2,"1.07","0.56","-0.56","37.1",,,,,
"FF","2026-04-06","92.4","-0.56","7.15","Wells, Tyler",656537,669330,,"ball",,,,,14,,"R","R","R","CWS","BAL","B",,,2,2,2026,"-0.43","1.58",0.907199663191135,1.9997726637606694,,,,0,7,"Bot",,,,,,,4.639535553009774,-134.20069068714102,-10.50002819511475,-6.178639216271904,27.85586428187424,-11.072694770680942,3.215616798,1.622834646,,,,"92.3",2401,"6.3",824619,668939,624413,669236,691723,683002,621493,681297,641933,"54.24",,,,,,,,49,5,"4-Seam Fastball",0,2,0,2,2,0,0,2,"Standard","Standard",192,"0.016","0.112",,,,"-0.112",,-2,-2,0.215,0.215,31,30,32,31,1,1,3,1,2,1,"1.1","0.43","0.43","56.3",,,,,
"FF","2026-04-06","92","-2.56","4.77","Ryan, Joe",679529,657746,,"called_strike",,,,,3,,"R","R","R","MIN","DET","S",,,1,1,2026,"-1.19","1.21",0.5727037781969915,3.2786432854548577,,,,1,2,"Top",,,,,,,10.442052632835608,-133.5583468858255,-0.39569734968568626,-16.55711418236606,31.23058847476226,-17.880150658888013,3.232291667,1.63125,,,,,,,823728,605170,605137,807712,668904,686797,663616,681546,670242,"54.14",,,,,,,,8,3,"4-Seam Fastball",0,0,0,0,0,0,0,0,"Infield shade","Standard",,"0.004","-0.064",,,,"0.064",,0,0,0.524,0.476,30,26,30,27,1,0,5,1,5,1,"1.51","1.19","1.19",,,,,,
"FF","2026-04-06","98.3","-1.36","5.64","Bigge, Hunter",608348,685801,,"ball",,,,,13,,"R","R","R","TB","CHC","B",,,0,1,2026,"-0.26","1.64",-0.5440048133560282,1.245837169493151,,,,2,8,"Top",,,,,,,2.814434825521076,-142.77699764801488,-10.11641718347307,-4.157591465361187,33.431157537060415,-7.616720345513135,3.257742782,1.644094488,,,,"99.1",2426,"6.9",823002,663743,666018,810938,691406,670764,802415,656775,641584,"53.61",,,,,,,,61,2,"4-Seam Fastball",6,3,3,6,3,6,3,6,"Infield shade","Standard",203,"-0.001","0.027",,,,"-0.027",,3,-3,0.967,0.03300000000000003,28,31,28,32,1,3,3,1,4,2,"0.73","0.26","0.26","50.5",,,,,
"FF","2026-04-06","97.4","-2.45","5.89","Kilian, Caleb",702222,668873,"strikeout","called_strike",,,,,7,"Justin Crawford challenged (pitch result), call on the field was confirmed: Justin Crawford called out on strikes.","R","L","R","SF","PHI","S",2,,1,2,2026,"-0.32","1.22",-0.3748503317273629,1.8892618753105879,664761,666969,592663,2,7,"Top",,,,,,,6.285289633244048,-141.64344067273626,-7.906181412470032,-5.752203970400887,31.110895567220613,-14.119040568827533,3.278805774,1.654724409,,,,"98.2",2459,"6.7",823237,672275,646240,650333,656305,642715,671218,664056,808982,"53.83",,0,"0",1,0,0,,63,4,"4-Seam Fastball",4,6,6,4,6,4,6,4,"Standard","Standard",202,"0.035","-0.202",,,,"0.202",,-2,2,0.186,0.8140000000000001,29,22,29,22,1,3,2,1,2,1,"1.18","0.32","-0.32","49.2",,,,,
"ST","2026-04-06","83.1","-2.23","5.94","Weiss, Ryan",687859,680802,,"called_strike",,,,,7,,"R","L","R","COL","HOU","S",,,0,0,2026,"1.33","-0.43",-0.5301792972949828,1.4965884034267707,666397,,696100,2,5,"Bot",,,,,,,1.1902514674000102,-121.03105445210124,-2.6137745403735866,12.871335038213385,23.42057783154429,-36.15805959067957,3.159448819,1.594488189,,,,"83.1",2594,"6.2",824376,673237,572233,514888,621043,665161,694388,676694,701358,"54.26",,,,,,,,42,1,"Sweeper",3,3,3,3,3,3,3,3,"Standard","Standard",40,"-0.01","-0.035",,,,"0.035",,0,0,0.567,0.567,29,29,30,29,1,2,3,1,4,1,"3.73","-1.33","1.33","45.0",,,,,
"FF","2026-04-06","95.9","-1.44","5.8","Bigge, Hunter",608324,685801,,"called_strike",,,,,4,,"R","R","R","TB","CHC","S",,,1,0,2026,"-0.34","1.73",-0.8281224509259402,2.558848347673434,,,,0,8,"Top",,,,,,,2.40011962572196,-139.46919568445793,-6.755819425815132,-4.97877122185387,32.70521818888696,-8.337975573652257,3.126099081,1.57765748,,,,"96.4",2433,"6.7",823002,663743,666018,810938,691406,670764,802415,656775,641584,"53.78",,,,,,,,59,2,"4-Seam Fastball",6,3,3,6,3,6,3,6,"Infield shade","Standard",196,"0.005","-0.05",,,,"0.05",,3,-3,0.924,0.07599999999999996,28,32,28,32,1,3,3,1,4,1,"0.76","0.34","0.34","57.2",,,,,
"SL","2026-04-06","91.3","-2.58","5.72","Soriano, José",621566,667755,,"called_strike",,,,,7,,"R","L","R","LAA","ATL","S",,,1,1,2026,"0.06","0.37",-0.717867703151697,1.856152172133081,,,,1,1,"Top",,,,,,,4.519966313124543,-132.95648098458847,-4.4559014098277405,-0.16351935106983823,27.474794462433007,-27.087967453738273,3.37183399,1.701673228,,,,"92",2461,"6.6",824052,681351,600869,624428,672724,687263,666176,669326,624585,"53.89",,,,,,,,3,3,"Slider",0,1,1,0,1,0,1,0,"Infield shade","Standard",183,"0.003","-0.064",,,,"0.064",,-1,1,0.425,0.575,27,32,28,32,1,0,6,1,6,1,"2.36","-0.06","0.06","31.8",,,,,
"ST","2026-04-06","87.5","-1.36","5.49","Feltner, Ryan",514888,663372,,"ball",,,,,14,,"R","R","R","COL","HOU","B",,,0,0,2026,"1.13","0",0.9003148117286256,2.067139949118289,,,,2,1,"Top",,,,,,,3.0317689201702507,-127.58389924724345,-1.9733515803074864,11.852805613186469,24.285886031383292,-31.97761837526554,2.926000656,1.476673228,,,,"88.4",2729,"6.6",824376,696100,681198,666397,691720,650489,664983,686668,687859,"53.94",,,,,,,,3,1,"Sweeper",0,0,0,0,0,0,0,0,"Standard","Standard",84,"-0.001","0.037",,,,"-0.037",,0,0,0.538,0.46199999999999997,29,36,30,36,1,0,6,1,5,1,"2.95","-1.13","-1.13","40.6",,,,,
"FF","2026-04-06","92.8","-2.15","5.91","Mize, Casey",663616,663554,,"called_strike",,,,,7,,"R","L","R","MIN","DET","S",,,2,1,2026,"-1.01","1.51",-0.5794486979436133,1.5694816721700975,,,,1,1,"Bot",,,,,,,6.216148673356493,-134.76119697097752,-8.377455871112328,-13.728465233641705,31.073465032875674,-12.12326405829576,3.323564633,1.677312992,,,,,,,823728,668670,679529,650402,690993,805808,663837,678009,656716,"54.13",,,,,,,,5,4,"4-Seam Fastball",0,0,0,0,0,0,0,0,"Infield shade","Standard",,"-0.005","-0.07",,,,"0.07",,0,0,0.529,0.529,29,29,29,29,1,0,6,1,5,2,"1.16","1.01","-1.01",,,,,,
"ST","2026-04-06","81","-3.28","4.4","Lawrence, Justin",630105,664875,"strikeout","called_strike",,,,,7,"Jake Cronenworth challenged (pitch result), call on the field was confirmed: Jake Cronenworth called out on strikes.","R","L","R","PIT","SD","S",2,,0,2,2026,"2.01","0.28",-0.44673104732073954,1.669285693671707,,,666023,1,8,"Top",,,,,,,2.3238456728063897,-117.91293622550792,0.2728102929642282,18.052920160016644,25.505030937340297,-29.901978111520513,3.171735564,1.600688976,,,,"80.7",2970,"6.3",823401,680779,687462,664040,693304,804606,668804,665833,656811,"54.15",,0,"0",1,0,0,,64,4,"Sweeper",0,4,4,0,4,0,4,0,"Standard","Standard",69,"0.002","-0.168",,,,"0.168",,-4,4,0.038,0.962,31,32,32,32,1,3,5,1,2,1,"3.23","-2.01","2.01","4.6",,,,,
"ST","2026-04-06","84.5","-2.31","5.88","Bido, Osvaldo",624585,674370,"strikeout","called_strike",,,,,7,"Jorge Soler challenged (pitch result), call on the field was confirmed: Jorge Soler called out on strikes.","R","R","R","LAA","ATL","S",2,,3,2,2026,"0.57","0.55",-0.6302577777908529,1.8613502965313526,,,,1,7,"Bot",,,,,,,2.6837378943014856,-122.98804287398507,-3.850134319592698,5.25272738107133,25.27412850894104,-26.047605498059184,3.354281496,1.692814961,,,,"84.2",2399,"6.2",824052,686948,621566,645277,663586,643289,573262,671739,660670,"54.31",,0,"0",1,0,0,,51,6,"Sweeper",6,1,6,1,1,6,6,1,"Infield shade","Standard",58,"-0.001","-0.332",,,,"0.332",,5,5,0.984,0.984,30,34,31,34,1,3,4,1,4,1,"2.65","-0.57","-0.57","32.2",,,,,
"FC","2026-04-06","85.9","-3.02","5.13","Marinaccio, Ron",542303,676760,,"ball",,,,,12,,"R","R","R","PIT","SD","B",,,2,0,2026,"0.27","0.55",1.105070225486788,2.4586571434305124,,656811,,0,6,"Bot",,,,,,,9.14160331391625,-124.86458056570991,-1.0319009328407356,1.103278627567219,23.94984946335663,-26.423325536306084,3.255987533,1.643208661,,,,"86.7",2369,"6.7",823401,666023,657757,630105,592518,593428,657656,701538,665487,"53.75",,,,,,,,51,3,"Cutter",0,4,0,4,4,0,0,4,"Standard","Standard",131,"0.014","0.112",,,,"-0.112",,-4,-4,0.161,0.161,30,35,31,36,1,2,3,2,1,4,"2.54","-0.27","-0.27","33.2",,,,,
"FF","2026-04-06","95","-1.26","5.59","Pagán, Emilio",672640,641941,,"called_strike",,,,,3,,"R","R","R","MIA","CIN","S",,,0,0,2026,"-0.61","1.66",0.8076767405705619,2.7277616005368595,,,,1,9,"Bot",,,,,,,6.8034748397587546,-138.01324180584143,-5.394291937916261,-9.410270459624657,33.41835248579929,-10.022908571792906,3.136630577,1.582972441,,,,"95.4",2605,"6.8",823886,663886,701398,680574,663647,682829,670770,667472,666181,"53.68",,,,,,,,66,1,"4-Seam Fastball",0,2,0,2,2,0,0,2,"Standard","Standard",209,"-0.005","-0.039",,,,"0.039",,-2,-2,0.047,0.047,35,27,35,28,1,3,2,1,1,1,"0.89","0.61","0.61","44.4",,,,,
"SI","2026-04-06","94.7","1.21","5.69","Borucki, Ryan",656941,621366,"walk","ball",,,,,11,"Kyle Schwarber challenged (pitch result), call on the field was overturned: Kyle Schwarber walks. Justin Crawford to 3rd. Trea Turner to 2nd.","R","L","L","SF","PHI","B",,,3,0,2026,"1.5","0.55",-0.1811350756862069,3.489302777906583,,702222,607208,0,7,"Top",,,,,,,-7.0192337370064655,-137.68008402682196,-1.0914252667311355,20.607137401154944,32.9719701310399,-25.134611029180697,3.180511811,1.60511811,,,,"94.8",2253,"6.6",823237,672275,646240,650333,656305,642715,671218,664056,808982,"53.94",,0.704857,"0.7",1,0,0,,56,4,"Sinker",4,2,2,4,2,4,2,4,"Standard","Standard",131,"-0.049","0.13",,,,"-0.13",,2,-2,0.586,0.41400000000000003,32,33,32,33,1,3,2,1,5,1,"2.01","1.5","1.5","26.6",,,,,
"ST","2026-04-05","82.7","-2.34","5.42","Leahy, Kyle",681481,681517,,"called_strike",,,,,7,,"R","L","R","DET","STL","S",,,1,0,2026,"1.6","0.31",-0.7632010952705488,1.5436632167705122,,,,2,5,"Bot",,,,,,,0.37362960059798345,-120.42065174072913,-2.739348986817328,15.444449656832367,24.165539735252228,-28.849521809190296,3.234046916,1.632135827,,,,"83.5",2509,"6.9",824296,686780,676475,802139,669357,695336,701675,687363,691023,"53.65",,,,,,,,43,2,"Sweeper",2,4,2,4,4,2,2,4,"Infield shade","Standard",72,"-0.003","-0.054",,,,"0.054",,-2,-2,0.237,0.237,29,28,29,29,3,2,6,1,6,2,"3.03","-1.6","1.6","40.1",,,,,
"KC","2026-04-05","79.9","-1.29","5.49","McCullers Jr., Lance",666126,621121,,"ball",,,,,12,,"R","L","R","ATH","HOU","B",,,0,0,2026,"1.09","-0.76",0.03866514819031708,3.228092892816524,,691777,643446,0,5,"Bot",,,,,,,0.8070750229620287,-116.28097228037558,3.3929312278386394,9.630396195378717,23.791492011353412,-39.92048184612383,2.990067257,1.509005906,,,,"79",2686,"5.9",825025,673237,572233,514888,621043,669397,694388,676694,701358,"54.64",,,,,,,,41,1,"Knuckle Curve",0,3,0,3,3,0,0,3,"Standard","Standard",53,"0.01","0.045",,,,"-0.045",,-3,-3,0.31,0.31,32,29,33,29,2,1,6,1,6,2,"4.35","-1.09","1.09","36.4",,,,,
"FC","2026-04-05","90.5","-1.3","5.38","McCullers Jr., Lance",643446,621121,,"ball",,,,,13,,"R","L","R","ATH","HOU","B",,,2,1,2026,"0.18","0.67",-0.8601010593368122,2.3196556701391513,,,691777,0,5,"Bot",,,,,,,0.6999609669303033,-131.85458157149088,-2.992068649052111,1.988132947621974,26.128014119043037,-23.959335802229507,3.213861549,1.621948819,,,,"90.7",2325,"6.2",825025,673237,572233,514888,621043,669397,694388,676694,701358,"54.33",,,,,,,,40,4,"Cutter",0,3,0,3,3,0,0,3,"Infield shade","Standard",204,"0.022","0.116",,,,"-0.116",,-3,-3,0.244,0.244,32,34,33,34,2,1,6,1,6,2,"2.09","-0.18","0.18","34.5",,,,,
"FF","2026-04-05","92.8","1.73","5.4","Imanaga, Shota",800050,684007,"strikeout","called_strike",,,,,4,"Chase DeLauter challenged (pitch result), call on the field was confirmed: Chase DeLauter called out on strikes.","R","L","L","CLE","CHC","S",2,,1,2,2026,"0.85","1.58",-0.7118945889504809,2.593509796336119,,,681807,2,4,"Bot",,,,,,,-8.047980355970159,-134.91300903743652,-4.719088222194375,12.11670436469221,29.566622696103412,-11.984579953373487,3.339361877,1.685285433,,,,"92.7",2490,"6.3",824460,608348,683737,663538,608324,621020,666185,691718,807713,"54.18",,0,"0",1,0,0,,29,4,"4-Seam Fastball",0,1,0,1,1,0,0,1,"Infield shade","Standard",149,"-0.021","-0.183",,,,"0.183",,-1,-1,0.383,0.383,32,24,33,25,2,1,7,0,5,1,"1.07","0.85","0.85","42.1",,,,,
"FF","2026-04-05","93.8","-1.82","6.14","Paddack, Chris",663757,663978,"strikeout","called_strike",,,,,8,"Trent Grisham challenged (pitch result), call on the field was confirmed: Trent Grisham called out on strikes.","R","L","R","NYY","MIA","S",2,,0,2,2026,"-0.66","1.57",0.24883830675043606,1.5548353779561093,,,641857,2,6,"Bot",,,,,,,6.837874847403116,-136.05064383845573,-9.43238518355745,-9.764221318572343,32.87716220359479,-10.706313822394925,3.138385827,1.583858268,,,,"94.4",2265,"7.1",823566,689414,681393,669364,691594,672640,681715,805300,596103,"53.43",,0,"0",1,0,0,,53,3,"4-Seam Fastball",4,3,4,3,3,4,4,3,"Infield shade","Standard",203,"-0.014","-0.174",,,,"0.174",,1,1,0.706,0.706,30,29,30,30,2,3,6,1,5,2,"1.06","0.66","-0.66","51.5",,,,,
"ST","2026-04-05","82.5","2.28","5.47","Bubic, Kris",596142,663460,,"called_strike",,,,,9,,"R","R","L","KC","MIL","S",,,1,1,2026,"-0.73","-0.37",0.7385001450882317,1.698892755721514,,,,0,4,"Top",,,,,,,-2.019956165179742,-120.23665789195566,-1.1156373955828194,-6.687886304724277,23.88477326295625,-35.71854325770505,3.311277887,1.671112205,,,,"82.7",2458,"6.4",824131,521692,686469,663697,672580,677951,679845,657041,516782,"54.09",,,,,,,,27,3,"Sweeper",2,3,3,2,3,2,3,2,"Strategic","Standard",317,"0.006","-0.061",,,,"0.061",,-1,1,0.378,0.622,28,33,29,34,2,1,6,1,5,2,"3.71","-0.73","0.73","33.0",,,,,
"FC","2026-04-05","88.6","2.38","5.78","Suarez, Ranger",609280,624133,,"ball",,,,,14,,"R","R","L","BOS","SD","B",,,1,1,2026,"-0.09","0.77",0.5160797797917622,1.4707985628612468,701538,592518,,1,4,"Top",,,,,,,-4.277849404906296,-128.99589256084374,-5.879660037073683,-0.16106889544865985,24.66920378380429,-22.595220537110972,3.191043307,1.610433071,,,,"88.5",2056,"6",824781,665966,575929,691785,702332,596115,807799,680776,677800,"54.47",,,,,,,,30,3,"Cutter",4,1,1,4,1,4,1,4,"Standard","Standard",151,"-0.006","0.018",,,,"-0.018",,3,-3,0.731,0.269,30,31,31,31,2,1,6,1,6,2,"2.11","-0.09","0.09","39.3",,,,,
"SI","2026-04-05","91.7","-1.82","5.13","Bassitt, Chris",668804,605135,,"called_strike",,,,,2,,"R","L","R","PIT","BAL","S",,,0,0,2026,"-1.37","-0.06",-0.1338383809293986,3.3369183668691327,663968,665833,664040,1,2,"Bot",,,,,,,7.188883224407342,-133.33466416692355,1.6442354443415246,-17.85306214763969,29.69095441672051,-33.53079356944134,3.284071522,1.65738189,,,,"91.4",2140,"6.2",823405,694212,624413,669236,677942,683002,621493,665750,641933,"54.25",,,,,,,,18,1,"Sinker",3,0,3,0,0,3,3,0,"Strategic","Standard",230,"-0.006","-0.05",,,,"0.05",,3,3,0.871,0.871,37,31,37,31,2,1,6,1,6,1,"2.79","1.37","-1.37","23.1",,,,,
"CU","2026-04-05","85.7","-0.98","6.18","Cabrera, Edward",680757,665795,"strikeout","called_strike",,,,,3,"Steven Kwan challenged (pitch result), call on the field was confirmed: Steven Kwan called out on strikes.","R","L","R","CLE","CHC","S",2,,2,2,2026,"0.58","-0.46",0.3711925847337531,3.1063886328987764,,,,0,4,"Bot",,,,,,,1.9559694871404996,-124.82450006894398,0.12034758521655187,5.726080982757964,24.703060509305402,-37.189773432672666,3.02253937,1.525393701,,,,"85.6",2403,"6.1",824459,665804,683737,663538,807713,621020,664023,691718,624424,"54.38",,0,"0",1,0,0,,23,5,"Curveball",0,0,0,0,0,0,0,0,"Standard","Standard",30,"-0.023","-0.232",,,,"0.232",,0,0,0.556,0.556,28,28,28,29,2,1,6,2,6,0,"3.55","-0.58","0.58","41.4",,,,,
"FF","2026-04-05","98.5","-0.9","6.55","Burns, Chase",694671,695505,,"ball",,,,,12,,"R","R","R","TEX","CIN","B",,,1,1,2026,"-0.27","1.78",0.7135340480710397,3.3371204302507467,677649,,607043,2,3,"Bot",,,,,,,4.950483949316862,-143.14115542675768,-7.193496520379366,-4.947160599165355,37.51857792013686,-6.223753618531811,3.196309055,1.613090551,,,,"98",2590,"6.4",822917,663886,701398,680574,663647,682829,668715,670770,682622,"54.1",,,,,,,,22,3,"4-Seam Fastball",0,0,0,0,0,0,0,0,"Standard","Standard",191,"0.006","0.03",,,,"-0.03",,0,0,0.552,0.552,23,24,23,25,2,1,6,1,5,1,"0.6","0.27","0.27","57.8",,,,,
"CH","2026-04-05","87.6","-3.25","5.51","Klassen, George",702284,691946,"walk","ball",,,,,11,"Cole Young challenged (pitch result), call on the field was overturned: Cole Young walks.","R","L","R","LAA","SEA","B",,,3,1,2026,"-1.27","0.4",-0.9422540367049068,2.867120562469336,,668227,,1,2,"Top",,,,,,,8.22029694925494,-127.39371635494975,-0.8822908553612343,-15.57175081449543,26.332980392263746,-27.818318132079085,3.133120079,1.581200787,,,,"88",1488,"6.6",824053,681351,694384,624428,600869,687263,666139,545361,666176,"53.88",,0.704857,"0.7",1,0,0,,12,5,"Changeup",1,0,0,1,0,1,0,1,"Standard","Standard",243,"-0.015","0.144",,,,"-0.144",,1,-1,0.573,0.42700000000000005,24,22,24,23,1,0,,1,6,1,"2.57","1.27","-1.27","41.6",,,,,
"CU","2026-04-05","85.6","-0.72","5.59","Jax, Griffin",686797,643377,,"called_strike",,,,,8,,"R","L","R","MIN","TB","S",,,0,0,2026,"0.65","-1",-0.24467249827871018,1.627571123842718,,668885,,2,8,"Bot",,,,,,,-0.23365623996761106,-124.66387979784761,-0.7756165563515782,6.792384723622968,25.858634231235495,-42.601859069493656,3.208595801,1.619291339,,,,"85.8",3126,"6.4",823729,663743,666018,680700,691406,810938,802415,656775,676356,"54.06",,,,,,,,58,1,"Curveball",1,1,1,1,1,1,1,1,"Standard","Standard",34,"-0.012","-0.04",,,,"0.04",,0,0,0.582,0.582,31,25,32,25,1,2,4,1,5,1,"4.11","-0.65","0.65","45.9",,,,,
"SI","2026-04-05","89.1","3.12","6.04","Suter, Brent",670042,608718,,"ball",,,,,14,,"R","L","L","LAA","SEA","B",,,1,2,2026,"0.92","1.22",0.9543513790349045,1.9314573825814907,,,,1,6,"Top",,,,,,,-7.3564325863330495,-129.4006685783129,-6.518649055420129,11.841695937954254,26.600447504192715,-17.323874945775863,3.340239501,1.685728347,,,,"90.7",2238,"7.4",824053,681351,694384,624428,600869,687263,666139,545361,666176,"53.15",,,,,,,,56,4,"Sinker",6,5,5,6,5,6,5,6,"Standard","Standard",160,"-0.004","0.048",,,,"-0.048",,1,-1,0.704,0.29600000000000004,36,31,37,32,1,3,2,1,3,1,"1.66","0.92","0.92","50.3",,,,,
"SI","2026-04-05","97.4","-2.26","5.66","Wilcox, Cole",624585,677961,"walk","ball",,,,,14,"Jorge Soler challenged (pitch result), call on the field was overturned: Jorge Soler walks.","R","R","R","LAA","SEA","B",,,3,2,2026,"-1.35","0.75",0.8945933017580656,2.354061838812901,,,,2,6,"Bot",,,,,,,11.561263380188839,-141.37646152857943,-4.87478403914402,-20.807139589607594,32.32240132121875,-21.189063825480876,3.354281496,1.692814961,,,,"97.7",2081,"6.6",824053,641598,647304,702284,660844,641487,668227,677594,670042,"53.92",,0.704857,"0.7",1,0,0,,60,7,"Sinker",6,5,6,5,5,6,6,5,"Standard","Standard",235,"0.01","0.259",,,,"-0.259",,1,1,0.705,0.705,26,34,27,34,1,3,5,1,5,1,"1.67","1.35","1.35","25.9",,,,,
"FC","2026-04-05","91.6","-2.61","4.99","Vodnik, Victor",665561,680767,,"ball",,,,,13,,"R","L","R","COL","PHI","B",,,0,0,2026,"0.22","0.27",-0.8539889102491288,2.017669133210224,,664761,666969,2,9,"Top",,,,,,,3.947362839232013,-133.43523243806007,-2.0851632718397872,1.816718271629756,26.744873348505568,-28.758179705868464,3.055889108,1.542224409,,,,"93.1",2349,"6.9",824379,696100,687859,650489,691720,678662,687597,686668,666160,"53.55",,,,,,,,67,1,"Cutter",4,1,1,4,1,4,1,4,"Standard","Standard",177,"-0.004","0.024",,,,"-0.024",,3,-3,0.964,0.03600000000000003,26,27,27,27,1,3,1,6,4,2,"2.43","-0.22","0.22","39.6",,,,,
"CU","2026-04-05","76.8","0.05","6.15","Thielbar, Caleb",677587,573204,"walk","ball",,,,,14,"Brayan Rocchio challenged (pitch result), call on the field was overturned: Brayan Rocchio walks.","R","R","L","CLE","CHC","B",,,3,2,2026,"-0.3","-1.19",0.8416813820342048,1.986591889778186,,,,1,7,"Bot",,,,,,,2.1996487570385317,-111.8807504486813,0.5463719414603168,-2.8989926147080043,18.802362136161097,-42.51908601822821,3.068175853,1.548425197,,,,"77.1",2509,"6.3",824459,665804,683737,663538,807713,621020,664023,691718,624424,"54.22",,0.704857,"0.7",1,0,0,,49,10,"Curveball",0,0,0,0,0,0,0,0,"Standard","Standard",330,"0.034","0.339",,,,"-0.339",,0,0,0.556,0.556,39,25,39,25,1,2,4,2,2,0,"5.02","-0.3","0.3","60.1",,,,,
"FF","2026-04-05","94.5","-2.85","5.4","Sterner, Justin",694388,686993,"strikeout","called_strike",,,,,8,"Joey Loperfido challenged (pitch result), call on the field was confirmed: Joey Loperfido called out on strikes.","R","L","R","ATH","HOU","S",2,,1,2,2026,"-0.81","1.52",0.017859907479252368,1.7452473677859497,,,676694,1,6,"Top",,,,,,,9.262529595286974,-137.04081759715396,-7.013917949191069,-12.388685296334618,33.63520416167543,-11.621881263949792,3.321809383,1.676427165,,,,"94.6",2345,"6.8",825025,669127,701762,643446,691777,805779,691016,671732,666126,"53.7",,0,"0",1,0,0,,50,7,"4-Seam Fastball",5,3,3,5,3,5,3,5,"Infield shade","Standard",211,"0.029","-0.178",,,,"0.178",,2,-2,0.786,0.21399999999999997,29,27,30,27,1,2,5,1,2,1,"1.07","0.81","-0.81","39.7",,,,,
"FF","2026-04-05","93.1","-2.46","6.06","Brogdon, Connor",608324,641401,,"ball",,,,,12,,"R","R","R","CLE","CHC","B",,,1,0,2026,"-0.62","1.65",0.901834260712968,2.8205622415684286,,,665804,2,8,"Top",,,,,,,9.966803776555052,-135.1505650075807,-6.031014113478467,-9.81439827723288,30.720023659350407,-10.749401579920471,3.126099081,1.57765748,,,,"93.7",2434,"6.9",824459,666310,700932,677587,682177,672356,682657,680757,800050,"53.64",,,,,,,,56,2,"4-Seam Fastball",0,1,1,0,1,0,1,0,"Standard","Strategic",209,"-0.004","0.048",,,,"-0.048",,-1,1,0.281,0.719,31,32,31,32,1,3,2,2,3,0,"1","0.62","0.62","39.2",,,,,
"SI","2026-04-05","90.9","1.84","5.66","Rogers, Taylor",656775,573124,,"ball",,,,,12,,"R","L","L","MIN","TB","B",,,2,0,2026,"1.45","0.26",0.05310988331379485,3.399607830183307,666018,802415,691406,2,10,"Top",,,,,,,-7.496984967701163,-132.0052554172987,-0.053326209151716375,18.567970837056333,32.335650343875585,-29.355309533667878,3.004986877,1.516535433,,,,"89.5",2101,"5.9",823729,680777,665019,807712,656484,686797,663616,668885,670242,"54.65",,,,,,,,73,3,"Sinker",1,4,4,1,4,1,4,1,"Infield shade","Standard",133,"-0.013","0.129",,,,"-0.129",,-3,3,0.063,0.937,35,31,36,32,1,4,1,1,2,1,"2.54","1.45","1.45","28.9",,,,,
"SL","2026-04-05","87.4","-0.52","6.31","Clarke, Taylor",643289,664199,,"called_strike",,,,,4,,"R","R","R","AZ","ATL","S",,,2,1,2026,"0.2","0.28",-0.7978148940120736,2.3229408061166956,,,,2,6,"Top",,,,,,,-1.0554358447441654,-127.42499201489791,-3.849682099517401,2.3683134702680655,24.346082960158974,-28.599085398519925,3.17085794,1.600246063,,,,"87",2097,"5.8",825102,543510,545121,606466,571448,672695,694374,678489,682998,"54.71",,,,,,,,44,4,"Slider",3,3,3,3,3,3,3,3,"Standard","Standard",172,"0.005","-0.073",,,,"0.073",,0,0,0.557,0.44299999999999995,33,31,33,32,1,2,1,1,3,1,"2.68","-0.2","-0.2","45.5",,,,,
"CU","2026-04-05","77.6","2.19","5.4","Murphy, Chris",676391,669684,,"called_strike",,,,,9,,"R","R","L","CWS","TOR","S",,,0,0,2026,"-1.13","-1.37",0.6613659890228858,1.6280119482805695,,,672960,1,9,"Top",,,,,,,-1.1100011187601724,-112.82087024543796,1.8269636669647469,-9.232382632002455,25.868038527492843,-44.305406424954285,3.191043307,1.610433071,,,,"76.4",2599,"6.1",824620,700337,808959,805367,678246,695657,669720,682668,656537,"54.4",,,,,,,,70,1,"Curveball",3,0,0,3,0,3,0,3,"Standard","Standard",315,"0.004","-0.04",,,,"0.04",,3,-3,0.963,0.03700000000000003,28,30,28,30,1,3,1,1,2,1,"5.24","-1.13","1.13","42.1",,,,,
"FF","2026-04-05","95.7","-1.38","5.64","Weaver, Luke",650333,596133,,"called_strike",,,,,7,,"R","L","R","SF","NYM","S",,,0,1,2026,"-0.54","1.7",-0.32025320453807926,1.6016701375565428,,,,2,8,"Bot",,,,,,,3.98147740246387,-139.14987857068948,-8.674559977131294,-7.888600446222115,29.4743850740742,-8.292941806354756,3.124343832,1.576771654,,,,"95.3",2423,"6",823238,620443,668901,543760,666182,596019,621438,673357,701807,"54.52",,,,,,,,65,2,"4-Seam Fastball",2,5,2,5,5,2,2,5,"Standard","Standard",199,"-0.003","-0.057",,,,"0.057",,-3,-3,0.042,0.042,32,29,33,29,1,3,4,1,2,1,"0.78","0.54","-0.54","45.3",,,,,
"FF","2026-04-05","94.5","-2.12","5.78","Smith, Cade",663538,671922,,"called_strike",,,,,3,,"R","R","R","CLE","CHC","S",,,1,1,2026,"-0.7","1.36",0.7669923046862575,2.815083393125886,,,,2,9,"Top",,,,,,,9.196579014366831,-137.30341296011065,-4.972114539339581,-10.977700291627034,31.859244721166238,-14.087782274870344,3.185777559,1.607775591,,,,"96.2",2161,"7.4",824460,595978,656555,677587,608070,672356,682657,680757,692216,"53.07",,,,,,,,74,3,"4-Seam Fastball",6,4,4,6,4,6,4,6,"Standard","Standard",208,"0.003","-0.062",,,,"0.062",,2,-2,0.989,0.01100000000000001,27,29,27,29,1,4,2,0,2,1,"1.21","0.7","0.7","42.8",,,,,
"SI","2026-04-05","100.2","-1.53","5.36","Bachman, Sam",641598,696147,"strikeout","called_strike",,,,,6,"Mitch Garver challenged (pitch result), call on the field was confirmed: Mitch Garver called out on strikes.","R","R","R","LAA","SEA","S",2,,0,2,2026,"-1.52","0.65",0.7600257375234558,2.650687667607648,,,,2,8,"Top",,,,,,,9.89963045023701,-145.56730788299166,-3.457159745673549,-23.94744968886417,35.34386747419087,-22.32835812186919,3.248966535,1.639665354,,,,"100",2455,"6.4",824053,681351,694384,624428,600869,687263,669326,545361,666176,"54.13",,0,"0",1,0,0,,70,3,"Sinker",6,5,5,6,5,6,5,6,"Standard","Standard",226,"0.016","-0.16",,,,"0.16",,1,-1,0.851,0.14900000000000002,26,35,27,35,1,3,1,6,3,3,"1.64","1.52","1.52","39.0",,,,,
"SI","2026-04-05","96.2","-1.47","5.96","Uribe, Abner",686555,682842,,"called_strike",,,,,1,,"R","L","R","KC","MIL","S",,,2,1,2026,"-1.12","0.77",-0.5287604829502444,3.0386722251057625,,516782,663697,0,7,"Bot",,,,,,,5.046640154492627,-140.11739625069222,-3.793718583225913,-15.953410791461263,27.89594011981101,-21.4202557279218,3.012885499,1.520521654,,,,"96.5",2148,"6.2",824131,661388,641343,668930,650859,687401,663604,669003,663368,"54.33",,,,,,,,60,4,"Sinker",2,6,2,6,6,2,2,6,"Standard","Strategic",217,"-0.017","-0.07",,,,"0.07",,-4,-4,0.175,0.175,26,28,26,29,1,0,1,1,5,1,"1.67","1.12","-1.12","37.3",,,,,
"CU","2026-04-05","85.8","1.52","5.66","Pérez, Cionel",681624,672335,,"called_strike",,,,,4,,"R","R","L","WSH","LAD","S",,,0,0,2026,"-0.15","-0.69",-0.4570152144397092,2.282968230990411,,,518692,0,8,"Top",,,,,,,-4.24330450163277,-125.01324055226596,-0.18148252593937264,-0.8157276542262742,23.388439374142838,-39.58284236458774,3.23667979,1.633464567,,,,"85.1",2636,"5.6",822756,660688,671277,683083,678391,682928,695734,686894,695578,"54.93",,,,,,,,64,1,"Curveball",6,3,3,6,3,6,3,6,"Standard","Standard",325,"0.006","-0.043",,,,"0.043",,3,-3,0.885,0.11499999999999999,30,25,30,26,1,3,4,1,1,1,"3.76","-0.15","0.15","39.1",,,,,
"CU","2026-04-04","76.2","-1.74","5.59","Roupp, Landen",668901,694738,,"ball",,,,,13,,"R","R","R","SF","NYM","B",,,0,0,2026,"1.53","-0.92",-0.190414690883127,1.4367626966917824,,666182,683146,2,5,"Top",,,,,,,0.3911471702609733,-110.8437946028851,0.4653351346748016,12.288492311463692,25.250281051012973,-40.01873463810016,3.340239501,1.685728347,,,,"75",3127,"6.1",823239,672275,666464,650333,656305,642715,671218,664056,808982,"54.43",,,,,,,,39,1,"Curveball",0,4,4,0,4,0,4,0,"Infield shade","Standard",58,"-0.001","0.024",,,,"-0.024",,-4,4,0.106,0.894,27,26,28,27,3,2,5,1,6,1,"4.94","-1.53","-1.53","30.5",,,,,
"SL","2026-04-04","83.3","-2.09","5.41","Flaherty, Jack",671056,656427,"walk","ball",,,,,14,"Iván Herrera challenged (pitch result), call on the field was overturned: Iván Herrera walks. JJ Wetherholt to 2nd.","R","R","R","DET","STL","B",,,3,1,2026,"0.54","0.2",0.3143072196772687,1.3373491771837562,,,802139,0,5,"Top",,,,,,,4.383160727409077,-121.26985750950199,-3.0785563468527943,4.446350036901215,24.569652520325327,-29.769131828213705,3.173490814,1.601574803,,,,"83.7",2378,"6.6",824295,693307,679529,650402,656716,805808,682985,678009,663837,"53.86",,0.704857,"0.7",1,0,0,,41,5,"Slider",7,1,1,7,1,7,1,7,"Standard","Standard",130,"-0.016","0.26",,,,"-0.26",,6,-6,0.937,0.06299999999999994,30,26,31,26,3,2,7,1,5,1,"3.09","-0.54","-0.54","31.9",,,,,
"FF","2026-04-04","93.9","-1.77","5.54","Abel, Mick",641584,690953,,"ball",,,,,14,,"R","L","R","MIN","TB","B",,,0,1,2026,"-0.88","1.34",0.8633472371712275,2.2505470858812187,,680700,,2,4,"Top",,,,,,,8.764289189919147,-136.34072770826717,-5.5953211252448405,-12.894177236007492,31.308889508943576,-14.425537421220742,3.169980315,1.59980315,,,,"94.3",2352,"6.8",823730,605170,605137,807712,668904,686797,668885,681546,670242,"53.73",,,,,,,,34,2,"4-Seam Fastball",1,4,4,1,4,1,4,1,"Infield shade","Standard",215,"-0.002","0.015",,,,"-0.015",,-3,3,0.198,0.802,24,31,25,31,3,2,6,1,5,1,"1.27","0.88","-0.88","28.9",,,,,
"CH","2026-04-04","86","2.68","5.42","Weathers, Ryan",681393,677960,,"ball",,,,,14,,"R","R","L","NYY","MIA","B",,,0,2,2026,"1.43","0.1",0.899021078553796,1.7467794919101434,,,,2,3,"Top",,,,,,,-7.085663210606528,-125.01469465947578,-2.3988593161122185,16.440154276018514,26.40041450986662,-30.820024535371505,3.112934711,1.57101378,,,,"85.5",2011,"6.2",823569,669224,700250,665862,641857,676609,641355,663757,592450,"54.35",,,,,,,,23,3,"Changeup",0,3,3,0,3,0,3,0,"Standard","Standard",116,"-0.001","0.022",,,,"-0.022",,-3,3,0.232,0.768,26,26,27,26,2,1,5,1,5,1,"3","1.43","-1.43","36.0",,,,,
"FC","2026-04-04","84.8","-2.27","5.21","Irvin, Jake",669743,663623,,"ball",,,,,14,,"R","R","R","WSH","LAD","B",,,2,2,2026,"0.5","0.76",1.0240767815637755,2.040550029809052,,681624,,2,3,"Top",,,,,,,6.697443640721574,-123.40886420751998,-2.501736358158984,3.8917526185724975,22.64385942911026,-24.084163219209902,3.160326444,1.594931102,,,,"86.5",2559,"7.2",822757,686452,678554,678391,691781,682928,695734,696285,695578,"53.32",,,,,,,,25,5,"Cutter",0,5,5,0,5,0,5,0,"Standard","Standard",97,"-0.002","0.057",,,,"-0.057",,-5,5,0.101,0.899,29,31,29,32,2,1,6,1,6,1,"2.39","-0.5","-0.5","20.8",,,,,
"FF","2026-04-04","96.8","-2.43","5.46","Sproat, Brandon",695506,687075,"strikeout","called_strike",,,,,9,"Jac Caglianone challenged (pitch result), call on the field was confirmed: Jac Caglianone called out on strikes.","R","L","R","KC","MIL","S",2,,3,2,2026,"-0.76","1.01",0.4172918246319596,1.757975427632886,,,,1,6,"Bot",,,,,,,9.255104583855179,-140.56346868868403,-6.431467833180661,-12.119223336118043,30.673908451490075,-17.464689771677772,3.401673228,1.716732283,,,,"96.8",2036,"6.3",824134,596142,641343,668930,666152,687401,663604,669003,663368,"54.19",,0,"0",1,0,0,,47,7,"4-Seam Fastball",3,2,3,2,2,3,3,2,"Infield shade","Standard",224,"-0.019","-0.332",,,,"0.332",,1,1,0.722,0.722,25,23,26,23,2,2,6,0,7,1,"1.42","0.76","-0.76","32.1",,,,,
"FF","2026-04-04","96.8","-2.55","5.39","Sproat, Brandon",695506,687075,,"ball",,,,,13,,"R","L","R","KC","MIL","B",,,2,1,2026,"-0.72","1.01",-0.3607958802367617,1.4909987492529435,,,,1,6,"Bot",,,,,,,7.4045303698357126,-140.72928696811258,-6.9944533671998945,-11.134688753335418,29.690707528471023,-17.32974588775973,3.401673228,1.716732283,,,,"96.9",2073,"6.2",824134,596142,641343,668930,666152,687401,663604,669003,663368,"54.27",,,,,,,,47,4,"4-Seam Fastball",3,2,3,2,2,3,3,2,"Infield shade","Standard",223,"0.007","0.121",,,,"-0.121",,1,1,0.721,0.721,25,23,26,23,2,2,6,0,7,1,"1.41","0.72","-0.72","29.6",,,,,
"CH","2026-04-04","82","2.15","5.75","Matz, Steven",807712,571927,,"called_strike",,,,,9,,"R","R","L","MIN","TB","S",,,1,1,2026,"1.31","-0.14",0.7070521578713715,1.5967451250777924,,,,1,3,"Bot",,,,,,,-5.848450270627395,-119.34996481643508,-2.3473016627393726,13.624427639555302,22.61185993632602,-33.27775647829065,3.213861549,1.621948819,,,,"82.8",2444,"6.8",823730,676439,666018,680700,691406,810938,802415,656775,641584,"53.72",,,,,,,,28,3,"Changeup",1,4,1,4,4,1,1,4,"Infield shade","Standard",100,"-0.004","-0.064",,,,"0.064",,-3,-3,0.211,0.211,35,23,35,24,2,1,6,1,6,1,"3.52","1.31","-1.31","32.9",,,,,
"SL","2026-04-04","84.2","-2.49","5.63","Lowder, Rhett",694671,695076,"strikeout","called_strike",,,,,9,"Wyatt Langford challenged (pitch result), call on the field was confirmed: Wyatt Langford called out on strikes.","R","R","R","TEX","CIN","S",2,,2,2,2026,"0.27","-0.29",0.7748982034882717,1.6083247988694107,,,607043,0,3,"Bot",,,,,,,6.893582588850087,-122.52945688910484,-2.111419767342337,1.3466891308302122,24.62392969897831,-34.88797158181225,3.196309055,1.613090551,,,,"83.9",2762,"6.1",822920,624431,701398,680574,553993,682829,668715,670770,666181,"54.4",,0,"0",1,0,0,,27,7,"Slider",0,2,0,2,2,0,0,2,"Standard","Standard",67,"-0.035","-0.201",,,,"0.201",,-2,-2,0.366,0.366,24,24,24,25,2,1,6,1,5,1,"3.51","-0.27","-0.27","32.0",,,,,
"SI","2026-04-04","97.7","-1.13","6.03","Medina, Luis",694376,665622,,"ball",,,,,14,,"R","R","R","ATH","HOU","B",,,1,1,2026,"-1.43","0.94",0.8358239207705456,2.0293731126559864,,,694728,2,8,"Top",,,,,,,8.583882186430003,-141.9072378581103,-7.213198994370201,-21.357837398049455,33.99005377083814,-17.917965894006617,3.229658793,1.62992126,,,,"97.6",2433,"6.4",825027,642851,701762,643446,691777,805779,666126,672016,687231,"54.09",,,,,,,,76,3,"Sinker",0,11,11,0,11,0,11,0,"Strategic","Standard",211,"0","0.054",,,,"-0.054",,-11,11,0.001,0.999,27,27,27,28,1,0,3,1,7,13,"1.46","1.43","1.43","40.3",,,,,
"FF","2026-04-04","97.1","-1.38","5.27","Mlodzinski, Carmen",691723,669387,"strikeout","called_strike",,,,,7,"Coby Mayo challenged (pitch result), call on the field was confirmed: Coby Mayo called out on strikes.","R","R","R","PIT","BAL","S",2,,3,2,2026,"-0.75","0.84",-0.5719552128628238,1.7358941557373813,,,687637,1,2,"Top",,,,,,,3.9033641450357552,-141.27473327920703,-5.693011037192171,-10.935022540268672,31.43789786856338,-19.808233139514734,3.413959974,1.722933071,,,,"97.6",2108,"6.6",823404,663698,687462,664040,693304,804606,668804,665833,656811,"53.95",,0,"0",1,0,0,,11,7,"4-Seam Fastball",0,0,0,0,0,0,0,0,"Standard","Standard",225,"0.037","-0.32",,,,"0.32",,0,0,0.491,0.509,27,24,27,25,1,0,6,3,6,2,"1.57","0.75","0.75","34.9",,,,,
"SL","2026-04-04","86.2","-0.36","5.81","Morgan, Eli",596142,669212,,"called_strike",,,,,3,,"R","R","R","KC","MIL","S",,,0,0,2026,"0.34","0.24",0.7414420434646161,3.2876886417341247,,,641343,1,8,"Top",,,,,,,1.875388641052589,-125.60552812392876,-0.10849145763751411,3.2723206790824566,24.100513659804196,-29.831229984971728,3.311277887,1.671112205,,,,"86.4",2401,"6.2",824134,695600,686469,663697,672580,677951,686555,664728,695506,"54.25",,,,,,,,68,1,"Slider",8,2,2,8,2,8,2,8,"Infield shade","Standard",193,"0.001","-0.04",,,,"0.04",,6,-6,0.992,0.008000000000000007,30,33,30,34,1,3,,4,5,1,"2.81","-0.34","-0.34","51.3",,,,,
"FS","2026-04-04","90.7","-1.69","5.92","Bednar, David",683357,670280,,"ball",,,,,14,,"R","L","R","NYY","MIA","B",,,2,2,2026,"-0.94","0.35",0.12436316905723799,1.2736647774008945,,689414,669364,1,9,"Top",,,,,,,6.553092906076139,-131.85816801188972,-6.180769820351187,-12.370566359698357,29.85910362175935,-26.955397983838235,3.369201116,1.700344488,,,,"90.9",1742,"6.6",823569,641555,700250,665862,641857,676609,641355,663757,592450,"53.91",,,,,,,,86,5,"Split-Finger",9,7,7,9,7,9,7,9,"Standard","Standard",227,"-0.031","0.096",,,,"-0.096",,2,-2,0.84,0.16000000000000003,31,23,32,24,1,1,3,1,3,1,"2.45","0.94","-0.94","38.8",,,,,
"FF","2026-04-04","92.3","-1.65","5.38","Roycroft, Chris",805808,688297,"walk","ball",,,,,14,"Kevin McGonigle challenged (pitch result), call on the field was overturned: Kevin McGonigle walks.","R","L","R","DET","STL","B",,,3,1,2026,"-0.3","0.83",0.7765124029979615,1.410888132089215,,,,2,8,"Bot",,,,,,,6.8466556119936035,-134.21450190242328,-5.9322104445937995,-5.17671509737628,29.240011380598872,-21.021423243237702,3.085728346,1.557283465,,,,"93.2",2079,"6.9",824295,650968,676475,802139,669357,602104,695336,701675,691023,"53.61",,0.704857,"0.7",1,0,0,,77,5,"4-Seam Fastball",11,6,11,6,6,11,11,6,"Standard","Standard",233,"0","0.173",,,,"-0.173",,5,5,0.994,0.994,29,21,29,22,1,4,1,1,,1,"1.85","0.3","-0.3","26.2",,,,,
"CH","2026-04-04","83.4","2.81","5.44","Hall, DL",672580,669084,,"called_strike",,,,,1,,"R","R","L","KC","MIL","S",,,1,1,2026,"1.2","0.92",-0.4809516757084382,3.244473881034453,,,,0,8,"Bot",,,,,,,-9.93344749149874,-121.15911243696813,-0.2621150720726083,13.705626183034045,23.02843928377397,-23.278439826306094,3.262130906,1.646309055,,,,"84.1",2057,"6.8",824134,596142,641343,668930,666152,687401,663604,669003,663368,"53.74",,,,,,,,70,3,"Changeup",8,2,8,2,2,8,8,2,"Standard","Standard",123,"0","-0.061",,,,"0.061",,6,6,0.998,0.998,27,26,28,26,1,4,3,0,3,1,"2.36","1.2","-1.2","42.2",,,,,
"FF","2026-04-04","96.7","-1.34","6.31","Kochanowicz, Jack",686527,686799,"strikeout","called_strike",,,,,7,"Dominic Canzone challenged (pitch result), call on the field was confirmed: Dominic Canzone called out on strikes.","R","L","R","LAA","SEA","S",2,,2,2,2026,"-0.38","1.24",-0.3222093886386576,1.5606061486380514,,,,0,2,"Top",,,,,,,3.561000336456693,-140.64312324811922,-9.742620063263027,-5.877387004569942,30.19970554825575,-13.736098827965623,3.208595801,1.619291339,,,,"97",2146,"6.4",824054,681351,694384,672724,660162,687263,666139,545361,666176,"54.14",,0,"0",1,0,0,,12,5,"4-Seam Fastball",1,0,0,1,0,1,0,1,"Infield shade","Standard",214,"0.02","-0.232",,,,"0.232",,1,-1,0.607,0.393,25,28,26,29,1,0,6,3,6,1,"1.19","0.38","-0.38","42.3",,,,,
"FF","2026-04-04","98.3","1.94","5.8","Luzardo, Jesús",678662,666200,"strikeout","called_strike",,,,,8,"Ezequiel Tovar challenged (pitch result), call on the field was confirmed: Ezequiel Tovar called out on strikes.","R","R","L","COL","PHI","S",2,,3,2,2026,"0.81","1.08",-0.1950535362372966,1.664410623621861,,,,0,2,"Bot",,,,,,,-7.512052887697951,-142.7560780605669,-7.911181824983752,12.821604632259413,33.72873208921278,-15.751451412899627,3.219127297,1.624606299,,,,"96.9",2192,"5.7",824378,592663,547180,681082,664761,607208,669016,702222,666969,"54.81",,0,"0",1,0,0,,14,9,"4-Seam Fastball",0,1,0,1,1,0,0,1,"Standard","Standard",134,"-0.031","-0.345",,,,"0.345",,-1,-1,0.449,0.449,28,24,29,25,1,0,6,1,6,1,"1.3","0.81","-0.81","35.4",,,,,
"ST","2026-04-04","82.4","-3.65","4.55","Sewald, Paul",671739,623149,,"called_strike",,,,,1,,"R","L","R","AZ","ATL","S",,,2,0,2026,"1.08","0.55",-0.8176163706900407,2.8377542317970983,,,,2,9,"Top",,,,,,,4.23020494911389,-119.96884444224675,1.6842426746805201,9.603235006047726,22.938686323521097,-27.361563304026568,3.181389436,1.605561024,,,,"82.5",2462,"6.3",825104,672515,699912,606466,571448,672695,678489,677950,682998,"54.18",,,,,,,,61,3,"Sweeper",2,1,1,2,1,2,1,2,"Standard","Standard",82,"0.009","-0.066",,,,"0.066",,1,-1,0.95,0.050000000000000044,36,25,36,25,1,3,1,1,3,1,"2.8","-1.08","1.08","19.2",,,,,
"KC","2026-04-04","86.5","-0.23","6.42","Megill, Trevor",677951,656730,,"ball",,,,,14,,"R","R","R","KC","MIL","B",,,2,1,2026,"0.35","-0.12",0.3990096353005217,1.4765598585716235,,,657041,2,9,"Bot",,,,,,,0.7741790307306069,-126.07933343951436,-5.235101460184113,3.6370796632792386,20.904821056179095,-32.76887381054545,3.238435039,1.634350394,,,,"87.8",2627,"6.6",824132,661388,641343,668930,650859,666152,663604,669003,686217,"53.92",,,,,,,,81,4,"Knuckle Curve",2,5,2,5,5,2,2,5,"Standard","Standard",27,"0.009","0.079",,,,"-0.079",,-3,-3,0.018,0.018,32,26,33,26,1,4,5,2,1,0,"3.11","-0.35","-0.35","54.9",,,,,
"ST","2026-04-04","77.6","-2.73","4.92","Herget, Jimmy",592663,623474,"strikeout","called_strike",,,,,7,"J.T. Realmuto challenged (pitch result), call on the field was confirmed: J.T. Realmuto called out on strikes.","R","R","R","COL","PHI","S",2,,2,2,2026,"1.33","-0.1",-0.8132542683060233,1.8753676485906166,,,,1,2,"Top",,,,,,,1.551109408773796,-113.11321209592411,0.7390855882550387,11.109990810642792,20.56152183214111,-33.37673660849466,3.199819554,1.614862205,,,,"76.3",3051,"5.3",824378,664954,687859,650489,691720,678662,687597,686668,671289,"55.23",,0,"0",1,0,0,,12,5,"Sweeper",0,1,1,0,1,0,1,0,"Standard","Standard",80,"0.013","-0.228",,,,"0.228",,-1,1,0.42,0.5800000000000001,32,35,33,35,1,0,3,1,2,2,"3.87","-1.33","-1.33","2.4",,,,,
"CH","2026-04-04","87.8","-2.05","5.5","Santana, Dennis",683002,642701,"strikeout","called_strike",,,,,9,"Gunnar Henderson challenged (pitch result), call on the field was confirmed: Gunnar Henderson called out on strikes.","R","L","R","PIT","BAL","S",2,,1,2,2026,"-1.28","0.4",0.2768696750077648,1.6396813475922625,,,,2,9,"Top",,,,,,,8.216346344699808,-127.61544617962082,-3.85630693520887,-15.630800000381605,25.196507411046415,-27.15112637581336,3.328830381,1.679970472,,,,"87.6",2319,"6.1",823404,680779,687462,664040,693304,804606,668804,665833,656811,"54.38",,0,"0",1,0,0,,75,6,"Changeup",2,2,2,2,2,2,2,2,"Infield shade","Standard",238,"0.024","-0.182",,,,"0.182",,0,0,0.615,0.385,30,25,30,25,1,4,1,1,6,1,"2.55","1.28","-1.28","30.0",,,,,
"SI","2026-04-04","92.7","1.88","5.85","Matz, Steven",605137,571927,"strikeout","called_strike",,,,,1,"Josh Bell challenged (pitch result), call on the field was confirmed: Josh Bell called out on strikes.","R","R","L","MIN","TB","S",2,,2,2,2026,"1.24","1.06",-0.767478521614603,3.0246066052234157,,,,2,1,"Bot",,,,,,,-9.470768636007497,-134.4978129889409,-3.4864920168619444,17.19804859990849,32.62601464516799,-18.80430188719335,3.334973753,1.683070866,,,,"92.5",2307,"6.6",823730,676439,666018,680700,691406,810938,802415,656775,641584,"53.92",,0,"0",1,0,0,,8,5,"Sinker",0,0,0,0,0,0,0,0,"Standard","Standard",123,"-0.008","-0.224",,,,"0.224",,0,0,0.508,0.508,35,33,35,34,1,0,6,1,6,1,"1.64","1.24","-1.24","32.2",,,,,
"FF","2026-04-04","95.5","2.96","5.6","Nardi, Andrew",700250,677053,,"called_strike",,,,,7,,"R","L","L","NYY","MIA","S",,,3,1,2026,"0.56","1.57",-0.34189981502648825,1.7803898731748098,,,,2,5,"Bot",,,,,,,-9.903424035312812,-138.4521395653236,-7.746500135782998,9.585245097282913,34.15697436200265,-10.33034593992417,3.280561024,1.655610236,,,,"95.5",2416,"6.8",823569,682663,681393,669364,691594,672640,681715,805300,596103,"53.74",,,,,,,,47,5,"4-Seam Fastball",2,4,2,4,4,2,2,4,"Infield shade","Standard",148,"-0.004","-0.086",,,,"0.086",,-2,-2,0.242,0.242,27,27,28,27,1,2,4,1,1,1,"0.97","0.56","0.56","40.2",,,,,
"KC","2026-04-04","86.4","-0.17","6.5","Megill, Trevor",657041,656730,,"ball",,,,,13,,"R","R","R","KC","MIL","B",,,1,0,2026,"-0.09","-0.38",-0.5215921618329273,1.4324520365235074,,,,1,9,"Bot",,,,,,,-0.6411028483995947,-125.85566678091232,-4.8774755215787895,-0.8729811408150335,23.797494267301218,-35.55532973421901,3.146284449,1.587844488,,,,"87.2",2662,"6.6",824132,661388,641343,668930,650859,666152,663604,669003,686217,"53.91",,,,,,,,79,2,"Knuckle Curve",2,5,2,5,5,2,2,5,"Standard","Standard",331,"0.005","0.071",,,,"-0.071",,-3,-3,0.021,0.021,32,30,33,31,1,1,5,2,1,1,"3.41","0.09","0.09","54.0",,,,,
"ST","2026-04-04","85.6","-1.78","5.57","Svanson, Matt",693307,694335,,"ball",,,,,14,,"R","R","R","DET","STL","B",,,1,2,2026,"0.7","0.38",0.862108545586365,1.9171648945421036,,,682985,2,5,"Bot",,,,,,,4.730831695653111,-124.66119875626741,-2.9340885398358347,6.3744726552303295,24.323848791271043,-27.868254350682527,3.271784777,1.651181102,,,,"85.9",2204,"6.4",824295,686780,676475,802139,669357,695336,701675,687363,691023,"54.11",,,,,,,,52,4,"Sweeper",7,6,7,6,6,7,7,6,"Standard","Standard",64,"0.004","0.033",,,,"-0.033",,1,1,0.675,0.675,27,27,27,28,1,2,5,1,2,1,"2.72","-0.7","-0.7","29.6",,,,,
"FC","2026-04-03","88.2","-0.68","5.61","Gray, Sonny",593428,543243,,"ball",,,,,14,,"R","R","R","BOS","SD","B",,,2,2,2026,"0.43","0.04",0.7355920446069071,1.478859250108592,,,,0,6,"Top",,,,,,,2.5007611093568816,-128.47847395048342,-3.836846854547,4.201472423075689,26.31561266187136,-31.10191442334551,3.284949147,1.657824803,,,,"88.8",2578,"6.6",824786,665966,575929,691785,702332,596115,680776,678882,677800,"53.93",,,,,,,,40,5,"Cutter",2,2,2,2,2,2,2,2,"Standard","Standard",135,"-0.013","0.112",,,,"-0.112",,0,0,0.505,0.495,36,33,37,34,3,2,6,2,5,1,"2.88","-0.43","-0.43","49.6",,,,,
"FF","2026-04-03","87.8","-1.9","4.84","Nola, Aaron",696100,605400,,"called_strike",,,,,9,,"R","R","R","COL","PHI","S",,,0,0,2026,"-0.79","1.05",0.7897211033742091,1.5607838621745256,,,687859,2,5,"Bot",,,,,,,8.159754755268358,-127.83650346153323,-3.9709177760077985,-10.103102181618638,21.200335793062425,-19.937663389378425,3.178756562,1.604232283,,,,"89.4",2239,"6.8",824377,592663,547180,681082,664761,607208,669016,702222,666969,"53.68",,,,,,,,50,1,"4-Seam Fastball",1,10,1,10,10,1,1,10,"Standard","Standard",229,"0","-0.042",,,,"0.042",,-9,-9,0.006,0.006,33,26,33,27,3,2,6,2,5,1,"1.85","0.79","0.79","19.2",,,,,
"CU","2026-04-03","75.8","-1.06","5.64","Sheehan, Emmet",695734,686218,,"ball",,,,,13,,"R","L","R","WSH","LAD","B",,,0,0,2026,"1.05","-1.29",-0.6664576589547953,1.3028789098505822,,,,1,5,"Bot",,,,,,,-1.0928642825038604,-110.32535750103088,0.6999790310540726,8.709287336407682,21.23723347513704,-43.047862470677444,3.180511811,1.60511811,,,,"75.9",2629,"6.6",822758,669257,518692,690976,571970,605141,606192,681624,663656,"53.95",,,,,,,,51,1,"Curveball",4,11,4,11,11,4,4,11,"Strategic","Standard",38,"0.001","0.039",,,,"-0.039",,-7,-7,0.02,0.02,26,23,27,24,3,2,7,2,8,1,"5.29","-1.05","1.05","34.9",,,,,
"SL","2026-04-03","88.5","-1.62","5.65","Boyle, Joe",663616,671212,,"called_strike",,,,,1,,"R","L","R","MIN","TB","S",,,2,1,2026,"0.28","0.09",-0.7065078377998477,3.1290242724952564,605137,,680777,1,4,"Bot",,,,,,,1.623678873277054,-128.75896191552687,-0.013593396933584856,2.6737156232541994,29.94927289021535,-31.37374015743321,3.323564633,1.677312992,,,,"88.8",2551,"6.8",823732,663743,666018,810938,691406,700246,802415,656775,641584,"53.73",,,,,,,,34,4,"Slider",1,3,1,3,3,1,1,3,"Standard","Standard",102,"-0.018","-0.069",,,,"0.069",,-2,-2,0.4,0.4,26,29,27,29,2,1,6,1,5,2,"2.85","-0.28","0.28","28.8",,,,,
"FF","2026-04-03","87.4","-1.61","5.76","Ober, Bailey",656775,641927,,"ball",,,,,11,,"R","L","R","MIN","TB","B",,,0,1,2026,"-1.16","1.41",-0.3487756950388279,3.276789950627644,,641584,,1,4,"Top",,,,,,,5.534285176968452,-127.02818607129164,-2.4875511244267496,-13.686271740055071,31.57355128614025,-16.80995791513705,3.004986877,1.516535433,,,,"88",2321,"7.2",823732,680777,665019,807712,668904,656484,663616,621439,670242,"53.26",,,,,,,,26,2,"4-Seam Fastball",0,2,2,0,2,0,2,0,"Infield shade","Standard",216,"-0.003","0.025",,,,"-0.025",,-2,2,0.258,0.742,30,31,31,32,2,1,5,2,5,1,"1.64","1.16","-1.16","22.7",,,,,
"SL","2026-04-03","87","-2.1","5.71","Pérez, Eury",700250,691587,,"called_strike",,,,,8,,"R","L","R","NYY","MIA","S",,,1,1,2026,"0.25","0.45",0.1894874200980746,1.9184070870710395,663757,592450,641355,2,2,"Bot",,,,,,,4.9354718707089065,-126.54949545463488,-3.602879004386266,1.5697742973336117,27.71431623052486,-26.79450706909163,3.280561024,1.655610236,,,,"87.2",2422,"6.6",823568,689414,681393,669364,688363,672640,665052,805300,683357,"53.87",,,,,,,,20,3,"Slider",4,1,4,1,1,4,4,1,"Infield shade","Standard",112,"-0.01","-0.05",,,,"0.05",,3,3,0.831,0.831,23,27,23,27,2,1,6,2,5,1,"2.58","-0.25","0.25","27.3",,,,,
"FF","2026-04-03","92.6","-3.22","5.58","Warren, Will",672640,701542,,"ball",,,,,12,,"R","R","R","NYY","MIA","B",,,0,0,2026,"-0.75","1.42",0.1601000774402319,3.2647288990003567,,,,0,5,"Top",,,,,,,10.219532736365272,-134.30166466826344,-2.980512291058726,-11.478237201435388,32.790534999002425,-14.649099787487453,3.136630577,1.582972441,,,,"92.4",2493,"6.6",823568,669224,700250,665862,641857,676609,641355,663757,592450,"53.87",,,,,,,,34,1,"4-Seam Fastball",4,1,1,4,1,4,1,4,"Standard","Standard",222,"-0.004","0.041",,,,"-0.041",,3,-3,0.836,0.16400000000000003,27,27,27,28,2,1,6,2,5,1,"1.29","0.75","0.75","29.6",,,,,
"FF","2026-04-03","90.8","1.29","6","Rodriguez, Eduardo",671739,593958,,"ball",,,,,13,,"R","L","L","AZ","ATL","B",,,2,0,2026,"0.69","1.45",-0.3374876937684932,1.2921517562453224,,,,2,5,"Top",,,,,,,-5.528049518563621,-131.81826120788102,-8.71764801526134,9.226440507685833,28.89366487261755,-13.631230480011306,3.181389436,1.605561024,,,,"90.7",2289,"6.4",825103,543510,467793,606466,571448,672695,694374,677950,682998,"54.09",,,,,,,,31,3,"4-Seam Fastball",0,0,0,0,0,0,0,0,"Standard","Standard",149,"-0.005","0.121",,,,"-0.121",,0,0,0.547,0.45299999999999996,33,25,33,25,2,1,6,1,6,1,"1.34","0.69","0.69","44.3",,,,,
"SL","2026-04-03","87.2","1.61","6.14","Detmers, Reid",663728,672282,"strikeout","called_strike",,,,,2,"Cal Raleigh challenged (pitch result), call on the field was confirmed: Cal Raleigh called out on strikes.","R","R","L","LAA","SEA","S",2,,3,2,2026,"-0.11","-0.11",0.08287149951471696,3.1454231686165772,,,608701,2,3,"Top",,,,,,,-3.395956227694411,-127.10748082536543,-0.6728885576014172,-0.516498904769461,23.866910179394488,-33.45825279210206,3.282316273,1.656496063,,,,"87.4",2324,"6.1",824056,681351,694384,672724,660162,687263,666139,545361,666176,"54.37",,0,"0",1,0,0,,18,7,"Slider",0,0,0,0,0,0,0,0,"Standard","Standard",307,"0.029","-0.295",,,,"0.295",,0,0,0.526,0.474,26,29,27,30,2,1,6,2,5,1,"3.08","-0.11","0.11","44.9",,,,,
"CH","2026-04-03","85.2","1.73","6.02","Enns, Dietrich",804606,608650,,"ball",,,,,13,,"R","R","L","PIT","BAL","B",,,2,2,2026,"1.36","0.62",-0.7342544466516281,1.5441566006300023,,542303,687462,2,5,"Bot",,,,,,,-8.457239036504845,-123.86797087983514,-5.2662989848608,15.58903954575649,22.691830624028967,-24.959202969850324,3.334973753,1.683070866,,,,"85.3",1233,"6.2",823406,668939,624413,669236,677942,683002,621493,681297,687637,"54.26",,,,,,,,48,5,"Changeup",5,2,5,2,2,5,5,2,"Standard","Standard",126,"0.005","0.079",,,,"-0.079",,3,3,0.878,0.878,35,20,35,20,1,2,4,,29,1,"2.51","1.36","-1.36","49.4",,,,,
"SI","2026-04-03","88.4","-1.12","5.69","Bellozo, Valente",666969,678368,,"ball",,,,,11,,"R","R","R","COL","PHI","B",,,1,0,2026,"-0.81","0.51",-0.4560592009781599,3.472971452427693,,,,2,6,"Top",,,,,,,3.2824319389974157,-129.0236314075511,-0.44948976914139843,-9.728280750046173,18.14414728109081,-26.447157105747472,3.216494423,1.623277559,,,,"89.3",2010,"6",824377,696100,681198,650489,691720,678662,664983,686668,666160,"54.53",,,,,,,,53,2,"Sinker",1,10,10,1,10,1,10,1,"Standard","Standard",206,"0","0.065",,,,"-0.065",,-9,9,0.005,0.995,26,33,26,33,2,3,,2,6,1,"2.32","0.81","0.81","36.2",,,,,
"CU","2026-04-03","83.3","2.32","5.62","Waldichuk, Ken",660271,686610,,"called_strike",,,,,4,,"R","L","L","WSH","LAD","S",,,0,1,2026,"-0.96","-0.17",-0.7162465152700903,2.2231307670148075,,,,1,7,"Top",,,,,,,-4.992566529578891,-121.32496532315558,-0.8341787908355469,-8.563128165922016,23.05659594282071,-33.9086754634328,3.369201116,1.700344488,,,,"84.1",2439,"6.7",822758,660688,671277,683083,678391,682928,695734,696285,695578,"53.8",,,,,,,,65,2,"Curveball",4,11,11,4,11,4,11,4,"Infield shade","Standard",312,"0","-0.052",,,,"0.052",,-7,7,0.009,0.991,28,31,28,32,1,4,3,2,3,1,"3.44","-0.96","-0.96","34.9",,,,,
"FF","2026-04-03","92.9","-1.67","5.49","Mahle, Tyler",668901,641816,"walk","ball",,,,,12,"Mark Vientos challenged (pitch result), call on the field was overturned: Mark Vientos walks.","R","R","R","SF","NYM","B",,,3,0,2026,"-0.85","1.39",0.974999098146916,2.564775935334149,666182,673357,,2,1,"Top",,,,,,,8.656997520122099,-135.07566448164113,-4.641011058020821,-12.284560416038625,28.859223440232494,-14.303385749310625,3.340239501,1.685728347,,,,"93.8",2225,"6.8",823240,672275,666464,650333,656305,642715,671218,664056,808982,"53.71",,0.704857,"0.7",1,0,0,,6,4,"4-Seam Fastball",0,1,1,0,1,0,1,0,"Infield shade","Standard",224,"-0.006","0.05",,,,"-0.05",,-1,1,0.388,0.612,31,26,32,27,1,0,6,1,5,1,"1.25","0.85","0.85","42.5",,,,,
"SI","2026-04-03","93.2","-2.03","5.74","Keller, Mitch",687637,656605,,"called_strike",,,,,9,,"R","L","R","PIT","BAL","S",,,0,0,2026,"-1","0.48",0.7647900038168514,1.8008938708016795,,,,1,2,"Top",,,,,,,9.35816763078292,-135.438509695088,-5.24890468022357,-14.210226999092628,27.19262260798259,-25.322690333269065,3.417470472,1.724704724,,,,"94",2455,"6.6",823406,680779,687462,664040,669707,804606,668804,665833,656811,"53.85",,,,,,,,10,1,"Sinker",0,0,0,0,0,0,0,0,"Infield shade","Standard",216,"0.003","-0.039",,,,"0.039",,0,0,0.523,0.477,30,24,30,25,1,0,6,2,5,1,"2.13","1","-1","36.8",,,,,
"FF","2026-04-03","101","-1.8","6.05","Henriquez, Edgardo",671277,683618,,"called_strike",,,,,9,,"R","L","R","WSH","LAD","S",,,0,1,2026,"-0.92","1.2",0.673973998285492,1.5527929655073711,,660688,695578,1,8,"Bot",,,,,,,9.028090547425002,-146.53716199714182,-9.83886939518378,-15.362044897541537,34.32509502241648,-12.731795063829253,3.248088911,1.639222441,,,,"101.2",2445,"6.6",822758,669257,669289,690976,571970,605141,669743,681624,663656,"53.94",,,,,,,,80,2,"4-Seam Fastball",6,12,6,12,12,6,6,12,"Standard","Standard",215,"-0.002","-0.053",,,,"0.053",,-6,-6,0.018,0.018,24,26,24,26,1,4,7,2,1,1,"1.05","0.92","-0.92","42.4",,,,,
"SI","2026-04-03","94.4","-2.98","5.38","King, Michael",575929,650633,"walk","ball",,,,,14,"Willson Contreras challenged (pitch result), call on the field was overturned: Willson Contreras walks.","R","R","R","BOS","SD","B",,,3,2,2026,"-1.53","0.31",0.8714757854620465,1.6127021030694053,,,,0,2,"Bot",,,,,,,13.138139686229868,-136.83998934547884,-4.462926211714784,-22.136700092841824,31.132213164845624,-27.462293921133988,3.229658793,1.62992126,,,,"92.9",2401,"5.7",824786,669134,657757,630105,592518,593428,657656,701538,665487,"54.81",,0.704857,"0.7",1,0,0,,10,7,"Sinker",0,0,0,0,0,0,0,0,"Standard","Standard",224,"0.032","0.356",,,,"-0.356",,0,0,0.557,0.557,31,34,31,34,1,0,7,2,5,1,"2.28","1.53","1.53","25.9",,,,,
"FF","2026-04-03","97.7","-1.94","5.82","Harvey, Hunter",677587,640451,,"called_strike",,,,,9,,"R","L","R","CLE","CHC","S",,,1,0,2026,"-0.42","1.49",0.33044951521985344,1.5595723481817434,,,,1,7,"Bot",,,,,,,7.040878389093031,-141.8388758780454,-9.181165358558793,-7.386748007369661,33.907430621124306,-10.137092950756912,3.068175853,1.548425197,,,,"97.8",2318,"6.5",824458,608348,683737,663538,608324,621020,664023,691718,807713,"53.95",,,,,,,,53,2,"4-Seam Fastball",2,1,2,1,1,2,2,1,"Standard","Standard",201,"-0.003","-0.049",,,,"0.049",,1,1,0.772,0.772,31,25,32,25,1,2,2,2,5,2,"0.92","0.42","-0.42","47.0",,,,,
"FC","2026-04-03","90","-2.6","5.03","Topa, Justin",666018,623437,"strikeout","called_strike",,,,,4,"Jonathan Aranda challenged (pitch result), call on the field was confirmed: Jonathan Aranda called out on strikes.","R","L","R","MIN","TB","S",2,,2,2,2026,"-0.41","0.64",-0.8010226900981074,2.3903645280539063,,,650490,1,7,"Top",,,,,,,5.250681556980185,-131.06510555243625,-1.7891456933929835,-5.816897822999058,26.351454395695015,-24.652485267360216,3.189288058,1.609547244,,,,"89.4",2185,"5.8",823732,680777,665019,807712,668904,656484,663616,621439,670242,"54.74",,0,"0",1,0,0,,57,5,"Cutter",3,3,3,3,3,3,3,3,"Infield shade","Standard",240,"0.043","-0.222",,,,"0.222",,0,0,0.504,0.496,35,28,35,28,1,3,1,2,2,1,"2.16","0.41","-0.41","13.4",,,,,
"FF","2026-04-03","96.4","1.05","6.64","Miller, Erik",668901,669062,,"ball",,,,,11,,"R","R","L","SF","NYM","B",,,1,1,2026,"0.87","1.19",-0.92428092115147,2.739809594806946,,683146,,0,9,"Top",,,,,,,-7.232130648210122,-140.1294030827115,-7.35155129987517,13.060222809207497,31.94594263481014,-15.001063751951772,3.340239501,1.685728347,,,,"97",2307,"6.7",823240,672275,666464,650333,656305,642715,671218,664056,808982,"53.81",,,,,,,,73,3,"4-Seam Fastball",3,9,9,3,9,3,9,3,"Infield shade","Standard",135,"0","0.045",,,,"-0.045",,-6,6,0.002,0.998,28,26,28,27,1,4,6,1,2,1,"1.27","0.87","-0.87","43.4",,,,,
"SI","2026-04-03","94.2","1.72","5.53","Speier, Gabe",660162,642100,"strikeout","called_strike",,,,,4,"Yoán Moncada challenged (pitch result), call on the field was confirmed: Yoán Moncada called out on strikes.","R","R","L","LAA","SEA","S",2,,3,2,2026,"1.37","0.77",-0.5403956573676256,2.198970124848828,,,,2,10,"Bot",,,,,,,-8.847233640567033,-136.9266291857855,-4.494304338804368,19.150528142590797,27.35151263811276,-21.724185944388992,3.217372047,1.623720472,,,,"94.1",2019,"6.1",824056,663728,647304,702284,660844,641487,668227,677594,670042,"54.42",,0,"0",1,0,0,,74,7,"Sinker",1,3,1,3,3,1,1,3,"Standard","Standard",136,"-0.02","-0.328",,,,"0.328",,-2,-2,0.02,0.02,31,31,31,31,1,3,4,2,2,1,"1.79","1.37","-1.37","32.1",,,,,
"SI","2026-04-03","98.8","0.15","6.18","Chapman, Aroldis",592518,547973,,"ball",,,,,13,,"R","R","L","BOS","SD","B",,,0,0,2026,"0.85","1.49",-0.977145891052382,1.8701270397353476,,,,2,9,"Top",,,,,,,-5.1445414565733865,-143.4980034664818,-9.704383149808706,12.950773904993444,35.77132315227313,-9.518977387183979,3.313910761,1.672440945,,,,"100.3",2608,"7.4",824786,665966,575929,691785,702332,596115,680776,678882,677800,"53.11",,,,,,,,64,1,"Sinker",5,2,2,5,2,5,2,5,"Standard","Standard",170,"-0.001","0.037",,,,"-0.037",,3,-3,0.996,0.0040000000000000036,38,33,38,34,1,3,6,2,1,1,"0.87","0.85","-0.85","57.2",,,,,
"SL","2026-04-03","77.5","3.27","6.33","Suter, Brent",647304,608718,,"called_strike",,,,,6,,"R","L","L","LAA","SEA","S",,,0,0,2026,"-0.68","0.33",0.777050054458153,2.3066687836305295,702284,,677594,2,10,"Top",,,,,,,-4.05981049040639,-113.01586216027957,-2.2053151229248176,-5.299848459414808,17.553051289039708,-29.139528610242234,3.110301837,1.569685039,,,,"79.3",2178,"7.1",824056,681351,694384,672724,660162,687263,666139,545361,666176,"53.43",,,,,,,,69,1,"Slider",0,1,1,0,1,0,1,0,"Standard","Standard",293,"0.175","-0.035",,,,"0.035",,-1,1,0.165,0.835,36,29,37,29,1,4,2,2,2,1,"3.4","-0.68","-0.68","52.0",,,,,
"FF","2026-04-03","97.2","-2.36","5.72","Smith, Cade",664023,671922,"strikeout","called_strike",,,,,9,"Ian Happ challenged (pitch result), call on the field was confirmed: Ian Happ called out on strikes.","R","L","R","CLE","CHC","S",2,,3,2,2026,"-0.7","1.37",0.4269628449634223,1.738198835198165,,,,0,9,"Top",,,,,,,9.185203466908233,-141.12832013536072,-8.244793320681879,-11.4310747819253,31.26844754140286,-12.092115183882298,3.136630577,1.582972441,,,,"99.1",2385,"7.4",824458,666310,700932,677587,608070,672356,680757,682177,682657,"53.09",,0,"0",1,0,0,,64,10,"4-Seam Fastball",4,1,1,4,1,4,1,4,"Infield shade","Standard",213,"0.025","-0.345",,,,"0.345",,3,-3,0.96,0.040000000000000036,27,31,27,32,1,3,2,2,2,2,"1.05","0.7","-0.7","39.2",,,,,
"SI","2026-04-03","96.8","-1.25","6.23","Bradish, Kyle",668804,680694,,"called_strike",,,,,7,,"R","L","R","PIT","BAL","S",,,1,0,2026,"-0.78","1.03",-0.3637064376500829,1.6065182614316265,,664040,,1,1,"Bot",,,,,,,4.157922254542875,-140.75255218999976,-8.944952058109862,-11.25372230407312,31.6753531951456,-16.646732076627867,3.284071522,1.65738189,,,,"97.1",2199,"6.5",823406,668939,624413,669236,677942,683002,621493,681297,687637,"54",,,,,,,,7,2,"Sinker",0,0,0,0,0,0,0,0,"Standard","Standard",197,"-0.004","-0.042",,,,"0.042",,0,0,0.569,0.569,29,31,30,31,1,0,6,2,5,1,"1.4","0.78","-0.78","50.2",,,,,
"SL","2026-04-03","86.1","1.84","6.05","Mayza, Tim",696100,641835,,"called_strike",,,,,7,,"R","R","L","COL","PHI","S",,,0,1,2026,"-0.2","-0.19",-0.4805208169343433,1.5781984123690282,,,,1,8,"Bot",,,,,,,-5.070740768505448,-125.45325265655123,-3.8487107881974434,-1.221333832765505,22.26666026826211,-33.68799713743743,3.178756562,1.604232283,,,,"87.5",2165,"6.8",824377,592663,664238,681082,664761,624641,805249,702222,669016,"53.68",,,,,,,,69,2,"Slider",1,10,1,10,10,1,1,10,"Standard","Standard",324,"0","-0.052",,,,"0.052",,-9,-9,0.001,0.001,34,26,34,27,1,3,4,2,2,1,"3.23","-0.2","0.2","42.3",,,,,
"ST","2026-04-03","83.1","-1.47","5.94","Armstrong, Shawn",694208,542888,,"ball",,,,,14,,"R","L","R","CLE","CHC","B",,,1,1,2026,"1.57","0.52",0.6585503165085987,1.3933149645849165,,,,0,8,"Top",,,,,,,1.67872147623951,-121.02206872086799,-4.764617508729426,15.093302659508929,24.007853407592453,-26.31457432554844,3.040091864,1.534251969,,,,"83.5",2664,"6.5",824458,666310,700932,677587,608070,672356,680757,682177,682657,"53.96",,,,,,,,58,3,"Sweeper",4,1,1,4,1,4,1,4,"Infield shade","Standard",85,"-0.005","0.055",,,,"-0.055",,3,-3,0.929,0.07099999999999995,35,22,36,23,1,0,2,2,2,2,"2.78","-1.57","1.57","44.9",,,,,
"SI","2026-04-03","95.8","-1.38","5.92","Brazobán, Huascar",656305,623211,,"called_strike",,,,,9,,"R","R","R","SF","NYM","S",,,1,1,2026,"-1.4","0.74",0.42488275417349897,1.6341878015899396,,,,0,7,"Bot",,,,,,,7.830968877526045,-139.09623594228628,-7.035385727841351,-19.929771347607012,33.939861254132644,-21.054914183014805,3.250721785,1.640551181,,,,"94.5",2157,"5.8",823240,682626,683146,543760,666182,596019,621438,673357,701807,"54.66",,,,,,,,56,3,"Sinker",2,8,2,8,8,2,2,8,"Standard","Standard",228,"-0.002","-0.061",,,,"0.061",,-6,-6,0.02,0.02,36,33,37,33,1,2,2,1,2,1,"1.77","1.4","1.4","38.1",,,,,
"CH","2026-04-03","84.6","2.11","6.42","Lee, Dylan",672515,669276,,"ball",,,,,14,,"R","R","L","AZ","ATL","B",,,1,1,2026,"0.93","1.07",1.1698247700893702,1.6818856081856386,,,,0,7,"Bot",,,,,,,-4.044206656810823,-123.11696242004831,-6.642522152673554,10.254441969576972,23.81286452998192,-20.192413939595138,3.071686352,1.55019685,,,,"84.8",1605,"6.4",825103,641680,621566,645277,663586,643289,642201,671739,660670,"54.14",,,,,,,,48,3,"Changeup",0,0,0,0,0,0,0,0,"Standard","Standard",139,"0.008","0.055",,,,"-0.055",,0,0,0.586,0.586,31,26,32,26,1,2,2,1,2,1,"2.11","0.93","-0.93","43.9",,,,,
"FS","2026-04-03","89.2","-1.56","5.75","Phillips, Tyler",641355,663969,,"called_strike",,,,,9,,"R","L","R","NYY","MIA","S",,,0,0,2026,"-1.11","0.31",0.6426814456944365,1.5885691916871907,,,,0,5,"Bot",,,,,,,7.77679827729451,-129.54967547727568,-4.628074540143082,-14.163473594090888,28.159520757567517,-27.88259303352563,3.344627625,1.687942913,,,,"89.7",1299,"6.8",823568,689414,681393,669364,688363,672640,665052,805300,683357,"53.71",,,,,,,,38,1,"Split-Finger",4,2,4,2,2,4,4,2,"Infield shade","Standard",242,"-0.002","-0.039",,,,"0.039",,2,2,0.812,0.812,28,30,29,31,1,2,5,2,3,1,"2.58","1.11","-1.11","33.0",,,,,
"SL","2026-04-03","82.7","1.72","5.54","Speier, Gabe",694384,642100,,"called_strike",,,,,4,,"R","L","L","LAA","SEA","S",,,0,0,2026,"-0.22","0.02",-0.655920363502499,2.3421543298251444,,545361,,0,10,"Bot",,,,,,,-4.895707740178821,-120.39799082990551,-0.618809345906334,-1.1416386159729717,23.59259433650349,-32.09577362730456,3.290214895,1.660482283,,,,"82.2",2142,"6",824056,663728,647304,702284,660844,641487,668227,677594,670042,"54.52",,,,,,,,72,1,"Slider",0,3,0,3,3,0,0,3,"Standard","Standard",259,"-0.007","-0.043",,,,"0.043",,-3,-3,0.101,0.101,31,24,31,24,1,3,4,3,2,1,"3.31","-0.22","-0.22","29.9",,,,,
"SI","2026-04-03","88.4","-3.91","3.67","Thompson, Ryan",643289,657044,,"called_strike",,,,,9,,"R","R","R","AZ","ATL","S",,,0,0,2026,"-1.08","-0.66",0.475971492692713,1.5710199744795896,,,,2,9,"Top",,,,,,,12.886140406040226,-128.06538960502144,2.675778521363446,-14.657116958114072,27.797609017413713,-40.33535322947154,3.17085794,1.600246063,,,,"88.5",2028,"6.7",825103,543510,467793,606466,571448,672695,694374,677950,682998,"53.77",,,,,,,,62,1,"Sinker",0,2,2,0,2,0,2,0,"Standard","Standard",276,"0.001","-0.043",,,,"0.043",,-2,2,0.09,0.91,34,31,34,32,1,3,4,1,2,1,"3.62","1.08","1.08","-11.3",,,,,
"CU","2026-04-02","79.1","-1.19","6.19","Nelson, Ryne",645277,669194,"walk","ball",,,,,11,"Ozzie Albies challenged (pitch result), call on the field was overturned: Ozzie Albies walks.","R","L","R","AZ","ATL","B",,,3,2,2026,"0.72","-0.84",-0.8201684118695325,3.1694502521664853,,,,0,5,"Top",,,,,,,-0.5543335984155471,-115.19276691985905,1.95986793212484,6.498824909917499,20.102840368793423,-40.21278488216594,2.984801509,1.506348425,,,,"79.7",2707,"6.5",825105,672515,467793,606466,571448,672695,691783,677950,678489,"54.01",,0.704857,"0.7",1,0,0,,31,7,"Curveball",1,2,2,1,2,1,2,1,"Infield shade","Standard",36,"-0.031","0.356",,,,"-0.356",,-1,1,0.356,0.644,28,29,28,29,2,1,6,1,6,1,"4.46","-0.72","0.72","55.7",,,,,
"FF","2026-04-02","95.4","-3.39","5.28","Cruz, Steven",668904,674444,,"ball",,,,,13,,"R","R","R","KC","MIN","B",,,2,1,2026,"-0.97","1.54",-0.006943538193727283,1.419163232756344,,,,1,9,"Top",,,,,,,11.078443425116328,-138.17932009345654,-7.718886509627017,-15.193166562756021,36.29316125955555,-10.832369037926654,3.205085302,1.617519685,,,,"95.3",2311,"6.9",824133,695600,686469,663697,672580,677951,686555,664728,657041,"53.62",,,,,,,,68,4,"4-Seam Fastball",1,5,5,1,5,1,5,1,"Strategic","Standard",214,"-0.001","0.121",,,,"-0.121",,-4,4,0.017,0.983,27,27,27,27,1,3,1,1,2,1,"1.03","0.97","0.97","29.4",,,,,
"ST","2026-04-02","76","3.48","5.36","Manaea, Sean",642715,640455,"strikeout","called_strike",,,,,7,"Willy Adames challenged (pitch result), call on the field was confirmed: Willy Adames called out on strikes.","R","R","L","SF","NYM","S",2,,0,2,2026,"-1.01","0.1",-0.6611767445017076,1.7775796173251575,691740,,669477,2,5,"Bot",,,,,,,-6.740748518122782,-110.40990474026778,-0.2984357815291008,-6.940210372693921,21.21099419170034,-31.575194136357123,3.22351542,1.626820866,,,,"76.1",2308,"6.6",823242,682626,668901,543760,666182,596019,665742,673357,621438,"53.86",,0,"0",1,0,0,,49,3,"Sweeper",6,2,6,2,2,6,6,2,"Standard","Standard",282,"-0.008","-0.174",,,,"0.174",,4,4,0.926,0.926,34,30,34,31,1,3,4,1,6,1,"3.89","-1.01","1.01","19.5",,,,,
"FS","2026-04-01","88.5","-2.38","5.63","Eovaldi, Nathan",691723,543135,,"ball",,,,,13,,"R","R","R","BAL","TEX","B",,,2,1,2026,"-1.15","0.14",-0.8731641002033159,1.6654950317450958,,,,0,5,"Bot",,,,,,,6.105285041137476,-128.89242958067092,-3.770330062852576,-14.076561189775848,24.082852721350697,-30.08232181219315,3.413959974,1.722933071,,,,"89.5",1408,"6.6",824860,643376,669394,677649,673962,608369,664059,694671,457705,"53.86",,,,,,,,44,4,"Split-Finger",5,2,5,2,2,5,5,2,"Standard","Standard",240,"0.005","0.134",,,,"-0.134",,3,3,0.885,0.885,36,24,36,25,3,2,6,2,6,3,"2.74","1.15","1.15","35.0",,,,,
"SI","2026-04-01","92.3","2.19","5.8","Rogers, Trevor",457705,669432,"walk","ball",,,,,13,"Andrew McCutchen challenged (pitch result), call on the field was overturned: Andrew McCutchen walks.","R","R","L","BAL","TEX","B",,,3,2,2026,"1.52","0.66",-0.6757689043774207,1.2324035432711926,,,,1,6,"Top",,,,,,,-10.61360253800133,-133.88272307514643,-7.025254346724951,20.555080385456872,29.195445624679774,-22.784430250140975,3.12960958,1.579429134,,,,"92.8",2335,"6.8",824860,694212,624413,669236,691723,683002,687637,665750,681297,"53.71",,0.704857,"0.7",1,0,0,,53,6,"Sinker",7,2,2,7,2,7,2,7,"Standard","Standard",130,"-0.01","0.339",,,,"-0.339",,5,-5,0.961,0.039000000000000035,28,39,29,40,3,2,6,2,6,2,"2.03","1.52","-1.52","23.2",,,,,
"FF","2026-04-01","92","2.17","5.77","Rogers, Trevor",694671,669432,"strikeout","called_strike",,,,,9,"Wyatt Langford challenged (pitch result), call on the field was confirmed: Wyatt Langford called out on strikes.","R","R","L","BAL","TEX","S",2,,1,2,2026,"0.73","1.36",0.8207079480817417,1.769051073914135,,,,1,5,"Top",,,,,,,-4.981483449289158,-133.7596343539551,-7.067244328680318,9.793215561328152,29.138872706937008,-14.51149176723881,3.196309055,1.613090551,,,,"92.1",2363,"6.4",824860,694212,624413,669236,691723,683002,687637,665750,681297,"54.07",,0,"0",1,0,0,,41,5,"4-Seam Fastball",4,2,2,4,2,4,2,4,"Standard","Standard",133,"0.014","-0.18",,,,"0.18",,2,-2,0.786,0.21399999999999997,28,24,29,25,3,2,6,1,6,2,"1.34","0.73","-0.73","20.8",,,,,
"FC","2026-04-01","92.9","-1.85","6.23","Schlittler, Cam",680977,693645,,"ball",,,,,13,,"R","L","R","SEA","NYY","B",,,0,1,2026,"0.24","1.13",-0.03154274106871713,1.4489933503763022,,,,1,6,"Bot",,,,,,,4.07512751575375,-135.06222300046497,-8.799396169935081,2.178559150915359,26.553370178798982,-16.738837784818585,3.159448819,1.594488189,,,,"93.8",2544,"6.7",823157,669224,502671,665862,642708,676609,641355,663757,592450,"53.83",,,,,,,,43,2,"Cutter",0,4,0,4,4,0,0,4,"Standard","Standard",184,"0.001","0.029",,,,"-0.029",,-4,-4,0.076,0.076,25,29,25,29,3,2,5,1,6,2,"1.5","-0.24","0.24","44.4",,,,,
"FF","2026-04-01","94.8","-2.24","5.9","Gallen, Zac",663837,668678,,"ball",,,,,14,,"R","R","R","AZ","DET","B",,,2,2,2026,"-0.38","1.26",0.24546758693863535,1.5133497263819367,,,,1,5,"Top",,,,,,,7.34994588342998,-137.72712910771222,-8.507909121932968,-6.405664034543552,28.305210359614197,-14.420023345923841,3.273540026,1.652066929,,,,"95.9",2355,"6.8",825106,672515,699912,545121,571448,672695,694374,691783,682998,"53.65",,,,,,,,30,7,"4-Seam Fastball",1,0,0,1,0,1,0,1,"Standard","Standard",208,"-0.008","0.104",,,,"-0.104",,1,-1,0.673,0.32699999999999996,30,29,31,30,2,1,6,4,6,3,"1.27","0.38","0.38","49.3",,,,,
"FF","2026-04-01","92.6","2.41","5.96","Abbott, Andrew",694377,671096,,"ball",,,,,13,,"R","R","L","CIN","PIT","B",,,2,1,2026,"0.66","1.33",-0.6632027675890744,1.3635094453043577,,,,0,4,"Top",,,,,,,-9.256044192165792,-134.4222378552952,-8.677933660661495,9.935402186277585,27.572964861344854,-14.320966570806542,3.185777559,1.607775591,,,,"93.3",2307,"6.7",824536,663886,701398,680574,663647,682829,668715,670770,666181,"53.79",,,,,,,,26,4,"4-Seam Fastball",0,3,3,0,3,0,3,0,"Standard","Standard",148,"-0.006","0.134",,,,"-0.134",,-3,3,0.184,0.8160000000000001,27,24,27,24,2,1,6,1,6,3,"1.33","0.66","-0.66","49.2",,,,,
"FC","2026-04-01","90.3","2.34","6.38","Crochet, Garrett",514888,676979,,"ball",,,,,13,,"R","R","L","HOU","BOS","B",,,2,2,2026,"-0.15","0.21",-0.5901507402317251,1.2308429871873705,,,,2,2,"Bot",,,,,,,-6.931693261287625,-131.2147273484785,-7.062753107147365,-0.24346558282492628,28.699659123933813,-28.3933155295598,2.926000656,1.476673228,,,,"90.9",2711,"6.8",824211,657136,575929,643396,702332,596115,680776,678882,677800,"53.71",,,,,,,,21,5,"Cutter",2,2,2,2,2,2,2,2,"Infield shade","Standard",226,"0.004","0.104",,,,"-0.104",,0,0,0.509,0.509,27,36,27,36,2,1,6,1,6,2,"2.6","-0.15","0.15","38.8",,,,,
"FF","2026-04-01","91.3","1.22","6.03","Cameron, Noah",668885,702070,,"ball",,,,,14,,"R","R","L","KC","MIN","B",,,2,1,2026,"0.75","1.35",0.13281588837836888,1.4416043208059732,,,,2,3,"Top",,,,,,,-4.338041083778623,-132.57903782136526,-8.286410809757827,9.768362299159328,30.40925894724752,-14.630645083608362,3.12960958,1.579429134,,,,"90.8",2609,"6.3",824136,521692,686469,663697,672580,677951,686555,664728,695506,"54.24",,,,,,,,21,4,"4-Seam Fastball",3,0,0,3,0,3,0,3,"Standard","Standard",207,"-0.004","0.117",,,,"-0.117",,3,-3,0.83,0.17000000000000004,26,27,27,27,2,1,,2,6,1,"1.41","0.75","-0.75","45.4",,,,,
"CU","2026-04-01","84.2","-1.22","5.53","Baumler, Carter",624413,691945,,"ball",,,,,14,,"R","R","R","BAL","TEX","B",,,0,1,2026,"0.33","-1.03",0.6286463480000608,1.4943921432411789,,665750,621493,2,7,"Bot",,,,,,,3.593802011182,-122.6372767482167,-0.6474297784499702,2.5753289626460614,25.54726937775553,-42.59401433835631,3.323564633,1.677312992,,,,"84.6",2553,"6.6",824860,643376,669394,669701,673962,608369,694671,694497,457705,"53.88",,,,,,,,68,2,"Curveball",8,2,8,2,2,8,8,2,"Standard","Standard",35,"0","0.018",,,,"-0.018",,6,6,0.993,0.993,24,31,24,32,1,4,3,1,3,2,"4.25","-0.33","-0.33","44.9",,,,,
"FF","2026-04-01","91.1","1.58","6.04","Lynch IV, Daniel",668885,663738,"walk","ball",,,,,12,"Austin Martin challenged (pitch result), call on the field was overturned: Austin Martin walks. Josh Bell scores. Royce Lewis to 3rd. Brooks Lee to 2nd.","R","R","L","KC","MIN","B",,,3,0,2026,"0.83","1.47",0.5865480716653715,3.520867106342963,605137,668904,686797,1,7,"Top",,,,,,,-4.311969755201113,-132.45278345403054,-3.3885833655933246,10.727130668313189,31.532804839949932,-14.484933893676232,3.12960958,1.579429134,,,,"91.1",2224,"6.6",824136,521692,686469,663697,679845,686475,686555,664728,695506,"53.91",,0.704857,"0.7",1,0,0,,63,4,"4-Seam Fastball",12,1,1,12,2,12,2,12,"Standard","Standard",137,"-0.001","0.153",,,,"-0.153",,11,-11,0.997,0.0030000000000000027,29,27,30,27,1,3,2,2,3,1,"1.31","0.83","-0.83","45.6",,,,,
"FF","2026-04-01","92.9","2.66","6.06","Freeland, Kyle",672386,607536,,"called_strike",,,,,4,,"R","R","L","TOR","COL","S",,,0,0,2026,"0.59","1.52",-0.5541548521791866,2.245820631645695,,,672960,0,2,"Bot",,,,,,,-9.441742513045787,-134.80018005913277,-7.125496037796837,9.28462510247957,30.013239555003125,-12.199604236302234,3.010252625,1.519192913,,,,"92.9",2399,"6.5",822835,664954,681198,650489,691720,678662,687597,686668,687859,"53.98",,,,,,,,11,1,"4-Seam Fastball",0,0,0,0,0,0,0,0,"Standard","Standard",148,"-0.005","-0.043",,,,"0.043",,0,0,0.589,0.589,33,27,33,28,1,0,5,2,6,2,"1.14","0.59","-0.59","34.2",,,,,
"CU","2026-04-01","78.5","1.8","5.94","Kikuchi, Yusei",621020,579328,,"called_strike",,,,,7,,"R","R","L","CHC","LAA","S",,,0,0,2026,"-0.73","-0.86",-0.8258425239546894,1.9936919041279815,,,683737,0,2,"Bot",,,,,,,-4.254040710943383,-114.29876807808051,0.08127289714414676,-5.7208304538043135,19.033199278424824,-39.9692364618891,3.218249672,1.624163386,,,,"79.3",2692,"6.6",824698,518595,600869,672724,660162,687263,669326,545361,666176,"53.93",,,,,,,,12,1,"Curveball",0,0,0,0,0,0,0,0,"Standard","Standard",330,"-0.005","-0.043",,,,"0.043",,0,0,0.589,0.589,35,32,35,32,1,0,5,1,6,2,"4.52","-0.73","0.73","55.4",,,,,
"FF","2026-04-01","94.5","-1.5","5.84","Armstrong, Shawn",690976,542888,"strikeout","called_strike",,,,,9,"Alex Freeland challenged (pitch result), call on the field was confirmed: Alex Freeland called out on strikes.","R","L","R","LAD","CLE","S",2,,2,2,2026,"-0.52","1.22",0.5664058011475895,1.6539222076077928,606192,681624,,1,8,"Bot",,,,,,,6.543516259717581,-137.46290279152674,-7.843762049822059,-7.984894004385942,27.73225491938585,-15.164876046799101,3.184899934,1.607332677,,,,"95.7",2239,"6.8",823970,666310,656555,677587,608070,672356,680757,682177,682657,"53.72",,0,"0",1,0,0,,58,5,"4-Seam Fastball",0,4,0,4,4,0,0,4,"Infield shade","Standard",209,"-0.049","-0.317",,,,"0.317",,-4,-4,0.097,0.097,35,24,36,25,1,2,2,1,2,2,"1.32","0.52","-0.52","39.0",,,,,
"FC","2026-04-01","90.2","1.1","6.03","Cameron, Noah",670242,702070,"strikeout","called_strike",,,,,2,"Matt Wallner challenged (pitch result), call on the field was confirmed: Matt Wallner called out on strikes.","R","L","L","KC","MIN","S",2,,3,2,2026,"-0.25","0.97",0.15646909534802375,3.413811165901315,,,668885,2,1,"Top",,,,,,,-1.7730539834108432,-131.39514147194978,-2.5215175112078456,-2.58662874804447,26.629970948655878,-20.543574108896145,3.394652231,1.713188976,,,,"90.7",2378,"6.4",824136,521692,686469,663697,672580,677951,686555,664728,695506,"54.08",,0,"0",1,0,0,,4,6,"Cutter",0,0,0,0,0,0,0,0,"Infield shade","Standard",166,"0.025","-0.295",,,,"0.295",,0,0,0.523,0.477,26,28,27,29,1,0,,2,6,1,"1.81","-0.25","-0.25","49.4",,,,,
"FC","2026-04-01","97.6","0.06","6.36","Ashcraft, Graham",542303,668933,,"ball",,,,,13,,"R","R","R","CIN","PIT","B",,,1,1,2026,"-0.03","1.11",-0.4175480136120723,1.4891642062184627,,693304,,2,7,"Top",,,,,,,-1.1730942568566796,-141.94642365964341,-9.854583029434052,-0.15538362122992028,28.862562719888764,-15.290319530811955,3.255987533,1.643208661,,,,"96.8",2508,"5.6",824536,663886,701398,680574,663647,682829,670770,667472,668715,"54.87",,,,,,,,57,3,"Cutter",3,4,4,3,4,3,4,3,"Standard","Standard",196,"-0.003","0.02",,,,"-0.02",,-1,1,0.326,0.6739999999999999,28,35,28,36,1,3,2,1,2,2,"1.27","0.03","0.03","52.7",,,,,
"FF","2026-04-01","95","-3.09","5.94","Burrows, Mike",677800,681347,,"ball",,,,,13,,"R","L","R","HOU","BOS","B",,,2,1,2026,"-0.79","1.42",-1.045877354758046,2.203770340069344,,807799,575929,1,1,"Top",,,,,,,7.082199863041541,-137.841352585122,-7.03214592600879,-11.805557563801287,35.92731813621846,-12.65882338179554,3.117322835,1.573228347,,,,"94.3",2300,"6.5",824211,543877,572233,514888,670623,621043,694728,676694,701358,"54.04",,,,,,,,5,4,"4-Seam Fastball",0,1,1,0,1,0,1,0,"Infield shade","Standard",222,"-0.016","0.108",,,,"-0.108",,-1,1,0.363,0.637,26,27,27,27,1,0,5,1,6,2,"1.16","0.79","-0.79","34.6",,,,,
"SL","2026-04-01","86.6","-1.98","5.81","Harvey, Hunter",672724,640451,"strikeout","called_strike",,,,,8,"Oswald Peraza challenged (pitch result), call on the field was confirmed: Oswald Peraza called out on strikes.","R","R","R","CHC","LAA","S",2,,2,2,2026,"0.29","0.33",0.18204001062491798,1.642974784178778,,,,0,7,"Top",,,,,,,4.49775215837408,-126.1544841003979,-4.302702069475,2.326557360572034,21.445286762893108,-28.066054374142325,3.186655184,1.608218504,,,,"87.1",2260,"6.2",824698,608348,683737,663538,608324,621020,664023,691718,807713,"54.34",,0,"0",1,0,0,,54,7,"Slider",5,2,2,5,2,5,2,5,"Standard","Standard",141,"0.02","-0.232",,,,"0.232",,3,-3,0.897,0.10299999999999998,31,26,32,26,1,2,3,1,2,2,"2.66","-0.29","-0.29","43.9",,,,,
"FF","2026-04-01","99.3","0.84","5.84","Montgomery, Mason",668715,682254,,"called_strike",,,,,7,,"R","R","L","CIN","PIT","S",,,1,1,2026,"0.49","1.54",-0.6974721812535655,1.5695833915297612,,,,1,6,"Bot",,,,,,,-5.386145964369681,-144.23909919983453,-9.811301242369149,8.024685700618642,33.176523168395796,-8.563478887469635,3.096259843,1.562598425,,,,"100.7",2312,"7.1",824536,680779,687462,693304,694377,669707,668804,665833,663968,"53.39",,,,,,,,51,3,"4-Seam Fastball",3,4,3,4,4,3,3,4,"Standard","Standard",164,"-0.008","-0.064",,,,"0.064",,-1,-1,0.355,0.355,26,28,26,29,1,2,3,2,2,2,"0.78","0.49","-0.49","61.8",,,,,
"FF","2026-04-01","93.1","-2.23","5.38","Williams, Devin",695336,642207,,"called_strike",,,,,9,,"R","R","R","STL","NYM","S",,,2,1,2026,"-1.2","1.04",0.6440057984129626,1.7457464042018496,,,691026,1,9,"Bot",,,,,,,10.167922628520824,-134.99532492115483,-5.619909234167754,-17.073461135081835,34.503661789498594,-18.372394560813515,3.141018701,1.585187008,,,,"94.1",2312,"7.5",823078,682626,683146,543760,666182,596019,665742,673357,701807,"53.05",,,,,,,,67,4,"4-Seam Fastball",1,1,1,1,1,1,1,1,"Standard","Standard",229,"0.047","-0.075",,,,"0.075",,0,0,0.642,0.642,31,24,32,24,1,3,2,3,4,2,"1.65","1.2","1.2","25.1",,,,,
"FF","2026-04-01","99.3","-1.76","5.58","Vodnik, Victor",676391,680767,,"ball",,,,,12,,"R","R","R","TOR","COL","B",,,0,0,2026,"-0.6","1.28",0.8715594268243787,2.4391647727657344,,,662139,2,8,"Bot",,,,,,,8.572173505796108,-144.27843570863888,-6.070465881471442,-10.40767286015203,32.72837694838793,-12.967874617924629,3.191043307,1.610433071,,,,"99.6",2355,"6.5",822835,664954,687859,690022,650489,678662,664983,686668,687597,"54",,,,,,,,65,1,"4-Seam Fastball",1,1,1,1,1,1,1,1,"Infield shade","Standard",205,"0.004","0.035",,,,"-0.035",,0,0,0.55,0.55,26,30,27,30,1,3,3,1,3,2,"1.03","0.6","0.6","51.6",,,,,
"ST","2026-04-01","82.9","2.46","5.65","Soto, Gregory",663886,642397,,"ball",,,,,14,,"R","R","L","CIN","PIT","B",,,0,2,2026,"-0.98","0.01",0.6879876425475949,1.5426289634065986,,,,2,9,"Bot",,,,,,,-2.0447079510985886,-120.68062476059204,-2.6424496105529593,-9.102386211491327,24.873758333443995,-31.785938223606028,3.359547244,1.695472441,,,,"82.8",2662,"6.4",824536,680779,687462,693304,694377,669707,668804,665833,663968,"54.15",,,,,,,,76,3,"Sweeper",3,8,3,8,8,3,3,8,"Standard","Standard",281,"0","0.022",,,,"-0.022",,-5,-5,0.001,0.001,31,29,31,30,1,3,1,2,2,2,"3.32","-0.98","0.98","32.7",,,,,
"SL","2026-04-01","86.3","0.01","6.07","Thielbar, Caleb",687263,573204,"strikeout","called_strike",,,,,1,"Zach Neto challenged (pitch result), call on the field was confirmed: Zach Neto called out on strikes.","R","R","L","CHC","LAA","S",2,,2,2,2026,"-0.26","0.31",-0.7790067716639592,2.8541391424171096,,,,1,8,"Top",,,,,,,-1.3104204618551603,-125.72072045656499,-1.905758146166645,-2.53327307296097,23.96444721639365,-28.666403772773574,3.169980315,1.59980315,,,,"86.5",2460,"6.2",824698,608348,683737,663538,608324,621020,664023,691718,807713,"54.28",,0,"0",1,0,0,,64,5,"Slider",6,2,2,6,2,6,2,6,"Infield shade","Standard",230,"0.007","-0.228",,,,"0.228",,4,-4,0.978,0.02200000000000002,39,25,39,25,1,3,4,1,4,2,"2.72","-0.26","0.26","54.2",,,,,
"FF","2026-04-01","92","1.44","5.78","Falter, Bailey",605137,663559,,"ball",,,,,14,,"R","R","L","KC","MIN","B",,,0,0,2026,"0.56","1.63",0.13962264258417045,1.551584771687014,,670242,680777,0,9,"Top",,,,,,,-4.59505672421553,-133.6161963943393,-8.328964538436614,7.793147979282404,31.005455570340462,-11.03679479257306,3.334973753,1.683070866,,,,"93.4",2194,"7.4",824136,521692,686469,663697,679845,686475,686555,664728,695506,"53.13",,,,,,,,86,1,"4-Seam Fastball",13,6,6,13,6,13,6,13,"Standard","Standard",168,"-0.001","0.045",,,,"-0.045",,7,-7,0.993,0.007000000000000006,29,33,29,34,1,4,5,2,,1,"1.09","0.56","-0.56","57.5",,,,,
"FC","2026-04-01","94.1","-2.43","5.83","Severino, Luis",660670,622663,"walk","ball",,,,,14,"Ronald Acuña Jr. challenged (pitch result), call on the field was overturned: Ronald Acuña Jr. walks.","R","R","R","ATL","ATH","B",,,3,2,2026,"-0.04","0.74",0.8784547188536503,2.0399168915944315,,,,0,1,"Bot",,,,,,,8.628374098274705,-136.79569656342153,-5.5995777927431,-2.3136475964270624,29.09431819135512,-21.886012351820316,3.200697179,1.615305118,,,,"95",2336,"6.8",824940,642851,628451,687231,691777,805779,691016,672016,667670,"53.72",,0.704857,"0.7",1,0,0,,4,7,"Cutter",0,0,0,0,0,0,0,0,"Standard","Standard",202,"0.03","0.356",,,,"-0.356",,0,0,0.553,0.553,32,28,32,29,1,0,5,1,7,1,"1.84","0.04","0.04","40.8",,,,,
"SI","2026-04-01","95.1","3.16","5.75","Ferrer, José A.",669224,678606,,"called_strike",,,,,9,,"R","L","L","SEA","NYY","S",,,1,1,2026,"1.6","0.57",0.7693065284492966,1.5604584680183797,,,,1,7,"Top",,,,,,,-9.727563268628057,-138.10158637415242,-6.343523453912566,22.581527103765094,29.772894763311744,-23.62291828084524,3.254232283,1.642322835,,,,"94.5",2059,"6",823157,663728,647304,702284,680977,660844,668227,677594,670042,"54.54",,,,,,,,46,3,"Sinker",0,4,4,0,4,0,4,0,"Infield shade","Standard",112,"0.001","-0.064",,,,"0.064",,-4,4,0.064,0.9359999999999999,26,26,26,27,1,2,2,2,4,2,"1.95","1.6","1.6","35.1",,,,,
"SI","2026-04-01","94.2","-1.76","5.88","Lange, Alex",680777,656638,,"ball",,,,,14,,"R","R","R","KC","MIN","B",,,2,2,2026,"-1.15","0.76",0.8735500539061622,1.820390206373162,,,,0,8,"Top",,,,,,,9.366550201770234,-136.74317643245396,-6.29020358637731,-16.538644331942173,29.83264385362377,-21.451272139686502,3.284949147,1.657824803,,,,"94.3",2106,"6.5",824136,521692,686469,663697,679845,686475,686555,664728,695506,"54.04",,,,,,,,72,5,"Sinker",13,4,4,13,4,13,4,13,"Standard","Standard",222,"0","0.112",,,,"-0.112",,9,-9,0.999,0.0010000000000000009,30,29,31,29,1,3,5,2,3,2,"1.82","1.15","1.15","45.0",,,,,
"CU","2026-04-01","79.4","3.36","4.76","Bernardino, Brennan",660821,657514,,"ball",,,,,13,,"R","L","L","TOR","COL","B",,,0,2,2026,"-1.23","0",-0.22805173220454333,1.4858337681052665,,,,0,9,"Bot",,,,,,,-5.3015662200471345,-115.45774823457815,-0.11938059441995397,-9.802363479990502,23.988425636607417,-32.42833527400836,3.334973753,1.683070866,,,,"77.5",2387,"5.3",822835,664954,666397,690022,650489,678662,664983,686668,687859,"55.25",,,,,,,,69,3,"Curveball",1,1,1,1,1,1,1,1,"Standard","Standard",288,"0.006","0.024",,,,"-0.024",,0,0,0.616,0.616,34,28,34,29,1,3,1,1,3,2,"3.66","-1.23","-1.23","8.3",,,,,
"FF","2026-04-01","94","-2.35","6.05","Cruz, Fernando",647304,518585,,"ball",,,,,11,,"R","L","R","SEA","NYY","B",,,0,1,2026,"-0.42","1.42",-0.8579894755302305,3.249910861732906,,,,1,7,"Bot",,,,,,,4.795215496988717,-136.68556337418067,-4.514986361500858,-6.422273452502791,32.4446488057672,-13.623669033516281,3.110301837,1.569685039,,,,"94.3",2212,"6.7",823157,669224,502671,665862,641857,676609,641355,663757,592450,"53.81",,,,,,,,49,2,"4-Seam Fastball",0,4,0,4,4,0,0,4,"Infield shade","Standard",215,"0.001","0.029",,,,"-0.029",,-4,-4,0.051,0.051,36,29,36,29,1,2,2,1,3,2,"1.18","0.42","-0.42","44.2",,,,,
"FF","2026-04-01","93.8","-1.88","6.28","Mears, Nick",807712,683232,,"ball",,,,,12,,"R","R","R","KC","MIN","B",,,0,0,2026,"-0.5","1.72",1.073138183995963,3.096155381246399,,,,0,6,"Top",,,,,,,8.67888782720756,-136.2278195295551,-6.166552800534815,-8.132402829126585,30.49627223998273,-9.602652641545085,3.213861549,1.621948819,,,,"94",2329,"6.6",824136,521692,686469,663697,672580,677951,686555,664728,695506,"53.92",,,,,,,,45,1,"4-Seam Fastball",5,1,1,5,1,5,1,5,"Standard","Standard",210,"-0.003","0.041",,,,"-0.041",,4,-4,0.918,0.08199999999999996,29,23,30,24,1,2,2,2,3,1,"0.89","0.5","0.5","59.2",,,,,
"FF","2026-03-31","98","-1.73","5.86","Senga, Kodai",701675,673540,"strikeout","called_strike",,,,,7,"Nathan Church challenged (pitch result), call on the field was confirmed: Nathan Church called out on strikes.","R","L","R","STL","NYM","S",2,,0,2,2026,"-0.47","1.27",-0.6193435087861594,1.5966468893858576,,,,2,6,"Bot",,,,,,,4.086809415394919,-142.43031296009403,-8.801077335308086,-7.326968684876935,32.111346050855964,-13.124552058879635,3.112934711,1.57101378,,,,"98.4",2555,"6.5",823077,620443,676724,543760,666182,596019,665742,673357,701807,"53.95",,0,"0",1,0,0,,48,3,"4-Seam Fastball",2,0,2,0,0,2,2,0,"Standard","Standard",213,"-0.004","-0.16",,,,"0.16",,2,2,0.819,0.819,33,25,33,26,3,2,,1,5,1,"1.11","0.47","-0.47","51.7",,,,,
"SI","2026-03-31","94.1","-2.82","5.38","Pfaadt, Brandon",681481,694297,,"ball",,,,,13,,"R","L","R","AZ","DET","B",,,2,2,2026,"-1.39","0.66",-0.4953287422988222,1.5093576104559325,,,,1,6,"Top",,,,,,,9.124098071749057,-136.6519234754882,-5.615149084217289,-19.44378643176452,28.92106408957605,-22.8226058803015,3.234046916,1.632135827,,,,"94.5",2327,"6.6",825107,543510,467793,606466,699912,672695,691783,677950,682998,"53.95",,,,,,,,43,5,"Sinker",1,5,5,1,5,1,5,1,"Standard","Standard",232,"-0.002","0.104",,,,"-0.104",,-4,4,0.09,0.91,27,28,28,29,3,2,,1,5,1,"1.92","1.39","-1.39","25.8",,,,,
"ST","2026-03-31","83.1","-2.08","5.84","Ohtani, Shohei",672356,660271,,"called_strike",,,,,7,,"R","R","R","LAD","CLE","S",,,2,1,2026,"1.03","0.22",-0.5657842907568273,1.8921434235545056,,,,1,5,"Top",,,,,,,1.366290310603251,-120.98843541048068,-2.78779287142342,9.8486169685295,24.27267042801265,-29.695191833093368,3.241945538,1.636122047,,,,"83.5",2609,"6.6",823969,669257,518692,690976,571970,605141,606192,681624,663656,"53.92",,,,,,,,35,4,"Sweeper",1,0,0,1,0,1,0,1,"Standard","Standard",60,"0.007","-0.07",,,,"0.07",,1,-1,0.666,0.33399999999999996,31,26,32,26,2,1,,1,8,1,"3.09","-1.03","-1.03","37.7",,,,,
"CH","2026-03-31","84.4","-0.91","6","Gilbert, Logan",665862,669302,"strikeout","called_strike",,,,,7,"Jazz Chisholm Jr. challenged (pitch result), call on the field was confirmed: Jazz Chisholm Jr. called out on strikes.","R","L","R","SEA","NYY","S",2,,1,2,2026,"-1.25","0.2",-0.5833669691318781,1.5944646723741234,,,,2,4,"Top",,,,,,,3.3555403351024555,-122.85915424516995,-4.114615188088624,-13.324934153539175,24.759799557114103,-29.49261667436786,3.15593832,1.592716535,,,,"86.2",1415,"7.5",823158,663728,647304,702284,680977,660844,668227,677594,645302,"53.03",,0,"0",1,0,0,,26,4,"Changeup",0,2,2,0,2,0,2,0,"Infield shade","Standard",242,"0.006","-0.182",,,,"0.182",,-2,2,0.305,0.6950000000000001,29,28,29,28,2,1,5,1,6,1,"3","1.25","-1.25","38.1",,,,,
"FF","2026-03-31","98.4","-1.86","5.88","Senga, Kodai",671056,673540,,"ball",,,,,12,,"R","R","R","STL","NYM","B",,,2,0,2026,"-0.28","1.52",0.6503649792738526,3.4155031527275304,,,,2,5,"Bot",,,,,,,7.414609741861428,-143.08254731344343,-4.605716749595614,-5.684224732802394,35.129146666145076,-10.4795229813963,3.173490814,1.601574803,,,,"98.4",2459,"6.4",823077,620443,676724,543760,666182,596019,665742,673357,701807,"54.05",,,,,,,,39,3,"4-Seam Fastball",2,0,2,0,0,2,2,0,"Strategic","Strategic",212,"0.003","0.121",,,,"-0.121",,2,2,0.788,0.788,33,26,33,26,3,2,,1,5,1,"0.85","0.28","0.28","51.2",,,,,
"FF","2026-03-31","98.6","-1.91","5.83","Senga, Kodai",671056,673540,,"ball",,,,,12,,"R","R","R","STL","NYM","B",,,0,0,2026,"-0.34","1.54",0.9452382613351407,2.661725046181428,,,,2,5,"Bot",,,,,,,8.49543975387982,-143.1912683269978,-6.563189221239787,-6.782622468678556,34.693619684448095,-9.592542059708961,3.173490814,1.601574803,,,,"98.5",2468,"6.5",823077,620443,676724,543760,666182,596019,665742,673357,701807,"54.02",,,,,,,,39,1,"4-Seam Fastball",2,0,2,0,0,2,2,0,"Strategic","Strategic",215,"0.001","0.037",,,,"-0.037",,2,2,0.786,0.786,33,26,33,26,3,2,,1,5,1,"0.82","0.34","0.34","48.2",,,,,
"SL","2026-03-31","86.7","-0.66","5.68","Junk, Janson",669720,676083,,"ball",,,,,14,,"R","R","R","MIA","CWS","B",,,1,0,2026,"0.17","0.26",0.612729356918044,1.2252655831679666,,,,0,4,"Top",,,,,,,2.6600468676999176,-126.15526413901348,-4.725835775144474,1.2866770546683717,27.181313484132875,-28.574235101214033,3.141896326,1.585629921,,,,"86.9",2367,"6.6",823888,682663,689414,669364,688363,672640,681715,805300,665052,"53.94",,,,,,,,25,2,"Slider",0,2,2,0,2,0,2,0,"Infield shade","Standard",152,"-0.005","0.077",,,,"-0.077",,-2,2,0.268,0.732,30,30,30,31,2,1,,1,6,3,"2.78","-0.17","-0.17","54.3",,,,,
"SI","2026-03-31","91.5","-0.78","6.02","Littell, Zack",656941,641793,,"ball",,,,,13,,"R","L","R","PHI","WSH","B",,,0,1,2026,"-1.52","0.83",-0.9669582069685867,2.0253532529252727,,702222,607208,1,5,"Bot",,,,,,,2.875472765093035,-133.1892388671479,-5.789463137350367,-18.6758081990247,29.26507684067796,-21.238861695715705,3.180511811,1.60511811,,,,"91.7",1983,"6.4",823485,660688,671277,683083,678391,682928,695734,686894,695578,"54.07",,,,,,,,39,2,"Sinker",2,0,2,0,0,2,2,0,"Standard","Standard",222,"0.003","0.018",,,,"-0.018",,2,2,0.832,0.832,30,33,31,33,2,2,,1,6,1,"1.89","1.52","-1.52","35.4",,,,,
"FF","2026-03-31","93","-1.52","5.95","Woodruff, Brandon",641584,605540,,"ball",,,,,11,,"R","L","R","MIL","TB","B",,,1,0,2026,"-0.41","1.58",-1.0691211365201085,2.668993701281688,,,691406,0,4,"Top",,,,,,,2.046069479714417,-135.26471065815852,-5.929627344160869,-5.440514975502202,31.16347378707783,-11.757738900428153,3.169980315,1.59980315,,,,"93",2362,"6.5",823807,661388,641343,668930,650859,687401,592885,663604,686217,"54.03",,,,,,,,23,2,"4-Seam Fastball",0,1,1,0,1,0,1,0,"Infield shade","Standard",197,"-0.011","0.062",,,,"-0.062",,-1,1,0.336,0.6639999999999999,33,31,33,31,2,1,,3,6,1,"1.07","0.41","-0.41","46.8",,,,,
"FC","2026-03-31","90.4","-0.97","6.16","Gilbert, Logan",663757,669302,,"ball",,,,,12,,"R","L","R","SEA","NYY","B",,,0,0,2026,"0.37","0.95",0.17068479109519824,3.5673679125103863,,,,0,3,"Top",,,,,,,2.0371152659679237,-131.69569701606713,-2.4771403482374073,3.9614800023814256,26.276269676697268,-20.767097572463488,3.138385827,1.583858268,,,,"92.4",2425,"7.3",823158,663728,647304,702284,680977,660844,668227,677594,645302,"53.19",,,,,,,,17,1,"Cutter",0,2,2,0,2,0,2,0,"Standard","Standard",165,"-0.003","0.041",,,,"-0.041",,-2,2,0.288,0.712,29,29,29,30,2,1,5,1,6,1,"1.82","-0.37","0.37","45.9",,,,,
"FS","2026-03-31","88.9","-2.1","6.55","Painter, Andrew",671277,691725,"strikeout","called_strike",,,,,9,"Luis García Jr. challenged (pitch result), call on the field was confirmed: Luis García Jr. called out on strikes.","R","L","R","PHI","WSH","S",2,,1,2,2026,"-1.22","0.37",0.3129219752683359,1.5500264417162946,,,,2,3,"Top",,,,,,,8.485065486616685,-129.05998733512502,-6.7596266340521725,-15.40579527310365,26.45111225779608,-26.781362880333514,3.248088911,1.639222441,,,,"89.3",1666,"6.7",823485,592663,547180,681082,664761,607208,669016,702222,666969,"53.84",,0,"0",1,0,0,,19,4,"Split-Finger",0,0,0,0,0,0,0,0,"Standard","Standard",213,"0.008","-0.182",,,,"0.182",,0,0,0.547,0.45299999999999996,23,26,23,26,2,1,,1,6,1,"2.52","1.22","-1.22","46.5",,,,,
"SI","2026-03-31","96","-2.13","6.01","Brown, Hunter",678882,686613,,"called_strike",,,,,7,,"R","R","R","HOU","BOS","S",,,0,0,2026,"-1.33","0.84",-0.7667261035731461,1.682138814816223,,,,1,3,"Top",,,,,,,6.705483776806659,-139.2771022482467,-7.4822680672329165,-18.905598706023437,37.30655415726303,-19.585632677412217,3.110301837,1.569685039,,,,"96",2230,"6.9",824212,673237,572233,514888,621043,665161,694388,676694,701358,"53.61",,,,,,,,18,1,"Sinker",1,0,0,1,0,1,0,1,"Standard","Standard",213,"0.003","-0.039",,,,"0.039",,1,-1,0.638,0.362,27,25,28,26,1,0,5,1,,1,"1.69","1.33","1.33","51.2",,,,,
"SI","2026-03-31","89.3","1.27","5.55","Pérez, Martín",667670,527048,,"ball",,,,,13,,"R","R","L","ATL","ATH","B",,,0,0,2026,"1.47","0.57",-0.3171178719257961,1.5627333214868633,,,,0,8,"Top",,,,,,,-6.989552381266362,-129.92966825706006,-4.807876524130249,18.1469291766806,26.055725247995134,-24.95799875166494,3.363935368,1.697687008,,,,"89.3",1972,"6.2",824942,686948,621566,645277,663586,643289,573262,671739,660670,"54.28",,,,,,,,61,1,"Sinker",2,5,5,2,5,2,5,2,"Standard","Standard",129,"-0.001","0.041",,,,"-0.041",,-3,3,0.072,0.928,35,31,35,32,1,3,,1,5,1,"2.28","1.47","-1.47","42.1",,,,,
"CU","2026-03-31","81.8","-2.1","6.38","Brubaker, JT",593428,664141,"strikeout","called_strike",,,,,2,"Xander Bogaerts challenged (pitch result), call on the field was confirmed: Xander Bogaerts called out on strikes.","R","R","R","SD","SF","S",2,,1,2,2026,"1.28","-0.54",-0.10769156724366957,3.2269797548543373,,,,2,8,"Bot",,,,,,,1.886501142917352,-119.12585284423112,0.7356547516037335,11.753109730502004,24.69532477002437,-37.685535731635625,3.284949147,1.657824803,,,,"80.5",2796,"5.5",823322,672275,669477,650333,656305,642715,671218,664056,808982,"54.98",,0,"0",1,0,0,,71,4,"Curveball",3,8,3,8,8,3,3,8,"Strategic","Standard",30,"-0.001","-0.182",,,,"0.182",,-5,-5,0.007,0.007,32,33,33,34,1,3,3,1,3,1,"3.96","-1.28","-1.28","52.7",,,,,
"FF","2026-03-31","94.3","-0.56","5.82","Hoffmann, Andrew",650402,694851,,"ball",,,,,14,,"R","R","R","AZ","DET","B",,,2,2,2026,"-0.6","1.12",0.8780599323575831,1.7181294903985609,,,,2,8,"Top",,,,,,,5.122451131910815,-137.05964778808024,-7.290002608986727,-8.785031808427936,32.16013772103298,-16.58744109945575,3.12960958,1.579429134,,,,"95",2333,"6.9",825107,543510,467793,606466,699912,672695,691783,677950,682998,"53.61",,,,,,,,56,5,"4-Seam Fastball",1,5,5,1,5,1,5,1,"Standard","Standard",209,"0","0.104",,,,"-0.104",,-4,4,0.042,0.958,26,29,26,30,1,3,5,1,2,1,"1.46","0.6","0.6","51.4",,,,,
"FF","2026-03-31","92.2","-1.42","5.98","Woodruff, Brandon",802415,605540,,"called_strike",,,,,7,,"R","L","R","MIL","TB","S",,,2,1,2026,"-0.42","1.54",-0.7646954766740095,1.5783385414335445,,,,0,3,"Top",,,,,,,2.5725232719629187,-134.08787487817673,-8.491971529304163,-5.658678092412389,30.18255568313709,-11.94198301042746,3.177878937,1.60378937,,,,"91.9",2324,"6.3",823807,661388,641343,668930,650859,687401,592885,663604,686217,"54.24",,,,,,,,15,4,"4-Seam Fastball",0,1,1,0,1,0,1,0,"Standard","Standard",204,"0.006","-0.073",,,,"0.073",,-1,1,0.385,0.615,33,25,33,26,1,0,,1,6,1,"1.15","0.42","-0.42","42.7",,,,,
"SI","2026-03-31","94.6","-2.02","5.79","Vest, Will",672515,676684,,"called_strike",,,,,7,,"R","R","R","AZ","DET","S",,,2,0,2026,"-1.15","0.9",-0.7122808084383934,1.7642362227330803,606466,682998,672695,0,8,"Bot",,,,,,,5.9919702414761264,-137.59084337321823,-6.670242157214176,-15.973817240567538,29.23670682673412,-19.403804178031752,3.071686352,1.55019685,,,,"94.9",2136,"6.4",825107,668670,679529,650402,656716,805808,682985,678009,663837,"54.1",,,,,,,,63,3,"Sinker",3,5,3,5,5,3,3,5,"Standard","Standard",212,"-0.037","-0.045",,,,"0.045",,-2,-2,0.575,0.575,31,26,31,26,1,3,3,1,3,1,"1.64","1.15","1.15","52.8",,,,,
"FC","2026-03-31","91.4","-1.93","5.45","Gómez, Yoendrys",669003,672782,"strikeout","called_strike",,,,,8,"Garrett Mitchell challenged (pitch result), call on the field was confirmed: Garrett Mitchell called out on strikes.","R","L","R","MIL","TB","S",2,,3,2,2026,"0","1.06",-0.18864882165344649,1.640911633974441,,668930,592885,2,7,"Bot",,,,,,,4.390164482690317,-133.02068243042265,-5.900973396122817,-0.9645768854951364,27.545886507339457,-18.49988634508514,3.292847769,1.661811024,,,,"92.4",2413,"6.8",823807,663743,666018,810938,691406,700246,802415,656775,641584,"53.72",,0,"0",1,0,0,,59,6,"Cutter",5,2,5,2,2,5,5,2,"Standard","Standard",207,"-0.013","-0.282",,,,"0.282",,3,3,0.941,0.941,26,27,27,28,1,0,5,1,3,1,"1.66","0","0","31.5",,,,,
"FF","2026-03-31","93.1","0.73","6.63","Fisher, Braydon",696100,680755,,"called_strike",,,,,8,,"R","R","R","TOR","COL","S",,,1,0,2026,"-0.4","1.49",-0.008692355688658504,1.687125371543328,,664983,,2,8,"Top",,,,,,,-0.9468051388994503,-135.2532816784054,-9.77872513237904,-4.754400608596413,29.34583550183761,-11.987365859800702,3.178756562,1.604232283,,,,"91.5",2164,"5.4",822836,623168,665489,676391,672960,665926,664702,662139,664770,"55.1",,,,,,,,64,2,"4-Seam Fastball",5,1,1,5,1,5,1,5,"Standard","Standard",206,"0.002","-0.044",,,,"0.044",,4,-4,0.976,0.02400000000000002,25,26,26,27,1,3,2,1,3,1,"1.15","0.4","0.4","51.5",,,,,
"SI","2026-03-31","95.3","-2.05","5.81","Vest, Will",672515,676684,,"ball",,,,,12,,"R","R","R","AZ","DET","B",,,1,0,2026,"-1.02","1",0.028867661681102996,3.3667721259278602,606466,682998,672695,0,8,"Bot",,,,,,,7.728483945310508,-138.65258115726226,-2.8974315656478704,-14.905764679257956,29.629307623395633,-18.85911982928525,3.071686352,1.55019685,,,,"95.6",2233,"6.3",825107,668670,679529,650402,656716,805808,682985,678009,663837,"54.16",,,,,,,,63,2,"Sinker",3,5,3,5,5,3,3,5,"Standard","Standard",211,"0.037","0.047",,,,"-0.047",,-2,-2,0.538,0.538,31,26,31,26,1,3,3,1,3,1,"1.51","1.02","1.02","51.9",,,,,
"FF","2026-03-31","97.5","-0.93","5.85","Nunez, Anthony",669701,689296,,"called_strike",,,,,8,,"R","L","R","BAL","TEX","S",,,0,0,2026,"-0.51","1.52",0.013374481143189287,1.5801232190686632,,,,2,9,"Top",,,,,,,3.687912563202234,-141.6425285115444,-9.26256159176527,-7.661495885989451,33.23772275979078,-9.779458774552657,3.068175853,1.548425197,,,,"97.6",2592,"6.5",824861,668939,624413,669236,677942,683002,621493,681297,641933,"54.03",,,,,,,,74,1,"4-Seam Fastball",3,8,8,3,8,3,8,3,"Standard","Standard",205,"0","-0.043",,,,"0.043",,-5,5,0.008,0.992,24,28,25,29,1,4,3,1,4,1,"0.89","0.51","-0.51","43.5",,,,,
"ST","2026-03-31","82.9","-3.76","4.57","Sewald, Paul",656716,623149,"strikeout","called_strike",,,,,9,"Zach McKinstry challenged (pitch result), call on the field was confirmed: Zach McKinstry called out on strikes.","R","L","R","AZ","DET","S",2,,1,2,2026,"1.19","0.45",0.48918119558175877,1.6784606525517525,,,,2,9,"Top",,,,,,,7.196431367469593,-120.42274150837308,-0.7207515869255345,9.89386437500573,26.688075712103128,-27.901312649902835,3.169980315,1.59980315,,,,"82.4",2456,"6.4",825107,543510,467793,606466,699912,672695,691783,677950,682998,"54.1",,0,"0",1,0,0,,69,5,"Sweeper",7,5,5,7,5,7,5,7,"Standard","Standard",76,"0.008","-0.182",,,,"0.182",,2,-2,0.992,0.008000000000000007,36,31,36,31,1,3,1,3,3,3,"2.91","-1.19","1.19","22.1",,,,,
"SL","2026-03-31","86.5","-1.3","5.65","Hill, Jaden",672960,677955,"strikeout","called_strike",,,,,8,"Kazuma Okamoto challenged (pitch result), call on the field was confirmed: Kazuma Okamoto called out on strikes.","R","R","R","TOR","COL","S",2,,1,2,2026,"0.24","-0.35",0.02029405133424289,1.6213530197478208,543807,660821,665489,1,5,"Bot",,,,,,,2.603581429581092,-126.03603375284673,-2.4305650040635167,2.022323447390799,25.57973296612829,-35.662513766563464,3.255987533,1.643208661,,,,"86",2445,"5.9",822836,696100,650489,690022,691720,678662,664983,686668,687859,"54.61",,0,"0",1,0,0,,40,4,"Slider",2,0,2,0,0,2,2,0,"Standard","Standard",71,"-0.032","-0.223",,,,"0.223",,2,2,0.858,0.858,26,30,27,30,1,2,1,1,4,1,"3.39","-0.24","-0.24","26.4",,,,,
"FF","2026-03-31","98.7","-1.01","5.81","Chandler, Bubba",701398,696149,,"called_strike",,,,,3,,"R","R","R","CIN","PIT","S",,,0,0,2026,"-0.45","1.47",0.2866870093809069,3.2590705139965794,,,,0,2,"Bot",,,,,,,4.584364008635001,-143.62677559222644,-4.795329513700517,-7.281939036049257,34.71028152498761,-11.000160899419582,3.239312664,1.634793307,,,,"99.5",2581,"6.9",824537,663698,656811,664040,694377,693304,668804,665833,663968,"53.64",,,,,,,,17,1,"4-Seam Fastball",0,5,0,5,5,0,0,5,"Standard","Standard",207,"-0.002","-0.039",,,,"0.039",,-5,-5,0.125,0.125,23,22,24,23,1,0,,1,6,1,"0.88","0.45","0.45","47.2",,,,,
"FF","2026-03-31","95.7","3.46","5.26","Barco, Hunter",667472,682995,"strikeout","called_strike",,,,,8,"Dane Myers challenged (pitch result), call on the field was confirmed: Dane Myers called out on strikes.","R","R","L","CIN","PIT","S",2,,3,2,2026,"1.32","0.87",-0.21824331834743682,1.832514097761714,,,,2,6,"Bot",,,,,,,-12.546269110418251,-138.68324440593162,-5.141071619559896,19.925822745136387,32.35371762878316,-19.90249041441791,3.213861549,1.621948819,,,,"95",2436,"6.2",824537,663698,656811,664040,694377,693304,668804,665833,663968,"54.27",,0,"0",1,0,0,,50,6,"4-Seam Fastball",1,6,1,6,6,1,1,6,"Standard","Standard",124,"-0.005","-0.328",,,,"0.328",,-5,-5,0.037,0.037,25,30,26,30,1,0,3,2,4,1,"1.65","1.32","-1.32","21.4",,,,,
"CH","2026-03-31","86.3","-1.8","5.75","Junis, Jakob",683002,596001,,"ball",,,,,13,,"R","L","R","BAL","TEX","B",,,0,0,2026,"-1.22","0.07",-0.12647695515524693,1.5236043100594037,,,621493,2,7,"Bot",,,,,,,6.432482415589372,-125.454192945281,-3.666468629402803,-14.18763811710163,27.34947053692576,-30.845200183428467,3.328830381,1.679970472,,,,"85.7",1176,"6.1",824861,643376,669394,669701,677649,608369,694671,694497,607043,"54.38",,,,,,,,64,1,"Changeup",3,7,3,7,7,3,3,7,"Infield shade","Standard",236,"0.002","0.035",,,,"-0.035",,-4,-4,0.05,0.05,33,25,34,25,1,3,1,1,3,1,"3.02","1.22","-1.22","32.4",,,,,
"FC","2026-03-31","89.9","2.79","5.73","Koenig, Jared",641584,657649,,"ball",,,,,13,,"R","L","L","MIL","TB","B",,,1,1,2026,"-0.24","0.74",-0.8369698645506272,2.023024365318707,,,,2,6,"Top",,,,,,,-8.351865579004562,-130.82624615228264,-4.653664769383305,-1.1744629611036868,24.36524681380829,-22.900066596946246,3.169980315,1.59980315,,,,"90.2",2584,"6.2",823807,661388,641343,668930,650859,687401,592885,663604,686217,"54.32",,,,,,,,42,3,"Cutter",3,2,2,3,2,3,2,3,"Standard","Standard",185,"-0.003","0.053",,,,"-0.053",,1,-1,0.724,0.276,32,31,32,31,1,2,2,3,4,1,"2.05","-0.24","-0.24","31.0",,,,,
"CU","2026-03-31","81.9","0.49","6.49","Fisher, Braydon",691720,680755,,"ball",,,,,13,,"R","R","R","TOR","COL","B",,,2,1,2026,"0.14","-0.88",-0.6331162980924918,1.4060451606944846,,,,0,8,"Top",,,,,,,-2.731476356996413,-119.17929058296785,-2.8331458151572013,1.8648974558387155,24.948531376458458,-40.18600699914475,3.431512467,1.731791339,,,,"80.3",2396,"5.4",822836,623168,665489,676391,672960,665926,664702,662139,664770,"55.09",,,,,,,,61,4,"Curveball",5,1,1,5,1,5,1,5,"Standard","Standard",14,"-0.007","0.134",,,,"-0.134",,4,-4,0.961,0.039000000000000035,25,23,26,24,1,2,2,1,3,1,"4.31","-0.14","-0.14","52.7",,,,,
"CU","2026-03-31","82","-2.7","5.73","Pfaadt, Brandon",805808,694297,,"ball",,,,,13,,"R","L","R","AZ","DET","B",,,0,0,2026,"1.08","-0.95",-0.1967232479349923,1.0693651744912804,,,,1,1,"Top",,,,,,,3.4564720413930177,-119.29189211272434,-1.7691216991955603,9.45064063565676,26.39427439651666,-40.9660661223889,3.085728346,1.557283465,,,,"81.6",2557,"6.4",825107,543510,467793,606466,699912,672695,691783,677950,682998,"54.11",,,,,,,,2,1,"Curveball",0,0,0,0,0,0,0,0,"Infield shade","Standard",48,"-0.002","0.039",,,,"-0.039",,0,0,0.522,0.478,27,21,28,22,1,0,,1,5,1,"4.38","-1.08","1.08","33.5",,,,,
"FF","2026-03-31","93.6","1.81","6.28","Headrick, Brent",660844,687396,,"called_strike",,,,,9,,"R","R","L","SEA","NYY","S",,,1,1,2026,"0.79","1.75",0.35179306565824686,1.5272346672211923,,,,0,8,"Bot",,,,,,,-5.55819638433529,-135.78489251264503,-10.253701977654465,10.961986711989729,30.77582996935351,-8.476263695132282,3.006742126,1.51742126,,,,"94.6",2410,"7.1",823158,641555,700250,665862,641857,676609,641355,663757,592450,"53.41",,,,,,,,60,3,"4-Seam Fastball",0,5,0,5,5,0,0,5,"Standard","Standard",148,"-0.003","-0.061",,,,"0.061",,-5,-5,0.022,0.022,28,28,29,29,1,2,1,1,3,1,"0.88","0.79","-0.79","38.9",,,,,
"CU","2026-03-31","85.8","-1.22","6.4","Johnson, Pierce",693304,572955,,"called_strike",,,,,2,,"R","R","R","CIN","PIT","S",,,0,0,2026,"0.41","-0.41",0.1743600786480437,3.010965673894069,,,,0,9,"Top",,,,,,,2.382666388482644,-125.10066043512929,-0.8018025799677755,3.8669205494046555,23.016943923954152,-36.538960276165284,3.05062336,1.539566929,,,,"84.8",2752,"5.4",824537,663886,701398,680574,663647,682829,670770,667472,682622,"55.14",,,,,,,,68,1,"Curveball",3,6,6,3,6,3,6,3,"Standard","Standard",51,"0.001","-0.039",,,,"0.039",,-3,3,0.034,0.966,35,27,35,27,1,3,2,1,5,1,"3.47","-0.41","-0.41","43.8",,,,,
"FF","2026-03-30","92.2","-0.79","6.42","Woods Richardson, Simeon",672580,680573,,"ball",,,,,13,,"R","R","R","KC","MIN","B",,,2,1,2026,"-0.51","1.55",-0.7594750446219998,1.502443952495419,,,,1,5,"Bot",,,,,,,1.2124239254790312,-133.90435320270794,-9.844519011843028,-6.380144191972862,31.01083069333659,-11.596014674863973,3.262130906,1.646309055,,,,"92.7",1991,"6.9",824135,680777,605170,807712,668904,686797,668885,621439,670242,"53.65",,,,,,,,37,4,"4-Seam Fastball",2,1,2,1,1,2,2,1,"Standard","Standard",197,"0.007","0.121",,,,"-0.121",,1,1,0.689,0.689,25,26,26,26,3,2,,1,6,2,"1.16","0.51","0.51","50.2",,,,,
"SI","2026-03-30","92.4","-2.06","5.98","Paddack, Chris",808959,663978,,"ball",,,,,12,,"R","L","R","MIA","CWS","B",,,1,1,2026,"-1.2","1.31",0.4677809413760692,3.478757313530961,,,,1,4,"Top",,,,,,,9.058257621295787,-134.16566257975242,-3.2291291095159567,-16.464533207255222,30.821738773819877,-15.927795507517686,3.296358268,1.663582677,,,,"92.7",2034,"6.7",823890,689414,681393,669364,688363,672640,665052,805300,683357,"53.75",,,,,,,,30,3,"Sinker",0,8,8,0,8,0,8,0,"Strategic","Standard",214,"0","0.055",,,,"-0.055",,-8,8,0.019,0.981,30,26,30,26,3,2,,1,6,1,"1.39","1.2","-1.2","44.5",,,,,
"FF","2026-03-30","98.2","-1.07","5.53","Leiter, Jack",681297,683004,,"ball",,,,,14,,"R","L","R","BAL","TEX","B",,,0,2,2026,"-0.61","1.32",0.28674815508529294,1.4902211415861482,,,,1,5,"Bot",,,,,,,5.094372072154806,-142.83422904605766,-8.41196733631357,-9.491812996908116,32.32456508197801,-12.373136837966928,3.328830381,1.679970472,,,,"99",2430,"6.7",824863,543309,669394,669701,673962,608369,694671,694497,607043,"53.78",,,,,,,,44,5,"4-Seam Fastball",1,4,1,4,4,1,1,4,"Infield shade","Standard",208,"0.002","0.017",,,,"-0.017",,-3,-3,0.158,0.158,26,26,26,26,2,1,,2,6,1,"1.04","0.61","-0.61","44.1",,,,,
"SL","2026-03-30","84.5","-2.26","5.15","Castillo, Luis",665862,622491,,"ball",,,,,14,,"R","L","R","SEA","NYY","B",,,0,0,2026,"0.22","-0.04",0.17624259933082884,1.369054958106691,,,,2,4,"Top",,,,,,,5.040298451919125,-123.02026818235699,-2.127963073749532,1.257509447643466,24.770422116502345,-32.367722878669525,3.15593832,1.592716535,,,,"82.8",2301,"5.1",823159,641598,647304,702284,680977,660844,668227,677594,645302,"55.36",,,,,,,,28,1,"Slider",1,0,0,1,0,1,0,1,"Standard","Standard",38,"-0.002","0.037",,,,"-0.037",,1,-1,0.672,0.32799999999999996,33,28,34,28,2,1,,2,6,1,"3.23","-0.22","0.22","17.5",,,,,
"SL","2026-03-30","85.1","-2.12","5.14","Castillo, Luis",519317,622491,,"ball",,,,,13,,"R","R","R","SEA","NYY","B",,,1,2,2026,"0.26","0.05",-0.24605120587114723,1.6063662150355658,,,,1,4,"Top",,,,,,,3.7376019797192206,-124.1213141659505,-1.9896857376270032,2.0779645881206354,20.869941534034112,-31.476020631890258,3.431512467,1.731791339,,,,"84.1",2303,"5.1",823159,641598,647304,702284,680977,660844,668227,677594,645302,"55.38",,,,,,,,27,5,"Slider",1,0,0,1,0,1,0,1,"Standard","Standard",63,"-0.003","0.048",,,,"-0.048",,1,-1,0.658,0.34199999999999997,33,36,34,37,2,1,,2,6,1,"3.04","-0.26","-0.26","19.5",,,,,
"SL","2026-03-30","84","-2.34","5.17","Castillo, Luis",700250,622491,,"ball",,,,,14,,"R","L","R","SEA","NYY","B",,,1,1,2026,"0.05","0.2",0.3075306948523343,1.4102112966050155,,,,0,4,"Top",,,,,,,5.814051307746218,-122.19345354605254,-2.4209659844756395,-0.7186803130389812,24.871549952693364,-29.926192422673427,3.280561024,1.655610236,,,,"81.9",2342,"5",823159,641598,647304,702284,680977,660844,668227,677594,645302,"55.5",,,,,,,,26,3,"Slider",1,0,0,1,0,1,0,1,"Standard","Standard",69,"-0.006","0.055",,,,"-0.055",,1,-1,0.624,0.376,33,27,34,27,2,1,,2,6,1,"3.04","-0.05","0.05","18.5",,,,,
"SI","2026-03-30","91.8","-1.59","5.15","Roupp, Landen",592518,694738,,"ball",,,,,13,,"R","R","R","SD","SF","B",,,1,0,2026,"-1.47","0.18",-1.0289004802980506,2.4757856391519746,,,665487,0,4,"Bot",,,,,,,4.654836770433651,-133.60832525950144,-1.1076502557815906,-18.659182257340056,29.27427620392958,-30.04614333659006,3.313910761,1.672440945,,,,"91.9",1939,"6.4",823320,672275,669477,650333,656305,642715,671218,664056,808982,"54.12",,,,,,,,31,2,"Sinker",0,3,0,3,3,0,0,3,"Standard","Standard",243,"0.013","0.062",,,,"-0.062",,-3,-3,0.266,0.266,27,33,28,34,2,1,,2,5,1,"2.53","1.47","1.47","23.8",,,,,
"SL","2026-03-30","84.6","-2.83","5.57","Lord, Brad",666969,695418,,"called_strike",,,,,7,,"R","R","R","PHI","WSH","S",,,0,0,2026,"0.23","-0.38",-0.3813216459131506,1.6000449969616692,,664761,,0,8,"Bot",,,,,,,5.092756400483458,-123.10888711647955,-1.882863572584062,1.2953239728448016,24.91721073199857,-35.844162336247514,3.216494423,1.623277559,,,,"83.3",2632,"5.5",823484,686452,671277,678391,691781,682928,695734,686894,695578,"55.01",,,,,,,,74,1,"Slider",2,9,2,9,9,2,2,9,"Standard","Standard",38,"-0.001","-0.043",,,,"0.043",,-7,-7,0.011,0.011,26,33,26,33,2,3,4,1,5,1,"3.57","-0.23","-0.23","19.4",,,,,
"FF","2026-03-30","95.7","-2.04","5.29","Castillo, Luis",676609,622491,"walk","ball",,,,,13,"José Caballero challenged (pitch result), call on the field was overturned: José Caballero walks.","R","R","R","SEA","NYY","B",,,3,2,2026,"-1","1.21",-0.18405448826009407,1.33606849851237,,,,1,3,"Top",,,,,,,6.997525174898196,-139.06797718732878,-7.182036811248293,-14.629841974158106,33.430354737338384,-15.062551586104679,3.083095472,1.555954724,,,,"93.6",2340,"5.3",823159,641598,647304,702284,680977,660844,668227,677594,645302,"55.2",,0.704857,"0.7",1,0,0,,19,6,"4-Seam Fastball",1,0,0,1,0,1,0,1,"Standard","Standard",228,"-0.025","0.339",,,,"-0.339",,1,-1,0.634,0.366,33,29,34,30,1,0,,2,6,1,"1.3","1","1","20.5",,,,,
"SL","2026-03-30","87.2","-0.83","5.48","Buehler, Walker",642715,621111,"strikeout","called_strike",,,,,8,"Willy Adames challenged (pitch result), call on the field was confirmed: Willy Adames called out on strikes. Casey Schmitt steals (1) 2nd base.","R","R","R","SD","SF","S",2,,3,2,2026,"0.8","0.37",0.2524300611315159,1.799138828554646,,,669477,1,3,"Top",,,,,,,0.8992287032109011,-127.03758516935129,-3.3197929971953584,8.577247651029236,23.97371933418975,-27.71136616774301,3.22351542,1.626820866,,,,"88.2",2602,"6.7",823320,669134,657757,630105,592518,593428,657656,701538,665487,"53.82",,0,"0",1,0,0,,17,6,"Slider",0,1,1,0,1,0,1,0,"Standard","Standard",136,"0.022","-0.32",,,,"0.32",,-1,1,0.381,0.619,31,30,32,31,2,1,,2,6,1,"2.6","-0.8","-0.8","46.9",,,,,
"SI","2026-03-30","94.5","-2.12","5.23","Castillo, Luis",676609,622491,,"ball",,,,,12,,"R","R","R","SEA","NYY","B",,,1,0,2026,"-1.58","0.84",0.925503693576317,2.5944686740736405,,,,1,3,"Top",,,,,,,11.152829988540857,-136.92426754631236,-2.665652751368686,-22.595358414289667,37.53049194307255,-21.26329404348123,3.083095472,1.555954724,,,,"91.6",2217,"5.3",823159,641598,647304,702284,680977,660844,668227,677594,645302,"55.18",,,,,,,,19,2,"Sinker",1,0,0,1,0,1,0,1,"Standard","Standard",235,"-0.006","0.071",,,,"-0.071",,1,-1,0.635,0.365,33,29,34,30,1,0,,2,6,1,"1.78","1.58","1.58","18.6",,,,,
"SL","2026-03-30","84.6","-2.79","5.55","Lord, Brad",656941,695418,,"ball",,,,,11,,"R","L","R","PHI","WSH","B",,,1,2,2026,"0.53","-0.38",-0.9820266433924956,2.482331742996128,669016,,665561,1,7,"Bot",,,,,,,3.043445931411457,-123.2967238524378,0.10823756894021375,4.867978459587821,23.628500674842357,-36.299207651148954,3.180511811,1.60511811,,,,"83.6",2738,"5.4",823484,686452,671277,678391,691781,682928,695734,686894,695578,"55.06",,,,,,,,68,4,"Slider",2,9,2,9,9,2,2,9,"Standard","Standard",73,"0.002","0.033",,,,"-0.033",,-7,-7,0.017,0.017,26,33,26,33,1,3,4,1,5,1,"3.55","-0.53","0.53","19.8",,,,,
"FF","2026-03-30","97.5","-1.75","5.18","Dollander, Chase",665926,801403,,"called_strike",,,,,1,,"R","L","R","TOR","COL","S",,,0,0,2026,"-1.07","1.04",-0.357660892123318,3.16168283443898,,,,0,8,"Bot",,,,,,,6.185867286835873,-141.93101986944882,-2.1795982407583345,-15.851408567160968,31.872723191577883,-17.800349419929898,3.164714567,1.597145669,,,,"97.4",2330,"6.2",822834,664954,681198,690022,691720,678662,687597,686668,687859,"54.33",,,,,,,,72,1,"4-Seam Fastball",1,13,1,13,13,1,1,13,"Standard","Standard",235,"0","-0.039",,,,"0.039",,-12,-12,0.001,0.001,24,27,25,28,1,2,,1,5,1,"1.35","1.07","-1.07","20.3",,,,,
"SL","2026-03-30","82.7","-1.36","6.31","Elder, Bryce",691777,693821,,"ball",,,,,14,,"R","R","R","ATL","ATH","B",,,1,1,2026,"0.13","-0.38",0.16556328377437896,1.431514366641117,,,671732,2,2,"Top",,,,,,,3.163790315360069,-120.43386384379194,-3.6322127438042937,0.6351140078877209,23.320053070997695,-35.360994015230766,3.227903543,1.629035433,,,,"82.5",2347,"6.1",824943,641680,621566,645277,663586,643289,642201,671739,660670,"54.4",,,,,,,,16,3,"Slider",3,0,0,3,0,3,0,3,"Standard","Standard",33,"-0.003","0.054",,,,"-0.054",,3,-3,0.803,0.19699999999999995,27,23,27,24,1,0,,1,5,1,"3.7","-0.13","-0.13","51.1",,,,,
"FF","2026-03-30","94.4","1.83","6.12","Enns, Dietrich",694671,608650,"strikeout","called_strike",,,,,7,"Wyatt Langford challenged (pitch result), call on the field was confirmed: Wyatt Langford called out on strikes.","R","R","L","BAL","TEX","S",2,,3,2,2026,"0.63","1.31",-0.6062619042598277,1.6090461747202585,,,607043,0,6,"Top",,,,,,,-7.703287624118965,-137.06585551626893,-8.741695469223925,9.665926574990285,30.065428872357106,-13.912994184526335,3.196309055,1.613090551,,,,"94.5",2024,"6.4",824863,668939,624413,677942,691723,683002,621493,681297,687637,"54.06",,0,"0",1,0,0,,50,6,"4-Seam Fastball",2,4,4,2,4,2,4,2,"Standard","Standard",143,"0.031","-0.315",,,,"0.315",,-2,2,0.189,0.8109999999999999,35,24,35,25,1,3,2,1,4,1,"1.26","0.63","-0.63","51.6",,,,,
"CH","2026-03-30","86.3","-1.45","5.78","Garcia, Rico",543309,670329,,"ball",,,,,14,,"R","R","R","BAL","TEX","B",,,2,2,2026,"-1.45","1.32",1.1999813217678779,1.9567850429578484,,,,0,8,"Top",,,,,,,9.146183156349307,-125.27976014766432,-5.302478696526615,-17.12582368639854,26.387675368716906,-17.325884051670116,3.245456037,1.637893701,,,,"85.5",2464,"6",824863,668939,624413,677942,691723,683002,621493,681297,687637,"54.53",,,,,,,,63,5,"Changeup",2,4,4,2,4,2,4,2,"Standard","Standard",227,"-0.005","0.112",,,,"-0.112",,-2,2,0.14,0.86,32,36,32,36,1,3,1,1,4,6,"1.76","1.45","1.45","47.3",,,,,
"FF","2026-03-30","96.8","-2.18","5.96","Smith, Cade",606192,671922,,"ball",,,,,11,,"R","R","R","LAD","CLE","B",,,0,0,2026,"-0.26","1.34",-0.03523369252491282,3.6077841605732046,,605141,,0,9,"Bot",,,,,,,6.362554780854509,-140.8467193531625,-3.727292310956369,-4.850634120199355,31.641142448128765,-13.733120389304563,3.199819554,1.614862205,,,,"98.6",2198,"7.3",823972,595978,656555,677587,608070,672356,680757,682177,682657,"53.2",,,,,,,,70,1,"4-Seam Fastball",1,4,1,4,4,1,1,4,"Strategic","Standard",205,"0.009","0.032",,,,"-0.032",,-3,-3,0.101,0.101,27,33,27,34,1,3,2,2,2,1,"1.09","0.26","0.26","43.5",,,,,
"FF","2026-03-30","91.3","-3.53","4.44","Sewald, Paul",679529,623149,,"called_strike",,,,,1,,"R","R","R","AZ","DET","S",,,0,0,2026,"-1.06","1.24",-0.8121139434664086,3.105551708456164,,,,2,9,"Top",,,,,,,9.102865122912462,-132.69616737858684,0.019568305482428383,-14.5443792236794,29.87350284387062,-17.847395165684933,3.232291667,1.63125,,,,"91.4",2457,"6.5",825108,672515,467793,606466,571448,672695,691783,677950,682998,"54",,,,,,,,83,1,"4-Seam Fastball",9,6,6,9,6,9,6,9,"Standard","Standard",237,"0.001","-0.043",,,,"0.043",,3,-3,0.996,0.0040000000000000036,36,26,36,27,1,4,2,2,1,1,"1.52","1.06","1.06","16.8",,,,,
"FC","2026-03-30","88.3","2.55","5.43","Alexander, Tyler",663624,641302,,"ball",,,,,14,,"R","R","L","BAL","TEX","B",,,0,1,2026,"0.02","0.84",1.0173110200090132,2.2657904161335733,,,,2,9,"Bot",,,,,,,-3.6997153931862705,-128.68262398012573,-3.2478262120420296,0.9221733986204969,25.457903397037352,-22.331191548691493,3.361302493,1.696358268,,,,"88.3",2367,"6.1",824863,543309,669394,669701,673962,608369,694671,694497,607043,"54.4",,,,,,,,79,2,"Cutter",2,5,2,5,5,2,2,5,"Infield shade","Standard",154,"0","0.027",,,,"-0.027",,-3,-3,0.005,0.005,31,29,32,29,1,0,2,1,2,7,"2.06","0.02","-0.02","35.9",,,,,
"SI","2026-03-30","93.8","-1.43","5.68","Armstrong, Shawn",606192,542888,,"ball",,,,,14,,"R","R","R","LAD","CLE","B",,,1,2,2026,"-1.25","0.7",0.9257957192223498,1.837307702783386,,,,1,7,"Bot",,,,,,,8.844967048348348,-136.23633900650918,-5.579310361100051,-17.52038288525952,29.19697405365897,-22.36123681457355,3.199819554,1.614862205,,,,"94.1",2111,"6.5",823972,595978,656555,677587,608070,672356,680757,682177,682657,"53.99",,,,,,,,55,4,"Sinker",0,4,0,4,4,0,0,4,"Strategic","Strategic",220,"0.001","0.048",,,,"-0.048",,-4,-4,0.05,0.05,35,33,36,34,1,2,2,2,2,1,"1.89","1.25","1.25","35.1",,,,,
"FF","2026-03-30","92.1","-1","5.84","Mattson, Isaac",663647,676755,,"ball",,,,,14,,"R","R","R","CIN","PIT","B",,,1,0,2026,"-0.66","1.6",0.8458028010711128,1.4762100748422156,,,,1,7,"Bot",,,,,,,6.148874240124121,-133.72263243635845,-8.561362123954563,-9.28799701456109,29.854518310523847,-11.319457499535476,3.166469816,1.598031496,,,,"92.7",2354,"6.8",824539,680779,687462,664040,693304,669707,668804,665833,656811,"53.65",,,,,,,,54,2,"4-Seam Fastball",2,0,2,0,0,2,2,0,"Standard","Standard",214,"0.002","0.071",,,,"-0.071",,2,2,0.877,0.877,30,29,31,29,1,2,1,2,2,1,"1.11","0.66","0.66","50.7",,,,,
"SL","2026-03-30","83.4","-1.54","6.28","Elder, Bryce",701762,693821,,"ball",,,,,14,,"R","L","R","ATL","ATH","B",,,0,2,2026,"0.25","-0.49",0.14788876783816113,1.2568115126382313,,,,0,1,"Top",,,,,,,3.332077787350319,-121.47982097650663,-3.883420962092976,1.8105312137159613,23.608274263659215,-36.46782493837535,3.413082349,1.722490158,,,,"83.3",2584,"6.1",824943,641680,621566,645277,663586,643289,642201,671739,660670,"54.36",,,,,,,,1,3,"Slider",0,0,0,0,0,0,0,0,"Strategic","Standard",31,"-0.002","0.024",,,,"-0.024",,0,0,0.509,0.491,27,23,27,23,1,0,,1,5,1,"3.76","-0.25","0.25","51.3",,,,,
"CH","2026-03-30","82.6","2.23","5.94","Suarez, Ranger",514888,624133,,"ball",,,,,14,,"R","R","L","HOU","BOS","B",,,1,1,2026,"1.09","-0.05",0.5725362496050415,1.1868164997442499,,,,0,1,"Bot",,,,,,,-5.8610125394576205,-120.10478175662436,-3.896963963892749,11.733332445581235,25.23669810910239,-32.01656691230053,2.926000656,1.476673228,,,,"82",1130,"6.1",824214,665966,575929,691785,702332,596115,701350,678882,677800,"54.36",,,,,,,,4,3,"Changeup",0,0,0,0,0,0,0,0,"Infield shade","Standard",123,"0.004","0.055",,,,"-0.055",,0,0,0.547,0.547,30,36,31,36,1,0,,1,6,1,"3.42","1.09","-1.09","39.3",,,,,
"SL","2026-03-30","89","-2.08","6.26","Sasaki, Roki",680757,808963,,"ball",,,,,14,,"R","L","R","LAD","CLE","B",,,1,1,2026,"0.21","0",0.029990652752184738,1.3769690018537633,,,,0,1,"Top",,,,,,,4.72431091235158,-129.4458780860981,-5.730759564242203,1.3367759527417469,27.46603898801339,-31.164281081663265,3.02253937,1.525393701,,,,"90.1",2050,"7",823972,687221,518692,500743,571970,605141,606192,681624,663656,"53.47",,,,,,,,1,3,"Slider",0,0,0,0,0,0,0,0,"Standard","Standard",49,"-0.005","0.055",,,,"-0.055",,0,0,0.501,0.499,24,28,25,29,1,0,,1,6,1,"2.88","-0.21","0.21","49.3",,,,,
"SI","2026-03-30","98.7","-1.84","5.05","Dollander, Chase",660821,801403,,"called_strike",,,,,1,,"R","L","R","TOR","COL","S",,,1,0,2026,"-1.51","0.69",-0.63078768487566,3.0585667681404916,,,,0,6,"Bot",,,,,,,6.827299332422622,-143.64868665585723,-1.4418035362346204,-22.50283676946089,33.535078046422484,-22.43087569193908,3.334973753,1.683070866,,,,"98.8",2366,"6.4",822834,696100,681198,650489,691720,678662,687597,686668,687859,"54.13",,,,,,,,53,2,"Sinker",1,9,1,9,9,1,1,9,"Standard","Standard",237,"-0.001","-0.05",,,,"0.05",,-8,-8,0.011,0.011,24,28,25,29,1,2,,1,5,1,"1.65","1.51","-1.51","24.5",,,,,
"FF","2026-03-29","96.8","2.28","5.9","Luzardo, Jesús",669394,666200,,"ball",,,,,13,,"R","R","L","PHI","TEX","B",,,1,2,2026,"1.17","1.19",-0.8889554150443237,1.6091119331114787,,,,1,6,"Top",,,,,,,-10.914674170941721,-140.35039108802056,-8.2485501524407,18.059182964066256,34.36277482666003,-14.614231952292128,3.229658793,1.62992126,,,,"95.2",2258,"5.7",823487,592663,547180,624641,664761,607208,805249,702222,666969,"54.77",,,,,,,,39,4,"4-Seam Fastball",0,5,5,0,5,0,5,0,"Standard","Standard",126,"-0.001","0.048",,,,"-0.048",,-5,5,0.053,0.947,28,30,29,30,3,2,,1,6,1,"1.28","1.17","-1.17","31.3",,,,,
"SI","2026-03-29","93.6","-2.36","5.45","Lowder, Rhett",691785,695076,"strikeout","called_strike",,,,,9,"Marcelo Mayer challenged (pitch result), call on the field was confirmed: Marcelo Mayer called out on strikes.","R","L","R","CIN","BOS","S",2,,3,2,2026,"-1.24","0.72",0.6876411577071699,1.6266718936526965,,,807799,2,4,"Top",,,,,,,10.533422223476723,-135.82463686844673,-5.48592592285215,-17.642563834719237,29.765121870292155,-22.160275296463002,3.341994751,1.686614173,,,,"93.5",2316,"6.4",824538,663886,668715,680574,553993,682829,670770,667472,682622,"54.13",,0,"0",1,0,0,,29,6,"Sinker",0,2,2,0,2,0,2,0,"Infield shade","Standard",236,"0.021","-0.295",,,,"0.295",,-2,2,0.29,0.71,24,23,24,24,2,1,,1,6,1,"1.89","1.24","-1.24","26.8",,,,,
"FC","2026-03-29","89.7","-3.68","5.31","McLean, Nolan",665833,690997,,"called_strike",,,,,1,,"R","L","R","NYM","PIT","S",,,1,1,2026,"0.13","0.51",-0.6524385747583751,2.993074905790443,,,,0,5,"Top",,,,,,,7.08332385374495,-130.5632121596713,-0.7070921660879231,0.07852612605127784,25.679435650831486,-26.31844019651715,3.515764436,1.774311024,,,,"89.7",2545,"6.1",823647,620443,683146,543760,666182,596019,665742,673357,701807,"54.38",,,,,,,,36,3,"Cutter",1,2,2,1,2,1,2,1,"Strategic","Standard",190,"0.006","-0.061",,,,"0.061",,-1,1,0.363,0.637,24,27,25,28,3,2,,1,5,1,"2.3","-0.13","0.13","28.7",,,,,
"FF","2026-03-29","95.3","-1.75","5.36","Abel, Mick",624413,690953,,"ball",,,,,12,,"R","R","R","BAL","MIN","B",,,2,1,2026,"-0.6","1.56",0.875809324961943,3.1764791823884204,,621493,683002,0,7,"Bot",,,,,,,8.266764501138223,-138.51179655824873,-3.500929591486261,-9.586087908251235,31.782116249837323,-11.530813545139425,3.323564633,1.677312992,,,,"96.3",2408,"7",824864,605170,665019,807712,668904,656484,668885,621439,670242,"53.5",,,,,,,,61,4,"4-Seam Fastball",5,5,5,5,5,5,5,5,"Standard","Standard",211,"0.028","0.177",,,,"-0.177",,0,0,0.733,0.733,24,31,25,32,2,3,,1,6,1,"0.96","0.6","0.6","31.7",,,,,
"FC","2026-03-29","89.8","-1.78","5.65","Lugo, Seth",642086,607625,,"called_strike",,,,,7,,"R","L","R","ATL","KC","S",,,3,1,2026,"-0.01","1.08",-0.7928800522656023,1.962212926654908,,,645277,2,5,"Bot",,,,,,,2.4204174644533683,-130.80664755724356,-5.269603999566056,-0.6162708662671743,26.398216549202655,-18.846291352152406,3.176123688,1.602903543,,,,"89.5",2317,"5.9",824944,695600,686469,679845,672580,677951,657041,664728,695506,"54.55",,,,,,,,39,5,"Cutter",0,3,0,3,3,0,0,3,"Infield shade","Standard",207,"-0.006","-0.094",,,,"0.094",,-3,-3,0.171,0.171,36,31,37,31,2,1,,1,6,2,"1.73","0.01","-0.01","35.4",,,,,
"FF","2026-03-29","91.7","1.56","5.99","Lauer, Eric",701762,641778,,"ball",,,,,14,,"R","L","L","TOR","ATH","B",,,2,1,2026,"0.96","1.46",0.3632360318402129,1.3807801629695815,,,,1,4,"Top",,,,,,,-5.0484647284625686,-133.23577493204868,-8.631866174417008,12.530794247264845,29.923467205559888,-13.091878552660415,3.413082349,1.722490158,,,,"90.6",2175,"5.8",822837,623168,665489,676391,672960,665926,660821,662139,680718,"54.7",,,,,,,,24,4,"4-Seam Fastball",3,0,0,3,0,3,0,3,"Infield shade","Standard",135,"-0.007","0.121",,,,"-0.121",,3,-3,0.833,0.16700000000000004,31,23,31,23,2,1,,1,7,1,"1.27","0.96","0.96","35.3",,,,,
"ST","2026-03-29","81.2","2.25","5.66","Kay, Anthony",661388,641743,"strikeout","called_strike",,,,,9,"William Contreras challenged (pitch result), call on the field was confirmed: William Contreras called out on strikes.","R","R","L","MIL","CWS","S",2,,2,2,2026,"-1.22","-0.11",0.7906209164419187,2.056294010558585,,,,0,3,"Bot",,,,,,,-0.8430875159620905,-118.20682397268963,-0.9310683972661792,-11.132241895045697,25.192917212836775,-33.26338206914218,3.133120079,1.581200787,,,,"80.1",2359,"5.8",823810,700337,808959,805367,678246,695657,669720,671976,677592,"54.71",,0,"0",1,0,0,,29,5,"Sweeper",2,7,2,7,7,2,2,7,"Standard","Standard",295,"-0.013","-0.232",,,,"0.232",,-5,-5,0.108,0.108,31,28,31,29,2,1,,1,6,1,"3.6","-1.22","1.22","32.7",,,,,
"FF","2026-03-29","96","-2.22","5.37","May, Dustin",676439,669160,,"called_strike",,,,,1,,"R","L","R","STL","TB","S",,,2,1,2026,"-0.84","1.18",-0.7870846967643635,3.3333343228484322,,,,2,4,"Top",,,,,,,5.728660286776899,-139.674451911767,-2.3215838125766015,-12.359729387358911,33.1776734422043,-16.49936177108399,3.262130906,1.646309055,,,,"96.4",2341,"6.6",823079,686780,676475,802139,602104,691026,695336,687363,691023,"53.87",,,,,,,,30,4,"4-Seam Fastball",1,3,3,1,3,1,3,1,"Standard","Standard",231,"0.002","-0.073",,,,"0.073",,-2,2,0.301,0.6990000000000001,28,29,29,29,2,1,,1,6,6,"1.31","0.84","-0.84","29.2",,,,,
"SI","2026-03-29","95.6","-2.77","5.6","Senzatela, Antonio",682663,622608,,"called_strike",,,,,4,,"R","R","R","MIA","COL","S",,,0,1,2026,"-1.45","0.4",-0.6862520352705417,2.404152617115868,,,,1,8,"Bot",,,,,,,8.828200263871485,-138.8235274090219,-3.4485077917028586,-20.825549521360315,33.380830930323526,-26.434318966466392,3.256865158,1.643651575,,,,"95.9",2108,"6.7",823891,690924,650489,690022,691720,678662,664983,686668,687597,"53.75",,,,,,,,64,2,"Sinker",2,3,2,3,3,2,2,3,"Infield shade","Standard",219,"-0.012","-0.052",,,,"0.052",,-1,-1,0.238,0.238,31,24,31,25,1,3,,1,3,1,"2.12","1.45","1.45","35.3",,,,,
"ST","2026-03-29","77.8","-1.88","4.82","Criswell, Cooper",672356,681867,"strikeout","called_strike",,,,,1,"Gabriel Arias challenged (pitch result), call on the field was confirmed: Gabriel Arias called out on strikes.","R","R","R","SEA","CLE","S",2,,3,2,2026,"1.58","0.62",-0.6006341864250471,3.054770036285809,,,682177,1,8,"Top",,,,,,,-0.23576219429304346,-113.28529180041396,2.206275265966222,13.501534004232425,22.98122990792967,-27.522120513192714,3.241945538,1.636122047,,,,"77.8",2591,"6.5",823160,663728,647304,702284,680977,660844,668227,677594,670042,"53.98",,0,"0",1,0,0,,61,8,"Sweeper",7,0,0,7,0,7,0,7,"Standard","Standard",89,"0.003","-0.32",,,,"0.32",,7,-7,0.995,0.0050000000000000044,29,26,30,26,1,2,3,2,3,1,"3.17","-1.58","-1.58","11.0",,,,,
"CH","2026-03-29","85.6","-3","4.61","Schreiber, John",621566,670167,"strikeout","called_strike",,,,,7,"Matt Olson challenged (pitch result), call on the field was confirmed: Matt Olson called out on strikes.","R","L","R","ATL","KC","S",2,,2,2,2026,"-0.8","-1.02",-0.6712121495981752,1.6405269304858425,,,,2,8,"Bot",,,,,,,7.097345787793425,-124.37501143688277,1.6627657033050678,-9.75828287500539,26.411337101328673,-43.33949939361754,3.37183399,1.701673228,,,,"85.9",1120,"6.7",824944,695600,686469,679845,672580,677951,657041,664728,695506,"53.81",,0,"0",1,0,0,,63,6,"Changeup",1,4,1,4,4,1,1,4,"Infield shade","Standard",284,"-0.008","-0.224",,,,"0.224",,-3,-3,0.042,0.042,32,32,32,32,1,3,,1,1,1,"4.16","0.8","-0.8","14.0",,,,,
"CU","2026-03-29","86","-1.69","5.63","Baumler, Carter",656941,691945,,"ball",,,,,11,,"R","L","R","PHI","TEX","B",,,0,1,2026,"0.58","-0.8",-0.963972812504753,2.4698701135551167,,,,0,8,"Bot",,,,,,,0.49829365521133395,-125.25397085645595,0.6623248047315315,5.968414606831798,27.514206169434093,-40.917512737887854,3.180511811,1.60511811,,,,"86.3",2459,"6.6",823487,543309,669394,677649,673962,608369,694671,694497,607043,"53.88",,,,,,,,63,2,"Curveball",2,8,2,8,8,2,2,8,"Infield shade","Standard",48,"0.001","0.031",,,,"-0.031",,-6,-6,0.009,0.009,24,33,24,33,1,3,3,1,3,1,"3.9","-0.58","0.58","40.4",,,,,
"FF","2026-03-29","97.2","-1.93","5.3","Domínguez, Seranthony",686217,622554,"walk","ball",,,,,11,"Sal Frelick challenged (pitch result), call on the field was overturned: Sal Frelick walks.","R","L","R","MIL","CWS","B",,,3,1,2026,"-0.49","1.21",-0.8914484037452699,2.9287475014987345,,,,2,8,"Bot",,,,,,,3.8993686502833547,-141.45067959611032,-3.4616916703182063,-7.528967582048403,33.15832972646708,-15.345176549028519,3.062910105,1.545767717,,,,"97.1",2265,"6.3",823810,700337,808959,805367,678246,695657,656537,671976,677592,"54.23",,0.704857,"0.7",1,0,0,,76,5,"4-Seam Fastball",9,7,9,7,7,9,9,7,"Standard","Standard",227,"0.002","0.173",,,,"-0.173",,2,2,0.929,0.929,31,26,32,26,1,4,1,1,5,1,"1.21","0.49","-0.49","24.0",,,,,
"SL","2026-03-29","88.6","0.75","6.45","Fisher, Braydon",687231,680755,,"called_strike",,,,,3,,"R","R","R","TOR","ATH","S",,,2,1,2026,"-0.17","0.35",0.48434490217181997,3.237417812971756,,,,2,7,"Top",,,,,,,-0.27576537871718576,-129.07722882945146,-2.324280001692644,-1.807910370413526,26.30512888615867,-28.01699697997891,3.185777559,1.607775591,,,,"87.3",2269,"5.4",822837,623168,665489,676391,672960,665926,660821,662139,680718,"55.14",,,,,,,,51,4,"Slider",5,2,2,5,2,5,2,5,"Standard","Standard",162,"0.002","-0.073",,,,"0.073",,3,-3,0.932,0.06799999999999995,25,24,26,25,1,2,1,,2,3,"2.54","0.17","0.17","49.4",,,,,
"FC","2026-03-29","90.7","-1.26","5.14","Maton, Phil",683083,664208,,"called_strike",,,,,4,,"R","L","R","CHC","WSH","S",,,1,1,2026,"0.4","0.87",-0.49104088039082494,2.254919122154872,695734,686894,682928,0,6,"Top",,,,,,,1.0565411764555155,-132.14766928997446,-3.063550725125216,4.459427735235514,27.00374954017828,-21.537493749020502,3.045357612,1.536909449,,,,"92.4",2635,"7.1",824700,608348,683737,663538,608324,621020,664023,691718,624424,"53.38",,,,,,,,45,3,"Cutter",2,3,3,2,3,2,3,2,"Infield shade","Standard",188,"0.014","-0.076",,,,"0.076",,-1,1,0.183,0.817,33,25,33,26,1,2,1,1,2,2,"1.89","-0.4","0.4","30.6",,,,,
"FF","2026-03-29","93.2","-2.51","5.68","Abreu, Bryan",545361,650556,"walk","ball",,,,,12,"Mike Trout challenged (pitch result), call on the field was overturned: Mike Trout walks.","R","R","R","HOU","LAA","B",,,3,1,2026,"-0.44","1.39",0.09832026903096658,3.489260537282009,,624428,,1,9,"Top",,,,,,,7.663183622411533,-135.33876900491646,-2.70388028894105,-7.333926131801502,34.16294863775159,-14.853547076178504,3.243700787,1.637007874,,,,"93.2",2163,"6.8",824215,543877,572233,669397,621043,665161,694388,676694,701358,"53.71",,0.704857,"0.7",1,0,0,,80,5,"4-Seam Fastball",9,6,6,9,6,9,6,9,"Standard","Standard",206,"-0.029","0.144",,,,"-0.144",,3,-3,0.939,0.061000000000000054,29,34,29,35,1,4,1,1,3,1,"1.28","0.44","0.44","41.6",,,,,
"FF","2026-03-29","94.8","-2.9","5.51","Abreu, Bryan",545361,650556,,"ball",,,,,11,,"R","R","R","HOU","LAA","B",,,0,0,2026,"-0.94","1.25",-0.5731872640916987,3.5824743472424716,,624428,,1,9,"Top",,,,,,,8.21370767124869,-137.6806459026748,-1.9775120617307986,-13.854298889716933,34.29462854709978,-16.18846297645055,3.243700787,1.637007874,,,,"95.1",2220,"6.8",824215,543877,572233,669397,621043,665161,694388,676694,701358,"53.67",,,,,,,,80,1,"4-Seam Fastball",9,6,6,9,6,9,6,9,"Standard","Standard",218,"-0.005","0.028",,,,"-0.028",,3,-3,0.959,0.041000000000000036,29,34,29,35,1,4,1,1,3,1,"1.32","0.94","0.94","35.8",,,,,
"FC","2026-03-29","92.6","-1.4","5.83","Baz, Shane",621439,669358,"strikeout","called_strike",,,,,1,"Byron Buxton challenged (pitch result), call on the field was confirmed: Byron Buxton called out on strikes.","R","R","R","BAL","MIN","S",2,,3,2,2026,"0.11","0.58",-0.5020334253365232,3.2856228894485886,,,,1,1,"Top",,,,,,,2.0256316144543804,-134.88693682666113,-1.8149557764211504,0.9212419437796625,29.12469167090209,-24.905747106869367,3.257742782,1.644094488,,,,"93",2423,"6.4",824864,694212,663624,669236,691723,683002,621493,687637,641933,"54.07",,0,"0",1,0,0,,2,6,"Cutter",0,0,0,0,0,0,0,0,"Standard","Standard",174,"0.02","-0.332",,,,"0.332",,0,0,0.518,0.482,27,32,27,33,1,0,,1,6,1,"2.07","-0.11","-0.11","40.5",,,,,
"FF","2026-03-29","97.8","-1.26","5.97","Garcia, Rico",670242,670329,"strikeout","called_strike",,,,,9,"Matt Wallner challenged (pitch result), call on the field was confirmed: Matt Wallner called out on strikes.","R","L","R","BAL","MIN","S",2,,3,2,2026,"-0.92","1.73",0.4314064108160105,2.011226220021148,665019,621439,807712,2,7,"Top",,,,,,,6.612581194898103,-142.00150141772232,-8.897795848750901,-13.94121611462646,34.88507772450182,-6.918402628225843,3.394652231,1.713188976,,,,"96.9",2524,"6.1",824864,694212,663624,677942,691723,683002,621493,687637,641933,"54.44",,0,"0",1,0,0,,58,8,"4-Seam Fastball",5,5,5,5,5,5,5,5,"Infield shade","Standard",209,"0.151","-0.3",,,,"0.3",,0,0,0.437,0.563,32,28,32,29,1,3,,1,1,1,"0.68","0.92","-0.92","48.3",,,,,
"FF","2026-03-29","95.3","-2.11","5.32","Imai, Tatsuya",545361,837227,"strikeout","called_strike",,,,,3,"Mike Trout challenged (pitch result), call on the field was confirmed: Mike Trout called out on strikes.","R","R","R","HOU","LAA","S",2,,0,2,2026,"-0.97","1.17",0.7850428612233167,3.1902515504350935,,,687263,0,1,"Top",,,,,,,9.64535559818746,-138.3612927887929,-2.3933376167536684,-14.62556151786459,32.49596586413138,-16.854239165357264,3.243700787,1.637007874,,,,"94.5",1990,"6.1",824215,543877,572233,670623,621043,665161,670541,694388,701358,"54.43",,0,"0",1,0,0,,2,3,"4-Seam Fastball",0,0,0,0,0,0,0,0,"Standard","Standard",239,"0.02","-0.148",,,,"0.148",,0,0,0.478,0.522,28,34,28,35,1,0,,1,6,1,"1.36","0.97","0.97","25.6",,,,,
"SI","2026-03-29","95.6","-3.48","4.99","Ramírez, Yohan",666182,670990,,"called_strike",,,,,9,,"R","R","R","NYM","PIT","S",,,0,0,2026,"-1.53","0.45",0.4392157205923466,1.5770051454667506,,,665742,1,5,"Bot",,,,,,,13.800366595614086,-138.4414538764612,-4.153794924845847,-22.810643034544917,31.851762893348745,-25.54918930461604,3.162081693,1.595816929,,,,"96.1",2195,"6.9",823647,680779,687462,664040,693304,669707,663968,665833,656811,"53.58",,,,,,,,43,1,"Sinker",2,2,2,2,2,2,2,2,"Strategic","Standard",232,"-0.006","-0.04",,,,"0.04",,0,0,0.569,0.569,31,28,31,28,1,2,3,1,2,1,"2.07","1.53","1.53","17.7",,,,,
"SL","2026-03-28","85.7","-1.35","6.24","Bradish, Kyle",665019,680694,,"ball",,,,,13,,"R","L","R","BAL","MIN","B",,,1,0,2026,"1.04","0",-0.2432714487630694,1.472761699148268,,,,1,5,"Top",,,,,,,0.42661989349698787,-124.6120244588855,-4.58201815177671,10.597534888258048,30.619714094341678,-31.317124385216655,3.211228675,1.620620079,,,,"84.9",2601,"6.3",824862,668939,624413,669236,691723,683002,621493,681297,687637,"54.16",,,,,,,,37,2,"Slider",1,3,3,1,3,1,3,1,"Infield shade","Standard",47,"-0.004","0.071",,,,"-0.071",,-2,2,0.265,0.735,29,30,30,30,3,2,,2,6,1,"3.17","-1.04","1.04","51.8",,,,,
"FF","2026-03-28","91","-2.53","6.08","Burke, Sean",686217,680732,"strikeout","called_strike",,,,,7,"Sal Frelick challenged (pitch result), call on the field was confirmed: Sal Frelick called out on strikes.","R","L","R","MIL","CWS","S",2,,2,2,2026,"-0.13","1.18",-0.7817291222960676,1.8279139273079212,,,,1,3,"Bot",,,,,,,4.666487035775335,-132.46634438720807,-7.2151615364613795,-2.504050439272379,26.13728742369795,-16.987107644591667,3.062910105,1.545767717,,,,"92.3",2544,"6.9",823811,624512,808959,805367,695657,682668,643217,671976,677592,"53.61",,0,"0",1,0,0,,27,6,"4-Seam Fastball",4,0,4,0,0,4,4,0,"Infield shade","Standard",197,"-0.005","-0.228",,,,"0.228",,4,4,0.885,0.885,26,26,27,26,2,1,,2,6,1,"1.56","0.13","-0.13","36.9",,,,,
"SL","2026-03-28","88.2","-1.55","6.59","Mikolas, Miles",807713,571945,,"ball",,,,,12,,"R","R","R","CHC","WSH","B",,,1,1,2026,"0.65","0.73",0.9296675208898004,2.6181329543769545,,,,1,4,"Bot",,,,,,,4.578320266016455,-128.27254914143572,-4.827750168075967,6.116727606649837,28.96797138408386,-23.247491427793914,3.105036089,1.567027559,,,,"88.1",2231,"6.5",824701,686452,671277,678391,691781,683083,695734,696285,695578,"54.04",,,,,,,,30,3,"Slider",4,1,4,1,1,4,4,1,"Standard","Standard",181,"0.001","0.055",,,,"-0.055",,3,3,0.85,0.85,37,24,38,25,2,1,,2,6,2,"2.22","-0.65","-0.65","44.7",,,,,
"SI","2026-03-28","97.6","-1.38","6.16","Cease, Dylan",672016,656302,,"called_strike",,,,,7,,"R","R","R","TOR","ATH","S",,,0,1,2026,"-0.94","1.14",-0.5314517660958086,1.9654383652904612,,,,2,5,"Top",,,,,,,4.452490561636321,-141.85503872269183,-8.175416194618201,-13.738216048157135,33.43594377835174,-15.041696392820278,3.363057743,1.697244095,,,,"97.4",2549,"6.3",822838,672386,665489,676391,672960,665926,676914,662139,664702,"54.21",,,,,,,,35,2,"Sinker",1,0,0,1,0,1,0,1,"Standard","Standard",191,"0.004","-0.057",,,,"0.057",,1,-1,0.695,0.30500000000000005,30,26,31,26,2,1,,1,6,1,"1.26","0.94","0.94","54.3",,,,,
"CH","2026-03-28","85.5","-1.88","4.82","Nola, Aaron",694497,605400,,"called_strike",,,,,7,,"R","L","R","PHI","TEX","S",,,1,1,2026,"-1.39","0.2",-0.7539454216544554,1.5844252086877315,,,,2,4,"Top",,,,,,,5.541571998031394,-124.52971325486419,-1.6031489961939758,-15.615772262349125,23.45967654108853,-30.02505505058141,3.315666011,1.673326772,,,,"86.8",1477,"7",823488,592663,547180,681082,664761,607208,669016,702222,666969,"53.54",,,,,,,,27,3,"Changeup",0,3,3,0,3,0,3,0,"Standard","Standard",246,"0.002","-0.062",,,,"0.062",,-3,3,0.209,0.791,33,23,33,24,2,1,,2,6,1,"2.9","1.39","-1.39","12.6",,,,,
"SI","2026-03-28","95.9","-3.2","5.64","Warren, Will",671218,701542,,"ball",,,,,12,,"R","R","R","SF","NYY","B",,,2,2,2026,"-1.31","0.36",0.9211088410419805,2.435852867797259,,,656305,2,3,"Bot",,,,,,,13.858282987696361,-138.94449724545538,-3.479094284701159,-20.05052883196492,30.519008926957934,-26.825323662607914,3.18402231,1.606889764,,,,"96.6",2415,"6.9",823241,669224,700250,665862,641857,676609,641355,663757,592450,"53.63",,,,,,,,28,7,"Sinker",1,2,1,2,2,1,1,2,"Strategic","Standard",226,"0.008","0.079",,,,"-0.079",,-1,-1,0.4,0.4,27,26,27,27,2,1,,1,6,2,"2.13","1.31","1.31","30.4",,,,,
"ST","2026-03-28","78.9","-1.75","5.37","Javier, Cristian",694384,664299,,"called_strike",,,,,8,,"R","L","R","HOU","LAA","S",,,2,1,2026,"1.53","0.28",0.24448493768270252,1.6585401931607002,,,545361,0,4,"Top",,,,,,,1.366809091533072,-114.85610239476657,-1.475651921917751,13.108583359058056,24.131679354402984,-29.651704173660494,3.290214895,1.660482283,,,,"77.9",2599,"5.9",824213,673237,572233,514888,670623,621043,694728,676694,701358,"54.6",,,,,,,,25,4,"Sweeper",0,1,1,0,1,0,1,0,"Infield shade","Standard",70,"0.01","-0.078",,,,"0.078",,-1,1,0.336,0.6639999999999999,29,24,29,24,2,1,,1,6,1,"3.42","-1.53","1.53","29.5",,,,,
"FF","2026-03-28","92.9","1.76","6.06","Detmers, Reid",514888,672282,,"called_strike",,,,,3,,"R","R","L","HOU","LAA","S",,,1,1,2026,"0.87","1.58",0.7175914572359581,2.631510389336192,,,,0,3,"Bot",,,,,,,-4.599449113293982,-135.05866707736894,-6.211049865699935,11.724480476145196,33.11670400534761,-11.762122245750087,2.926000656,1.476673228,,,,"92.5",2166,"6.4",824213,681351,694384,672724,660162,687263,666139,545361,666176,"54.11",,,,,,,,20,3,"4-Seam Fastball",0,1,0,1,1,0,0,1,"Infield shade","Standard",147,"-0.007","-0.061",,,,"0.061",,-1,-1,0.436,0.436,26,36,27,36,2,1,,1,6,1,"1.1","0.87","-0.87","37.9",,,,,
"FF","2026-03-28","93","-1.82","5.4","Mahle, Tyler",663757,641816,,"ball",,,,,12,,"R","L","R","SF","NYY","B",,,2,2,2026,"-0.85","1.53",0.6453621833778957,3.4835436046606,,,,1,3,"Top",,,,,,,8.19508592842709,-135.31505330555058,-2.4449603351423614,-12.183321693550646,27.14497890977232,-12.922981919549384,3.138385827,1.583858268,,,,"94",2356,"6.7",823241,672275,669477,650333,656305,642715,671218,664056,808982,"53.8",,,,,,,,19,5,"4-Seam Fastball",0,0,0,0,0,0,0,0,"Infield shade","Standard",221,"-0.007","0.104",,,,"-0.104",,0,0,0.528,0.472,31,29,32,30,2,1,,1,6,2,"1.09","0.85","-0.85","44.4",,,,,
"SI","2026-03-28","91.1","-1.24","5.22","Singer, Brady",701350,663903,,"called_strike",,,,,7,,"R","L","R","CIN","BOS","S",,,3,1,2026,"-1.39","1.1",-0.3564797782696154,1.5673581004867758,,,,0,3,"Top",,,,,,,5.284062156129924,-132.41049001859014,-5.474532814969629,-17.452651095241716,30.161000129489963,-18.238150408450327,3.326197507,1.678641732,,,,"91.9",2345,"7",824540,624431,701398,680574,663647,682829,668715,670770,666181,"53.51",,,,,,,,22,5,"Sinker",3,0,0,3,0,3,0,3,"Infield shade","Standard",220,"0.009","-0.094",,,,"0.094",,3,-3,0.779,0.22099999999999997,29,22,30,22,2,1,,2,6,1,"1.67","1.39","-1.39","28.7",,,,,
"SL","2026-03-28","81.2","-1.42","5.26","Singer, Brady",701350,663903,,"ball",,,,,13,,"R","L","R","CIN","BOS","B",,,2,1,2026,"0.26","0.12",-0.07186874225871648,1.3316141060829607,,,,0,3,"Top",,,,,,,2.504903604401865,-118.23121402165575,-2.2209100825381256,1.943848291573086,21.881071641866725,-30.8680293493799,3.326197507,1.678641732,,,,"82.2",2360,"6.9",824540,624431,701398,680574,663647,682829,668715,670770,666181,"53.64",,,,,,,,22,4,"Slider",3,0,0,3,0,3,0,3,"Infield shade","Standard",81,"-0.011","0.134",,,,"-0.134",,3,-3,0.79,0.20999999999999996,29,22,30,22,2,1,,2,6,1,"3.33","-0.26","0.26","28.7",,,,,
"SL","2026-03-28","82.5","0.53","5.93","Cantillo, Joey",668227,676282,"walk","ball",,,,,13,"Randy Arozarena challenged (pitch result), call on the field was overturned: Randy Arozarena walks.","R","R","L","SEA","CLE","B",,,3,2,2026,"-0.63","-0.51",-0.8462300862820409,1.6872338189200464,,,,1,2,"Bot",,,,,,,-1.8571339360896852,-120.03086968405503,-1.7116422277199121,-5.54162638803392,29.461839271959597,-36.85660881158559,3.127854331,1.578543307,,,,"82.6",2308,"7",823161,681807,700932,682177,608070,677587,682657,680757,692216,"53.49",,0.704857,"0.7",1,0,0,,12,6,"Slider",0,0,0,0,0,0,0,0,"Standard","Standard",316,"0.022","0.339",,,,"-0.339",,0,0,0.532,0.532,26,31,27,31,1,0,,1,6,1,"3.94","-0.63","0.63","55.2",,,,,
"FC","2026-03-28","88","-1.17","5.52","Patrick, Chad",671976,694477,"strikeout","called_strike",,,,,7,"Tristan Peters challenged (pitch result), call on the field was confirmed: Tristan Peters called out on strikes.","R","L","R","MIL","CWS","S",2,,1,2,2026,"0.16","1.05",-0.3409268737920214,1.789077954025856,,,,0,2,"Top",,,,,,,1.631003699723219,-128.03971470453283,-4.860805379917604,1.3630156926236487,28.967470296972277,-19.835955698353466,3.19718668,1.613533465,,,,"87.1",2391,"5.9",823811,661388,641343,668930,666152,687401,663604,669003,686217,"54.55",,0,"0",1,0,0,,13,4,"Cutter",3,0,0,3,0,3,0,3,"Infield shade","Standard",159,"0.014","-0.189",,,,"0.189",,3,-3,0.784,0.21599999999999997,27,26,28,26,1,0,,2,7,1,"1.92","-0.16","0.16","31.0",,,,,
"FF","2026-03-28","94.9","-1.01","5.4","Watson, Ryan",666181,670245,"walk","ball",,,,,14,"Will Benson challenged (pitch result), call on the field was overturned: Will Benson walks.","R","L","R","CIN","BOS","B",,,3,0,2026,"-0.7","1.38",0.8723812944428088,1.4342666068990344,,,,1,7,"Bot",,,,,,,6.556175243854083,-137.87981704301777,-7.660762618912746,-10.50021994772994,33.703263925712925,-12.958192262036102,3.391141732,1.711417323,,,,"95.8",2371,"7.1",824540,665966,575929,691785,702332,596115,701350,678882,677800,"53.37",,0.704857,"0.7",1,0,0,,68,4,"4-Seam Fastball",5,4,5,4,4,5,5,4,"Infield shade","Standard",222,"0.008","0.164",,,,"-0.164",,1,1,0.782,0.782,28,28,29,28,1,3,,2,3,2,"1.17","0.7","-0.7","33.8",,,,,
"SL","2026-03-28","87.4","-1.34","5.45","Hill, Jaden",688363,677955,"strikeout","called_strike",,,,,7,"Graham Pauley challenged (pitch result), call on the field was confirmed: Graham Pauley called out on strikes.","R","L","R","MIA","COL","S",2,,2,2,2026,"0.31","-0.17",-0.7815170265302458,1.976925769183163,665052,,,2,8,"Bot",,,,,,,0.6654772405252175,-127.38846558470995,-1.6583158201400654,3.272992376186931,26.53395957161437,-33.926866630918525,3.254232283,1.642322835,,,,"86.5",2435,"5.7",823892,696100,681198,690022,691720,678662,650489,686668,664983,"54.84",,0,"0",1,0,0,,67,5,"Slider",4,3,4,3,3,4,4,3,"Standard","Standard",102,"-0.023","-0.191",,,,"0.191",,1,1,0.858,0.858,26,25,27,26,1,3,,,2,2,"3.15","-0.31","0.31","22.6",,,,,
"FF","2026-03-28","94.3","-2.61","5.39","Seabold, Connor",665487,657756,"strikeout","called_strike",,,,,7,"Fernando Tatis Jr. challenged (pitch result), call on the field was confirmed: Fernando Tatis Jr. called out on strikes.","R","R","R","SD","DET","S",2,,2,2,2026,"-0.9","1.37",-0.5549568336962807,1.5840348465471235,,,,0,7,"Bot",,,,,,,7.263873482512389,-136.9304977966255,-6.93320719392841,-13.011152387196992,33.86178008902852,-13.592178229284563,3.346382874,1.68882874,,,,"93.3",2199,"6.1",823323,668670,679529,650402,690993,805808,682985,663837,663330,"54.41",,0,"0",1,0,0,,55,5,"4-Seam Fastball",3,0,3,0,0,3,3,0,"Standard","Standard",230,"-0.004","-0.232",,,,"0.232",,3,3,0.94,0.94,30,27,30,27,1,3,,1,8,2,"1.23","0.9","0.9","33.8",,,,,
"FF","2026-03-28","94.8","-1.01","5.5","Watson, Ryan",666181,670245,,"ball",,,,,14,,"R","L","R","CIN","BOS","B",,,1,0,2026,"-0.86","1.26",0.5968563821955047,1.5148677403154869,,,,1,7,"Bot",,,,,,,6.1884156647027,-137.77180472986305,-7.439822051940363,-12.307730365321223,32.792402891469024,-14.579412215023059,3.391141732,1.711417323,,,,"95.9",2304,"7.1",824540,665966,575929,691785,702332,596115,701350,678882,677800,"53.37",,,,,,,,68,2,"4-Seam Fastball",5,4,5,4,4,5,5,4,"Strategic","Standard",215,"0.004","0.071",,,,"-0.071",,1,1,0.772,0.772,28,28,29,28,1,3,,2,3,2,"1.29","0.86","-0.86","33.6",,,,,
"SL","2026-03-28","83.3","-2.03","5.72","Junis, Jakob",702222,596001,"strikeout","called_strike",,,,,7,"Justin Crawford challenged (pitch result), call on the field was confirmed: Justin Crawford called out on strikes.","R","L","R","PHI","TEX","S",2,,0,2,2026,"1.47","0.44",-0.6949839754847789,1.8143965564582247,,,,1,8,"Bot",,,,,,,0.08313354705016751,-121.34317734656737,-3.112962038854038,14.36751828658605,26.013363406988997,-27.46941367509265,3.278805774,1.654724409,,,,"83",2386,"6.2",823488,643376,669394,669701,673962,608369,694671,694497,607043,"54.26",,0,"0",1,0,0,,61,3,"Slider",0,3,0,3,3,0,0,3,"Standard","Standard",67,"-0.01","-0.163",,,,"0.163",,-3,-3,0.053,0.053,33,22,34,22,1,2,,2,2,1,"2.87","-1.47","1.47","30.3",,,,,
"SI","2026-03-28","94.7","-1.79","5.82","Bazardo, Eduard",677587,660825,,"called_strike",,,,,8,,"R","L","R","SEA","CLE","S",,,0,1,2026,"-1.18","1.08",0.2480174820260146,1.5227300208736794,,,692216,2,7,"Top",,,,,,,7.86718751055402,-137.44107690567552,-7.639128551230905,-16.77754474389529,32.40884547674771,-16.864500697889248,3.068175853,1.548425197,,,,"93.6",2277,"6",823161,663728,647304,702284,680977,660844,668227,677594,645302,"54.54",,,,,,,,54,2,"Sinker",2,2,2,2,2,2,2,2,"Standard","Standard",213,"0.01","-0.055",,,,"0.055",,0,0,0.553,0.44699999999999995,30,25,31,25,1,2,1,1,2,1,"1.48","1.18","-1.18","43.2",,,,,
"SL","2026-03-28","83.4","-0.92","6.29","Granillo, Andre",608324,701552,,"ball",,,,,12,,"R","R","R","CHC","WSH","B",,,2,1,2026,"0.27","0.24",0.9232139366291556,2.8590274673161518,,807713,683737,1,6,"Bot",,,,,,,3.625153011292955,-121.34573367544559,-1.6421201561518068,1.916666890639171,25.55512403948225,-29.730485600308203,3.126099081,1.57765748,,,,"82.9",2316,"6.1",824701,686452,671277,678391,691781,683083,695734,696285,695578,"54.38",,,,,,,,49,4,"Slider",6,2,6,2,2,6,6,2,"Standard","Standard",90,"0.003","0.108",,,,"-0.108",,4,4,0.959,0.959,26,32,26,32,1,3,,2,4,1,"3.06","-0.27","-0.27","40.0",,,,,
"FF","2026-03-28","96.1","-2.6","5.46","Seabold, Connor",630105,657756,,"ball",,,,,14,,"R","L","R","SD","DET","B",,,2,2,2026,"-0.87","1.38",0.15730206825111936,1.4161183648133486,,657656,592206,2,6,"Bot",,,,,,,9.147354439499036,-139.38351304678272,-7.957499717632816,-13.428987592070087,33.77143437228867,-12.535146794181951,3.171735564,1.600688976,,,,"95.3",2197,"6.2",823323,668670,679529,650402,690993,805808,682985,663837,656716,"54.31",,,,,,,,51,9,"4-Seam Fastball",3,0,3,0,0,3,3,0,"Standard","Standard",216,"0.003","0.079",,,,"-0.079",,3,3,0.907,0.907,30,32,30,32,1,3,,1,8,2,"1.12","0.87","-0.87","34.8",,,,,
"FF","2026-03-28","96.4","-2.51","5.45","Abreu, Bryan",545361,650556,,"ball",,,,,11,,"R","R","R","HOU","LAA","B",,,1,0,2026,"-0.34","1.7",-0.48117610661484,3.582507039780324,,687263,,2,9,"Top",,,,,,,6.135154051944921,-140.07223049300813,-3.063841314314298,-6.007519612827406,37.65069896220322,-9.486618929603237,3.243700787,1.637007874,,,,"96.1",2330,"6.6",824213,673237,572233,669397,670623,621043,694388,676694,701358,"53.89",,,,,,,,82,2,"4-Seam Fastball",11,6,6,11,6,11,6,11,"Standard","Standard",217,"-0.001","0.028",,,,"-0.028",,5,-5,0.999,0.0010000000000000009,29,34,29,35,1,4,,1,1,1,"0.8","0.34","0.34","34.7",,,,,
"CH","2026-03-28","86","-2.24","5.61","McGreevy, Michael",641584,700241,"strikeout","called_strike",,,,,9,"Jake Fraley challenged (pitch result), call on the field was confirmed: Jake Fraley called out on strikes.","R","L","R","STL","TB","S",2,,2,2,2026,"-0.98","0.02",0.4287420259154866,1.5737312388782585,,,,2,1,"Top",,,,,,,8.329386827813117,-124.92996397059397,-3.0267221892881873,-12.112890231582119,28.9072571573246,-31.527774007035088,3.169980315,1.59980315,,,,"86.1",1827,"6.8",823082,671056,676475,802139,602104,691026,701675,687363,691023,"53.72",,0,"0",1,0,0,,3,5,"Changeup",0,0,0,0,0,0,0,0,"Infield shade","Standard",356,"0.008","-0.224",,,,"0.224",,0,0,0.54,0.45999999999999996,25,31,26,31,1,0,,2,6,3,"3.11","0.98","-0.98","32.3",,,,,
"FF","2026-03-28","95.3","-0.92","5.4","Watson, Ryan",553993,670245,,"ball",,,,,14,,"R","R","R","CIN","BOS","B",,,2,2,2026,"-0.86","1.38",0.9186623076694667,1.943092677734204,680574,682829,701398,2,6,"Bot",,,,,,,6.854589525937151,-138.36940814005865,-6.387281320026524,-12.662521632908845,35.28447925386403,-13.217034503730092,3.17085794,1.600246063,,,,"96.3",2468,"7.3",824540,665966,575929,691785,702332,596115,701350,678882,677800,"53.2",,,,,,,,61,6,"4-Seam Fastball",5,3,5,3,3,5,5,3,"Standard","Strategic",215,"0.015","0.064",,,,"-0.064",,2,2,0.851,0.851,28,34,29,35,1,3,,2,3,1,"1.17","0.86","0.86","32.9",,,,,
"FC","2026-03-28","86.2","2.4","5.68","Alexander, Tyler",656941,641302,,"called_strike",,,,,7,,"R","L","L","PHI","TEX","S",,,2,1,2026,"-0.07","0.64",-0.6851082157722421,1.5741275456149473,,592663,805249,1,10,"Bot",,,,,,,-7.1175192705998755,-125.38160565154729,-4.62850538409078,0.7088579389428231,25.645644557721347,-24.62006896481389,3.180511811,1.60511811,,,,"86.4",2331,"6.5",823488,643376,669394,669701,673962,608369,694671,694497,607043,"54.02",,,,,,,,80,4,"Cutter",3,5,3,5,5,3,3,5,"Infield shade","Standard",161,"-0.03","-0.063",,,,"0.063",,-2,-2,0.225,0.225,31,33,32,33,1,4,2,2,2,1,"2.43","-0.07","-0.07","38.3",,,,,
"SI","2026-03-28","93.4","-1.09","5.36","Watson, Ryan",553993,670245,,"ball",,,,,13,,"R","R","R","CIN","BOS","B",,,1,2,2026,"-1.28","0.73",-0.74842479731868,1.4597140884434183,680574,682829,701398,2,6,"Bot",,,,,,,3.8185426581844797,-135.8844264834595,-5.74300954178475,-16.643984651359833,32.666849476451446,-22.012735960245944,3.17085794,1.600246063,,,,"94.7",2324,"7.3",824540,665966,575929,691785,702332,596115,701350,678882,677800,"53.23",,,,,,,,61,5,"Sinker",5,3,5,3,3,5,5,3,"Standard","Strategic",220,"0.007","0.034",,,,"-0.034",,2,2,0.844,0.844,28,34,29,35,1,3,,2,3,1,"1.9","1.28","1.28","32.4",,,,,
"SI","2026-03-28","99.5","-1.21","6.45","Ureña, Walbert",701358,700712,,"called_strike",,,,,7,,"R","R","R","HOU","LAA","S",,,1,0,2026,"-1.46","0.54",-0.7994689068272347,2.0039803968922767,,621043,572233,2,5,"Bot",,,,,,,4.558533367674374,-144.64341827542333,-7.756079131003423,-21.601864890862018,34.71514263840151,-22.91406906563774,3.348138123,1.689714567,,,,"98.6",2246,"5.9",824213,681351,694384,672724,660162,687263,666139,545361,666176,"54.58",,,,,,,,47,2,"Sinker",3,6,3,6,6,3,3,6,"Standard","Standard",226,"-0.007","-0.052",,,,"0.052",,-3,-3,0.191,0.191,22,23,22,23,1,2,2,1,22,1,"1.77","1.46","1.46","41.1",,,,,
"FF","2026-03-28","90.1","-0.28","5.97","Coulombe, Danny",682829,543056,,"ball",,,,,13,,"R","R","L","CIN","BOS","B",,,1,0,2026,"-0.12","1.26",-1.032173479114363,2.3064884354800634,,,680574,2,6,"Bot",,,,,,,-1.5814503368635122,-131.06262254302564,-5.523798465893533,-0.9472650033943036,32.334224266382144,-16.699278921208005,3.460474081,1.74640748,,,,"89.4",2535,"6.3",824540,665966,575929,691785,702332,596115,701350,678882,677800,"54.25",,,,,,,,59,2,"4-Seam Fastball",5,3,5,3,3,5,5,3,"Standard","Strategic",173,"0.003","0.048",,,,"-0.048",,2,2,0.83,0.83,36,24,37,24,1,3,,2,4,1,"1.59","-0.12","0.12","51.6",,,,,
"SI","2026-03-28","93.5","-1.87","5.85","Bazardo, Eduard",682657,660825,"strikeout","called_strike",,,,,6,"Angel Martínez challenged (pitch result), call on the field was confirmed: Angel Martínez called out on strikes.","R","L","R","SEA","CLE","S",2,,2,2,2026,"-1.25","0.89",0.7055499429698655,2.638572949969091,,,,1,7,"Top",,,,,,,9.25612403167509,-135.81177187856994,-4.242587038345733,-17.58658488242612,30.92990377663846,-20.440896436337557,3.177878937,1.60378937,,,,"92.3",2239,"5.8",823161,663728,647304,702284,680977,660844,668227,677594,645302,"54.73",,0,"0",1,0,0,,52,5,"Sinker",2,2,2,2,2,2,2,2,"Standard","Standard",217,"0.025","-0.228",,,,"0.228",,0,0,0.543,0.45699999999999996,30,24,31,24,1,2,1,2,2,1,"1.74","1.25","-1.25","38.9",,,,,
"FF","2026-03-28","93.4","2","6.01","Springs, Jeffrey",665489,605488,,"called_strike",,,,,4,,"R","R","L","TOR","ATH","S",,,2,1,2026,"0.87","1.38",-0.7564936502756983,2.4652740695921094,,,,2,1,"Bot",,,,,,,-9.00886603302586,-135.67466622606403,-6.276759972719123,12.700933121739835,29.461366987191937,-13.890075500553786,3.208595801,1.619291339,,,,"93.9",2087,"6.7",822838,669127,701762,643446,691777,805779,691016,672016,666126,"53.84",,,,,,,,7,4,"4-Seam Fastball",0,0,0,0,0,0,0,0,"Infield shade","Standard",151,"-0.003","-0.073",,,,"0.073",,0,0,0.511,0.511,33,27,34,27,1,0,,1,6,1,"1.24","0.87","-0.87","49.8",,,,,
"CU","2026-03-28","77.9","-1.89","5.86","Bednar, David",671218,670280,,"ball",,,,,14,,"R","R","R","SF","NYY","B",,,2,2,2026,"0.59","-0.39",0.9170633171447268,2.2821996036212866,,,,0,9,"Bot",,,,,,,4.8626122692486415,-113.38852985023965,0.15912091511485693,4.215931102865956,20.497620349732756,-35.7882718968909,3.18402231,1.606889764,,,,"78.1",2438,"6.4",823241,669224,700250,665862,641857,676609,641355,663757,592450,"54.13",,,,,,,,67,6,"Curveball",1,3,1,3,3,1,1,3,"Strategic","Standard",53,"0.022","0.112",,,,"-0.112",,-2,-2,0.088,0.088,31,26,32,27,1,3,1,1,4,2,"4.14","-0.59","-0.59","41.8",,,,,
"SL","2026-03-28","88.8","2.65","5.76","Hart, Kyle",805808,606996,"strikeout","called_strike",,,,,1,"Kevin McGonigle challenged (pitch result), call on the field was confirmed: Kevin McGonigle called out on strikes.","R","L","L","SD","DET","S",2,,3,2,2026,"-0.39","0.48",-0.7122936354185614,2.9126632869421667,,,,0,7,"Top",,,,,,,-7.320064382573187,-129.1058781770877,-1.7344294340865565,-2.771721778637422,27.496311995684497,-26.649792834849325,3.085728346,1.557283465,,,,"88.9",2202,"6.4",823323,666023,657757,630105,592518,593428,657656,701538,665487,"54.05",,0,"0",1,0,0,,52,6,"Slider",3,0,0,3,0,3,0,3,"Infield shade","Standard",199,"0.031","-0.345",,,,"0.345",,3,-3,0.886,0.11399999999999999,33,21,34,22,1,2,,1,3,2,"2.42","-0.39","-0.39","41.1",,,,,
"SL","2026-03-28","85","-1.32","5.95","Uribe, Abner",672820,682842,,"called_strike",,,,,9,,"R","R","R","MIL","CWS","S",,,1,1,2026,"0.89","0.43",0.8168875641819411,1.7968941062236903,,,,1,8,"Top",,,,,,,3.1321908121479245,-123.753582646494,-4.045096632486248,8.537164912290855,25.290452416162694,-27.177294122198752,3.153305446,1.591387795,,,,"85.1",2468,"6.4",823811,661388,641343,668930,666152,687401,663604,669003,686217,"54.09",,,,,,,,69,3,"Slider",6,1,1,6,1,6,1,6,"Standard","Standard",68,"0.001","-0.064",,,,"0.064",,5,-5,0.99,0.010000000000000009,26,26,26,26,1,3,,2,3,2,"2.73","-0.89","-0.89","40.5",,,,,
"SL","2026-03-28","87.5","-1.82","6.1","Miller, Mason",690993,695243,"strikeout","called_strike",,,,,7,"Colt Keith challenged (pitch result), call on the field was confirmed: Colt Keith called out on strikes.","R","L","R","SD","DET","S",2,,2,2,2026,"0.56","-0.28",-0.7909709407253411,1.8483718671453149,,,,0,9,"Top",,,,,,,1.2805238415331612,-127.41260183015369,-3.25783592329544,5.760275151009834,28.551518851410133,-34.683875596818424,3.27792815,1.654281496,,,,"87.9",2316,"6.7",823323,666023,657757,630105,592518,593428,669369,701538,665487,"53.77",,0,"0",1,0,0,,65,5,"Slider",3,0,0,3,0,3,0,3,"Infield shade","Standard",40,"0.016","-0.232",,,,"0.232",,3,-3,0.969,0.031000000000000028,27,24,28,25,1,3,,1,4,2,"3.27","-0.56","0.56","36.3",,,,,
"FF","2026-03-28","97.7","-3.14","5.36","Muñoz, Andrés",800050,662253,,"called_strike",,,,,9,,"R","L","R","SEA","CLE","S",,,1,1,2026,"-0.62","0.94",0.6439706439752466,1.670037724249474,,680757,,0,10,"Top",,,,,,,11.470191027867026,-141.73868707967063,-6.395105017487921,-10.865816277293579,31.244236848914586,-18.11946825572027,3.339361877,1.685285433,,,,"97.5",2131,"6.3",823161,663728,647304,702284,680977,660844,668227,677594,670042,"54.22",,,,,,,,79,3,"4-Seam Fastball",3,4,4,3,4,3,4,3,"Standard","Standard",226,"0.017","-0.08",,,,"0.08",,-1,1,0.265,0.735,27,24,27,25,1,4,1,1,6,1,"1.45","0.62","-0.62","26.3",,,,,
"SL","2026-03-28","85.6","-2.31","5.63","Alvarado, Elvis",543807,665660,,"ball",,,,,14,,"R","R","R","TOR","ATH","B",,,0,2,2026,"0.04","0.16",1.1900302738390767,2.134757794691421,,660821,665926,0,7,"Bot",,,,,,,7.995901161678878,-124.22143957044017,-1.8698518503644936,-1.5729549861190104,31.332329497101995,-30.31632121515276,3.267396654,1.648966535,,,,"84.1",2065,"6.1",822838,669127,701762,628451,691777,805779,691016,672016,643446,"54.43",,,,,,,,59,3,"Slider",2,6,2,6,6,2,2,6,"Standard","Standard",329,"0.006","0.015",,,,"-0.015",,-4,-4,0.144,0.144,27,36,27,37,1,3,,1,2,1,"3.03","-0.04","-0.04","25.2",,,,,
"SI","2026-03-28","93.6","-1.88","6.53","Wacha, Michael",660670,608379,,"called_strike",,,,,9,,"R","R","R","ATL","KC","S",,,1,0,2026,"-0.97","1.34",0.6150465828842139,1.752172975480219,,,,0,1,"Bot",,,,,,,8.586481011437359,-135.82600668638838,-9.397006178507807,-13.852039467870993,27.51568541968427,-13.706958014757845,3.200697179,1.615305118,,,,"94.3",1986,"6.7",824945,521692,686469,663697,672580,677951,686555,664728,695506,"53.82",,,,,,,,4,2,"Sinker",0,0,0,0,0,0,0,0,"Standard","Standard",205,"-0.004","-0.05",,,,"0.05",,0,0,0.551,0.551,34,28,35,29,1,0,,1,9,1,"1.26","0.97","0.97","54.8",,,,,
"SL","2026-03-27","86.1","2.84","5.9","Ray, Robbie",592450,592662,,"ball",,,,,13,,"R","R","L","SF","NYY","B",,,1,0,2026,"-0.45","0.44",-0.19119895069913756,1.6452413257530552,,502671,,0,6,"Top",,,,,,,-6.178781850785896,-125.34438649288083,-4.57884465195769,-3.6004133739577373,23.052439960981555,-26.854503968871203,3.522785433,1.777854331,,,,"86.5",2276,"6.3",823243,672275,669477,650333,656305,642715,671218,664056,808982,"54.2",,,,,,,,36,2,"Slider",0,0,0,0,0,0,0,0,"Infield shade","Standard",166,"-0.007","0.075",,,,"-0.075",,0,0,0.404,0.596,34,34,35,34,3,2,,2,6,1,"2.61","-0.45","0.45","41.6",,,,,
"SI","2026-03-27","96.5","-2.64","5.74","Holderman, Colin",660844,670059,"strikeout","called_strike",,,,,1,"Leo Rivas challenged (pitch result), call on the field was confirmed: Leo Rivas called out on strikes.","R","L","R","SEA","CLE","S",2,,3,2,2026,"-1.49","0.38",-0.6446056171291639,3.036043539975949,,,,2,6,"Bot",,,,,,,8.680663062525717,-140.2704902590773,-2.2704380708327183,-21.61211992116312,33.04610726939161,-26.87602176503173,3.006742126,1.51742126,,,,"96.4",2211,"6.4",823162,666310,656555,677587,608070,672356,692216,680757,800050,"54.1",,0,"0",1,0,0,,49,7,"Sinker",5,1,5,1,1,5,5,1,"Infield shade","Standard",227,"-0.002","-0.328",,,,"0.328",,4,4,0.943,0.943,30,28,31,29,1,2,,1,2,1,"2.08","1.49","-1.49","31.7",,,,,
"FS","2026-03-27","86.2","1.56","5.72","Falter, Bailey",660670,663559,"strikeout","called_strike",,,,,3,"Ronald Acuña Jr. challenged (pitch result), call on the field was confirmed: Ronald Acuña Jr. called out on strikes.","R","R","L","ATL","KC","S",2,,2,2,2026,"0.23","0.89",0.8166298923114587,3.1928144326779977,,,,1,6,"Bot",,,,,,,-2.254266704942343,-125.44258468774657,-1.3811921471767725,2.898729332060313,27.046835475454973,-22.78113880659278,3.200697179,1.615305118,,,,"87.4",779,"7.2",824946,521692,686469,663697,672580,677951,686555,657041,516782,"53.32",,0,"0",1,0,0,,51,6,"Split-Finger",4,0,4,0,0,4,4,0,"Standard","Standard",138,"-0.003","-0.228",,,,"0.228",,4,4,0.946,0.946,29,28,29,29,1,3,,,5,1,"2.2","0.23","-0.23","54.5",,,,,
"SL","2026-03-27","79.3","2.93","5.79","Okert, Steven",666176,595345,"strikeout","called_strike",,,,,9,"Jo Adell challenged (pitch result), call on the field was confirmed: Jo Adell called out on strikes.","R","R","L","HOU","LAA","S",2,,2,2,2026,"-0.98","0.67",0.3958274701602663,1.7684030807299922,694384,,660162,2,7,"Top",,,,,,,-3.5970880123990567,-115.37228932271775,-3.017496023046319,-7.9930997945908695,22.760782967617995,-25.869947922109684,3.305134514,1.668011811,,,,"79.1",2528,"6.3",824216,673237,572233,514888,621043,665161,670541,694728,701358,"54.22",,0,"0",1,0,0,,60,5,"Slider",2,5,5,2,5,2,5,2,"Standard","Standard",285,"0.018","-0.216",,,,"0.216",,-3,3,0.11,0.89,34,27,35,27,1,3,,1,2,1,"2.98","-0.98","0.98","37.1",,,,,
"KC","2026-03-26","78.4","-2.63","4.95","Ryan, Joe",694212,657746,"strikeout","called_strike",,,,,7,"Samuel Basallo challenged (pitch result), call on the field was confirmed: Samuel Basallo called out on strikes.","R","L","R","BAL","MIN","S",2,,2,2,2026,"1.34","-0.88",-0.6509997260052691,1.934960331879072,,,668939,2,4,"Bot",,,,,,,1.7057853383186874,-114.10399435276774,2.2000152823703853,11.40812513148172,21.10915403182105,-40.482568291152994,3.393774606,1.712746063,,,,"78.6",2847,"6.4",824865,680777,605170,807712,668904,686797,668885,621439,670242,"54.08",,0,"0",1,0,0,,31,5,"Knuckle Curve",0,0,0,0,0,0,0,0,"Infield shade","Standard",58,"-0.024","-0.216",,,,"0.216",,0,0,0.524,0.524,30,21,30,22,2,1,,,6,2,"4.59","-1.34","1.34","32.1",,,,,
"FC","2026-03-26","90.9","-0.67","6.11","Gilbert, Logan",680757,669302,"strikeout","called_strike",,,,,4,"Steven Kwan challenged (pitch result), call on the field was confirmed: Steven Kwan called out on strikes.","R","L","R","SEA","CLE","S",2,,1,2,2026,"0.5","1.15",-0.5789494119007663,2.460206721834546,,,,1,3,"Top",,,,,,,-0.8839679713730438,-132.28044130408173,-5.613387842940966,6.008019619197767,28.30893296265257,-17.65074969359031,3.02253937,1.525393701,,,,"92.4",2291,"7.2",823163,663728,647304,702284,680977,660844,668227,677594,670042,"53.31",,0,"0",1,0,0,,18,4,"Cutter",2,1,1,2,1,2,1,2,"Infield shade","Standard",184,"0.013","-0.18",,,,"0.18",,1,-1,0.644,0.356,29,28,29,29,2,1,,,5,1,"1.61","-0.5","0.5","46.2",,,,,
"FF","2026-03-26","90.9","1.8","5.75","Rogers, Trevor",605137,669432,"walk","ball",,,,,12,"Josh Bell challenged (pitch result), call on the field was overturned: Josh Bell walks. Matt Wallner to 2nd.","R","R","L","BAL","MIN","B",,,3,0,2026,"0.91","1.25",0.884472791801229,3.1813765466725705,,,670242,0,4,"Top",,,,,,,-4.2909767796009435,-132.31463109954652,-3.019088115000144,11.661296946805633,30.749218318690684,-17.161423927173974,3.334973753,1.683070866,,,,"91.2",2302,"6.7",824865,668939,624413,677942,691723,683002,621493,681297,641933,"53.84",,0.704857,"0.7",1,0,0,,25,4,"4-Seam Fastball",0,0,0,0,0,0,0,0,"Standard","Standard",128,"-0.026","0.17",,,,"-0.17",,0,0,0.418,0.5820000000000001,28,33,29,34,2,1,,,6,2,"1.53","0.91","-0.91","23.6",,,,,
"FF","2026-03-26","92.9","-3.14","4.96","Marinaccio, Ron",595879,676760,,"ball",,,,,12,,"R","R","R","SD","DET","B",,,0,1,2026,"-0.98","1.35",0.9403707991373706,2.4352228391911965,,,,2,5,"Top",,,,,,,12.541027428981057,-134.6147758685396,-3.3903542635741766,-14.98687757271963,33.8563675648368,-15.26008480113604,3.175246063,1.60246063,,,,"92.6",2212,"6.7",823325,666023,657757,630105,592518,593428,657656,701538,665487,"53.81",,,,,,,,41,2,"4-Seam Fastball",0,8,8,0,8,0,8,0,"Standard","Standard",219,"0","0.027",,,,"-0.027",,-8,8,0.014,0.986,30,33,31,34,1,2,,,4,1,"1.35","0.98","0.98","23.9",,,,,
"SI","2026-03-26","95.6","-1.97","6.3","Roa, Christian",669326,685005,,"called_strike",,,,,3,,"R","R","R","HOU","LAA","S",,,1,0,2026,"-1.29","0.95",0.8074507172941847,3.340036564801119,,660162,666176,2,9,"Top",,,,,,,10.222374890529075,-138.82914856048572,-4.20123411835039,-18.913674714498214,28.728853796375518,-19.040902227956003,3.31742126,1.674212598,,,,"96.4",2103,"6.7",824218,673237,670623,514888,621043,669397,694388,676694,701358,"53.83",,,,,,,,75,2,"Sinker",0,3,3,0,3,0,3,0,"Standard","Standard",218,"0","-0.052",,,,"0.052",,-3,3,0.036,0.964,27,27,27,27,1,0,,,3,6,"1.53","1.29","1.29","36.3",,,,,
"KC","2026-03-26","86.8","-1.5","6.56","Brown, Ben",682928,676962,,"ball",,,,,11,,"R","L","R","CHC","WSH","B",,,1,1,2026,"0.29","-0.2",-0.47619876261462335,3.4012766384145077,,,,0,6,"Top",,,,,,,1.8088567443670114,-126.53516798185329,-0.7924056345519499,2.7528488493136654,24.725113001655426,-34.34701606941909,3.222637795,1.626377953,,,,"87",2279,"6.2",824704,608348,683737,663538,608324,621020,664023,691718,807713,"54.25",,,,,,,,47,3,"Knuckle Curve",3,7,7,3,7,3,7,3,"Standard","Standard",73,"-0.001","0.055",,,,"-0.055",,-4,4,0.082,0.918,26,25,27,26,1,2,,,5,3,"3.2","-0.29","0.29","44.5",,,,,
"FF","2026-03-26","93","2.03","5.86","Rogers, Trevor",670242,669432,,"ball",,,,,11,,"R","L","L","BAL","MIN","B",,,0,0,2026,"0.91","1.35",-0.4654316473850968,3.694541604878678,,,680777,0,2,"Top",,,,,,,-8.393052591719403,-135.12122976855318,-2.601893360554466,12.944221981242574,29.803399342867692,-15.248299130740154,3.394652231,1.713188976,,,,"93.6",2311,"6.8",824865,668939,624413,677942,691723,683002,621493,681297,641933,"53.74",,,,,,,,8,1,"4-Seam Fastball",0,0,0,0,0,0,0,0,"Infield shade","Standard",134,"-0.006","0.04",,,,"-0.04",,0,0,0.462,0.538,28,28,29,29,1,0,,,6,2,"1.29","0.91","0.91","23.1",,,,,
"ST","2026-03-26","85.8","-1.87","5.59","Phillips, Connor",701350,683175,"walk","ball",,,,,14,"Roman Anthony challenged (pitch result), call on the field was overturned: Roman Anthony walks. Marcelo Mayer to 2nd.","R","L","R","CIN","BOS","B",,,3,2,2026,"1.57","0.12",0.32632334131601937,1.4873276630116736,,,691785,2,9,"Top",,,,,,,1.8824490226179496,-124.8410655421837,-3.3752292271153532,15.872072779424116,27.719255261942642,-30.434884914529334,3.326197507,1.678641732,,,,"85.1",2398,"6.1",824541,663886,701398,680574,663647,682829,668715,670770,666181,"54.44",,0.704857,"0.7",1,0,0,,69,6,"Sweeper",0,1,1,0,1,0,1,0,"Infield shade","Standard",63,"-0.013","0.24",,,,"-0.24",,-1,1,0.183,0.817,25,22,25,22,1,4,,,2,2,"3.01","-1.57","1.57","36.4",,,,,
"FC","2026-03-26","93.8","-2.01","5.24","Yamamoto, Yoshinobu",682998,808967,,"ball",,,,,12,,"R","L","R","LAD","AZ","B",,,0,2,2026,"0.07","0.83",0.6609397601681243,3.2378649423700505,,,,1,1,"Top",,,,,,,6.703406984929255,-136.594066752475,-1.239203930114975,-0.4747645941298014,26.4632443471073,-21.58410812236881,3.10328084,1.566141732,,,,"94.9",2522,"6.6",823974,669257,518692,500743,571970,605141,606192,681624,663656,"53.87",,,,,,,,2,3,"Cutter",0,0,0,0,0,0,0,0,"Infield shade","Standard",195,"-0.001","0.017",,,,"-0.017",,0,0,0.528,0.472,27,25,28,26,1,0,,,6,1,"1.73","-0.07","0.07","34.0",,,,,
"FF","2026-03-26","98.6","-0.36","6.53","Stanek, Ryne",666018,592773,,"ball",,,,,11,,"R","L","R","STL","TB","B",,,0,0,2026,"-0.47","1.51",-0.014685492501495812,3.3505844023039666,,,650490,2,9,"Top",,,,,,,2.02017171651681,-143.46694938243058,-6.470865204346387,-6.953570928006529,36.21777902395962,-10.068315114694492,3.189288058,1.609547244,,,,"97.8",2416,"6",823081,686780,676475,802139,602104,691026,701675,687363,691023,"54.46",,,,,,,,88,1,"4-Seam Fastball",9,7,7,9,7,9,7,9,"Strategic","Standard",209,"-0.004","0.035",,,,"-0.035",,2,-2,0.964,0.03600000000000003,34,28,35,28,1,5,,,2,2,"0.85","0.47","-0.47","46.9",,,,,
"CH","2026-03-26","87.8","-0.87","6.96","Wells, Tyler",680777,669330,,"ball",,,,,14,,"R","R","R","BAL","MIN","B",,,0,2,2026,"-1.12","1.14",0.864298424331017,1.700362784168105,,,,2,8,"Top",,,,,,,6.479438269240665,-127.56330839413346,-8.746650392725263,-13.579184236643348,24.627810567077074,-18.15139312871146,3.284949147,1.657824803,,,,"87.8",2338,"6.2",824865,668939,624413,677942,691723,683002,621493,681297,641933,"54.25",,,,,,,,59,3,"Changeup",2,1,1,2,1,2,1,2,"Standard","Standard",212,"-0.003","0.022",,,,"-0.022",,1,-1,0.851,0.14900000000000002,31,29,32,29,1,3,,,3,2,"1.81","1.12","1.12","52.1",,,,,
"SL","2026-03-26","86","-2.13","5.75","Santana, Dennis",543760,642701,"strikeout","called_strike",,,,,2,"Marcus Semien challenged (pitch result), call on the field was confirmed: Marcus Semien called out on strikes.","R","R","R","NYM","PIT","S",2,,0,2,2026,"0.12","-0.16",0.251237958009911,3.221354422314916,,,,1,8,"Bot",,,,,,,5.322627608541896,-125.21512829996107,0.7564927729628554,0.24792783683311237,24.89917454873814,-34.19982880641513,3.212106299,1.621062992,,,,"86.1",2567,"6.3",823649,680779,687462,664040,693304,669707,668804,665833,656811,"54.19",,0,"0",1,0,0,,74,3,"Slider",11,5,11,5,5,11,11,5,"Standard","Standard",113,"-0.001","-0.163",,,,"0.163",,6,6,0.998,0.998,30,35,30,36,1,4,,,2,2,"3.23","-0.12","-0.12","33.7",,,,,
"FF","2026-03-26","95.2","-1.2","6.36","Romano, Jordan",669397,605447,"strikeout","called_strike",,,,,3,"Nick Allen challenged (pitch result), call on the field was confirmed: Nick Allen called out on strikes.","R","R","R","HOU","LAA","S",2,,1,2,2026,"-0.04","1.61",0.6766241080758971,3.081338224456905,,,,1,9,"Bot",,,,,,,5.048286562960706,-138.3533523686779,-6.475461142578339,-1.7055753543518135,33.70637149957819,-10.275359568643143,3.006742126,1.51742126,,,,"96.7",2355,"7.4",824218,681351,694384,672724,660162,687263,666176,545361,669326,"53.09",,0,"0",1,0,0,,77,4,"4-Seam Fastball",0,3,0,3,3,0,0,3,"Standard","Standard",188,"-0.009","-0.18",,,,"0.18",,-3,-3,0.014,0.014,33,27,33,28,1,0,,,1,5,"0.93","0.04","0.04","62.7",,,,,
"CH","2026-03-26","85.6","-2.14","5.58","Webb, Jacob",671277,657097,,"called_strike",,,,,8,,"R","L","R","CHC","WSH","S",,,0,0,2026,"-1.76","0.87",0.10529339019894723,1.5324719693037718,,,696285,1,9,"Top",,,,,,,8.846203226882377,-124.35219830707554,-4.796195815597156,-20.071554889363515,25.261542885469023,-22.381901295139187,3.248088911,1.639222441,,,,"85.6",2318,"6.4",824704,608348,683737,663538,608324,621020,664023,691718,624424,"54.08",,,,,,,,75,1,"Changeup",4,8,8,4,8,4,8,4,"Standard","Standard",243,"0","-0.04",,,,"0.04",,-4,4,0.015,0.985,32,26,33,26,1,1,,,2,2,"2.26","1.76","-1.76","33.9",,,,,
"FC","2026-03-26","93.7","-0.96","5.78","Slaten, Justin",663886,686580,,"ball",,,,,14,,"R","R","R","CIN","BOS","B",,,1,1,2026,"0.38","0.58",0.23145196681663666,1.5476778417499584,,,,0,7,"Bot",,,,,,,2.218959888306273,-136.42883529859057,-6.386986315226956,4.292296174101824,27.408573564916303,-23.774365530805508,3.359547244,1.695472441,,,,"95.1",2493,"6.9",824541,665966,575929,691785,702332,596115,701350,678882,677800,"53.63",,,,,,,,54,3,"Cutter",0,1,0,1,1,0,0,1,"Standard","Standard",182,"0.01","0.055",,,,"-0.055",,-1,-1,0.362,0.362,28,29,29,30,1,2,,,2,3,"1.99","-0.38","-0.38","46.0",,,,,
"SI","2026-03-25","90.7","-1.86","5.04","Webb, Logan",676609,657277,,"called_strike",,,,,1,,"R","R","R","SF","NYY","S",,,0,0,2026,"-1.52","0.3",-0.7753467944149965,3.0958667462680274,,,,0,4,"Top",,,,,,,6.028815659002514,-131.90401125174716,0.5806611724560357,-19.06249385275547,28.464674385593323,-28.973219578459616,3.083095472,1.555954724,,,,"91.1",2020,"6.6",823244,672275,669477,650333,656305,642715,671218,664056,808982,"53.93",,,,,,,,28,1,"Sinker",0,5,5,0,5,0,5,0,"Standard","Standard",241,"0.001","-0.039",,,,"0.039",,-5,5,0.079,0.921,29,29,30,30,2,1,,,6,2,"2.47","1.52","1.52","26.0",,,,,